0,0,0,-0,0,-0,0,0,0,0,0
0.001,6.44565070612293e-07,6.1468727085182e-07,-1.19789248442271e-06,-1.70448697253922e-11,6.18265153861987e-07,-1.12158460929346e-06,-7.02966579567272e-23,-1.59760738819914e-06,0,0
0.002,2.57740057578614e-06,2.45792922709404e-06,-4.78997221513743e-06,-6.81567448305779e-11,2.47223598703333e-06,-4.48484249237986e-06,-2.81092871696256e-22,-6.38829869932782e-06,0,0
0.003,5.79721695552697e-06,5.5284960842568e-06,-1.0773842608314e-05,-1.53301524209071e-10,5.56067555689209e-06,-1.00875297320682e-05,-6.32248001022608e-22,-1.43688776531829e-05,0,0
0.004,1.03027246498402e-05,9.82515805787024e-06,-1.91471070801224e-05,-2.72445106754385e-10,9.88234692081635e-06,-1.79274024111675e-05,-1.1236214057398e-21,-2.55361479695613e-05,0,0
0.005,1.60926340987314e-05,1.53466853634645e-05,-2.99073690467324e-05,-4.25553391360034e-10,1.54360131361842e-05,-2.80022166124868e-05,-1.75507244565187e-21,-3.98869133682597e-05,0,0
0.006,2.31656557422059e-05,2.20918482165697e-05,-4.30522319243139e-05,-6.12592276919531e-10,2.22204372603736e-05,-4.03097284188351e-05,-2.52646048056282e-21,-5.74179775690752e-05,0,0
0.007,3.15205000202691e-05,3.0059416832716e-05,-5.85792991290368e-05,-8.3352766232639e-10,3.02343823507627e-05,-5.48476939130214e-05,-3.43764487027667e-21,-7.81261442918046e-05,0,0
0.008,4.11558773729266e-05,3.92481614274336e-05,-7.6486174077071e-05,-1.08832544647413e-09,3.94766114647297e-05,-7.16138691778548e-05,-4.48848497459746e-21,-0.000102008217256245,0,0
0.009,5.20704982401837e-05,4.96568522162525e-05,-9.67704601845864e-05,-1.37695152825625e-09,4.99458876596524e-05,-9.06060102961442e-05,-5.67884015332919e-21,-0.000129061000182192,0,0
0.01,6.42630730620459e-05,6.1284259414703e-05,-0.000119429760867753,-1.69937180656628e-09,6.1640973992909e-05,-0.000111821873350699,-7.0085697662759e-21,-0.000159281296789445,0,0
0.011,7.77323122785187e-05,7.41291532383151e-05,-0.00014446167954274,-2.05555218029772e-09,7.45606335218776e-05,-0.000135259214424327,-8.4775331732416e-21,-0.000192665910797798,0,0
0.012,9.24769263296074e-05,8.8190303902619e-05,-0.000171863819625718,-2.4454585483441e-09,8.87036293039363e-05,-0.000160915789599839,-1.00855897340303e-20,-0.00022921164592705,0,0
0.013,0.000108495625655318,0.000103466481623145,-0.000201633784532857,-2.86905680959892e-09,0.000104068724396463,-0.000188789354960043,-1.18325988084461e-20,-0.000268915305896997,0,0
0.014,0.000125787120695655,0.000119956456615423,-0.000233769177680326,-3.3263128629557e-09,0.000120654681856836,-0.000218877666587747,-1.37184197562929e-20,-0.000311773694427435,0,0
0.015,0.000144350121890624,0.000137658999094983,-0.000268267602484296,-3.81719260730795e-09,0.000138460264742433,-0.000251178480565762,-1.57429119373748e-20,-0.000357783615238163,0,0
0.016,0.000164183339680231,0.000156572879277355,-0.000305126662360936,-4.34166194154918e-09,0.000157484236110633,-0.000285689552976897,-1.79059347114957e-20,-0.000406941872048976,0,0
0.017,0.000185285484504481,0.00017669686737807,-0.000344343960726416,-4.89968676457292e-09,0.000177725359018813,-0.000322408639903959,-2.02073474384598e-20,-0.000459245268579672,0,0
0.018,0.00020765526680338,0.000198029733612658,-0.000385917100996906,-5.49123297527267e-09,0.000199182396524351,-0.000361333497429758,-2.26470094780711e-20,-0.000514690608550047,0,0
0.019,0.000231291397016934,0.000220570248196648,-0.000429843686588576,-6.11626647254194e-09,0.000221854111684626,-0.000402461881637104,-2.52247801901335e-20,-0.000573274695679898,0,0
0.02,0.000256192585585146,0.000244317181345572,-0.000476121320917596,-6.77475315527426e-09,0.000245739267557015,-0.000445791548608805,-2.79405189344511e-20,-0.000634994333689023,0,0
0.021,0.000282357542948024,0.000269269303274958,-0.000524747607400136,-7.46665892236313e-09,0.000270836627198897,-0.00049132025442767,-3.07940850708279e-20,-0.000699846326297218,0,0
0.022,0.000309784979545572,0.000295425384200338,-0.000575720149452365,-8.19194967270207e-09,0.00029714495366765,-0.000539045755176509,-3.37853379590679e-20,-0.000767827477224279,0,0
0.023,0.000338473605817796,0.00032278419433724,-0.000629036550490454,-8.95059130518459e-09,0.000324663010020652,-0.00058896580693813,-3.69141369589752e-20,-0.000838934590190005,0,0
0.024,0.000368422132204701,0.000351344503901197,-0.000684694413930572,-9.7425497187042e-09,0.00035338955931528,-0.000641078165795341,-4.01803414303537e-20,-0.000913164468914191,0,0
0.025,0.000399629269146293,0.000381105083107737,-0.000742691343188889,-1.05677908121544e-08,0.000383323364608914,-0.000695380587830954,-4.35838107330075e-20,-0.000990513917116634,0,0
0.026,0.000432093727082577,0.000412064702172391,-0.000803024941681575,-1.14262804844288e-08,0.00041446318895893,-0.000751870829127776,-4.71244042267407e-20,-0.00107097973851713,0,0
0.027,0.000465814216453559,0.000444222131310688,-0.0008656928128248,-1.23179846344208e-08,0.000446807795422708,-0.000810546645768616,-5.08019812713571e-20,-0.00115455873683548,0,0
0.028,0.000500789447699244,0.00047757614073816,-0.000930692560034734,-1.32428691610239e-08,0.000480355947057624,-0.000871405793836283,-5.4616401226661e-20,-0.00124124771579148,0,0
0.029,0.000537018131259637,0.000512125500670336,-0.000998021786727547,-1.42008999631317e-08,0.000515106406921058,-0.000934446029413587,-5.85675234524562e-20,-0.00133104347910492,0,0
0.03,0.000574498977574745,0.000547868981322746,-0.00106767809631941,-1.51920429396377e-08,0.000551057938070388,-0.000999665108583335,-6.26552073085468e-20,-0.0014239428304956,0,0
0.031,0.000613230697084572,0.000584805352910921,-0.00113965909222649,-1.62162639894353e-08,0.00058820930356299,-0.00106706078742834,-6.68793121547368e-20,-0.00151994257368333,0,0
0.032,0.000653212000229123,0.00062293338565039,-0.00121396237786496,-1.72735290114182e-08,0.000626559266456244,-0.00113663082203141,-7.12396973508302e-20,-0.00161903951238788,0,0
0.033,0.000694441597448405,0.000662251849756684,-0.00129058555665098,-1.83638039044798e-08,0.000666106589807527,-0.00120837296847535,-7.57362222566312e-20,-0.00172123045032907,0,0
0.034,0.000736918199182423,0.000702759515445333,-0.00136952623200074,-1.94870545675136e-08,0.000706850036674218,-0.00128228498284297,-8.03687462319435e-20,-0.00182651219122669,0,0
0.035,0.000780640515871182,0.000744455152931866,-0.00145078200733039,-2.06432468994132e-08,0.000748788370113695,-0.00135836462121708,-8.51371286365715e-20,-0.00193488153880054,0,0
0.036,0.000825607257954688,0.000787337532431815,-0.00153435048605611,-2.1832346799072e-08,0.000791920353183335,-0.00143660963968049,-9.00412288303189e-20,-0.00204633529677041,0,0
0.037,0.000871817135872945,0.000831405424160709,-0.00162022927159407,-2.30543201653836e-08,0.000836244748940517,-0.00151701779431601,-9.50809061729898e-20,-0.0021608702688561,0,0
0.038,0.000919268860065961,0.000876657598334079,-0.00170841596736043,-2.43091328972415e-08,0.000881760320442619,-0.00159958684120644,-1.00256020024388e-19,-0.0022784832587774,0,0
0.039,0.000967961140973739,0.000923092825167454,-0.00179890817677138,-2.55967508935392e-08,0.000928465830747019,-0.00168431453643461,-1.05566429744318e-19,-0.00239917107025412,0,0
0.04,0.00101789268903629,0.000970709874876365,-0.00189170350324307,-2.69171400531702e-08,0.000976360042911094,-0.00177119863608331,-1.11011994692584e-19,-0.00252293050700605,0,0
0.041,0.00106906221469361,0.00101950751767634,-0.00198679955019168,-2.82702662750281e-08,0.00102544171999222,-0.00186023689623535,-1.1659257422899e-19,-0.00264975837275299,0,0
0.042,0.00112146842838571,0.00106948452378292,-0.00208419392103337,-2.96560954580062e-08,0.00107570962504779,-0.00195142707297355,-1.22308027713339e-19,-0.00277965147121473,0,0
0.043,0.00117511004055259,0.00112063966341161,-0.00218388421918432,-3.10745935009983e-08,0.00112716252113516,-0.00204476692238071,-1.28158214505435e-19,-0.00291260660611107,0,0
0.044,0.00122998576163427,0.00117297170677797,-0.0022858680480607,-3.25257263028977e-08,0.00117979917131172,-0.00214025420053964,-1.34142993965084e-19,-0.00304862058116181,0,0
0.045,0.00128609430207074,0.00122647942409751,-0.00239014301107868,-3.4009459762598e-08,0.00123361833863484,-0.00223788666353315,-1.40262225452088e-19,-0.00318769020008675,0,0
0.046,0.00134343437230201,0.00128116158558577,-0.00249670671165442,-3.55257597789926e-08,0.00128861878616192,-0.00233766206744405,-1.46515768326251e-19,-0.00332981226660568,0,0
0.047,0.00140200468276808,0.00133701696145827,-0.0026055567532041,-3.70745922509752e-08,0.00134479927695031,-0.00243957816835515,-1.52903481947379e-19,-0.00347498358443839,0,0
0.048,0.00146180394390897,0.00139404432193056,-0.00271669073914388,-3.86559230774393e-08,0.0014021585740574,-0.00254363272234926,-1.59425225675274e-19,-0.00362320095730469,0,0
0.049,0.00152283086616468,0.00145224243721814,-0.00283010627288994,-4.02697181572782e-08,0.00146069544054058,-0.00264982348550918,-1.66080858869742e-19,-0.00377446118892437,0,0
0.05,0.00158508415997521,0.00151161007753657,-0.00294580095785845,-4.19159433893856e-08,0.0015204086394572,-0.00275814821391773,-1.72870240890585e-19,-0.00392876108301724,0,0
0.051,0.00164856253578057,0.00157214601310136,-0.00306377239746557,-4.3594564672655e-08,0.00158129693386467,-0.00286860466365772,-1.79793231097607e-19,-0.00408609744330308,0,0
0.052,0.00171326470402076,0.00163384901412805,-0.00318401819512748,-4.53055479059799e-08,0.00164335908682035,-0.00298119059081195,-1.86849688850614e-19,-0.00424646707350169,0,0
0.053,0.00177918937513579,0.00169671785083217,-0.00330653595426035,-4.70488589882537e-08,0.00170659386138161,-0.00309590375146323,-1.94039473509409e-19,-0.00440986677733287,0,0
0.054,0.00184633525956567,0.00176075129342925,-0.00343132327828034,-4.88244638183701e-08,0.00177100002060585,-0.00321274190169437,-2.01362444433795e-19,-0.00457629335851641,0,0
0.055,0.0019147010677504,0.00182594811213481,-0.00355837777060363,-5.06323282952224e-08,0.00183657632755043,-0.00333170279758818,-2.08818460983577e-19,-0.00474574362077213,0,0
0.056,0.00198428551012998,0.00189230707716439,-0.00368769703464638,-5.24724183177044e-08,0.00190332154527274,-0.00345278419522748,-2.1640738251856e-19,-0.0049182143678198,0,0
0.057,0.00205508729714442,0.00195982695873352,-0.00381927867382476,-5.43446997847093e-08,0.00197123443683015,-0.00357598385069506,-2.24129068398546e-19,-0.00509370240337923,0,0
0.058,0.00212710513923373,0.00202850652705773,-0.00395312029155496,-5.62491385951308e-08,0.00204031376528005,-0.00370129952007374,-2.3198337798334e-19,-0.00527220453117021,0,0
0.059,0.00220033774683791,0.00209834455235255,-0.00408921949125312,-5.81857006478624e-08,0.0021105582936798,-0.00382872895944633,-2.39970170632747e-19,-0.00545371755491254,0,0
0.06,0.00227478383039697,0.0021693398048335,-0.00422757387633543,-6.01543518417976e-08,0.00218196678508679,-0.00395826992489563,-2.48089305706569e-19,-0.00563823827832602,0,0
0.061,0.00235044210035091,0.00224149105471612,-0.00436818105021806,-6.21550580758299e-08,0.00225453800255839,-0.00408992017250446,-2.56340642564611e-19,-0.00582576350513045,0,0
0.062,0.00242731126713974,0.00231479707221594,-0.00451103861631717,-6.41877852488528e-08,0.00232827070915199,-0.00422367745835562,-2.64724040566678e-19,-0.00601629003904562,0,0
0.063,0.00250539004120346,0.0023892566275485,-0.00465614417804894,-6.62524992597598e-08,0.00240316366792496,-0.00435953953853193,-2.73239359072573e-19,-0.00620981468379132,0,0
0.064,0.00258467713298208,0.00246486849092931,-0.00480349533882953,-6.83491660074445e-08,0.00247921564193468,-0.00449750416911618,-2.81886457442099e-19,-0.00640633424308737,0,0
0.065,0.00266517125291561,0.0025416314325739,-0.00495308970207512,-7.04777513908004e-08,0.00255642539423853,-0.0046375691061912,-2.90665195035062e-19,-0.00660584552065354,0,0
0.066,0.00274687111144405,0.00261954422269782,-0.00510492487120187,-7.26382213087209e-08,0.00263479168789388,-0.00477973210583979,-2.99575431211265e-19,-0.00680834532020964,0,0
0.067,0.0028297754190074,0.00269860563151659,-0.00525899844962595,-7.48305416600996e-08,0.00271431328595812,-0.00492399092414476,-3.08617025330512e-19,-0.00701383044547547,0,0
0.068,0.00291388288604567,0.00277881442924574,-0.00541530804076354,-7.705467834383e-08,0.00279498895148862,-0.00507034331718891,-3.17789836752608e-19,-0.00722229770017083,0,0
0.069,0.00299919222299887,0.0028601693861008,-0.0055738512480308,-7.93105972588056e-08,0.00287681744754275,-0.00521878704105506,-3.27093724837355e-19,-0.0074337438880155,0,0
0.07,0.003085702140307,0.00294266927229729,-0.0057346256748439,-8.15982643039199e-08,0.00295979753717791,-0.00536931985182602,-3.36528548944559e-19,-0.00764816581272929,0,0
0.071,0.00317341134841007,0.00302631285805076,-0.00589762892461902,-8.39176453780665e-08,0.00304392798345146,-0.00552193950558459,-3.46094168434023e-19,-0.00786556027803199,0,0
0.072,0.00326231855774808,0.00311109891357673,-0.00606285860077232,-8.62687063801388e-08,0.00312920754942079,-0.00567664375841359,-3.55790442665551e-19,-0.0080859240876434,0,0
0.073,0.00335242247876104,0.00319702620909073,-0.00623031230671998,-8.86514132090304e-08,0.00321563499814327,-0.00583343036639582,-3.65617230998948e-19,-0.00830925404528331,0,0
0.074,0.00344372182188895,0.00328409351480828,-0.00639998764587815,-9.10657317636348e-08,0.00330320909267628,-0.00599229708561409,-3.75574392794017e-19,-0.00853554695467154,0,0
0.075,0.00353621529757182,0.00337229960094493,-0.00657188222166302,-9.35116279428455e-08,0.0033919285960772,-0.00615324167215121,-3.85661787410562e-19,-0.00876479961952786,0,0
0.076,0.00362990161624965,0.0034616432377162,-0.00674599363749076,-9.59890676455559e-08,0.0034817922714034,-0.00631626188209,-3.95879274208388e-19,-0.00899700884357208,0,0
0.077,0.00372477948836246,0.00355212319533762,-0.00692231949677753,-9.84980167706597e-08,0.00357279888171227,-0.00648135547151325,-4.06226712547298e-19,-0.009232171430524,0,0
0.078,0.00382084762435024,0.00364373824402472,-0.0071008574029395,-1.0103844121705e-07,0.00366494719006118,-0.00664852019650378,-4.16703961787097e-19,-0.0094702841841034,0,0
0.079,0.003918104734653,0.00373648715399304,-0.00728160495939284,-1.03610306883621e-07,0.00375823595950751,-0.0068177538131444,-4.27310881287588e-19,-0.0097113439080301,0,0
0.08,0.00401654952971075,0.00383036869545809,-0.00746455976955372,-1.06213579669266e-07,0.00385266395310864,-0.00698905407751791,-4.38047330408575e-19,-0.00995534740602388,0,0
0.081,0.00411618071996349,0.00392538163863542,-0.00764971943683832,-1.08848225472878e-07,0.00394822993392195,-0.00716241874570713,-4.48913168509863e-19,-0.0102022914818045,0,0
0.082,0.00421699701585122,0.00402152475374054,-0.0078370815646628,-1.11514210193352e-07,0.00404493266500481,-0.00733784557379486,-4.59908254951256e-19,-0.0104521729390919,0,0
0.083,0.00431899712781396,0.004118796810989,-0.00802664375644333,-1.14211499729579e-07,0.00414277090941461,-0.00751533231786392,-4.71032449092557e-19,-0.0107049885816057,0,0
0.084,0.00442217976629171,0.00421719658059632,-0.00821840361559609,-1.16940059980455e-07,0.00424174343020871,-0.00769487673399711,-4.8228561029357e-19,-0.0109607352130658,0,0
0.085,0.00452654364172447,0.00431672283277804,-0.00841235874553723,-1.19699856844871e-07,0.00434184899044451,-0.00787647657827724,-4.936675979141e-19,-0.011219409637192,0,0
0.086,0.00463208746455225,0.00441737433774967,-0.00860850674968294,-1.22490856221723e-07,0.00444308635317937,-0.00806012960678712,-5.05178271313951e-19,-0.011481008657704,0,0
0.087,0.00473880994521505,0.00451914986572676,-0.00880684523144938,-1.25313024009904e-07,0.00454545428147068,-0.00824583357560956,-5.16817489852926e-19,-0.0117455290783217,0,0
0.088,0.00484670979415288,0.00462204818692483,-0.00900737179425272,-1.28166326108306e-07,0.00464895153837581,-0.00843358624082736,-5.2858511289083e-19,-0.0120129677027648,0,0
0.089,0.00495578572180575,0.00472606807155941,-0.00921008404150913,-1.31050728415824e-07,0.00475357688695214,-0.00862338535852335,-5.40480999787466e-19,-0.0122833213347532,0,0
0.09,0.00506603643861366,0.00483120828984603,-0.00941497957663478,-1.3396619683135e-07,0.00485932909025705,-0.00881522868478032,-5.5250500990264e-19,-0.0125565867780067,0,0
0.091,0.00517746065501661,0.00493746761200023,-0.00962205600304585,-1.3691269725378e-07,0.00496620691134792,-0.00900911397568109,-5.64657002596154e-19,-0.012832760836245,0,0
0.092,0.00529005708145462,0.00504484480823753,-0.00983131092415849,-1.39890195582005e-07,0.00507420911328213,-0.00920503898730846,-5.76936837227812e-19,-0.013111840313188,0,0
0.093,0.00540382442836768,0.00515333864877346,-0.0100427419433889,-1.4289865771492e-07,0.00518333445911705,-0.00940300147574524,-5.8934437315742e-19,-0.0133938220125554,0,0
0.094,0.00551876140619581,0.00526294790382356,-0.0102563466641532,-1.45938049551418e-07,0.00529358171191005,-0.00960299919707425,-6.0187946974478e-19,-0.013678702738067,0,0
0.095,0.005634866725379,0.00537367134360335,-0.0104721226898676,-1.49008336990392e-07,0.00540494963471853,-0.00980502990737829,-6.14541986349696e-19,-0.0139664792934427,0,0
0.096,0.00575213909635727,0.00548550773832837,-0.0106900676239483,-1.52109485930737e-07,0.00551743699059986,-0.0100090913627402,-6.27331782331974e-19,-0.0142571484824022,0,0
0.097,0.00587057722957061,0.00559845585821413,-0.0109101790698114,-1.55241462271345e-07,0.00563104254261142,-0.0102151813192427,-6.40248717051417e-19,-0.0145507071086654,0,0
0.098,0.00599017983545904,0.00571251447347618,-0.0111324546308731,-1.5840423191111e-07,0.00574576505381057,-0.0104232975329687,-6.53292649867828e-19,-0.0148471519759519,0,0
0.099,0.00611094562446256,0.00582768235433005,-0.0113568919105495,-1.61597760748926e-07,0.00586160328725471,-0.0106334377600009,-6.66463440141012e-19,-0.0151464798879817,0,0
0.1,0.00623287330702117,0.00594395827099126,-0.011583488512257,-1.64822014683686e-07,0.00597855600600121,-0.0108455997564223,-6.79760947230773e-19,-0.0154486876484746,0,0
0.101,0.00635596159357489,0.00606134099367534,-0.0118122420394115,-1.68076959614284e-07,0.00609662197310745,-0.0110597812783155,-6.93185030496915e-19,-0.0157537720611502,0,0
0.102,0.00648020919456371,0.00617982929259783,-0.0120431500954293,-1.71362561439612e-07,0.0062157999516308,-0.0112759800817634,-7.06735549299242e-19,-0.0160617299297285,0,0
0.103,0.00660561482042764,0.00629942193797425,-0.0122762102837265,-1.74678786058566e-07,0.00633608870462865,-0.0114941939228488,-7.20412362997558e-19,-0.0163725580579291,0,0
0.104,0.00673217718160669,0.00642011770002014,-0.0125114202077194,-1.78025599370038e-07,0.00645748699515837,-0.0117144205576545,-7.34215330951667e-19,-0.016686253249472,0,0
0.105,0.00685989498854086,0.00654191534895102,-0.012748777470824,-1.81402967272921e-07,0.00657999358627734,-0.0119366577422634,-7.48144312521372e-19,-0.0170028123080769,0,0
0.106,0.00698876695167016,0.00666481365498243,-0.0129882796764567,-1.8481085566611e-07,0.00670360724104294,-0.0121609032327582,-7.62199167066479e-19,-0.0173222320374636,0,0
0.107,0.00711879178143459,0.00678881138832989,-0.0132299244280334,-1.88249230448497e-07,0.00682832672251255,-0.0123871547852217,-7.76379753946791e-19,-0.0176445092413519,0,0
0.108,0.00724996818827416,0.00691390731920894,-0.0134737093289705,-1.91718057518976e-07,0.00695415079374354,-0.0126154101557368,-7.90685932522112e-19,-0.0179696407234616,0,0
0.109,0.00738229488262888,0.0070401002178351,-0.013719631982684,-1.95217302776442e-07,0.00708107821779329,-0.0128456671003862,-8.05117562152246e-19,-0.0182976232875125,0,0
0.11,0.00751577057493874,0.00716738885442391,-0.0139676899925901,-1.98746932119787e-07,0.00720910775771919,-0.0130779233752528,-8.19674502196997e-19,-0.0186284537372244,0,0
0.111,0.00765039397564376,0.00729577199919089,-0.0142178809621051,-2.02306911447904e-07,0.0073382381765786,-0.0133121767364193,-8.34356612016169e-19,-0.018962128876317,0,0
0.112,0.00778616379518394,0.00742524842235158,-0.014470202494645,-2.05897206659688e-07,0.00746846823742891,-0.0135484249399687,-8.49163750969566e-19,-0.0192986455085103,0,0
0.113,0.00792307874399928,0.00755581689412151,-0.0147246521936261,-2.09517783654031e-07,0.00759979670332749,-0.0137866657419836,-8.64095778416993e-19,-0.0196380004375239,0,0
0.114,0.0080611375325298,0.0076874761847162,-0.0149812276624645,-2.13168608329828e-07,0.00773222233733173,-0.014026896898547,-8.79152553718252e-19,-0.0199801904670777,0,0
0.115,0.00820033887121549,0.00782022506435119,-0.0152399265045764,-2.16849646585972e-07,0.007865743902499,-0.0142691161657415,-8.94333936233149e-19,-0.0203252124008915,0,0
0.116,0.00834068147049637,0.007954062303242,-0.015500746323378,-2.20560864321356e-07,0.00800036016188668,-0.0145133212996501,-9.09639785321487e-19,-0.0206730630426851,0,0
0.117,0.00848216404081243,0.00808898667160417,-0.0157636847222853,-2.24302227434874e-07,0.00813606987855215,-0.0147595100563555,-9.2506996034307e-19,-0.0210237391961782,0,0
0.118,0.00862478529260369,0.00822499693965323,-0.0160287393047147,-2.28073701825419e-07,0.00827287181555278,-0.0150076801919406,-9.40624320657703e-19,-0.0213772376650907,0,0
0.119,0.00876854393631014,0.0083620918776047,-0.0162959076740823,-2.31875253391886e-07,0.00841076473594595,-0.0152578294624881,-9.56302725625189e-19,-0.0217335552531424,0,0
0.12,0.0089134386823718,0.00850027025567412,-0.0165651874338042,-2.35706848033166e-07,0.00854974740278904,-0.0155099556240808,-9.72105034605332e-19,-0.022092688764053,0,0
0.121,0.00905946824122866,0.00863953084407702,-0.0168365761872965,-2.39568451648155e-07,0.00868981857913944,-0.0157640564328017,-9.88031106957936e-19,-0.0224546350015424,0,0
0.122,0.00920663132332075,0.00877987241302892,-0.0171100715379756,-2.43460030135745e-07,0.00883097702805451,-0.0160201296447334,-1.00408080204281e-18,-0.0228193907693303,0,0
0.123,0.00935492663908805,0.00892129373274536,-0.0173856710892575,-2.4738154939483e-07,0.00897322151259164,-0.0162781730159587,-1.02025397921975e-18,-0.0231869528711366,0,0
0.124,0.00950435289897058,0.00906379357344187,-0.0176633724445585,-2.51332975324303e-07,0.0091165507958082,-0.0165381843025606,-1.03655049784856e-18,-0.023557318110681,0,0
0.125,0.00965490881340834,0.00920737070533398,-0.0179431732072946,-2.55314273823059e-07,0.00926096364076157,-0.0168001612606218,-1.05297021728905e-18,-0.0239304832916834,0,0
0.126,0.00980659309284133,0.00935202389863721,-0.0182250709808821,-2.5932541078999e-07,0.00940645881050914,-0.0170641016462251,-1.06951299690102e-18,-0.0243064452178635,0,0
0.127,0.00995940444770957,0.00949775192356711,-0.0185090633687371,-2.63366352123989e-07,0.00955303506810827,-0.0173300032154533,-1.08617869604428e-18,-0.0246852006929411,0,0
0.128,0.0101133415884531,0.00964455355033919,-0.0187951479742758,-2.67437063723952e-07,0.00970069117661635,-0.0175978637243892,-1.10296717407862e-18,-0.0250667465206361,0,0
0.129,0.0102684032255118,0.00979242754916899,-0.0190833224009143,-2.7153751148877e-07,0.00984942589909075,-0.0178676809291157,-1.11987829036386e-18,-0.0254510795046682,0,0
0.13,0.0104245880693258,0.00994137269027203,-0.0193735842520689,-2.75667661317338e-07,0.00999923799858885,-0.0181394525857155,-1.1369119042598e-18,-0.0258381964487573,0,0
0.131,0.0105818948303351,0.0100913877438639,-0.0196659311311557,-2.7982747910855e-07,0.010150126238168,-0.0184131764502715,-1.15406787512624e-18,-0.0262280941566231,0,0
0.132,0.0107403222189796,0.01024247148016,-0.0199603606415909,-2.84016930761297e-07,0.0103020893808857,-0.0186888502788664,-1.17134606232298e-18,-0.0266207694319854,0,0
0.133,0.0108998689456994,0.010394622669376,-0.0202568703867907,-2.88235982174475e-07,0.0104551261897992,-0.0189664718275831,-1.18874632520984e-18,-0.027016219078564,0,0
0.134,0.0110605337209345,0.0105478400817273,-0.0205554579701711,-2.92484599246976e-07,0.0106092354279659,-0.0192460388525044,-1.2062685231466e-18,-0.0274144399000787,0,0
0.135,0.0112223152551248,0.0107021224874295,-0.0208561209951484,-2.96762747877695e-07,0.0107644158584431,-0.0195275491097131,-1.22391251549309e-18,-0.0278154287002493,0,0
0.136,0.0113852122587105,0.0108574686566982,-0.0211588570651388,-3.01070393965524e-07,0.0109206662442884,-0.019811000355292,-1.2416781616091e-18,-0.0282191822827957,0,0
0.137,0.0115492234421315,0.0110138773597488,-0.0214636637835585,-3.05407503409357e-07,0.011077985348559,-0.0200963903453239,-1.25956532085443e-18,-0.0286256974514376,0,0
0.138,0.0117143475158277,0.011171347366797,-0.0217705387538235,-3.09774042108088e-07,0.0112363719343123,-0.0203837168358916,-1.27757385258889e-18,-0.0290349710098947,0,0
0.139,0.0118805831902393,0.0113298774480581,-0.02207947957935,-3.1416997596061e-07,0.0113958247646058,-0.020672977583078,-1.29570361617229e-18,-0.029446999761887,0,0
0.14,0.0120479291758062,0.0114894663737478,-0.0223904838635543,-3.18595270865817e-07,0.0115563426024967,-0.0209641703429658,-1.31395447096442e-18,-0.0298617805111341,0,0
0.141,0.0122163841829684,0.0116501129140816,-0.0227035492098526,-3.23049892722602e-07,0.0117179242110425,-0.0212572928716378,-1.3323262763251e-18,-0.030279310061356,0,0
0.142,0.0123859469221659,0.0118118158392749,-0.0230186732216609,-3.27533807429859e-07,0.0118805683533005,-0.0215523429251769,-1.35081889161412e-18,-0.0306995852162723,0,0
0.143,0.0125566161038387,0.0119745739195435,-0.0233358535023954,-3.32046980886481e-07,0.0120442737923281,-0.0218493182596658,-1.36943217619129e-18,-0.031122602779603,0,0
0.144,0.0127283904384269,0.0121383859251026,-0.0236550876554723,-3.36589378991361e-07,0.0122090392911828,-0.0221482166311874,-1.38816598941641e-18,-0.0315483595550677,0,0
0.145,0.0129012686363704,0.012303250626168,-0.0239763732843079,-3.41160967643394e-07,0.0123748636129218,-0.0224490357958245,-1.4070201906493e-18,-0.0319768523463863,0,0
0.146,0.0130752494081093,0.0124691667929551,-0.0242997079923182,-3.45761712741473e-07,0.0125417455206025,-0.0227517735096599,-1.42599463924974e-18,-0.0324080779572785,0,0
0.147,0.0132503314640835,0.0126361331956795,-0.0246250893829194,-3.50391580184491e-07,0.0127096837772824,-0.0230564275287764,-1.44508919457755e-18,-0.0328420331914643,0,0
0.148,0.0134265135147331,0.0128041486045567,-0.0249525150595277,-3.55050535871342e-07,0.0128786771460188,-0.0233629956092568,-1.46430371599253e-18,-0.0332787148526633,0,0
0.149,0.0136037942704981,0.0129732117898022,-0.0252819826255592,-3.59738545700919e-07,0.0130487243898691,-0.023671475507184,-1.48363806285449e-18,-0.0337181197445954,0,0
0.15,0.0137821724418184,0.0131433215216315,-0.0256134896844303,-3.64455575572116e-07,0.0132198242718906,-0.0239818649786406,-1.50309209452322e-18,-0.0341602446709804,0,0
0.151,0.0139616467391341,0.0133144765702603,-0.0259470338395569,-3.69201591383826e-07,0.0133919755551408,-0.0242941617797096,-1.52266567035853e-18,-0.034605086435538,0,0
0.152,0.0141422158728851,0.0134866757059039,-0.0262826126943552,-3.73976559034943e-07,0.013565177002677,-0.0246083636664737,-1.54235864972023e-18,-0.0350526418419881,0,0
0.153,0.0143238785535116,0.013659917698778,-0.0266202238522416,-3.7878044442436e-07,0.0137394273775566,-0.0249244683950158,-1.56217089196812e-18,-0.0355029076940504,0,0
0.154,0.0145066334914534,0.013834201319098,-0.026959864916632,-3.83613213450972e-07,0.013914725442837,-0.0252424737214187,-1.58210225646201e-18,-0.0359558807954448,0,0
0.155,0.0146904793971506,0.0140095253370796,-0.0273015334909427,-3.88474832013671e-07,0.0140910699615755,-0.0255623774017651,-1.60215260256169e-18,-0.0364115579498911,0,0
0.156,0.0148754149810432,0.0141858885229381,-0.0276452271785899,-3.9336526601135e-07,0.0142684596968296,-0.0258841771921379,-1.62232178962697e-18,-0.0368699359611089,0,0
0.157,0.0150614389535713,0.0143632896468893,-0.0279909435829897,-3.98284481342904e-07,0.0144468934116565,-0.0262078708486199,-1.64260967701766e-18,-0.0373310116328183,0,0
0.158,0.0152485500251747,0.0145417274791485,-0.0283386803075583,-4.03232443907226e-07,0.0146263698691138,-0.0265334561272939,-1.66301612409356e-18,-0.0377947817687388,0,0
0.159,0.0154367469062936,0.0147212007899314,-0.0286884349557119,-4.0820911960321e-07,0.0148068878322587,-0.0268609307842427,-1.68354099021448e-18,-0.0382612431725905,0,0
0.16,0.0156260283073678,0.0149017083494534,-0.0290402051308665,-4.13214474329748e-07,0.0149884460641487,-0.0271902925755491,-1.70418413474021e-18,-0.0387303926480929,0,0
0.161,0.0158163929388376,0.0150832489279301,-0.0293939884364385,-4.18248473985735e-07,0.0151710433278411,-0.027521539257296,-1.72494541703057e-18,-0.039202226998966,0,0
0.162,0.0160078395111427,0.015265821295577,-0.029749782475844,-4.23311084470064e-07,0.0153546783863933,-0.0278546685855661,-1.74582469644535e-18,-0.0396767430289295,0,0
0.163,0.0162003667347233,0.0154494242226096,-0.0301075848524991,-4.28402271681628e-07,0.0155393500028626,-0.0281896783164422,-1.76682183234436e-18,-0.0401539375417032,0,0
0.164,0.0163939733200193,0.0156340564792436,-0.03046739316982,-4.33522001519322e-07,0.0157250569403066,-0.0285265662060072,-1.7879366840874e-18,-0.040633807341007,0,0
0.165,0.0165886579774708,0.0158197168356943,-0.0308292050312229,-4.38670239882038e-07,0.0159117979617824,-0.0288653300103438,-1.80916911103429e-18,-0.0411163492305605,0,0
0.166,0.0167844194175177,0.0160064040621773,-0.031193018040124,-4.4384695266867e-07,0.0160995718303476,-0.0292059674855349,-1.83051897254481e-18,-0.0416015600140837,0,0
0.167,0.0169812563506001,0.0161941169289083,-0.0315588297999393,-4.49052105778111e-07,0.0162883773090595,-0.0295484763876633,-1.85198612797879e-18,-0.0420894364952963,0,0
0.168,0.0171791674871579,0.0163828542061026,-0.0319266379140852,-4.54285665109256e-07,0.0164782131609754,-0.0298928544728118,-1.87357043669601e-18,-0.0425799754779181,0,0
0.169,0.0173781515376312,0.0165726146639758,-0.0322964399859777,-4.59547596560997e-07,0.0166690781491528,-0.0302390994970632,-1.89527175805629e-18,-0.043073173765669,0,0
0.17,0.01757820721246,0.0167633970727435,-0.0326682336190331,-4.64837866032228e-07,0.016860971036649,-0.0305872092165003,-1.91708995141942e-18,-0.0435690281622686,0,0
0.171,0.0177793332220843,0.0169552002026212,-0.0330420164166675,-4.70156439421843e-07,0.0170538905865214,-0.0309371813872059,-1.93902487614522e-18,-0.0440675354714368,0,0
0.172,0.0179815282769441,0.0171480228238244,-0.033417785982297,-4.75503282628735e-07,0.0172478355618274,-0.0312890137652628,-1.96107639159348e-18,-0.0445686924968934,0,0
0.173,0.0181847910874793,0.0173418637065686,-0.0337955399193379,-4.80878361551798e-07,0.0174428047256244,-0.0316427041067539,-1.98324435712402e-18,-0.0450724960423582,0,0
0.174,0.0183891203641301,0.0175367216210694,-0.0341752758312062,-4.86281642089925e-07,0.0176387968409696,-0.0319982501677619,-2.00552863209663e-18,-0.045578942911551,0,0
0.175,0.0185945148173363,0.0177325953375423,-0.0345569913213183,-4.91713090142009e-07,0.0178358106709206,-0.0323556497043697,-2.02792907587112e-18,-0.0460880299081916,0,0
0.176,0.0188009731575381,0.0179294836262029,-0.0349406839930902,-4.97172671606944e-07,0.0180338449785347,-0.03271490047266,-2.05044554780729e-18,-0.0465997538359998,0,0
0.177,0.0190084940951754,0.0181273852572666,-0.0353263514499381,-5.02660352383625e-07,0.0182328985268693,-0.0330760002287157,-2.07307790726494e-18,-0.0471141114986953,0,0
0.178,0.0192170763406882,0.018326299000949,-0.0357139912952783,-5.08176098370943e-07,0.0184329700789817,-0.0334389467286196,-2.09582601360389e-18,-0.0476310996999981,0,0
0.179,0.0194267186045165,0.0185262236274657,-0.0361036011325268,-5.13719875467794e-07,0.0186340583979294,-0.0338037377284544,-2.11868972618393e-18,-0.0481507152436278,0,0
0.18,0.0196374195971004,0.018727157907032,-0.0364951785650998,-5.19291649573069e-07,0.0188361622467696,-0.0341703709843031,-2.14166890436487e-18,-0.0486729549333042,0,0
0.181,0.0198491780288798,0.0189291006098637,-0.0368887211964135,-5.24891386585663e-07,0.0190392803885598,-0.0345388442522484,-2.16476340750651e-18,-0.0491978155727473,0,0
0.182,0.0200619926102947,0.0191320505061762,-0.0372842266298841,-5.3051905240447e-07,0.0192434115863574,-0.0349091552883731,-2.18797309496866e-18,-0.0497252939656767,0,0
0.183,0.0202758620517852,0.019336006366185,-0.0376816924689277,-5.36174612928382e-07,0.0194485546032198,-0.03528130184876,-2.21129782611112e-18,-0.0502553869158123,0,0
0.184,0.0204907850637912,0.0195409669601058,-0.0380811163169605,-5.41858034056294e-07,0.0196547082022042,-0.0356552816894919,-2.2347374602937e-18,-0.0507880912268738,0,0
0.185,0.0207067603567528,0.0197469310581539,-0.0384824957773988,-5.47569281687098e-07,0.0198618711463682,-0.0360310925666517,-2.25829185687619e-18,-0.0513234037025811,0,0
0.186,0.0209237866411099,0.0199538974305449,-0.0388858284536585,-5.53308321719689e-07,0.020070042198769,-0.0364087322363221,-2.28196087521841e-18,-0.051861321146654,0,0
0.187,0.0211418626273027,0.0201618648474944,-0.039291111949156,-5.59075120052959e-07,0.0202792201224641,-0.0367881984545861,-2.30574437468015e-18,-0.0524018403628122,0,0
0.188,0.021360987025771,0.020370832079218,-0.0396983438673074,-5.64869642585803e-07,0.0204894036805108,-0.0371694889775262,-2.32964221462123e-18,-0.0529449581547755,0,0
0.189,0.0215811585469548,0.020580797895931,-0.0401075218115288,-5.70691855217114e-07,0.0207005916359665,-0.0375526015612255,-2.35365425440143e-18,-0.0534906713262638,0,0
0.19,0.0218023759012943,0.0207917610678491,-0.0405186433852365,-5.76541723845785e-07,0.0209127827518886,-0.0379375339617666,-2.37778035338058e-18,-0.0540389766809968,0,0
0.191,0.0220246377992294,0.0210037203651878,-0.0409317061918465,-5.8241921437071e-07,0.0211259757913344,-0.0383242839352324,-2.40202037091847e-18,-0.0545898710226944,0,0
0.192,0.0222479429512,0.0212166745581626,-0.0413467078347752,-5.88324292690783e-07,0.0213401695173615,-0.0387128492377058,-2.42637416637491e-18,-0.0551433511550763,0,0
0.193,0.0224722900676463,0.0214306224169891,-0.0417636459174385,-5.94256924704896e-07,0.021555362693027,-0.0391032276252694,-2.4508415991097e-18,-0.0556994138818623,0,0
0.194,0.0226976778590081,0.0216455627118827,-0.0421825180432528,-6.00217076311944e-07,0.0217715540813884,-0.0394954168540062,-2.47542252848264e-18,-0.0562580560067723,0,0
0.195,0.0229241050357256,0.021861494213059,-0.0426033218156342,-6.0620471341082e-07,0.0219887424455031,-0.0398894146799989,-2.50011681385354e-18,-0.0568192743335259,0,0
0.196,0.0231515703082387,0.0220784156907336,-0.0430260548379988,-6.12219801900417e-07,0.0222069265484285,-0.0402852188593304,-2.5249243145822e-18,-0.0573830656658431,0,0
0.197,0.0233800723869874,0.0222963259151219,-0.0434507147137628,-6.18262307679629e-07,0.0224261051532218,-0.0406828271480834,-2.54984489002844e-18,-0.0579494268074437,0,0
0.198,0.0236096099824117,0.0225152236564396,-0.0438772990463424,-6.24332196647349e-07,0.0226462770229406,-0.0410822373023408,-2.57487839955204e-18,-0.0585183545620473,0,0
0.199,0.0238401818049517,0.022735107684902,-0.0443058054391538,-6.30429434702472e-07,0.0228674409206422,-0.0414834470781853,-2.60002470251282e-18,-0.0590898457333739,0,0
0.2,0.0240717865650473,0.0229559767707249,-0.0447362314956131,-6.3655398774389e-07,0.023089595609384,-0.0418864542316998,-2.62528365827057e-18,-0.0596638971251431,0,0
0.201,0.0243044229731386,0.0231778296841236,-0.0451685748191365,-6.42705821670497e-07,0.0233127398522233,-0.0422912565189671,-2.65065512618511e-18,-0.0602405055410749,0,0
0.202,0.0245380897396655,0.0234006651953137,-0.0456028330131401,-6.48884902381187e-07,0.0235368724122175,-0.04269785169607,-2.67613896561624e-18,-0.060819667784889,0,0
0.203,0.024772785575068,0.0236244820745108,-0.0460390036810402,-6.55091195774853e-07,0.023761992052424,-0.0431062375190913,-2.70173503592376e-18,-0.0614013806603051,0,0
0.204,0.0250085091897862,0.0238492790919303,-0.0464770844262529,-6.61324667750388e-07,0.0239880975359002,-0.0435164117441138,-2.72744319646747e-18,-0.0619856409710432,0,0
0.205,0.0252452592942601,0.0240750550177879,-0.0469170728521944,-6.67585284206686e-07,0.0242151876257035,-0.0439283721272204,-2.75326330660718e-18,-0.062572445520823,0,0
0.206,0.0254830345989297,0.024301808622299,-0.0473589665622809,-6.73873011042641e-07,0.0244432610848912,-0.0443421164244937,-2.77919522570269e-18,-0.0631617911133642,0,0
0.207,0.0257218338142349,0.0245295386756792,-0.0478027631599284,-6.80187814157146e-07,0.0246723166765207,-0.0447576423920168,-2.80523881311382e-18,-0.0637536745523867,0,0
0.208,0.0259616556506159,0.024758243948144,-0.0482484602485532,-6.86529659449095e-07,0.0249023531636494,-0.0451749477858722,-2.83139392820035e-18,-0.0643480926416104,0,0
0.209,0.0262024988185125,0.0249879232099089,-0.0486960554315715,-6.92898512817381e-07,0.0251333693093347,-0.0455940303621429,-2.8576604303221e-18,-0.0649450421847548,0,0
0.21,0.0264443620283648,0.0252185752311894,-0.0491455463123994,-6.99294340160897e-07,0.0253653638766339,-0.0460148878769117,-2.88403817883886e-18,-0.06554451998554,0,0
0.211,0.0266872439906128,0.0254501987822012,-0.0495969304944531,-7.05717107378538e-07,0.0255983356286044,-0.0464375180862614,-2.91052703311046e-18,-0.0661465228476857,0,0
0.212,0.0269311434156965,0.0256827926331597,-0.0500502055811488,-7.12166780369196e-07,0.0258322833283037,-0.0468619187462747,-2.93712685249667e-18,-0.0667510475749116,0,0
0.213,0.0271760590140559,0.0259163555542804,-0.0505053691759026,-7.18643325031766e-07,0.026067205738789,-0.0472880876130346,-2.96383749635732e-18,-0.0673580909709376,0,0
0.214,0.027421989496131,0.0261508863157789,-0.0509624188821308,-7.2514670726514e-07,0.0263031016231178,-0.0477160224426237,-2.99065882405221e-18,-0.0679676498394835,0,0
0.215,0.0276689335723619,0.0263863836878707,-0.0514213523032494,-7.31676892968212e-07,0.0265399697443474,-0.048145720991125,-3.01759069494113e-18,-0.068579720984269,0,0
0.216,0.0279168899531885,0.0266228464407713,-0.0518821670426746,-7.38233848039876e-07,0.0267778088655353,-0.0485771810146212,-3.0446329683839e-18,-0.069194301209014,0,0
0.217,0.0281658573490508,0.0268602733446964,-0.0523448607038227,-7.44817538379026e-07,0.0270166177497387,-0.0490104002691951,-3.07178550374031e-18,-0.0698113873174382,0,0
0.218,0.0284158344703888,0.0270986631698613,-0.0528094308901097,-7.51427929884554e-07,0.0272563951600151,-0.0494453765109296,-3.09904816037018e-18,-0.0704309761132615,0,0
0.219,0.0286668200276426,0.0273380146864816,-0.0532758752049519,-7.58064988455354e-07,0.0274971398594219,-0.0498821074959074,-3.1264207976333e-18,-0.0710530644002036,0,0
0.22,0.0289188127312522,0.027578326664773,-0.0537441912517655,-7.64728679990321e-07,0.0277388506110164,-0.0503205909802114,-3.15390327488948e-18,-0.0716776489819844,0,0
0.221,0.0291718112916575,0.0278195978749508,-0.0542143766339665,-7.71418970388346e-07,0.027981526177856,-0.0507608247199243,-3.18149545149853e-18,-0.0723047266623237,0,0
0.222,0.0294258144192985,0.0280618270872306,-0.0546864289549712,-7.78135825548324e-07,0.0282251653229981,-0.051202806471129,-3.20919718682024e-18,-0.0729342942449411,0,0
0.223,0.0296808208246153,0.028305013071828,-0.0551603458181957,-7.84879211369149e-07,0.0284697668095,-0.0516465339899083,-3.23700834021442e-18,-0.0735663485335566,0,0
0.224,0.0299368292180479,0.0285491545989584,-0.0556361248270562,-7.91649093749714e-07,0.0287153294004192,-0.052092005032345,-3.26492877104088e-18,-0.07420088633189,0,0
0.225,0.0301938383100363,0.0287942504388375,-0.0561137635849689,-7.98445438588911e-07,0.028961851858813,-0.0525392173545219,-3.29295833865942e-18,-0.074837904443661,0,0
0.226,0.0304518468110204,0.0290402993616807,-0.05659325969535,-8.05268211785636e-07,0.0292093329477388,-0.0529881687125218,-3.32109690242984e-18,-0.0754773996725894,0,0
0.227,0.0307108534314404,0.0292873001377036,-0.0570746107616155,-8.12117379238781e-07,0.029457771430254,-0.0534388568624275,-3.34934432171195e-18,-0.076119368822395,0,0
0.228,0.0309708568817361,0.0295352515371217,-0.0575578143871818,-8.1899290684724e-07,0.0297071660694159,-0.0538912795603219,-3.37770045586555e-18,-0.0767638086967977,0,0
0.229,0.0312318558723476,0.0297841523301505,-0.0580428681754649,-8.25894760509906e-07,0.0299575156282819,-0.0543454345622877,-3.40616516425045e-18,-0.0774107160995171,0,0
0.23,0.031493849113715,0.0300340012870056,-0.058529769729881,-8.32822906125674e-07,0.0302088188699095,-0.0548013196244077,-3.43473830622644e-18,-0.0780600878342732,0,0
0.231,0.0317568353162781,0.0302847971779025,-0.0590185166538463,-8.39777309593435e-07,0.030461074557356,-0.0552589325027649,-3.46341974115334e-18,-0.0787119207047857,0,0
0.232,0.032020813190477,0.0305365387730567,-0.059509106550777,-8.46757936812085e-07,0.0307142814536787,-0.0557182709534418,-3.49220932839095e-18,-0.0793662115147744,0,0
0.233,0.0322857814467518,0.0307892248426837,-0.0600015370240892,-8.53764753680516e-07,0.030968438321935,-0.0561793327325215,-3.52110692729907e-18,-0.0800229570679591,0,0
0.234,0.0325517387955424,0.0310428541569991,-0.0604958056771991,-8.60797726097622e-07,0.0312235439251824,-0.0566421155960866,-3.55011239723751e-18,-0.0806821541680596,0,0
0.235,0.0328186839472888,0.0312974254862185,-0.0609919101135229,-8.67856819962297e-07,0.0314795970264782,-0.05710661730022,-3.57922559756606e-18,-0.0813437996187957,0,0
0.236,0.0330866156124311,0.0315529376005573,-0.0614898479364768,-8.74942001173434e-07,0.0317365963888798,-0.0575728356010046,-3.60844638764454e-18,-0.0820078902238872,0,0
0.237,0.0333555325014092,0.031809389270231,-0.0619896167494768,-8.82053235629926e-07,0.0319945407754445,-0.058040768254523,-3.63777462683275e-18,-0.0826744227870539,0,0
0.238,0.0336254333246631,0.0320667792654553,-0.0624912141559392,-8.89190489230667e-07,0.0322534289492297,-0.0585104130168582,-3.66721017449048e-18,-0.0833433941120156,0,0
0.239,0.0338963167926329,0.0323251063564456,-0.0629946377592802,-8.96353727874551e-07,0.0325132596732929,-0.0589817676440929,-3.69675288997756e-18,-0.0840148010024921,0,0
0.24,0.0341681816157586,0.0325843693134175,-0.0634998851629159,-9.0354291746047e-07,0.0327740317106913,-0.0594548298923099,-3.72640263265377e-18,-0.0846886402622031,0,0
0.241,0.0344410265044801,0.0328445669065864,-0.0640069539702625,-9.1075802388732e-07,0.0330357438244824,-0.0599295975175921,-3.75615926187893e-18,-0.0853649086948686,0,0
0.242,0.0347148501692374,0.033105697906168,-0.0645158417847362,-9.17999013053992e-07,0.0332983947777236,-0.0604060682760222,-3.78602263701284e-18,-0.0860436031042082,0,0
0.243,0.0349896513204707,0.0333677610823777,-0.0650265462097531,-9.25265850859381e-07,0.0335619833334722,-0.0608842399236831,-3.81599261741529e-18,-0.0867247202939418,0,0
0.244,0.0352654286686198,0.0336307552054311,-0.0655390648487294,-9.3255850320238e-07,0.0338265082547856,-0.0613641102166576,-3.84606906244611e-18,-0.0874082570677892,0,0
0.245,0.0355421809241249,0.0338946790455438,-0.0660533953050813,-9.39876935981883e-07,0.0340919683047212,-0.0618456769110284,-3.87625183146508e-18,-0.0880942102294701,0,0
0.246,0.0358199067974258,0.0341595313729312,-0.0665695351822249,-9.47221115096783e-07,0.0343583622463363,-0.0623289377628785,-3.90654078383202e-18,-0.0887825765827044,0,0
0.247,0.0360986049989626,0.0344253109578088,-0.0670874820835764,-9.54591006445973e-07,0.0346256888426884,-0.0628138905282905,-3.93693577890672e-18,-0.0894733529312118,0,0
0.248,0.0363782742391753,0.0346920165703923,-0.067607233612552,-9.61986575928348e-07,0.0348939468568347,-0.0633005329633474,-3.967436676049e-18,-0.0901665360787123,0,0
0.249,0.0366589132285039,0.0349596469808971,-0.0681287873725679,-9.694077894428e-07,0.0351631350518328,-0.0637888628241319,-3.99804333461865e-18,-0.0908621228289255,0,0
0.25,0.0369405206773884,0.0352282009595387,-0.0686521409670402,-9.76854612888224e-07,0.0354332521907399,-0.0642788778667268,-4.02875561397549e-18,-0.0915601099855712,0,0
0.251,0.0372230952962689,0.0354976772765328,-0.069177291999385,-9.84327012163513e-07,0.0357042970366135,-0.064770575847215,-4.05957337347931e-18,-0.0922604943523693,0,0
0.252,0.0375066357955852,0.0357680747020947,-0.0697042380730187,-9.91824953167559e-07,0.0359762683525109,-0.0652639545216792,-4.09049647248991e-18,-0.0929632727330395,0,0
0.253,0.0377911408857775,0.0360393920064402,-0.0702329767913572,-9.99348401799257e-07,0.0362491649014896,-0.0657590116462022,-4.12152477036711e-18,-0.0936684419313017,0,0
0.254,0.0380766092772857,0.0363116279597846,-0.0707635057578169,-1.0068973239575e-06,0.0365229854466068,-0.066255744976867,-4.1526581264707e-18,-0.0943759987508756,0,0
0.255,0.0383630396805499,0.0365847813323435,-0.0712958225758138,-1.01447168554118e-06,0.0367977287509199,-0.0667541522697562,-4.1838964001605e-18,-0.095085939995481,0,0
0.256,0.03865043080601,0.0368588508943325,-0.0718299248487642,-1.0220714524492e-06,0.0370733935774864,-0.0672542312809526,-4.21523945079629e-18,-0.0957982624688378,0,0
0.257,0.0389387813641061,0.037133835415967,-0.0723658101800842,-1.02969659058044e-06,0.0373499786893637,-0.0677559797665392,-4.2466871377379e-18,-0.0965129629746657,0,0
0.258,0.0392280900652781,0.0374097336674627,-0.07290347617319,-1.0373470658338e-06,0.037627482849609,-0.0682593954825987,-4.27823932034512e-18,-0.0972300383166845,0,0
0.259,0.0395183556199661,0.037686544419035,-0.0734429204314977,-1.04502284410817e-06,0.0379059048212798,-0.0687644761852139,-4.30989585797776e-18,-0.0979494852986141,0,0
0.26,0.03980957673861,0.0379642664408995,-0.0739841405584235,-1.05272389130245e-06,0.0381852433674334,-0.0692712196304675,-4.34165660999561e-18,-0.0986713007241742,0,0
0.261,0.0401017521316499,0.0382428985032716,-0.0745271341573837,-1.06045017331553e-06,0.0384654972511273,-0.0697796235744426,-4.37352143575849e-18,-0.0993954813970846,0,0
0.262,0.0403948805095258,0.038522439376367,-0.0750718988317943,-1.0682016560463e-06,0.0387466652354187,-0.0702896857732218,-4.4054901946262e-18,-0.100122024121065,0,0
0.263,0.0406889605826777,0.0388028878304012,-0.0756184321850715,-1.07597830539366e-06,0.0390287460833652,-0.0708014039828879,-4.43756274595854e-18,-0.100850925699836,0,0
0.264,0.0409839910615455,0.0390842426355896,-0.0761667318206315,-1.0837800872565e-06,0.039311738558024,-0.0713147759595237,-4.46973894911532e-18,-0.101582182937116,0,0
0.265,0.0412799706565694,0.0393665025621479,-0.0767167953418905,-1.09160696753371e-06,0.0395956414224526,-0.0718297994592122,-4.50201866345633e-18,-0.102315792636625,0,0
0.266,0.0415768980781892,0.0396496663802914,-0.0772686203522646,-1.09945891212419e-06,0.0398804534397083,-0.072346472238036,-4.53440174834139e-18,-0.103051751602084,0,0
0.267,0.0418747720368451,0.0399337328602359,-0.0778222044551701,-1.10733588692683e-06,0.0401661733728485,-0.072864792052078,-4.5668880631303e-18,-0.103790056637212,0,0
0.268,0.042173591242977,0.0402187007721968,-0.078377545254023,-1.11523785784053e-06,0.0404527999849305,-0.0733847566574209,-4.59947746718287e-18,-0.104530704545729,0,0
0.269,0.0424733544070248,0.0405045688863896,-0.0789346403522396,-1.12316479076417e-06,0.0407403320390118,-0.0739063638101477,-4.63216981985889e-18,-0.105273692131355,0,0
0.27,0.0427740602394287,0.0407913359730299,-0.079493487353236,-1.13111665159666e-06,0.0410287682981498,-0.0744296112663411,-4.66496498051817e-18,-0.106019016197809,0,0
0.271,0.0430757074506287,0.0410790008023332,-0.0800540838604284,-1.13909340623688e-06,0.0413181075254017,-0.0749544967820839,-4.69786280852051e-18,-0.106766673548811,0,0
0.272,0.0433782947510646,0.041367562144515,-0.0806164274772329,-1.14709502058373e-06,0.0416083484838251,-0.0754810181134589,-4.73086316322572e-18,-0.107516660988082,0,0
0.273,0.0436818208511766,0.0416570187697909,-0.0811805158070658,-1.1551214605361e-06,0.0418994899364772,-0.076009173016549,-4.76396590399361e-18,-0.10826897531934,0,0
0.274,0.0439862844614046,0.0419473694483763,-0.0817463464533431,-1.16317269199289e-06,0.0421915306464154,-0.0765389592474369,-4.79717089018397e-18,-0.109023613346306,0,0
0.275,0.0442916842921887,0.0422386129504869,-0.0823139170194812,-1.17124868085298e-06,0.0424844693766972,-0.0770703745622055,-4.83047798115661e-18,-0.1097805718727,0,0
0.276,0.0445980190539689,0.0425307480463381,-0.082883225108896,-1.17934939301528e-06,0.0427783048903799,-0.0776034167169375,-4.86388703627134e-18,-0.110539847702241,0,0
0.277,0.0449052874571851,0.0428237735061455,-0.0834542683250039,-1.18747479437867e-06,0.0430730359505208,-0.0781380834677158,-4.89739791488795e-18,-0.111301437638649,0,0
0.278,0.0452134882122773,0.0431176881001247,-0.084027044271221,-1.19562485084206e-06,0.0433686613201774,-0.0786743725706232,-4.93101047636626e-18,-0.112065338485643,0,0
0.279,0.0455226200296856,0.043412490598491,-0.0846015505509634,-1.20379952830432e-06,0.0436651797624071,-0.0792122817817425,-4.96472458006607e-18,-0.112831547046945,0,0
0.28,0.04583268161985,0.0437081797714601,-0.0851777847676473,-1.21199879266437e-06,0.0439625900402671,-0.0797518088571565,-4.99854008534717e-18,-0.113600060126273,0,0
0.281,0.0461436716932105,0.0440047543892476,-0.0857557445246889,-1.22022260982108e-06,0.044260890916815,-0.0802929515529479,-5.03245685156938e-18,-0.114370874527347,0,0
0.282,0.0464555889602071,0.0443022132220688,-0.0863354274255044,-1.22847094567336e-06,0.044560081155108,-0.0808357076251997,-5.0664747380925e-18,-0.115143987053887,0,0
0.283,0.0467684321312798,0.0446005550401394,-0.0869168310735099,-1.23674376612009e-06,0.0448601595182035,-0.0813800748299947,-5.10059360427633e-18,-0.115919394509613,0,0
0.284,0.0470821999168685,0.0448997786136749,-0.0874999530721216,-1.24504103706018e-06,0.045161124769159,-0.0819260509234155,-5.13481330948068e-18,-0.116697093698244,0,0
0.285,0.0473968910274134,0.0451998827128908,-0.0880847910247557,-1.25336272439251e-06,0.0454629756710318,-0.0824736336615451,-5.16913371306535e-18,-0.117477081423502,0,0
0.286,0.0477125041733544,0.0455008661080027,-0.0886713425348283,-1.26170879401597e-06,0.0457657109868793,-0.0830228208004663,-5.20355467439014e-18,-0.118259354489104,0,0
0.287,0.0480290380651314,0.0458027275692261,-0.0892596052057556,-1.27007921182947e-06,0.0460693294797588,-0.0835736100962618,-5.23807605281486e-18,-0.119043909698771,0,0
0.288,0.0483464914131846,0.0461054658667764,-0.0898495766409538,-1.27847394373189e-06,0.0463738299127278,-0.0841259993050145,-5.27269770769932e-18,-0.119830743856223,0,0
0.289,0.0486648629279539,0.0464090797708693,-0.090441254443839,-1.28689295562213e-06,0.0466792110488435,-0.0846799861828072,-5.30741949840331e-18,-0.12061985376518,0,0
0.29,0.0489841513198794,0.0467135680517203,-0.0910346362178274,-1.29533621339909e-06,0.0469854716511635,-0.0852355684857226,-5.34224128428665e-18,-0.121411236229362,0,0
0.291,0.049304355299401,0.0470189294795449,-0.0916297195663353,-1.30380368296164e-06,0.0472926104827451,-0.0857927439698437,-5.37716292470912e-18,-0.122204888052487,0,0
0.292,0.0496254735769587,0.0473251628245586,-0.0922265020927786,-1.3122953302087e-06,0.0476006263066455,-0.0863515103912532,-5.41218427903055e-18,-0.123000806038277,0,0
0.293,0.0499475048629926,0.0476322668569769,-0.0928249814005737,-1.32081112103915e-06,0.0479095178859224,-0.0869118655060338,-5.44730520661073e-18,-0.12379898699045,0,0
0.294,0.0502704478679426,0.0479402403470155,-0.0934251550931368,-1.32935102135189e-06,0.0482192839836329,-0.0874738070702685,-5.48252556680947e-18,-0.124599427712727,0,0
0.295,0.0505943013022488,0.0482490820648898,-0.0940270207738838,-1.3379149970458e-06,0.0485299233628345,-0.0880373328400401,-5.51784521898657e-18,-0.125402125008827,0,0
0.296,0.0509190638763511,0.0485587907808153,-0.0946305760462312,-1.34650301401979e-06,0.0488414347865846,-0.0886024405714313,-5.55326402250183e-18,-0.126207075682471,0,0
0.297,0.0512447343006896,0.0488693652650076,-0.0952358185135949,-1.35511503817274e-06,0.0491538170179405,-0.0891691280205249,-5.58878183671506e-18,-0.127014276537377,0,0
0.298,0.0515713112857043,0.0491808042876822,-0.0958427457793912,-1.36375103540355e-06,0.0494670688199596,-0.0897373929434038,-5.62439852098607e-18,-0.127823724377267,0,0
0.299,0.0518987935418352,0.0494931066190547,-0.0964513554470362,-1.37241097161112e-06,0.0497811889556994,-0.0903072330961508,-5.66011393467465e-18,-0.128635416005859,0,0
0.3,0.0522271797795223,0.0498062710293405,-0.0970616451199462,-1.38109481269433e-06,0.050096176188217,-0.0908786462348487,-5.69592793714061e-18,-0.129449348226873,0,0
0.301,0.0525564687092055,0.0501202962887553,-0.0976736124015373,-1.38980252455209e-06,0.0504120292805701,-0.0914516301155802,-5.73184038774377e-18,-0.13026551784403,0,0
0.302,0.0528866590413249,0.0504351811675144,-0.0982872548952256,-1.39853407308327e-06,0.0507287469958159,-0.0920261824944283,-5.7678511458439e-18,-0.131083921661048,0,0
0.303,0.0532177494863205,0.0507509244358336,-0.0989025702044273,-1.40728942418679e-06,0.0510463280970118,-0.0926023011274756,-5.80396007080083e-18,-0.131904556481648,0,0
0.304,0.0535497387546324,0.0510675248639282,-0.0995195559325586,-1.41606854376153e-06,0.0513647713472151,-0.0931799837708051,-5.84016702197436e-18,-0.13272741910955,0,0
0.305,0.0538826255567004,0.0513849812220138,-0.100138209683036,-1.42487139770638e-06,0.0516840755094834,-0.0937592281804995,-5.87647185872429e-18,-0.133552506348474,0,0
0.306,0.0542164086029647,0.0517032922803061,-0.100758529059275,-1.43369795192023e-06,0.0520042393468739,-0.0943400321126416,-5.91287444041043e-18,-0.134379815002138,0,0
0.307,0.0545510866038652,0.0520224568090203,-0.101380511664692,-1.44254817230199e-06,0.052325261622444,-0.0949223933233143,-5.94937462639257e-18,-0.135209341874264,0,0
0.308,0.0548866582698419,0.0523424735783722,-0.102004155102703,-1.45142202475055e-06,0.0526471410992511,-0.0955063095686003,-5.98597227603053e-18,-0.13604108376857,0,0
0.309,0.0552231223113348,0.0526633413585773,-0.102629456976725,-1.46031947516479e-06,0.0529698765403525,-0.0960917786045825,-6.02266724868411e-18,-0.136875037488777,0,0
0.31,0.055560477438784,0.052985058919851,-0.103256414890174,-1.46924048944362e-06,0.0532934667088058,-0.0966787981873436,-6.0594594037131e-18,-0.137711199838604,0,0
0.311,0.0558987223626294,0.0533076250324089,-0.103885026446465,-1.47818503348592e-06,0.0536179103676681,-0.0972673660729665,-6.09634860047732e-18,-0.138549567621771,0,0
0.312,0.0562378557933111,0.0536310384664666,-0.104515289249015,-1.48715307319059e-06,0.053943206279997,-0.0978574800175341,-6.13333469833657e-18,-0.139390137641998,0,0
0.313,0.0565778764412691,0.0539552979922395,-0.10514720090124,-1.49614457445652e-06,0.0542693532088498,-0.098449137777129,-6.17041755665066e-18,-0.140232906703005,0,0
0.314,0.0569187830169432,0.0542804023799432,-0.105780759006557,-1.50515950318261e-06,0.0545963499172838,-0.0990423371078341,-6.20759703477938e-18,-0.141077871608512,0,0
0.315,0.0572605742307737,0.0546063503997932,-0.106415961168381,-1.51419782526775e-06,0.0549241951683565,-0.0996370757657322,-6.24487299208254e-18,-0.141925029162238,0,0
0.316,0.0576032487932004,0.0549331408220051,-0.107052804990129,-1.52325950661083e-06,0.0552528877251252,-0.100233351506906,-6.28224528791995e-18,-0.142774376167903,0,0
0.317,0.0579468054146634,0.0552607724167944,-0.107691288075216,-1.53234451311075e-06,0.0555824263506473,-0.100831162087439,-6.31971378165141e-18,-0.143625909429227,0,0
0.318,0.0582912428056027,0.0555892439543766,-0.10833140802706,-1.5414528106664e-06,0.0559128098079801,-0.101430505263413,-6.35727833263672e-18,-0.14447962574993,0,0
0.319,0.0586365596764583,0.0559185542049672,-0.108973162449075,-1.55058436517667e-06,0.0562440368601812,-0.102031378790911,-6.39493880023569e-18,-0.145335521933731,0,0
0.32,0.0589827547376702,0.0562487019387818,-0.109616548944679,-1.55973914254046e-06,0.0565761062703077,-0.102633780426016,-6.43269504380812e-18,-0.146193594784351,0,0
0.321,0.0593298266996783,0.0565796859260359,-0.110261565117288,-1.56891710865666e-06,0.0569090168014172,-0.103237707924812,-6.47054692271382e-18,-0.147053841105508,0,0
0.322,0.0596777742729228,0.0569115049369451,-0.110908208570317,-1.57811822942416e-06,0.057242767216567,-0.10384315904338,-6.50849429631258e-18,-0.147916257700924,0,0
0.323,0.0600265961678436,0.0572441577417248,-0.111556476907183,-1.58734247074186e-06,0.0575773562788144,-0.104450131537803,-6.54653702396422e-18,-0.148780841374318,0,0
0.324,0.0603762910948807,0.0575776431105906,-0.112206367731302,-1.59658979850866e-06,0.0579127827512169,-0.105058623164165,-6.58467496502854e-18,-0.149647588929408,0,0
0.325,0.0607268577644741,0.057911959813758,-0.11285787864609,-1.60586017862343e-06,0.0582490453968319,-0.105668631678547,-6.62290797886534e-18,-0.150516497169917,0,0
0.326,0.0610782948870638,0.0582471066214426,-0.113511007254963,-1.61515357698509e-06,0.0585861429787166,-0.106280154837034,-6.66123592483442e-18,-0.151387562899562,0,0
0.327,0.0614306011730899,0.0585830823038599,-0.114165751161338,-1.62446995949252e-06,0.0589240742599285,-0.106893190395707,-6.6996586622956e-18,-0.152260782922064,0,0
0.328,0.0617837753329923,0.0589198856312254,-0.114822107968631,-1.63380929204461e-06,0.0592628380035249,-0.10750773611065,-6.73817605060867e-18,-0.153136154041143,0,0
0.329,0.062137816077211,0.0592575153737546,-0.115480075280257,-1.64317154054026e-06,0.0596024329725633,-0.108123789737946,-6.77678794913343e-18,-0.154013673060519,0,0
0.33,0.0624927221161861,0.0595959703016632,-0.116139650699633,-1.65255667087836e-06,0.059942857930101,-0.108741349033676,-6.8154942172297e-18,-0.154893336783911,0,0
0.331,0.0628484921603576,0.0599352491851665,-0.116800831830176,-1.66196464895781e-06,0.0602841116391955,-0.109360411753925,-6.85429471425727e-18,-0.155775142015039,0,0
0.332,0.0632051249201654,0.0602753507944801,-0.117463616275301,-1.6713954406775e-06,0.0606261928629039,-0.109980975654774,-6.89318929957596e-18,-0.156659085557622,0,0
0.333,0.0635626191060495,0.0606162738998196,-0.118128001638424,-1.68084901193632e-06,0.0609691003642839,-0.110603038492307,-6.93217783254555e-18,-0.157545164215382,0,0
0.334,0.0639209734284501,0.0609580172714006,-0.118793985522963,-1.69032532863317e-06,0.0613128329063926,-0.111226598022606,-6.97126017252587e-18,-0.158433374792037,0,0
0.335,0.064280186597807,0.0613005796794384,-0.119461565532332,-1.69982435666694e-06,0.0616573892522876,-0.111851652001754,-7.0104361788767e-18,-0.159323714091307,0,0
0.336,0.0646402573245603,0.0616439598941487,-0.120130739269948,-1.70934606193652e-06,0.0620027681650261,-0.112478198185834,-7.04970571095787e-18,-0.160216178916912,0,0
0.337,0.06500118431915,0.061988156685747,-0.120801504339227,-1.71889041034081e-06,0.0623489684076657,-0.113106234330929,-7.08906862812916e-18,-0.161110766072573,0,0
0.338,0.065362966292016,0.0623331688244488,-0.121473858343586,-1.7284573677787e-06,0.0626959887432635,-0.113735758193122,-7.12852478975039e-18,-0.162007472362007,0,0
0.339,0.0657256019535985,0.0626789950804697,-0.12214779888644,-1.73804690014908e-06,0.0630438279348771,-0.114366767528495,-7.16807405518135e-18,-0.162906294588937,0,0
0.34,0.0660890900143374,0.0630256342240251,-0.122823323571206,-1.74765897335085e-06,0.0633924847455637,-0.114999260093132,-7.20771628378186e-18,-0.16380722955708,0,0
0.341,0.0664534291846726,0.0633730850253306,-0.123500430001299,-1.7572935532829e-06,0.0637419579383809,-0.115633233643114,-7.24745133491171e-18,-0.164710274070158,0,0
0.342,0.0668186181750443,0.0637213462546018,-0.124179115780137,-1.76695060584413e-06,0.0640922462763859,-0.116268685934526,-7.28727906793071e-18,-0.16561542493189,0,0
0.343,0.0671846556958924,0.0640704166820542,-0.124859378511135,-1.77663009693342e-06,0.0644433485226361,-0.116905614723449,-7.32719934219867e-18,-0.166522678945995,0,0
0.344,0.0675515404576569,0.0644202950779032,-0.12554121579771,-1.78633199244967e-06,0.0647952634401889,-0.117544017765966,-7.36721201707538e-18,-0.167432032916194,0,0
0.345,0.0679192711707779,0.0647709802123645,-0.126224625243277,-1.79605625829178e-06,0.0651479897921018,-0.118183892818161,-7.40731695192066e-18,-0.168343483646206,0,0
0.346,0.0682878465456953,0.0651224708556535,-0.126909604451252,-1.80580286035864e-06,0.065501526341432,-0.118825237636116,-7.4475140060943e-18,-0.169257027939751,0,0
0.347,0.0686572652928491,0.0654747657779858,-0.127596151025053,-1.81557176454914e-06,0.0658558718512369,-0.119468049975914,-7.48780303895611e-18,-0.170172662600548,0,0
0.348,0.0690275261226794,0.065827863749577,-0.128284262568095,-1.82536293676218e-06,0.0662110250845739,-0.120112327593637,-7.5281839098659e-18,-0.171090384432319,0,0
0.349,0.0693986277456261,0.0661817635406425,-0.128973936683794,-1.83517634289664e-06,0.0665669848045005,-0.120758068245369,-7.56865647818347e-18,-0.172010190238782,0,0
0.35,0.0697705688721293,0.0665364639213978,-0.129665170975566,-1.84501194885143e-06,0.0669237497740739,-0.121405269687192,-7.60922060326861e-18,-0.172932076823657,0,0
0.351,0.0701433482126289,0.0668919636620586,-0.130357963046828,-1.85486972052544e-06,0.0672813187563516,-0.12205392967519,-7.64987614448114e-18,-0.173856040990664,0,0
0.352,0.070516964477565,0.0672482615328403,-0.131052310500996,-1.86474962381755e-06,0.0676396905143909,-0.122704045965444,-7.69062296118087e-18,-0.174782079543523,0,0
0.353,0.0708914163773776,0.0676053563039585,-0.131748210941485,-1.87465162462666e-06,0.0679988638112492,-0.123355616314038,-7.73146091272759e-18,-0.175710189285954,0,0
0.354,0.0712667026225066,0.0679632467456287,-0.132445661971713,-1.88457568885168e-06,0.0683588374099839,-0.124008638477055,-7.7723898584811e-18,-0.176640367021676,0,0
0.355,0.0716428219233922,0.0683219316280664,-0.133144661195095,-1.89452178239148e-06,0.0687196100736524,-0.124663110210577,-7.81340965780122e-18,-0.177572609554409,0,0
0.356,0.0720197729904742,0.0686814097214872,-0.133845206215047,-1.90448987114497e-06,0.0690811805653121,-0.125319029270688,-7.85452017004774e-18,-0.178506913687874,0,0
0.357,0.0723975545341927,0.0690416797961065,-0.134547294634986,-1.91447992101103e-06,0.0694435476480202,-0.125976393413469,-7.89572125458048e-18,-0.179443276225789,0,0
0.358,0.0727761652649878,0.06940274062214,-0.135250924058328,-1.92449189788857e-06,0.0698067100848343,-0.126635200395004,-7.93701277075923e-18,-0.180381693971875,0,0
0.359,0.0731556038932993,0.0697645909698032,-0.135956092088489,-1.93452576767646e-06,0.0701706666388116,-0.127295447971376,-7.9783945779438e-18,-0.181322163729851,0,0
0.36,0.0735358691295673,0.0701272296093115,-0.136662796328884,-1.94458149627362e-06,0.0705354160730096,-0.127957133898667,-8.01986653549399e-18,-0.182264682303437,0,0
0.361,0.0739169596842319,0.0704906553108805,-0.137371034382931,-1.95465904957893e-06,0.0709009571504856,-0.12862025593296,-8.0614285027696e-18,-0.183209246496354,0,0
0.362,0.074298874267733,0.0708548668447258,-0.138080803854046,-1.96475839349128e-06,0.0712672886342971,-0.129284811830339,-8.10308033913045e-18,-0.18415585311232,0,0
0.363,0.0746816115905106,0.0712198629810628,-0.138792102345644,-1.97487949390957e-06,0.0716344092875013,-0.129950799346885,-8.14482190393633e-18,-0.185104498955056,0,0
0.364,0.0750651703630047,0.0715856424901071,-0.139504927461142,-1.98502231673269e-06,0.0720023178731557,-0.130618216238682,-8.18665305654705e-18,-0.186055180828281,0,0
0.365,0.0754495492956554,0.0719522041420743,-0.140219276803956,-1.99518682785954e-06,0.0723710131543177,-0.131287060261812,-8.22857365632241e-18,-0.187007895535715,0,0
0.366,0.0758347470989026,0.0723195467071799,-0.140935147977502,-2.00537299318901e-06,0.0727404938940446,-0.131957329172359,-8.27058356262222e-18,-0.187962639881079,0,0
0.367,0.0762207624831863,0.0726876689556393,-0.141652538585196,-2.01558077861999e-06,0.0731107588553937,-0.132629020726405,-8.31268263480628e-18,-0.188919410668091,0,0
0.368,0.0766075941589467,0.0730565696576681,-0.142371446230455,-2.02581015005137e-06,0.0734818068014226,-0.133302132680032,-8.3548707322344e-18,-0.189878204700471,0,0
0.369,0.0769952408366235,0.0734262475834819,-0.143091868516694,-2.03606107338206e-06,0.0738536364951885,-0.133976662789325,-8.39714771426637e-18,-0.190839018781941,0,0
0.37,0.077383701226657,0.0737967015032962,-0.14381380304733,-2.04633351451093e-06,0.0742262466997489,-0.134652608810364,-8.439513440262e-18,-0.191801849716218,0,0
0.371,0.077772974039487,0.0741679301873265,-0.14453724742578,-2.0566274393369e-06,0.0745996361781611,-0.135329968499235,-8.48196776958111e-18,-0.192766694307023,0,0
0.372,0.0781630579855536,0.0745399324057883,-0.145262199255458,-2.06694281375884e-06,0.0749738036934825,-0.136008739612018,-8.52451056158348e-18,-0.193733549358076,0,0
0.373,0.0785539517752968,0.0749127069288972,-0.145988656139782,-2.07727960367565e-06,0.0753487480087704,-0.136688919904797,-8.56714167562893e-18,-0.194702411673097,0,0
0.374,0.0789456541191565,0.0752862525268687,-0.146716615682167,-2.08763777498624e-06,0.0757244678870823,-0.137370507133655,-8.60986097107725e-18,-0.195673278055805,0,0
0.375,0.0793381637275729,0.0756605679699184,-0.147446075486029,-2.09801729358948e-06,0.0761009620914756,-0.138053499054675,-8.65266830728826e-18,-0.19664614530992,0,0
0.376,0.0797314793109858,0.0760356520282617,-0.148177033154786,-2.10841812538428e-06,0.0764782293850075,-0.138737893423939,-8.69556354362176e-18,-0.197621010239162,0,0
0.377,0.0801255995798354,0.0764115034721142,-0.148909486291853,-2.11884023626952e-06,0.0768562685307355,-0.13942368799753,-8.73854653943754e-18,-0.198597869647251,0,0
0.378,0.0805205232445615,0.0767881210716914,-0.149643432500645,-2.12928359214411e-06,0.077235078291717,-0.140110880531531,-8.78161715409543e-18,-0.199576720337906,0,0
0.379,0.0809162490156043,0.0771655035972088,-0.150378869384581,-2.13974815890693e-06,0.0776146574310093,-0.140799468782025,-8.8247752469552e-18,-0.200557559114848,0,0
0.38,0.0813127756034037,0.0775436498188821,-0.151115794547074,-2.15023390245688e-06,0.0779950047116699,-0.141489450505094,-8.86802067737669e-18,-0.201540382781796,0,0
0.381,0.0817101017183997,0.0779225585069267,-0.151854205591542,-2.16074078869285e-06,0.078376118896756,-0.142180823456822,-8.91135330471968e-18,-0.20252518814247,0,0
0.382,0.0821082260710323,0.0783022284315581,-0.152594100121402,-2.17126878351373e-06,0.0787579987493251,-0.142873585393291,-8.95477298834398e-18,-0.203511972000589,0,0
0.383,0.0825071473717416,0.0786826583629918,-0.153335475740068,-2.18181785281843e-06,0.0791406430324346,-0.143567734070584,-8.99827958760939e-18,-0.204500731159874,0,0
0.384,0.0829068643309675,0.0790638470714435,-0.154078330050957,-2.19238796250582e-06,0.0795240505091418,-0.144263267244784,-9.04187296187573e-18,-0.205491462424045,0,0
0.385,0.0833073756591501,0.0794457933271287,-0.154822660657486,-2.20297907847481e-06,0.0799082199425041,-0.144960182671974,-9.08555297050278e-18,-0.20648416259682,0,0
0.386,0.0837086800667293,0.0798284959002628,-0.15556846516307,-2.21359116662429e-06,0.0802931500955789,-0.145658478108236,-9.12931947285037e-18,-0.207478828481921,0,0
0.387,0.0841107762641452,0.0802119535610613,-0.156315741171126,-2.22422419285316e-06,0.0806788397314236,-0.146358151309653,-9.17317232827828e-18,-0.208475456883066,0,0
0.388,0.0845136629618378,0.0805961650797399,-0.15706448628507,-2.2348781230603e-06,0.0810652876130955,-0.147059200032308,-9.21711139614633e-18,-0.209474044603976,0,0
0.389,0.084917338870247,0.0809811292265141,-0.157814698108317,-2.2455529231446e-06,0.0814524925036521,-0.147761622032285,-9.26113653581432e-18,-0.21047458844837,0,0
0.39,0.0853218026998128,0.0813668447715993,-0.158566374244285,-2.25624855900498e-06,0.0818404531661506,-0.148465415065664,-9.30524760664205e-18,-0.211477085219968,0,0
0.391,0.0857270531609754,0.0817533104852112,-0.15931951229639,-2.2669649965403e-06,0.0822291683636485,-0.149170576888531,-9.34944446798933e-18,-0.21248153172249,0,0
0.392,0.0861330889641747,0.0821405251375652,-0.160074109868047,-2.27770220164948e-06,0.0826186368592032,-0.149877105256967,-9.39372697921596e-18,-0.213487924759656,0,0
0.393,0.0865399088198506,0.0825284874988769,-0.160830164562672,-2.2884601402314e-06,0.083008857415872,-0.150584997927055,-9.43809499968175e-18,-0.214496261135185,0,0
0.394,0.0869475114384432,0.0829171963393618,-0.161587673983683,-2.29923877818496e-06,0.0833998287967123,-0.151294252654877,-9.48254838874649e-18,-0.215506537652798,0,0
0.395,0.0873558955303926,0.0833066504292354,-0.162346635734495,-2.31003808140905e-06,0.0837915497647815,-0.152004867196518,-9.52708700577e-18,-0.216518751116214,0,0
0.396,0.0877650598061386,0.0836968485387133,-0.163107047418523,-2.32085801580257e-06,0.084184019083137,-0.152716839308059,-9.57171071011208e-18,-0.217532898329152,0,0
0.397,0.0881750029761214,0.0840877894380109,-0.163868906639186,-2.3316985472644e-06,0.0845772355148361,-0.153430166745583,-9.61641936113252e-18,-0.218548976095334,0,0
0.398,0.0885857237507808,0.0844794718973439,-0.164632210999897,-2.34255964169344e-06,0.0849711978229362,-0.154144847265174,-9.66121281819114e-18,-0.219566981218477,0,0
0.399,0.088997220840557,0.0848718946869278,-0.165396958104075,-2.35344126498859e-06,0.0853659047704948,-0.154860878622914,-9.70609094064774e-18,-0.220586910502303,0,0
0.4,0.0894094929558899,0.0852650565769781,-0.166163145555134,-2.36434338304874e-06,0.0857613551205691,-0.155578258574885,-9.75105358786213e-18,-0.221608760750532,0,0
0.401,0.0898225388072196,0.0856589563377102,-0.166930770956492,-2.37526596177277e-06,0.0861575476362166,-0.156296984877171,-9.7961006191941e-18,-0.222632528766882,0,0
0.402,0.090236357104986,0.0860535927393398,-0.167699831911563,-2.3862089670596e-06,0.0865544810804946,-0.157017055285854,-9.84123189400346e-18,-0.223658211355073,0,0
0.403,0.0906509465596291,0.0864489645520824,-0.168470326023766,-2.3971723648081e-06,0.0869521542164606,-0.157738467557018,-9.88644727165002e-18,-0.224685805318827,0,0
0.404,0.091066305881589,0.0868450705461535,-0.169242250896514,-2.40815612091717e-06,0.0873505658071718,-0.158461219446744,-9.93174661149357e-18,-0.225715307461861,0,0
0.405,0.0914824337813057,0.0872419094917686,-0.170015604133226,-2.41916020128571e-06,0.0877497146156857,-0.159185308711117,-9.97712977289393e-18,-0.226746714587896,0,0
0.406,0.0918993289692191,0.0876394801591433,-0.170790383337316,-2.43018457181261e-06,0.0881495994050596,-0.159910733106218,-1.00225966152109e-17,-0.227780023500653,0,0
0.407,0.0923169901557692,0.0880377813184931,-0.171566586112202,-2.44122919839676e-06,0.088550218938351,-0.16063749038813,-1.00681469978043e-17,-0.22881523100385,0,0
0.408,0.0927354160513962,0.0884368117400336,-0.172344210061298,-2.45229404693706e-06,0.0889515719786172,-0.161365578312937,-1.01137807800339e-17,-0.229852333901207,0,0
0.409,0.0931546053665399,0.0888365701939801,-0.173123252788023,-2.4633790833324e-06,0.0893536572889156,-0.162094994636721,-1.01594978212595e-17,-0.230891328996445,0,0
0.41,0.0935745568116404,0.0892370554505484,-0.17390371189579,-2.47448427348167e-06,0.0897564736323035,-0.162825737115565,-1.02052979808409e-17,-0.231932213093283,0,0
0.411,0.0939952690971377,0.0896382662799539,-0.174685584988018,-2.48560958328377e-06,0.0901600197718384,-0.163557803505551,-1.0251181118138e-17,-0.232974982995441,0,0
0.412,0.0944167409334718,0.0900402014524121,-0.175468869668121,-2.49675497863759e-06,0.0905642944705776,-0.164291191562763,-1.02971470925105e-17,-0.234019635506638,0,0
0.413,0.0948389710310827,0.0904428597381386,-0.176253563539517,-2.50792042544202e-06,0.0909692964915784,-0.165025899043283,-1.03431957633182e-17,-0.235066167430595,0,0
0.414,0.0952619581004104,0.0908462399073489,-0.177039664205621,-2.51910588959596e-06,0.0913750245978984,-0.165761923703194,-1.0389326989921e-17,-0.236114575571031,0,0
0.415,0.0956857008518949,0.0912503407302586,-0.177827169269849,-2.5303113369983e-06,0.0917814775525948,-0.166499263298579,-1.04355406316786e-17,-0.237164856731666,0,0
0.416,0.0961101979959762,0.0916551609770831,-0.178616076335618,-2.54153673354794e-06,0.092188654118725,-0.167237915585521,-1.04818365479509e-17,-0.238217007716219,0,0
0.417,0.0965354482430943,0.092060699418038,-0.179406383006344,-2.55278204514376e-06,0.0925965530593465,-0.167977878320103,-1.05282145980976e-17,-0.239271025328412,0,0
0.418,0.0969614503036892,0.0924669548233388,-0.180198086885443,-2.56404723768467e-06,0.0930051731375165,-0.168719149258406,-1.05746746414785e-17,-0.240326906371963,0,0
0.419,0.097388202888201,0.0928739259632012,-0.180991185576331,-2.57533227706955e-06,0.0934145131162925,-0.169461726156515,-1.06212165374536e-17,-0.241384647650592,0,0
0.42,0.0978157047070697,0.0932816116078404,-0.181785676682424,-2.5866371291973e-06,0.0938245717587318,-0.170205606770512,-1.06678401453825e-17,-0.242444245968019,0,0
0.421,0.0982439544707351,0.0936900105274723,-0.182581557807138,-2.59796175996681e-06,0.0942353478278919,-0.17095078885648,-1.0714545324625e-17,-0.243505698127964,0,0
0.422,0.0986729508896375,0.0940991214923121,-0.183378826553891,-2.60930613527697e-06,0.0946468400868301,-0.171697270170501,-1.07613319345411e-17,-0.244569000934147,0,0
0.423,0.0991026926742166,0.0945089432725756,-0.184177480526097,-2.62067022102669e-06,0.0950590472986037,-0.172445048468659,-1.08081998344904e-17,-0.245634151190287,0,0
0.424,0.0995331785349126,0.0949194746384781,-0.184977517327173,-2.63205398311485e-06,0.0954719682262702,-0.173194121507035,-1.08551488838328e-17,-0.246701145700104,0,0
0.425,0.0999644071821656,0.0953307143602353,-0.185778934560535,-2.64345738744034e-06,0.0958856016328869,-0.173944487041714,-1.0902178941928e-17,-0.247769981267318,0,0
0.426,0.100396377326415,0.0957426612080627,-0.186581729829599,-2.65488039990207e-06,0.0962999462815112,-0.174696142828778,-1.0949289868136e-17,-0.248840654695649,0,0
0.427,0.100829087678102,0.0961553139521757,-0.187385900737782,-2.66632298639891e-06,0.0967150009352005,-0.175449086624309,-1.09964815218164e-17,-0.249913162788817,0,0
0.428,0.101262536947665,0.09656867136279,-0.1881914448885,-2.67778511282978e-06,0.0971307643570122,-0.176203316184391,-1.10437537623292e-17,-0.250987502350541,0,0
0.429,0.101696723845546,0.0969827322101211,-0.188998359885169,-2.68926674509355e-06,0.0975472353100036,-0.176958829265106,-1.1091106449034e-17,-0.252063670184541,0,0
0.43,0.102131647082183,0.0973974952643844,-0.189806643331204,-2.70076784908913e-06,0.0979644125572322,-0.177715623622537,-1.11385394412908e-17,-0.253141663094537,0,0
0.431,0.102567305368017,0.0978129592957956,-0.190616292830023,-2.7122883907154e-06,0.0983822948617552,-0.178473697012767,-1.11860525984592e-17,-0.254221477884249,0,0
0.432,0.103003697413488,0.0982291230745701,-0.191427305985041,-2.72382833587127e-06,0.0988008809866302,-0.179233047191878,-1.12336457798992e-17,-0.255303111357396,0,0
0.433,0.103440821929036,0.0986459853709235,-0.192239680399674,-2.73538765045562e-06,0.0992201696949144,-0.179993671915954,-1.12813188449705e-17,-0.256386560317699,0,0
0.434,0.103878677625101,0.0990635449550713,-0.19305341367734,-2.74696630036734e-06,0.0996401597496652,-0.180755568941077,-1.13290716530329e-17,-0.257471821568877,0,0
0.435,0.104317263212123,0.0994818005972291,-0.193868503421453,-2.75856425150534e-06,0.10006084991394,-0.181518736023331,-1.13769040634462e-17,-0.25855889191465,0,0
0.436,0.104756577400542,0.0999007510676123,-0.19468494723543,-2.77018146976851e-06,0.100482238950796,-0.182283170918797,-1.14248159355703e-17,-0.259647768158738,0,0
0.437,0.105196618900798,0.100320395136436,-0.195502742722687,-2.78181792105573e-06,0.100904325623291,-0.183048871383559,-1.14728071287649e-17,-0.260738447104861,0,0
0.438,0.10563738642333,0.100740731573917,-0.196321887486641,-2.7934735712659e-06,0.101327108694482,-0.1838158351737,-1.15208775023898e-17,-0.261830925556737,0,0
0.439,0.10607887867858,0.10116175915027,-0.197142379130707,-2.80514838629792e-06,0.101750586927427,-0.184584060045302,-1.15690269158049e-17,-0.262925200318088,0,0
0.44,0.106521094376986,0.10158347663571,-0.197964215258302,-2.81684233205068e-06,0.102174759085183,-0.185353543754448,-1.16172552283699e-17,-0.264021268192633,0,0
0.441,0.10696403222899,0.102005882800454,-0.198787393472841,-2.82855537442307e-06,0.102599623930806,-0.186124284057221,-1.16655622994447e-17,-0.265119125984092,0,0
0.442,0.10740769094503,0.102428976414716,-0.199611911377742,-2.84028747931398e-06,0.103025180227356,-0.186896278709703,-1.1713947988389e-17,-0.266218770496184,0,0
0.443,0.107852069235548,0.102852756248713,-0.20043776657642,-2.85203861262232e-06,0.103451426737889,-0.187669525467979,-1.17624121545626e-17,-0.26732019853263,0,0
0.444,0.108297165810982,0.103277221072659,-0.201264956672291,-2.86380874024696e-06,0.103878362225462,-0.188444022088129,-1.18109546573255e-17,-0.268423406897148,0,0
0.445,0.108742979381773,0.10370236965677,-0.202093479268772,-2.87559782808682e-06,0.104305985453132,-0.189219766326238,-1.18595753560372e-17,-0.26952839239346,0,0
0.446,0.109189508658362,0.104128200771262,-0.202923331969279,-2.88740584204077e-06,0.104734295183958,-0.189996755938388,-1.19082741100578e-17,-0.270635151825284,0,0
0.447,0.109636752351187,0.10455471318635,-0.203754512377227,-2.89923274800772e-06,0.105163290180997,-0.190774988680662,-1.19570507787469e-17,-0.271743681996341,0,0
0.448,0.110084709170689,0.104981905672251,-0.204587018096034,-2.91107851188655e-06,0.105592969207305,-0.191554462309142,-1.20059052214644e-17,-0.27285397971035,0,0
0.449,0.110533377827309,0.105409776999178,-0.205420846729115,-2.92294309957617e-06,0.106023331025941,-0.192335174579912,-1.20548372975701e-17,-0.273966041771032,0,0
0.45,0.110982757031485,0.105838325937349,-0.206255995879886,-2.93482647697546e-06,0.106454374399961,-0.193117123249053,-1.21038468664238e-17,-0.275079864982105,0,0
0.451,0.111432845493658,0.106267551256978,-0.207092463151763,-2.94672860998331e-06,0.106886098092424,-0.19390030607265,-1.21529337873853e-17,-0.27619544614729,0,0
0.452,0.111883641924268,0.10669745172828,-0.207930246148164,-2.95864946449863e-06,0.107318500866386,-0.194684720806785,-1.22020979198143e-17,-0.277312782070307,0,0
0.453,0.112335145033756,0.107128026121473,-0.208769342472503,-2.9705890064203e-06,0.107751581484904,-0.195470365207541,-1.22513391230708e-17,-0.278431869554875,0,0
0.454,0.11278735353256,0.10755927320677,-0.209609749728198,-2.98254720164722e-06,0.108185338711037,-0.196257237031,-1.23006572565144e-17,-0.279552705404713,0,0
0.455,0.113240266131121,0.107991191754388,-0.210451465518664,-2.99452401607828e-06,0.108619771307842,-0.197045334033245,-1.23500521795051e-17,-0.280675286423543,0,0
0.456,0.11369388153988,0.108423780534542,-0.211294487447317,-3.00651941561238e-06,0.109054878038375,-0.197834653970359,-1.23995237514025e-17,-0.281799609415084,0,0
0.457,0.114148198469275,0.108857038317448,-0.212138813117573,-3.0185333661484e-06,0.109490657665695,-0.198625194598425,-1.24490718315666e-17,-0.282925671183055,0,0
0.458,0.114603215629748,0.10929096387332,-0.21298444013285,-3.03056583358525e-06,0.109927108952858,-0.199416953673526,-1.24986962793571e-17,-0.284053468531176,0,0
0.459,0.115058931731737,0.109725555972376,-0.213831366096562,-3.04261678382181e-06,0.110364230662923,-0.200209928951745,-1.25483969541338e-17,-0.285182998263168,0,0
0.46,0.115515345485684,0.110160813384829,-0.214679588612127,-3.05468618275698e-06,0.110802021558946,-0.201004118189163,-1.25981737152566e-17,-0.286314257182749,0,0
0.461,0.115972455602027,0.110596734880896,-0.215529105282959,-3.06677399628966e-06,0.111240480403985,-0.201799519141865,-1.26480264220851e-17,-0.28744724209364,0,0
0.462,0.116430260791208,0.111033319230793,-0.216379913712477,-3.07888019031873e-06,0.111679605961097,-0.202596129565933,-1.26979549339793e-17,-0.288581949799561,0,0
0.463,0.116888759763666,0.111470565204734,-0.217232011504094,-3.09100473074309e-06,0.11211939699334,-0.20339394721745,-1.2747959110299e-17,-0.289718377104231,0,0
0.464,0.117347951229841,0.111908471572936,-0.218085396261229,-3.10314758346163e-06,0.11255985226377,-0.204192969852498,-1.27980388104038e-17,-0.29085652081137,0,0
0.465,0.117807833900173,0.112347037105613,-0.218940065587296,-3.11530871437325e-06,0.113000970535446,-0.20499319522716,-1.28481938936538e-17,-0.291996377724697,0,0
0.466,0.118268406485102,0.112786260572982,-0.219796017085713,-3.12748808937684e-06,0.113442750571425,-0.20579462109752,-1.28984242194085e-17,-0.293137944647934,0,0
0.467,0.118729667695068,0.113226140745258,-0.220653248359895,-3.13968567437129e-06,0.113885191134764,-0.20659724521966,-1.29487296470279e-17,-0.294281218384799,0,0
0.468,0.119191616240511,0.113666676392656,-0.221511757013258,-3.1519014352555e-06,0.11432829098852,-0.207401065349662,-1.29991100358718e-17,-0.295426195739012,0,0
0.469,0.119654250831871,0.114107866285392,-0.222371540649219,-3.16413533792836e-06,0.114772048895752,-0.20820607924361,-1.30495652453e-17,-0.296572873514294,0,0
0.47,0.120117570179589,0.114549709193682,-0.223232596871194,-3.17638734828877e-06,0.115216463619515,-0.209012284657587,-1.31000951346722e-17,-0.297721248514363,0,0
0.471,0.120581572994103,0.114992203887741,-0.224094923282599,-3.18865743223561e-06,0.115661533922868,-0.209819679347674,-1.31506995633482e-17,-0.298871317542939,0,0
0.472,0.121046257985855,0.115435349137784,-0.22495851748685,-3.20094555566779e-06,0.116107258568868,-0.210628261069956,-1.3201378390688e-17,-0.300023077403744,0,0
0.473,0.121511623865284,0.115879143714027,-0.225823377087363,-3.21325168448419e-06,0.116553636320573,-0.211438027580515,-1.32521314760512e-17,-0.301176524900495,0,0
0.474,0.12197766934283,0.116323586386686,-0.226689499687555,-3.2255757845837e-06,0.117000665941039,-0.212248976635433,-1.33029586787977e-17,-0.302331656836914,0,0
0.475,0.122444393128933,0.116768675925976,-0.227556882890841,-3.23791782186523e-06,0.117448346193324,-0.213061105990793,-1.33538598582873e-17,-0.303488470016719,0,0
0.476,0.122911793934033,0.117214411102113,-0.228425524300638,-3.25027776222767e-06,0.117896675840486,-0.213874413402679,-1.34048348738798e-17,-0.304646961243631,0,0
0.477,0.12337987046857,0.117660790685312,-0.229295421520362,-3.2626555715699e-06,0.118345653645582,-0.214688896627173,-1.34558835849349e-17,-0.30580712732137,0,0
0.478,0.123848621442985,0.118107813445789,-0.23016657215343,-3.27505121579082e-06,0.118795278371669,-0.215504553420358,-1.35070058508126e-17,-0.306968965053655,0,0
0.479,0.124318045567716,0.118555478153759,-0.231038973803256,-3.28746466078934e-06,0.119245548781805,-0.216321381538317,-1.35582015308726e-17,-0.308132471244205,0,0
0.48,0.124788141553205,0.119003783579438,-0.231912624073258,-3.29989587246433e-06,0.119696463639047,-0.217139378737132,-1.36094704844746e-17,-0.309297642696742,0,0
0.481,0.125258908109891,0.119452728493041,-0.232787520566852,-3.31234481671469e-06,0.120148021706452,-0.217958542772886,-1.36608125709786e-17,-0.310464476214984,0,0
0.482,0.125730343948214,0.119902311664784,-0.233663660887453,-3.32481145943932e-06,0.120600221747078,-0.218778871401663,-1.37122276497443e-17,-0.311632968602652,0,0
0.483,0.126202447778615,0.120352531864882,-0.234541042638479,-3.33729576653711e-06,0.121053062523982,-0.219600362379544,-1.37637155801315e-17,-0.312803116663465,0,0
0.484,0.126675218311532,0.120803387863551,-0.235419663423345,-3.34979770390695e-06,0.121506542800221,-0.220423013462613,-1.38152762215001e-17,-0.313974917201143,0,0
0.485,0.127148654257407,0.121254878431007,-0.236299520845467,-3.36231723744774e-06,0.121960661338854,-0.221246822406953,-1.38669094332097e-17,-0.315148367019405,0,0
0.486,0.127622754326679,0.121707002337465,-0.237180612508262,-3.37485433305837e-06,0.122415416902937,-0.222071786968646,-1.39186150746203e-17,-0.316323462921973,0,0
0.487,0.128097517229788,0.12215975835314,-0.238062936015145,-3.38740895663774e-06,0.122870808255527,-0.222897904903775,-1.39703930050916e-17,-0.317500201712564,0,0
0.488,0.128572941677174,0.122613145248248,-0.238946488969533,-3.39998107408473e-06,0.123326834159683,-0.223725173968424,-1.40222430839835e-17,-0.3186785801949,0,0
0.489,0.129049026379278,0.123067161793005,-0.239831268974842,-3.41257065129824e-06,0.123783493378461,-0.224553591918674,-1.40741651706557e-17,-0.3198585951727,0,0
0.49,0.129525770046539,0.123521806757626,-0.240717273634489,-3.42517765417717e-06,0.124240784674918,-0.225383156510608,-1.4126159124468e-17,-0.321040243449684,0,0
0.491,0.130003171389397,0.123977078912326,-0.241604500551888,-3.43780204862041e-06,0.124698706812113,-0.22621386550031,-1.41782248047803e-17,-0.322223521829572,0,0
0.492,0.130481229118292,0.124432977027322,-0.242492947330458,-3.45044380052684e-06,0.125157258553103,-0.227045716643862,-1.42303620709524e-17,-0.323408427116082,0,0
0.493,0.130959941943664,0.124889499872829,-0.243382611573612,-3.46310287579538e-06,0.125616438660944,-0.227878707697348,-1.4282570782344e-17,-0.324594956112936,0,0
0.494,0.131439308575954,0.125346646219061,-0.244273490884769,-3.4757792403249e-06,0.126076245898695,-0.228712836416849,-1.43348507983149e-17,-0.325783105623853,0,0
0.495,0.131919327725601,0.125804414836236,-0.245165582867344,-3.4884728600143e-06,0.126536679029413,-0.229548100558448,-1.43872019782251e-17,-0.326972872452553,0,0
0.496,0.132399998103045,0.126262804494567,-0.246058885124753,-3.50118370076248e-06,0.126997736816154,-0.23038449787823,-1.44396241814341e-17,-0.328164253402755,0,0
0.497,0.132881318418726,0.126721813964272,-0.246953395260413,-3.51391172846832e-06,0.127459418021977,-0.231222026132275,-1.4492117267302e-17,-0.32935724527818,0,0
0.498,0.133363287383085,0.127181442015564,-0.247849110877739,-3.52665690903073e-06,0.127921721409939,-0.232060683076667,-1.45446810951885e-17,-0.330551844882547,0,0
0.499,0.133845903706561,0.127641687418661,-0.248746029580147,-3.5394192083486e-06,0.128384645743097,-0.23290046646749,-1.45973155244533e-17,-0.331748049019576,0,0
0.5,0.134329166099594,0.128102548943777,-0.249644148971055,-3.55219859232082e-06,0.128848189784509,-0.233741374060825,-1.46500204144563e-17,-0.332945854492986,0,0
0.501,0.134813073272625,0.128564025361128,-0.250543466653878,-3.56499502684627e-06,0.129312352297231,-0.234583403612755,-1.47027956245573e-17,-0.334145258106498,0,0
0.502,0.135297623936093,0.12902611544093,-0.251443980232032,-3.57780847782387e-06,0.129777132044322,-0.235426552879364,-1.47556410141161e-17,-0.335346256663832,0,0
0.503,0.135782816800438,0.129488817953397,-0.252345687308933,-3.59063891115249e-06,0.130242527788839,-0.236270819616734,-1.48085564424925e-17,-0.336548846968707,0,0
0.504,0.1362686505761,0.129952131668746,-0.253248585487998,-3.60348629273104e-06,0.130708538293839,-0.237116201580948,-1.48615417690463e-17,-0.337753025824842,0,0
0.505,0.13675512397352,0.130416055357192,-0.254152672372643,-3.61635058845841e-06,0.131175162322379,-0.237962696528088,-1.49145968531373e-17,-0.338958790035959,0,0
0.506,0.137242235703137,0.130880587788951,-0.255057945566283,-3.62923176423349e-06,0.131642398637517,-0.238810302214239,-1.49677215541253e-17,-0.340166136405776,0,0
0.507,0.137729984475391,0.131345727734237,-0.255964402672336,-3.64212978595517e-06,0.132110246002311,-0.239659016395481,-1.50209157313702e-17,-0.341375061738013,0,0
0.508,0.138218369000723,0.131811473963268,-0.256872041294217,-3.65504461952235e-06,0.132578703179817,-0.240508836827899,-1.50741792442316e-17,-0.34258556283639,0,0
0.509,0.138707387989572,0.132277825246257,-0.257780859035342,-3.66797623083392e-06,0.133047768933092,-0.241359761267574,-1.51275119520695e-17,-0.343797636504628,0,0
0.51,0.139197040152378,0.132744780353421,-0.258690853499128,-3.68092458578877e-06,0.133517442025196,-0.242211787470591,-1.51809137142436e-17,-0.345011279546445,0,0
0.511,0.139687324199581,0.133212338054976,-0.25960202228899,-3.69388965028581e-06,0.133987721219184,-0.243064913193031,-1.52343843901137e-17,-0.346226488765562,0,0
0.512,0.140178238841622,0.133680497121136,-0.260514363008346,-3.70687139022391e-06,0.134458605278114,-0.243919136190977,-1.52879238390396e-17,-0.347443260965697,0,0
0.513,0.140669782788941,0.134149256322117,-0.261427873260611,-3.71986977150198e-06,0.134930092965044,-0.244774454220512,-1.53415319203812e-17,-0.348661592950572,0,0
0.514,0.141161954751976,0.134618614428136,-0.262342550649201,-3.73288476001891e-06,0.13540218304303,-0.24563086503772,-1.53952084934983e-17,-0.349881481523907,0,0
0.515,0.141654753441169,0.135088570209406,-0.263258392777532,-3.74591632167359e-06,0.135874874275131,-0.246488366398682,-1.54489534177505e-17,-0.351102923489419,0,0
0.516,0.14214817756696,0.135559122436145,-0.264175397249021,-3.75896442236492e-06,0.136348165424404,-0.247346956059482,-1.55027665524979e-17,-0.352325915650831,0,0
0.517,0.142642225839787,0.136030269878567,-0.265093561667084,-3.77202902799179e-06,0.136822055253905,-0.248206631776203,-1.55566477571e-17,-0.35355045481186,0,0
0.518,0.143136896970092,0.136502011306888,-0.266012883635136,-3.78511010445309e-06,0.137296542526693,-0.249067391304926,-1.56105968909169e-17,-0.354776537776228,0,0
0.519,0.143632189668315,0.136974345491323,-0.266933360756595,-3.79820761764771e-06,0.137771626005825,-0.249929232401736,-1.56646138133082e-17,-0.356004161347654,0,0
0.52,0.144128102644895,0.137447271202089,-0.267854990634876,-3.81132153347456e-06,0.138247304454357,-0.250792152822715,-1.57186983836337e-17,-0.357233322329857,0,0
0.521,0.144624634610272,0.1379207872094,-0.268777770873396,-3.82445181783252e-06,0.138723576635349,-0.251656150323945,-1.57728504612534e-17,-0.358464017526558,0,0
0.522,0.145121784274886,0.138394892283472,-0.26970169907557,-3.83759843662049e-06,0.139200441311856,-0.25252122266151,-1.58270699055269e-17,-0.359696243741476,0,0
0.523,0.145619550349178,0.13886958519452,-0.270626772844815,-3.85076135573735e-06,0.139677897246936,-0.253387367591492,-1.58813565758141e-17,-0.360929997778331,0,0
0.524,0.146117931543588,0.139344864712761,-0.271552989784547,-3.86394054108201e-06,0.140155943203648,-0.254254582869974,-1.59357103314748e-17,-0.362165276440843,0,0
0.525,0.146616926568555,0.139820729608409,-0.272480347498182,-3.87713595855336e-06,0.140634577945047,-0.255122866253039,-1.59901310318687e-17,-0.363402076532732,0,0
0.526,0.147116534134519,0.140297178651681,-0.273408843589137,-3.89034757405029e-06,0.141113800234191,-0.25599221549677,-1.60446185363558e-17,-0.364640394857717,0,0
0.527,0.147616752951921,0.140774210612791,-0.274338475660827,-3.9035753534717e-06,0.141593608834139,-0.256862628357249,-1.60991727042957e-17,-0.365880228219519,0,0
0.528,0.1481175817312,0.141251824261955,-0.275269241316668,-3.91681926271647e-06,0.142074002507946,-0.257734102590559,-1.61537933950483e-17,-0.367121573421857,0,0
0.529,0.148619019182796,0.14173001836939,-0.276201138160078,-3.9300792676835e-06,0.142554980018672,-0.258606635952784,-1.62084804679735e-17,-0.36836442726845,0,0
0.53,0.14912106401715,0.142208791705309,-0.277134163794471,-3.94335533427169e-06,0.143036540129372,-0.259480226200006,-1.62632337824309e-17,-0.369608786563019,0,0
0.531,0.149623714944701,0.14268814303993,-0.278068315823265,-3.95664742837992e-06,0.143518681603104,-0.260354871088307,-1.63180531977805e-17,-0.370854648109284,0,0
0.532,0.15012697067589,0.143168071143466,-0.279003591849874,-3.9699555159071e-06,0.144001403202926,-0.261230568373771,-1.63729385733819e-17,-0.372102008710964,0,0
0.533,0.150630829921157,0.143648574786135,-0.279939989477717,-3.98327956275212e-06,0.144484703691895,-0.262107315812481,-1.64278897685951e-17,-0.373350865171779,0,0
0.534,0.15113529139094,0.144129652738151,-0.280877506310208,-3.99661953481386e-06,0.144968581833069,-0.262985111160518,-1.64829066427798e-17,-0.374601214295449,0,0
0.535,0.151640353795682,0.14461130376973,-0.281816139950764,-4.00997539799123e-06,0.145453036389504,-0.263863952173967,-1.65379890552959e-17,-0.375853052885694,0,0
0.536,0.15214601584582,0.145093526651088,-0.2827558880028,-4.02334711818311e-06,0.145938066124259,-0.264743836608909,-1.65931368655031e-17,-0.377106377746233,0,0
0.537,0.152652276251796,0.145576320152439,-0.283696748069734,-4.0367346612884e-06,0.14642366980039,-0.265624762221429,-1.66483499327611e-17,-0.378361185680786,0,0
0.538,0.15315913372405,0.146059683044,-0.284638717754982,-4.050137993206e-06,0.146909846180955,-0.266506726767607,-1.670362811643e-17,-0.379617473493073,0,0
0.539,0.153666586973021,0.146543614095987,-0.285581794661959,-4.06355707983479e-06,0.147396594029012,-0.267389728003528,-1.67589712758694e-17,-0.380875237986814,0,0
0.54,0.15417463470915,0.147028112078613,-0.286525976394081,-4.07699188707367e-06,0.147883912107617,-0.268273763685273,-1.68143792704391e-17,-0.382134475965729,0,0
0.541,0.154683275642876,0.147513175762096,-0.287471260554766,-4.09044238082154e-06,0.148371799179828,-0.269158831568927,-1.6869851959499e-17,-0.383395184233537,0,0
0.542,0.155192508484639,0.147998803916651,-0.288417644747428,-4.10390852697728e-06,0.148860254008703,-0.270044929410571,-1.69253892024088e-17,-0.384657359593959,0,0
0.543,0.155702331944881,0.148484995312493,-0.289365126575485,-4.11739029143979e-06,0.149349275357298,-0.270932054966289,-1.69809908585284e-17,-0.385920998850713,0,0
0.544,0.156212744734039,0.148971748719837,-0.290313703642352,-4.13088764010797e-06,0.149838861988672,-0.271820205992163,-1.70366567872176e-17,-0.387186098807521,0,0
0.545,0.156723745562555,0.1494590629089,-0.291263373551445,-4.14440053888071e-06,0.150329012665881,-0.272709380244276,-1.70923868478361e-17,-0.388452656268101,0,0
0.546,0.157235333140869,0.149946936649896,-0.292214133906182,-4.15792895365689e-06,0.150819726151984,-0.273599575478711,-1.71481808997438e-17,-0.389720668036173,0,0
0.547,0.15774750617942,0.150435368713042,-0.293165982309977,-4.17147285033542e-06,0.151311001210037,-0.274490789451551,-1.72040388023004e-17,-0.390990130915458,0,0
0.548,0.158260263388649,0.150924357868553,-0.294118916366247,-4.18503219481519e-06,0.151802836603097,-0.275383019918878,-1.72599604148659e-17,-0.392261041709674,0,0
0.549,0.158773603478995,0.151413902886644,-0.295072933678408,-4.1986069529951e-06,0.152295231094223,-0.276276264636775,-1.73159455967999e-17,-0.393533397222543,0,0
0.55,0.159287525160899,0.151904002537531,-0.296028031849877,-4.21219709077402e-06,0.152788183446471,-0.277170521361326,-1.73719942074623e-17,-0.394807194257783,0,0
0.551,0.1598020271448,0.152394655591429,-0.29698420848407,-4.22580257405087e-06,0.153281692422899,-0.278065787848613,-1.74281061062129e-17,-0.396082429619114,0,0
0.552,0.160317108141139,0.152885860818555,-0.297941461184402,-4.23942336872453e-06,0.153775756786564,-0.278962061854718,-1.74842811524115e-17,-0.397359100110257,0,0
0.553,0.160832766860356,0.153377616989123,-0.29889978755429,-4.25305944069389e-06,0.154270375300524,-0.279859341135725,-1.75405192054179e-17,-0.398637202534931,0,0
0.554,0.16134900201289,0.153869922873349,-0.29985918519715,-4.26671075585785e-06,0.154765546727835,-0.280757623447716,-1.75968201245919e-17,-0.399916733696855,0,0
0.555,0.161865812309181,0.154362777241448,-0.300819651716398,-4.28037728011531e-06,0.155261269831557,-0.281656906546775,-1.76531837692933e-17,-0.40119769039975,0,0
0.556,0.16238319645967,0.154856178863637,-0.30178118471545,-4.29405897936515e-06,0.155757543374744,-0.282557188188983,-1.77096099988819e-17,-0.402480069447336,0,0
0.557,0.162901153174797,0.15535012651013,-0.302743781797724,-4.30775581950628e-06,0.156254366120457,-0.283458466130425,-1.77660986727175e-17,-0.403763867643332,0,0
0.558,0.163419681165002,0.155844618951143,-0.303707440566634,-4.32146776643757e-06,0.15675173683175,-0.284360738127181,-1.782264965016e-17,-0.405049081791457,0,0
0.559,0.163938779140724,0.156339654956892,-0.304672158625597,-4.33519478605793e-06,0.157249654271683,-0.285264001935337,-1.78792627905691e-17,-0.406335708695433,0,0
0.56,0.164458445812403,0.156835233297592,-0.305637933578029,-4.34893684426626e-06,0.157748117203311,-0.286168255310973,-1.79359379533045e-17,-0.407623745158978,0,0
0.561,0.16497867989048,0.157331352743459,-0.306604763027346,-4.36269390696144e-06,0.158247124389694,-0.287073496010174,-1.79926749977263e-17,-0.408913187985812,0,0
0.562,0.165499480085395,0.157828012064708,-0.307572644576964,-4.37646594004236e-06,0.158746674593887,-0.287979721789021,-1.8049473783194e-17,-0.410204033979656,0,0
0.563,0.166020845107587,0.158325210031555,-0.308541575830301,-4.39025290940793e-06,0.159246766578949,-0.288886930403598,-1.81063341690676e-17,-0.411496279944228,0,0
0.564,0.166542773667497,0.158822945414216,-0.309511554390771,-4.40405478095703e-06,0.159747399107937,-0.289795119609988,-1.81632560147069e-17,-0.41278992268325,0,0
0.565,0.167065264475565,0.159321216982905,-0.310482577861791,-4.41787152058855e-06,0.160248570943908,-0.290704287164272,-1.82202391794716e-17,-0.41408495900044,0,0
0.566,0.16758831624223,0.159820023507839,-0.311454643846777,-4.4317030942014e-06,0.160750280849919,-0.291614430822535,-1.82772835227215e-17,-0.415381385699518,0,0
0.567,0.168111927677933,0.160319363759232,-0.312427749949145,-4.44554946769447e-06,0.161252527589028,-0.292525548340859,-1.83343889038165e-17,-0.416679199584204,0,0
0.568,0.168636097493114,0.160819236507301,-0.313401893772312,-4.45941060696664e-06,0.161755309924293,-0.293437637475326,-1.83915551821164e-17,-0.417978397458219,0,0
0.569,0.169160824398212,0.161319640522261,-0.314377072919693,-4.47328647791682e-06,0.16225862661877,-0.29435069598202,-1.84487822169809e-17,-0.419278976125281,0,0
0.57,0.169686107103668,0.161820574574327,-0.315353284994705,-4.48717704644389e-06,0.162762476435517,-0.295264721617023,-1.85060698677699e-17,-0.42058093238911,0,0
0.571,0.170211944319921,0.162322037433716,-0.316330527600764,-4.50108227844675e-06,0.163266858137592,-0.296179712136419,-1.85634179938431e-17,-0.421884263053428,0,0
0.572,0.170738334757413,0.162824027870642,-0.317308798341287,-4.51500213982429e-06,0.163771770488051,-0.297095665296289,-1.86208264545604e-17,-0.423188964921952,0,0
0.573,0.171265277126581,0.163326544655321,-0.318288094819688,-4.52893659647541e-06,0.164277212249953,-0.298012578852717,-1.86782951092817e-17,-0.424495034798403,0,0
0.574,0.171792770137868,0.163829586557969,-0.319268414639385,-4.542885614299e-06,0.164783182186354,-0.298930450561786,-1.87358238173666e-17,-0.425802469486501,0,0
0.575,0.172320812501712,0.164333152348801,-0.320249755403794,-4.55684915919395e-06,0.165289679060313,-0.299849278179578,-1.87934124381749e-17,-0.427111265789965,0,0
0.576,0.172849402928554,0.164837240798033,-0.32123211471633,-4.57082719705916e-06,0.165796701634885,-0.300769059462176,-1.88510608310666e-17,-0.428421420512516,0,0
0.577,0.173378540128833,0.165341850675879,-0.322215490180411,-4.58481969379352e-06,0.166304248673129,-0.301689792165663,-1.89087688554014e-17,-0.429732930457872,0,0
0.578,0.173908222812991,0.165846980752557,-0.323199879399451,-4.59882661529592e-06,0.166812318938103,-0.302611474046122,-1.8966536370539e-17,-0.431045792429755,0,0
0.579,0.174438449691466,0.166352629798281,-0.324185279976868,-4.61284792746526e-06,0.167320911192862,-0.303534102859635,-1.90243632358394e-17,-0.432360003231884,0,0
0.58,0.174969219474698,0.166858796583267,-0.325171689516077,-4.62688359620043e-06,0.167830024200466,-0.304457676362286,-1.90822493106623e-17,-0.433675559667978,0,0
0.581,0.175500530873129,0.16736547987773,-0.326159105620495,-4.64093358740032e-06,0.168339656723971,-0.305382192310157,-1.91401944543674e-17,-0.434992458541757,0,0
0.582,0.176032382597197,0.167872678451886,-0.327147525893538,-4.65499786696383e-06,0.168849807526434,-0.306307648459331,-1.91981985263147e-17,-0.436310696656941,0,0
0.583,0.176564773357343,0.16838039107595,-0.328136947938622,-4.66907640078986e-06,0.169360475370914,-0.307234042565891,-1.9256261385864e-17,-0.437630270817251,0,0
0.584,0.177097701864006,0.168888616520138,-0.329127369359163,-4.68316915477729e-06,0.169871659020466,-0.30816137238592,-1.93143828923749e-17,-0.438951177826405,0,0
0.585,0.177631166827628,0.169397353554666,-0.330118787758577,-4.69727609482501e-06,0.17038335723815,-0.3090896356755,-1.93725629052074e-17,-0.440273414488123,0,0
0.586,0.178165166958647,0.169906600949749,-0.331111200740281,-4.71139718683193e-06,0.170895568787021,-0.310018830190714,-1.94308012837212e-17,-0.441596977606126,0,0
0.587,0.178699700967503,0.170416357475602,-0.33210460590769,-4.72553239669693e-06,0.171408292430138,-0.310948953687645,-1.94890978872761e-17,-0.442921863984133,0,0
0.588,0.179234767564638,0.170926621902441,-0.333099000864222,-4.73968169031892e-06,0.171921526930558,-0.311880003922377,-1.9547452575232e-17,-0.444248070425864,0,0
0.589,0.17977036546049,0.171437393000482,-0.334094383213291,-4.75384503359677e-06,0.172435271051338,-0.312811978650991,-1.96058652069486e-17,-0.445575593735039,0,0
0.59,0.1803064933655,0.17194866953994,-0.335090750558314,-4.76802239242939e-06,0.172949523555536,-0.31374487562957,-1.96643356417858e-17,-0.446904430715377,0,0
0.591,0.180843149990108,0.17246045029103,-0.336088100502708,-4.78221373271567e-06,0.173464283206209,-0.314678692614198,-1.97228637391033e-17,-0.448234578170598,0,0
0.592,0.181380334044754,0.172972734023969,-0.337086430649889,-4.79641902035451e-06,0.173979548766414,-0.315613427360956,-1.9781449358261e-17,-0.449566032904422,0,0
0.593,0.181918044239877,0.173485519508972,-0.338085738603272,-4.81063822124478e-06,0.174495318999209,-0.316549077625929,-1.98400923586186e-17,-0.45089879172057,0,0
0.594,0.182456279285918,0.173998805516253,-0.339086021966274,-4.8248713012854e-06,0.175011592667651,-0.317485641165199,-1.9898792599536e-17,-0.45223285142276,0,0
0.595,0.182995037893317,0.17451259081603,-0.34008727834231,-4.83911822637526e-06,0.175528368534797,-0.318423115734848,-1.99575499403729e-17,-0.453568208814712,0,0
0.596,0.183534318772514,0.175026874178517,-0.341089505334799,-4.85337896241324e-06,0.176045645363705,-0.319361499090959,-2.00163642404893e-17,-0.454904860700147,0,0
0.597,0.184074120633949,0.175541654373929,-0.342092700547154,-4.86765347529824e-06,0.176563421917433,-0.320300788989616,-2.00752353592448e-17,-0.456242803882783,0,0
0.598,0.184614442188061,0.176056930172483,-0.343096861582793,-4.88194173092915e-06,0.177081696959037,-0.3212409831869,-2.01341631559993e-17,-0.457582035166342,0,0
0.599,0.185155282145291,0.176572700344394,-0.344101986045132,-4.89624369520487e-06,0.177600469251575,-0.322182079438895,-2.01931474901126e-17,-0.458922551354542,0,0
0.6,0.185696639216079,0.177088963659877,-0.345108071537587,-4.91055933402429e-06,0.178119737558105,-0.323124075501684,-2.02521882209444e-17,-0.460264349251104,0,0
0.601,0.186238512110865,0.177605718889149,-0.346115115663573,-4.92488861328631e-06,0.178639500641683,-0.324066969131349,-2.03112852078547e-17,-0.461607425659747,0,0
0.602,0.186780899540089,0.178122964802423,-0.347123116026508,-4.93923149888982e-06,0.179159757265368,-0.325010758083974,-2.03704383102031e-17,-0.462951777384191,0,0
0.603,0.18732380021419,0.178640700169917,-0.348132070229807,-4.9535879567337e-06,0.179680506192216,-0.32595544011564,-2.04296473873496e-17,-0.464297401228156,0,0
0.604,0.187867212843609,0.179158923761845,-0.349141975876887,-4.96795795271687e-06,0.180201746185285,-0.326901012982432,-2.04889122986538e-17,-0.465644293995361,0,0
0.605,0.188411136138786,0.179677634348424,-0.350152830571164,-4.98234145273819e-06,0.180723476007632,-0.327847474440431,-2.05482329034757e-17,-0.466992452489527,0,0
0.606,0.188955568810162,0.180196830699867,-0.351164631916053,-4.99673842269659e-06,0.181245694422315,-0.32879482224572,-2.06076090611749e-17,-0.468341873514374,0,0
0.607,0.189500509568174,0.180716511586392,-0.352177377514972,-5.01114882849094e-06,0.181768400192391,-0.329743054154382,-2.06670406311114e-17,-0.46969255387362,0,0
0.608,0.190045957123265,0.181236675778214,-0.353191064971336,-5.02557263602013e-06,0.182291592080918,-0.330692167922501,-2.07265274726449e-17,-0.471044490370986,0,0
0.609,0.190591910185874,0.181757322045548,-0.354205691888561,-5.04000981118307e-06,0.182815268850952,-0.331642161306159,-2.07860694451352e-17,-0.472397679810192,0,0
0.61,0.19113836746644,0.182278449158609,-0.355221255870064,-5.05446031987865e-06,0.183339429265551,-0.332593032061438,-2.08456664079422e-17,-0.473752118994957,0,0
0.611,0.191685327675404,0.182800055887614,-0.35623775451926,-5.06892412800575e-06,0.183864072087773,-0.333544777944421,-2.09053182204256e-17,-0.475107804729001,0,0
0.612,0.192232789523207,0.183322141002778,-0.357255185439567,-5.08340120146328e-06,0.184389196080675,-0.334497396711192,-2.09650247419452e-17,-0.476464733816044,0,0
0.613,0.192780751720287,0.183844703274316,-0.358273546234399,-5.09789150615013e-06,0.184914800007314,-0.335450886117834,-2.10247858318609e-17,-0.477822903059807,0,0
0.614,0.193329212977085,0.184367741472443,-0.359292834507174,-5.11239500796518e-06,0.185440882630748,-0.336405243920428,-2.10846013495324e-17,-0.479182309264007,0,0
0.615,0.193878172004041,0.184891254367377,-0.360313047861307,-5.12691167280734e-06,0.185967442714034,-0.337360467875057,-2.11444711543195e-17,-0.480542949232367,0,0
0.616,0.194427627511594,0.185415240729331,-0.361334183900215,-5.1414414665755e-06,0.18649447902023,-0.338316555737805,-2.12043951055821e-17,-0.481904819768604,0,0
0.617,0.194977578210186,0.185939699328521,-0.362356240227313,-5.15598435516854e-06,0.187021990312392,-0.339273505264755,-2.126437306268e-17,-0.483267917676439,0,0
0.618,0.195528022810256,0.186464628935163,-0.363379214446019,-5.17054030448538e-06,0.187549975353578,-0.340231314211989,-2.13244048849729e-17,-0.484632239759593,0,0
0.619,0.196078960022243,0.186990028319473,-0.364403104159748,-5.18510928042489e-06,0.188078432906846,-0.341189980335589,-2.13844904318207e-17,-0.485997782821783,0,0
0.62,0.196630388556589,0.187515896251666,-0.365427906971915,-5.19969124888597e-06,0.188607361735253,-0.34214950139164,-2.14446295625832e-17,-0.487364543666732,0,0
0.621,0.197182307123732,0.188042231501957,-0.366453620485939,-5.21428617576751e-06,0.189136760601856,-0.343109875136223,-2.15048221366201e-17,-0.488732519098157,0,0
0.622,0.197734714434114,0.188569032840563,-0.367480242305234,-5.22889402696841e-06,0.189666628269713,-0.344071099325421,-2.15650680132913e-17,-0.490101705919779,0,0
0.623,0.198287609198173,0.189096299037698,-0.368507770033216,-5.24351476838757e-06,0.190196963501881,-0.345033171715318,-2.16253670519566e-17,-0.491472100935319,0,0
0.624,0.19884099012635,0.189624028863578,-0.369536201273303,-5.25814836592387e-06,0.190727765061418,-0.345996090061995,-2.16857191119757e-17,-0.492843700948494,0,0
0.625,0.199394855929085,0.190152221088419,-0.37056553362891,-5.27279478547621e-06,0.19125903171138,-0.346959852121537,-2.17461240527086e-17,-0.494216502763026,0,0
0.626,0.199949205316818,0.190680874482436,-0.371595764703453,-5.28745399294348e-06,0.191790762214826,-0.347924455650025,-2.18065817335149e-17,-0.495590503182635,0,0
0.627,0.200504036999989,0.191209987815845,-0.372626892100349,-5.30212595422458e-06,0.192322955334812,-0.348889898403542,-2.18670920137546e-17,-0.496965699011039,0,0
0.628,0.201059349689039,0.191739559858861,-0.373658913423013,-5.3168106352184e-06,0.192855609834396,-0.349856178138172,-2.19276547527873e-17,-0.498342087051959,0,0
0.629,0.201615142094406,0.1922695893817,-0.374691826274862,-5.33150800182383e-06,0.193388724476636,-0.350823292609997,-2.1988269809973e-17,-0.499719664109115,0,0
0.63,0.202171412926531,0.192800075154577,-0.375725628259312,-5.34621801993976e-06,0.193922298024588,-0.351791239575099,-2.20489370446713e-17,-0.501098426986225,0,0
0.631,0.202728160895854,0.193331015947708,-0.376760316979779,-5.3609406554651e-06,0.194456329241311,-0.352760016789562,-2.21096563162422e-17,-0.502478372487012,0,0
0.632,0.203285384712815,0.193862410531309,-0.377795890039679,-5.37567587429873e-06,0.19499081688986,-0.353729622009469,-2.21704274840454e-17,-0.503859497415193,0,0
0.633,0.203843083087854,0.194394257675594,-0.378832345042429,-5.39042364233955e-06,0.195525759733295,-0.354700052990902,-2.22312504074407e-17,-0.505241798574488,0,0
0.634,0.204401254731411,0.19492655615078,-0.379869679591445,-5.40518392548644e-06,0.196061156534672,-0.355671307489944,-2.22921249457879e-17,-0.506625272768619,0,0
0.635,0.204959898353926,0.195459304727082,-0.380907891290142,-5.41995668963831e-06,0.196597006057049,-0.356643383262678,-2.23530509584469e-17,-0.508009916801304,0,0
0.636,0.205519012665839,0.195992502174715,-0.381946977741938,-5.43474190069405e-06,0.197133307063483,-0.357616278065187,-2.24140283047773e-17,-0.509395727476262,0,0
0.637,0.20607859637759,0.196526147263895,-0.382986936550247,-5.44953952455255e-06,0.197670058317031,-0.358589989653553,-2.24750568441392e-17,-0.510782701597215,0,0
0.638,0.206638648199619,0.197060238764838,-0.384027765318487,-5.46434952711271e-06,0.19820725858075,-0.35956451578386,-2.25361364358921e-17,-0.512170835967882,0,0
0.639,0.207199166842366,0.197594775447759,-0.385069461650074,-5.47917187427341e-06,0.198744906617699,-0.360539854212189,-2.2597266939396e-17,-0.513560127391982,0,0
0.64,0.207760151016271,0.198129756082873,-0.386112023148423,-5.49400653193355e-06,0.199283001190935,-0.361516002694625,-2.26584482140107e-17,-0.514950572673235,0,0
0.641,0.208321599431774,0.198665179440397,-0.387155447416951,-5.50885346599203e-06,0.199821541063514,-0.362492958987249,-2.27196801190959e-17,-0.516342168615362,0,0
0.642,0.208883510799315,0.199201044290545,-0.388199732059074,-5.52371264234774e-06,0.200360524998495,-0.363470720846145,-2.27809625140115e-17,-0.517734912022081,0,0
0.643,0.209445883829335,0.199737349403534,-0.389244874678208,-5.53858402689957e-06,0.200899951758934,-0.364449286027396,-2.28422952581172e-17,-0.519128799697113,0,0
0.644,0.210008717232272,0.200274093549578,-0.390290872877769,-5.55346758554641e-06,0.201439820107889,-0.365428652287083,-2.29036782107729e-17,-0.520523828444178,0,0
0.645,0.210572009718567,0.200811275498894,-0.391337724261174,-5.56836328418717e-06,0.201980128808418,-0.366408817381291,-2.29651112313383e-17,-0.521919995066995,0,0
0.646,0.211135759998661,0.201348894021696,-0.392385426431839,-5.58327108872072e-06,0.202520876623577,-0.367389779066101,-2.30265941791734e-17,-0.523317296369284,0,0
0.647,0.211699966782992,0.201886947888201,-0.39343397699318,-5.59819096504598e-06,0.203062062316425,-0.368371535097597,-2.30881269136378e-17,-0.524715729154765,0,0
0.648,0.212264628782002,0.202425435868623,-0.394483373548612,-5.61312287906182e-06,0.203603684650018,-0.369354083231861,-2.31497092940914e-17,-0.526115290227158,0,0
0.649,0.21282974470613,0.202964356733179,-0.395533613701553,-5.62806679666714e-06,0.204145742387414,-0.370337421224977,-2.32113411798939e-17,-0.527515976390182,0,0
0.65,0.213395313265815,0.203503709252084,-0.396584695055418,-5.64302268376085e-06,0.204688234291671,-0.371321546833026,-2.32730224304053e-17,-0.528917784447558,0,0
0.651,0.213961333171499,0.204043492195554,-0.397636615213624,-5.65799050624182e-06,0.205231159125845,-0.372306457812093,-2.33347529049853e-17,-0.530320711203004,0,0
0.652,0.214527803133621,0.204583704333803,-0.398689371779586,-5.67297023000896e-06,0.205774515652994,-0.373292151918259,-2.33965324629936e-17,-0.531724753460242,0,0
0.653,0.215094721862621,0.205124344437048,-0.399742962356722,-5.68796182096115e-06,0.206318302636176,-0.374278626907607,-2.34583609637902e-17,-0.53312990802299,0,0
0.654,0.21566208806894,0.205665411275504,-0.400797384548446,-5.70296524499729e-06,0.206862518838447,-0.375265880536221,-2.35202382667347e-17,-0.534536171694969,0,0
0.655,0.216229900463016,0.206206903619386,-0.401852635958176,-5.71798046801628e-06,0.207407163022866,-0.376253910560183,-2.35821642311871e-17,-0.535943541279898,0,0
0.656,0.21679815775529,0.206748820238911,-0.402908714189327,-5.73300745591701e-06,0.207952233952489,-0.377242714735576,-2.36441387165071e-17,-0.537352013581497,0,0
0.657,0.217366858656203,0.207291159904293,-0.403965616845315,-5.74804617459837e-06,0.208497730390374,-0.378232290818482,-2.37061615820545e-17,-0.538761585403486,0,0
0.658,0.217936001876194,0.207833921385748,-0.405023341529557,-5.76309658995925e-06,0.209043651099578,-0.379222636564985,-2.37682326871891e-17,-0.540172253549585,0,0
0.659,0.218505586125702,0.208377103453492,-0.40608188584547,-5.77815866789855e-06,0.209589994843159,-0.380213749731168,-2.38303518912707e-17,-0.541584014823513,0,0
0.66,0.219075610115169,0.20892070487774,-0.407141247396468,-5.79323237431516e-06,0.210136760384174,-0.381205628073112,-2.38925190536592e-17,-0.54299686602899,0,0
0.661,0.219646072555034,0.209464724428708,-0.408201423785968,-5.80831767510798e-06,0.210683946485681,-0.382198269346901,-2.39547340337143e-17,-0.544410803969736,0,0
0.662,0.220216972155738,0.210009160876612,-0.409262412617387,-5.8234145361759e-06,0.211231551910737,-0.383191671308618,-2.40169966907958e-17,-0.545825825449472,0,0
0.663,0.220788307627719,0.210554012991666,-0.410324211494141,-5.83852292341781e-06,0.211779575422398,-0.384185831714346,-2.40793068842636e-17,-0.547241927271916,0,0
0.664,0.221360077681419,0.211099279544086,-0.411386818019645,-5.8536428027326e-06,0.212328015783724,-0.385180748320167,-2.41416644734774e-17,-0.548659106240788,0,0
0.665,0.221932281027277,0.211644959304089,-0.412450229797316,-5.86877414001918e-06,0.21287687175777,-0.386176418882164,-2.42040693177971e-17,-0.550077359159809,0,0
0.666,0.222504916375732,0.212191051041888,-0.41351444443057,-5.88391690117642e-06,0.213426142107594,-0.38717284115642,-2.42665212765824e-17,-0.551496682832697,0,0
0.667,0.223077982437227,0.212737553527701,-0.414579459522824,-5.89907105210324e-06,0.213975825596255,-0.388170012899018,-2.43290202091932e-17,-0.552917074063174,0,0
0.668,0.223651477922199,0.213284465531742,-0.415645272677493,-5.91423655869851e-06,0.214525920986808,-0.389167931866041,-2.43915659749892e-17,-0.554338529654958,0,0
0.669,0.224225401541089,0.213831785824227,-0.416711881497993,-5.92941338686114e-06,0.215076427042312,-0.390166595813571,-2.44541584333303e-17,-0.55576104641177,0,0
0.67,0.224799752004338,0.214379513175372,-0.417779283587742,-5.94460150249001e-06,0.215627342525824,-0.391166002497691,-2.45167974435763e-17,-0.557184621137329,0,0
0.671,0.225374528022385,0.214927646355392,-0.418847476550154,-5.95980087148403e-06,0.216178666200401,-0.392166149674484,-2.4579482865087e-17,-0.558609250635355,0,0
0.672,0.22594972830567,0.215476184134502,-0.419916457988646,-5.97501145974207e-06,0.2167303968291,-0.393167035100033,-2.46422145572221e-17,-0.560034931709567,0,0
0.673,0.226525351564634,0.216025125282918,-0.420986225506635,-5.99023323316305e-06,0.21728253317498,-0.394168656530421,-2.47049923793415e-17,-0.561461661163687,0,0
0.674,0.227101396509715,0.216574468570856,-0.422056776707536,-6.00546615764585e-06,0.217835074001097,-0.39517101172173,-2.4767816190805e-17,-0.562889435801433,0,0
0.675,0.227677861851355,0.217124212768531,-0.423128109194766,-6.02071019908936e-06,0.218388018070509,-0.396174098430044,-2.48306858509724e-17,-0.564318252426525,0,0
0.676,0.228254746299993,0.217674356646159,-0.42420022057174,-6.03596532339248e-06,0.218941364146273,-0.397177914411444,-2.48936012192035e-17,-0.565748107842683,0,0
0.677,0.228832048566069,0.218224898973956,-0.425273108441876,-6.0512314964541e-06,0.219495110991446,-0.398182457422014,-2.4956562154858e-17,-0.567178998853626,0,0
0.678,0.229409767360024,0.218775838522135,-0.426346770408588,-6.06650868417312e-06,0.220049257369086,-0.399187725217837,-2.50195685172959e-17,-0.568610922263076,0,0
0.679,0.229987901392296,0.219327174060915,-0.427421204075294,-6.08179685244842e-06,0.220603802042251,-0.400193715554996,-2.50826201658769e-17,-0.570043874874751,0,0
0.68,0.230566449373327,0.219878904360509,-0.428496407045409,-6.09709596717891e-06,0.221158743773997,-0.401200426189573,-2.51457169599608e-17,-0.571477853492371,0,0
0.681,0.231145410013557,0.220431028191133,-0.42957237692235,-6.11240599426347e-06,0.221714081327382,-0.402207854877651,-2.52088587589074e-17,-0.572912854919656,0,0
0.682,0.231724782023424,0.220983544323003,-0.430649111309533,-6.127726899601e-06,0.222269813465464,-0.403215999375312,-2.52720454220765e-17,-0.574348875960326,0,0
0.683,0.23230456411337,0.221536451526335,-0.431726607810374,-6.1430586490904e-06,0.222825938951299,-0.404224857438641,-2.53352768088279e-17,-0.5757859134181,0,0
0.684,0.232884754993834,0.222089748571344,-0.432804864028289,-6.15840120863055e-06,0.223382456547945,-0.405234426823719,-2.53985527785215e-17,-0.577223964096699,0,0
0.685,0.233465353375256,0.222643434228245,-0.433883877566694,-6.17375454412035e-06,0.22393936501846,-0.40624470528663,-2.5461873190517e-17,-0.578663024799842,0,0
0.686,0.234046357968077,0.223197507267254,-0.434963646029006,-6.18911862145869e-06,0.224496663125901,-0.407255690583455,-2.55252379041742e-17,-0.580103092331249,0,0
0.687,0.234627767482736,0.223751966458586,-0.43604416701864,-6.20449340654447e-06,0.225054349633326,-0.408267380470279,-2.5588646778853e-17,-0.58154416349464,0,0
0.688,0.235209580629673,0.224306810572458,-0.437125438139014,-6.21987886527658e-06,0.22561242330379,-0.409279772703183,-2.56520996739131e-17,-0.582986235093734,0,0
0.689,0.235791796119328,0.224862038379085,-0.438207456993542,-6.23527496355391e-06,0.226170882900353,-0.410292865038251,-2.57155964487143e-17,-0.584429303932252,0,0
0.69,0.236374412662142,0.225417648648681,-0.439290221185641,-6.25068166727536e-06,0.226729727186072,-0.411306655231566,-2.57791369626165e-17,-0.585873366813913,0,0
0.691,0.236957428968554,0.225973640151463,-0.440373728318728,-6.26609894233983e-06,0.227288954924003,-0.412321141039209,-2.58427210749795e-17,-0.587318420542437,0,0
0.692,0.237540843749005,0.226530011657646,-0.441457975996218,-6.28152675464619e-06,0.227848564877204,-0.413336320217265,-2.5906348645163e-17,-0.588764461921544,0,0
0.693,0.238124655713934,0.227086761937446,-0.442542961821528,-6.29696507009336e-06,0.228408555808733,-0.414352190521815,-2.59700195325269e-17,-0.590211487754953,0,0
0.694,0.238708863573781,0.227643889761079,-0.443628683398074,-6.31241385458021e-06,0.228968926481647,-0.415368749708943,-2.60337335964309e-17,-0.591659494846385,0,0
0.695,0.239293466038986,0.228201393898759,-0.444715138329272,-6.32787307400565e-06,0.229529675659003,-0.416385995534732,-2.60974906962349e-17,-0.593108479999559,0,0
0.696,0.23987846181999,0.228759273120702,-0.445802324218537,-6.34334269426857e-06,0.230090802103859,-0.417403925755264,-2.61612906912987e-17,-0.594558440018194,0,0
0.697,0.240463849627232,0.229317526197124,-0.446890238669288,-6.35882268126786e-06,0.230652304579272,-0.418422538126621,-2.62251334409821e-17,-0.596009371706012,0,0
0.698,0.241049628171152,0.229876151898241,-0.447978879284939,-6.37431300090241e-06,0.231214181848299,-0.419441830404888,-2.62890188046448e-17,-0.597461271866731,0,0
0.699,0.241635796162191,0.230435148994267,-0.449068243668906,-6.38981361907113e-06,0.231776432673998,-0.420461800346147,-2.63529466416467e-17,-0.598914137304071,0,0
0.7,0.242222352310788,0.230994516255419,-0.450158329424607,-6.40532450167289e-06,0.232339055819426,-0.421482445706479,-2.64169168113476e-17,-0.600367964821753,0,0
0.701,0.242809295327384,0.231554252451912,-0.451249134155456,-6.42084561460661e-06,0.232902050047641,-0.42250376424197,-2.64809291731073e-17,-0.601822751223495,0,0
0.702,0.243396623922418,0.232114356353961,-0.452340655464871,-6.43637692377116e-06,0.2334654141217,-0.4235257537087,-2.65449835862856e-17,-0.603278493313018,0,0
0.703,0.24398433680633,0.232674826731782,-0.453432890956267,-6.45191839506544e-06,0.23402914680466,-0.424548411862753,-2.66090799102424e-17,-0.604735187894042,0,0
0.704,0.244572432689561,0.233235662355591,-0.45452583823306,-6.46746999438835e-06,0.234593246859579,-0.425571736460212,-2.66732180043373e-17,-0.606192831770286,0,0
0.705,0.24516091028255,0.233796861995603,-0.455619494898667,-6.48303168763879e-06,0.235157713049514,-0.426595725257159,-2.67373977279302e-17,-0.60765142174547,0,0
0.706,0.245749768295737,0.234358424422034,-0.456713858556505,-6.49860344071563e-06,0.235722544137523,-0.427620376009678,-2.68016189403809e-17,-0.609110954623314,0,0
0.707,0.246339005439563,0.234920348405098,-0.457808926809988,-6.51418521951778e-06,0.236287738886662,-0.428645686473851,-2.68658815010493e-17,-0.610571427207538,0,0
0.708,0.246928620424467,0.235482632715013,-0.458904697262533,-6.52977698994413e-06,0.23685329605999,-0.429671654405761,-2.69301852692951e-17,-0.612032836301862,0,0
0.709,0.24751861196089,0.236045276121992,-0.460001167517557,-6.54537871789358e-06,0.237419214420563,-0.43069827756149,-2.69945301044781e-17,-0.613495178710004,0,0
0.71,0.248108978759271,0.236608277396253,-0.461098335178476,-6.56099036926501e-06,0.237985492731439,-0.431725553697122,-2.70589158659581e-17,-0.614958451235686,0,0
0.711,0.248699719530051,0.237171635308009,-0.462196197848705,-6.57661190995733e-06,0.238552129755676,-0.43275348056874,-2.7123342413095e-17,-0.616422650682627,0,0
0.712,0.249290832983669,0.237735348627478,-0.463294753131661,-6.59224330586942e-06,0.23911912425633,-0.433782055932426,-2.71878096052485e-17,-0.617887773854546,0,0
0.713,0.249882317830565,0.238299416124873,-0.46439399863076,-6.60788452290017e-06,0.239686474996459,-0.434811277544263,-2.72523173017784e-17,-0.619353817555164,0,0
0.714,0.25047417278118,0.238863836570412,-0.465493931949418,-6.62353552694849e-06,0.240254180739121,-0.435841143160333,-2.73168653620446e-17,-0.6208207785882,0,0
0.715,0.251066396545953,0.239428608734309,-0.466594550691052,-6.63919628391327e-06,0.240822240247373,-0.43687165053672,-2.73814536454069e-17,-0.622288653757375,0,0
0.716,0.251658987835325,0.239993731386779,-0.467695852459078,-6.65486675969339e-06,0.241390652284272,-0.437902797429507,-2.74460820112249e-17,-0.623757439866407,0,0
0.717,0.252251945359735,0.24055920329804,-0.468797834856911,-6.67054692018775e-06,0.241959415612875,-0.438934581594776,-2.75107503188587e-17,-0.625227133719017,0,0
0.718,0.252845267829624,0.241125023238305,-0.469900495487968,-6.68623673129525e-06,0.242528528996241,-0.43996700078861,-2.75754584276679e-17,-0.626697732118924,0,0
0.719,0.253438953955431,0.241691189977791,-0.471003831955665,-6.70193615891478e-06,0.243097991197426,-0.441000052767092,-2.76402061970124e-17,-0.628169231869849,0,0
0.72,0.254033002447596,0.242257702286712,-0.472107841863418,-6.71764516894523e-06,0.243667800979488,-0.442033735286304,-2.7704993486252e-17,-0.62964162977551,0,0
0.721,0.25462741201656,0.242824558935286,-0.473212522814644,-6.7333637272855e-06,0.244237957105484,-0.44306804610233,-2.77698201547464e-17,-0.631114922639629,0,0
0.722,0.255222181372763,0.243391758693726,-0.474317872412759,-6.74909179983448e-06,0.244808458338471,-0.444102982971252,-2.78346860618555e-17,-0.632589107265924,0,0
0.723,0.255817309226644,0.243959300332249,-0.475423888261178,-6.76482935249106e-06,0.245379303441507,-0.445138543649153,-2.78995910669391e-17,-0.634064180458116,0,0
0.724,0.256412794288643,0.24452718262107,-0.476530567963318,-6.78057635115414e-06,0.24595049117765,-0.446174725892117,-2.79645350293569e-17,-0.635540139019924,0,0
0.725,0.257008635269201,0.245095404330405,-0.477637909122595,-6.79633276172261e-06,0.246522020309956,-0.447211527456225,-2.80295178084689e-17,-0.637016979755068,0,0
0.726,0.257604830878758,0.245663964230469,-0.478745909342426,-6.81209855009536e-06,0.247093889601483,-0.44824894609756,-2.80945392636348e-17,-0.638494699467268,0,0
0.727,0.258201379827753,0.246232861091478,-0.479854566226226,-6.82787368217129e-06,0.247666097815289,-0.449286979572206,-2.81595992542143e-17,-0.639973294960244,0,0
0.728,0.258798280826626,0.246802093683647,-0.480963877377412,-6.84365812384929e-06,0.248238643714431,-0.450325625636245,-2.82246976395674e-17,-0.641452763037715,0,0
0.729,0.259395532585818,0.247371660777192,-0.482073840399399,-6.85945184102825e-06,0.248811526061965,-0.45136488204576,-2.82898342790537e-17,-0.642933100503401,0,0
0.73,0.259993133815769,0.247941561142328,-0.483184452895605,-6.87525479960707e-06,0.24938474362095,-0.452404746556833,-2.83550090320332e-17,-0.644414304161022,0,0
0.731,0.260591083226918,0.248511793549271,-0.484295712469444,-6.89106696548465e-06,0.249958295154444,-0.453445216925548,-2.84202217578656e-17,-0.645896370814299,0,0
0.732,0.261189379529706,0.249082356768237,-0.485407616724334,-6.90688830455986e-06,0.250532179425502,-0.454486290907988,-2.84854723159107e-17,-0.647379297266949,0,0
0.733,0.261788021434572,0.24965324956944,-0.48652016326369,-6.92271878273162e-06,0.251106395197183,-0.455527966260235,-2.85507605655283e-17,-0.648863080322695,0,0
0.734,0.262387007651956,0.250224470723097,-0.487633349690929,-6.93855836589881e-06,0.251680941232544,-0.456570240738371,-2.86160863660783e-17,-0.650347716785254,0,0
0.735,0.2629863368923,0.250796018999423,-0.488747173609467,-6.95440701996032e-06,0.252255816294643,-0.457613112098481,-2.86814495769204e-17,-0.651833203458348,0,0
0.736,0.263586007866041,0.251367893168633,-0.48986163262272,-6.97026471081505e-06,0.252831019146536,-0.458656578096646,-2.87468500574144e-17,-0.653319537145695,0,0
0.737,0.264186019283622,0.251940092000944,-0.490976724334104,-6.9861314043619e-06,0.253406548551282,-0.45970063648895,-2.88122876669202e-17,-0.654806714651016,0,0
0.738,0.264786369855481,0.252512614266569,-0.492092446347035,-7.00200706649975e-06,0.253982403271937,-0.460745285031474,-2.88777622647975e-17,-0.656294732778031,0,0
0.739,0.265387058292058,0.253085458735727,-0.49320879626493,-7.0178916631275e-06,0.254558582071559,-0.461790521480303,-2.89432737104061e-17,-0.657783588330458,0,0
0.74,0.265988083303794,0.25365862417863,-0.494325771691204,-7.03378516014404e-06,0.255135083713205,-0.462836343591519,-2.90088218631059e-17,-0.659273278112019,0,0
0.741,0.266589443601129,0.254232109365496,-0.495443370229274,-7.04968752344827e-06,0.255711906959933,-0.463882749121204,-2.90744065822567e-17,-0.660763798926432,0,0
0.742,0.267191137894502,0.25480591306654,-0.496561589482556,-7.06559871893908e-06,0.256289050574801,-0.464929735825442,-2.91400277272182e-17,-0.662255147577419,0,0
0.743,0.267793164894354,0.255380034051976,-0.497680427054467,-7.08151871251536e-06,0.256866513320864,-0.465977301460315,-2.92056851573502e-17,-0.663747320868697,0,0
0.744,0.268395523311125,0.255954471092022,-0.498799880548422,-7.09744747007601e-06,0.257444293961182,-0.467025443781906,-2.92713787320127e-17,-0.665240315603988,0,0
0.745,0.268998211855254,0.256529222956892,-0.499919947567837,-7.11338495751992e-06,0.25802239125881,-0.468074160546298,-2.93371083105653e-17,-0.66673412858701,0,0
0.746,0.269601229237181,0.257104288416801,-0.501040625716129,-7.12933114074598e-06,0.258600803976808,-0.469123449509574,-2.94028737523679e-17,-0.668228756621485,0,0
0.747,0.270204574167348,0.257679666241966,-0.502161912596714,-7.1452859856531e-06,0.259179530878231,-0.470173308427816,-2.94686749167802e-17,-0.669724196511131,0,0
0.748,0.270808245356193,0.258255355202602,-0.503283805813007,-7.16124945814015e-06,0.259758570726138,-0.471223735057108,-2.95345116631622e-17,-0.671220445059669,0,0
0.749,0.271412241514156,0.258831354068924,-0.504406302968426,-7.17722152410604e-06,0.260337922283585,-0.472274727153532,-2.96003838508735e-17,-0.672717499070817,0,0
0.75,0.272016561351678,0.259407661611149,-0.505529401666387,-7.19320214944965e-06,0.26091758431363,-0.47332628247317,-2.9666291339274e-17,-0.674215355348297,0,0
0.751,0.272621203579199,0.25998427659949,-0.506653099510304,-7.20919130006989e-06,0.261497555579331,-0.474378398772107,-2.97322339877236e-17,-0.675714010695827,0,0
0.752,0.273226166907159,0.260561197804165,-0.507777394103596,-7.22518894186564e-06,0.262077834843745,-0.475431073806424,-2.97982116555819e-17,-0.677213461917128,0,0
0.753,0.273831450045997,0.261138423995388,-0.508902283049678,-7.2411950407358e-06,0.262658420869929,-0.476484305332204,-2.98642242022088e-17,-0.67871370581592,0,0
0.754,0.274437051706154,0.261715953943375,-0.510027763951965,-7.25720956257926e-06,0.263239312420941,-0.47753809110553,-2.99302714869641e-17,-0.680214739195921,0,0
0.755,0.275042970598069,0.262293786418342,-0.511153834413875,-7.27323247329492e-06,0.263820508259837,-0.478592428882486,-2.99963533692077e-17,-0.681716558860853,0,0
0.756,0.275649205432183,0.262871920190504,-0.512280492038823,-7.28926373878167e-06,0.264402007149676,-0.479647316419153,-3.00624697082992e-17,-0.683219161614434,0,0
0.757,0.276255754918936,0.263450354030077,-0.513407734430225,-7.3053033249384e-06,0.264983807853515,-0.480702751471615,-3.01286203635986e-17,-0.684722544260385,0,0
0.758,0.276862617768767,0.264029086707275,-0.514535559191499,-7.321351197664e-06,0.265565909134411,-0.481758731795954,-3.01948051944656e-17,-0.686226703602425,0,0
0.759,0.277469792692117,0.264608116992316,-0.515663963926059,-7.33740732285738e-06,0.266148309755422,-0.482815255148254,-3.026102406026e-17,-0.687731636444275,0,0
0.76,0.278077278399426,0.265187443655414,-0.516792946237322,-7.35347166641742e-06,0.266731008479604,-0.483872319284596,-3.03272768203416e-17,-0.689237339589653,0,0
0.761,0.278685073601134,0.265767065466784,-0.517922503728705,-7.36954419424301e-06,0.267314004070015,-0.484929921961065,-3.03935633340703e-17,-0.69074380984228,0,0
0.762,0.27929317700768,0.266346981196643,-0.519052634003623,-7.38562487223306e-06,0.267897295289714,-0.485988060933741,-3.04598834608059e-17,-0.692251044005876,0,0
0.763,0.279901587329505,0.266927189615205,-0.520183334665492,-7.40171366628645e-06,0.268480880901756,-0.48704673395871,-3.0526237059908e-17,-0.69375903888416,0,0
0.764,0.280510303277049,0.267507689492687,-0.521314603317729,-7.41781054230208e-06,0.269064759669199,-0.488105938792053,-3.05926239907366e-17,-0.695267791280852,0,0
0.765,0.281119323560751,0.268088479599304,-0.522446437563751,-7.43391546617884e-06,0.269648930355102,-0.489165673189852,-3.06590441126515e-17,-0.696777297999672,0,0
0.766,0.281728646891052,0.268669558705271,-0.523578835006972,-7.45002840381562e-06,0.27023339172252,-0.490225934908192,-3.07254972850124e-17,-0.69828755584434,0,0
0.767,0.282338271978392,0.269250925580805,-0.524711793250809,-7.46614932111132e-06,0.270818142534512,-0.491286721703154,-3.07919833671792e-17,-0.699798561618576,0,0
0.768,0.28294819753321,0.269832578996119,-0.525845309898679,-7.48227818396483e-06,0.271403181554135,-0.492348031330822,-3.08585022185117e-17,-0.701310312126098,0,0
0.769,0.283558422265948,0.270414517721431,-0.526979382553998,-7.49841495827504e-06,0.271988507544447,-0.493409861547278,-3.09250536983696e-17,-0.702822804170628,0,0
0.77,0.284168944887044,0.270996740526955,-0.528114008820181,-7.51455960994086e-06,0.272574119268504,-0.494472210108606,-3.09916376661127e-17,-0.704336034555885,0,0
0.771,0.284779764106938,0.271579246182907,-0.529249186300645,-7.53071210486116e-06,0.273160015489364,-0.495535074770887,-3.1058253981101e-17,-0.705850000085588,0,0
0.772,0.285390878636072,0.272162033459503,-0.530384912598806,-7.54687240893485e-06,0.273746194970084,-0.496598453290205,-3.11249025026941e-17,-0.707364697563458,0,0
0.773,0.286002287184884,0.272745101126958,-0.531521185318081,-7.56304048806083e-06,0.274332656473722,-0.497662343422642,-3.1191583090252e-17,-0.708880123793215,0,0
0.774,0.286613988463815,0.273328447955488,-0.532658002061885,-7.57921630813797e-06,0.274919398763336,-0.498726742924282,-3.12582956031343e-17,-0.710396275578577,0,0
0.775,0.287225981183305,0.273912072715308,-0.533795360433634,-7.59539983506518e-06,0.275506420601981,-0.499791649551207,-3.13250399007009e-17,-0.711913149723265,0,0
0.776,0.287838264053793,0.274495974176633,-0.534933258036746,-7.61159103474134e-06,0.276093720752717,-0.5008570610595,-3.13918158423116e-17,-0.713430743030999,0,0
0.777,0.288450835785721,0.27508015110968,-0.536071692474635,-7.62778987306536e-06,0.276681297978601,-0.501922975205244,-3.14586232873261e-17,-0.714949052305499,0,0
0.778,0.289063695089527,0.275664602284664,-0.537210661350718,-7.64399631593613e-06,0.277269151042688,-0.502989389744521,-3.15254620951044e-17,-0.716468074350484,0,0
0.779,0.289676840675652,0.2762493264718,-0.538350162268412,-7.66021032925254e-06,0.277857278708038,-0.504056302433415,-3.15923321250062e-17,-0.717987805969674,0,0
0.78,0.290290271254536,0.276834322441303,-0.539490192831132,-7.67643187891348e-06,0.278445679737708,-0.505123711028008,-3.16592332363914e-17,-0.719508243966788,0,0
0.781,0.290903985536618,0.277419588963391,-0.540630750642295,-7.69266093081785e-06,0.279034352894754,-0.506191613284383,-3.17261652886196e-17,-0.721029385145548,0,0
0.782,0.29151798223234,0.278005124808277,-0.541771833305317,-7.70889745086454e-06,0.279623296942234,-0.507260006958623,-3.17931281410507e-17,-0.722551226309672,0,0
0.783,0.29213226005214,0.278590928746177,-0.542913438423613,-7.72514140495244e-06,0.280212510643206,-0.50832888980681,-3.18601216530446e-17,-0.72407376426288,0,0
0.784,0.292746817706459,0.279176999547308,-0.544055563600601,-7.74139275898045e-06,0.280801992760727,-0.509398259585028,-3.1927145683961e-17,-0.725596995808892,0,0
0.785,0.293361653905736,0.279763335981883,-0.545198206439696,-7.75765147884746e-06,0.281391742057855,-0.510468114049359,-3.19942000931597e-17,-0.727120917751429,0,0
0.786,0.293976767360413,0.28034993682012,-0.546341364544314,-7.77391753045236e-06,0.281981757297646,-0.511538450955886,-3.20612847400006e-17,-0.728645526894209,0,0
0.787,0.294592156780929,0.280936800832234,-0.547485035517872,-7.79019087969406e-06,0.282572037243158,-0.512609268060692,-3.21283994838434e-17,-0.730170820040952,0,0
0.788,0.295207820877723,0.281523926788439,-0.548629216963786,-7.80647149247143e-06,0.283162580657448,-0.51368056311986,-3.2195544184048e-17,-0.731696793995379,0,0
0.789,0.295823758361236,0.282111313458952,-0.549773906485472,-7.82275933468338e-06,0.283753386303575,-0.514752333889472,-3.2262718699974e-17,-0.733223445561208,0,0
0.79,0.296439967941908,0.282698959613989,-0.550919101686346,-7.8390543722288e-06,0.284344452944594,-0.515824578125612,-3.23299228909815e-17,-0.734750771542161,0,0
0.791,0.297056448330179,0.283286864023764,-0.552064800169825,-7.85535657100658e-06,0.284935779343565,-0.516897293584361,-3.23971566164301e-17,-0.736278768741956,0,0
0.792,0.297673198236489,0.283875025458493,-0.553210999539324,-7.87166589691562e-06,0.285527364263543,-0.517970478021804,-3.24644197356797e-17,-0.737807433964314,0,0
0.793,0.298290216371277,0.284463442688392,-0.554357697398259,-7.8879823158548e-06,0.286119206467586,-0.519044129194022,-3.253171210809e-17,-0.739336764012954,0,0
0.794,0.298907501444985,0.285052114483676,-0.555504891350048,-7.90430579372303e-06,0.286711304718753,-0.520118244857099,-3.25990335930209e-17,-0.740866755691596,0,0
0.795,0.299525052168051,0.285641039614561,-0.556652578998105,-7.9206362964192e-06,0.287303657780099,-0.521192822767117,-3.26663840498322e-17,-0.74239740580396,0,0
0.796,0.300142867250916,0.286230216851262,-0.557800757945848,-7.93697378984219e-06,0.287896264414683,-0.522267860680159,-3.27337633378836e-17,-0.743928711153765,0,0
0.797,0.30076094540402,0.286819644963995,-0.558949425796691,-7.95331823989091e-06,0.288489123385562,-0.523343356352309,-3.2801171316535e-17,-0.745460668544732,0,0
0.798,0.301379285337803,0.287409322722976,-0.560098580154053,-7.96966961246424e-06,0.289082233455793,-0.524419307539648,-3.28686078451462e-17,-0.74699327478058,0,0
0.799,0.301997885762705,0.287999248898419,-0.561248218621348,-7.98602787346108e-06,0.289675593388434,-0.525495711998259,-3.2936072783077e-17,-0.748526526665029,0,0
0.8,0.302616745389166,0.288589422260541,-0.562398338801993,-8.00239298878033e-06,0.290269201946542,-0.526572567484226,-3.30035659896872e-17,-0.750060421001799,0,0
0.801,0.303235862927626,0.289179841579557,-0.563548938299404,-8.01876492432088e-06,0.290863057893174,-0.527649871753631,-3.30710873243366e-17,-0.75159495459461,0,0
0.802,0.303855237088524,0.289770505625682,-0.564700014716997,-8.03514364598161e-06,0.291457159991388,-0.528727622562558,-3.3138636646385e-17,-0.753130124247181,0,0
0.803,0.304474866582302,0.290361413169133,-0.565851565658189,-8.05152911966144e-06,0.292051507004241,-0.529805817667088,-3.32062138151921e-17,-0.754665926763232,0,0
0.804,0.305094750119398,0.290952562980124,-0.567003588726395,-8.06792131125923e-06,0.29264609769479,-0.530884454823304,-3.32738186901179e-17,-0.756202358946484,0,0
0.805,0.305714886410254,0.291543953828871,-0.568156081525032,-8.0843201866739e-06,0.293240930826094,-0.53196353178729,-3.33414511305221e-17,-0.757739417600655,0,0
0.806,0.306335274165308,0.292135584485589,-0.569309041657515,-8.10072571180434e-06,0.293836005161208,-0.533043046315129,-3.34091109957646e-17,-0.759277099529465,0,0
0.807,0.306955912095001,0.292727453720495,-0.570462466727262,-8.11713785254943e-06,0.294431319463192,-0.534122996162902,-3.3476798145205e-17,-0.760815401536636,0,0
0.808,0.307576798909774,0.293319560303804,-0.571616354337688,-8.13355657480807e-06,0.295026872495101,-0.535203379086693,-3.35445124382033e-17,-0.762354320425885,0,0
0.809,0.308197933320065,0.29391190300573,-0.572770702092209,-8.14998184447916e-06,0.295622663019994,-0.536284192842585,-3.36122537341191e-17,-0.763893853000933,0,0
0.81,0.308819314036315,0.294504480596491,-0.573925507594242,-8.16641362746159e-06,0.296218689800927,-0.53736543518666,-3.36800218923125e-17,-0.7654339960655,0,0
0.811,0.309440939768964,0.2950972918463,-0.575080768447203,-8.18285188965425e-06,0.296814951600959,-0.538447103875002,-3.3747816772143e-17,-0.766974746423306,0,0
0.812,0.310062809228452,0.295690335525375,-0.576236482254507,-8.19929659695604e-06,0.297411447183146,-0.539529196663693,-3.38156382329706e-17,-0.76851610087807,0,0
0.813,0.310684921125219,0.29628361040393,-0.577392646619572,-8.21574771526585e-06,0.298008175310547,-0.540611711308815,-3.38834861341551e-17,-0.770058056233512,0,0
0.814,0.311307274169705,0.29687711525218,-0.578549259145812,-8.23220521048257e-06,0.298605134746217,-0.541694645566453,-3.39513603350562e-17,-0.771600609293353,0,0
0.815,0.31192986707235,0.297470848840343,-0.579706317436646,-8.24866904850509e-06,0.299202324253215,-0.542777997192688,-3.40192606950337e-17,-0.773143756861311,0,0
0.816,0.312552698543595,0.298064809938632,-0.580863819095487,-8.26513919523232e-06,0.299799742594599,-0.543861763943603,-3.40871870734475e-17,-0.774687495741106,0,0
0.817,0.313175767293878,0.298658997317263,-0.582021761725754,-8.28161561656314e-06,0.300397388533424,-0.544945943575281,-3.41551393296574e-17,-0.776231822736459,0,0
0.818,0.31379907203364,0.299253409746452,-0.583180142930861,-8.29809827839644e-06,0.30099526083275,-0.546030533843806,-3.42231173230231e-17,-0.777776734651089,0,0
0.819,0.314422611473321,0.299848045996416,-0.584338960314226,-8.31458714663113e-06,0.301593358255633,-0.547115532505259,-3.42911209129045e-17,-0.779322228288717,0,0
0.82,0.315046384323361,0.300442904837368,-0.585498211479264,-8.33108218716609e-06,0.30219167956513,-0.548200937315723,-3.43591499586613e-17,-0.780868300453061,0,0
0.821,0.3156703892942,0.301037985039524,-0.586657894029391,-8.34758336590022e-06,0.302790223524299,-0.549286746031282,-3.44272043196535e-17,-0.782414947947841,0,0
0.822,0.316294625096278,0.301633285373101,-0.587818005568023,-8.36409064873241e-06,0.303388988896198,-0.550372956408018,-3.44952838552407e-17,-0.783962167576778,0,0
0.823,0.316919090440035,0.302228804608313,-0.588978543698578,-8.38060400156155e-06,0.303987974443883,-0.551459566202015,-3.45633884247828e-17,-0.785509956143591,0,0
0.824,0.317543784035911,0.302824541515377,-0.59013950602447,-8.39712339028654e-06,0.304587178930412,-0.552546573169354,-3.46315178876396e-17,-0.787058310452,0,0
0.825,0.318168704594346,0.303420494864507,-0.591300890149117,-8.41364878080628e-06,0.305186601118843,-0.553633975066118,-3.46996721031709e-17,-0.788607227305725,0,0
0.826,0.318793850825781,0.304016663425919,-0.592462693675934,-8.43018013901964e-06,0.305786239772233,-0.554721769648391,-3.47678509307365e-17,-0.790156703508485,0,0
0.827,0.319419221440654,0.30461304596983,-0.593624914208337,-8.44671743082554e-06,0.306386093653639,-0.555809954672256,-3.48360542296961e-17,-0.791706735864001,0,0
0.828,0.320044815149407,0.305209641266453,-0.594787549349743,-8.46326062212286e-06,0.306986161526118,-0.556898527893794,-3.49042818594097e-17,-0.793257321175991,0,0
0.829,0.320670630662478,0.305806448086005,-0.595950596703568,-8.4798096788105e-06,0.307586442152728,-0.557987487069089,-3.4972533679237e-17,-0.794808456248177,0,0
0.83,0.321296666690308,0.306403465198702,-0.597114053873227,-8.49636456678734e-06,0.308186934296527,-0.559076829954224,-3.50408095485378e-17,-0.796360137884278,0,0
0.831,0.321922921943338,0.307000691374758,-0.598277918462138,-8.51292525195229e-06,0.308787636720572,-0.560166554305281,-3.51091093266719e-17,-0.797912362888013,0,0
0.832,0.322549395132007,0.30759812538439,-0.599442188073716,-8.52949170020423e-06,0.309388548187919,-0.561256657878344,-3.51774328729992e-17,-0.799465128063102,0,0
0.833,0.323176084966754,0.308195765997813,-0.600606860311377,-8.54606387744206e-06,0.309989667461627,-0.562347138429494,-3.52457800468793e-17,-0.801018430213265,0,0
0.834,0.323802990158021,0.308793611985242,-0.601771932778538,-8.56264174956468e-06,0.310590993304753,-0.563437993714816,-3.53141507076722e-17,-0.802572266142222,0,0
0.835,0.324430109416247,0.309391662116894,-0.602937403078615,-8.57922528247097e-06,0.311192524480355,-0.564529221490391,-3.53825447147377e-17,-0.804126632653693,0,0
0.836,0.325057441451872,0.309989915162983,-0.604103268815024,-8.59581444205983e-06,0.311794259751488,-0.565620819512303,-3.54509619274354e-17,-0.805681526551398,0,0
0.837,0.325684984975336,0.310588369893725,-0.605269527591181,-8.61240919423016e-06,0.312396197881212,-0.566712785536634,-3.55194022051253e-17,-0.807236944639056,0,0
0.838,0.32631273869708,0.311187025079335,-0.606436177010502,-8.62900950488084e-06,0.312998337632583,-0.567805117319467,-3.55878654071672e-17,-0.808792883720387,0,0
0.839,0.326940701327542,0.31178587949003,-0.607603214676404,-8.64561533991078e-06,0.313600677768659,-0.568897812616885,-3.56563513929208e-17,-0.810349340599111,0,0
0.84,0.327568871577164,0.312384931896024,-0.608770638192303,-8.66222666521886e-06,0.314203217052497,-0.569990869184971,-3.57248600217459e-17,-0.811906312078947,0,0
0.841,0.328197248156384,0.312984181067533,-0.609938445161614,-8.67884344670397e-06,0.314805954247155,-0.571084284779807,-3.57933911530024e-17,-0.813463794963617,0,0
0.842,0.328825829775644,0.313583625774773,-0.611106633187754,-8.69546565026502e-06,0.315408888115689,-0.572178057157477,-3.58619446460501e-17,-0.815021786056838,0,0
0.843,0.329454615145383,0.31418326478796,-0.61227519987414,-8.71209324180089e-06,0.316012017421158,-0.573272184074063,-3.59305203602488e-17,-0.816580282162331,0,0
0.844,0.330083602976041,0.314783096877308,-0.613444142824186,-8.72872618721048e-06,0.316615340926618,-0.574366663285648,-3.59991181549581e-17,-0.818139280083817,0,0
0.845,0.330712791978058,0.315383120813033,-0.614613459641311,-8.74536445239269e-06,0.317218857395128,-0.575461492548315,-3.60677378895381e-17,-0.819698776625014,0,0
0.846,0.331342180861874,0.315983335365352,-0.615783147928929,-8.7620080032464e-06,0.317822565589744,-0.576556669618146,-3.61363794233485e-17,-0.821258768589643,0,0
0.847,0.33197176833793,0.316583739304478,-0.616953205290456,-8.7786568056705e-06,0.318426464273523,-0.577652192251225,-3.6205042615749e-17,-0.822819252781422,0,0
0.848,0.332601553116665,0.317184331400629,-0.61812362932931,-8.7953108255639e-06,0.319030552209524,-0.578748058203634,-3.62737273260995e-17,-0.824380226004073,0,0
0.849,0.333231533908519,0.317785110424019,-0.619294417648906,-8.81197002882549e-06,0.319634828160803,-0.579844265231456,-3.63424334137598e-17,-0.825941685061315,0,0
0.85,0.333861709423932,0.318386075144864,-0.62046556785266,-8.82863438135415e-06,0.320239290890418,-0.580940811090774,-3.64111607380897e-17,-0.827503626756868,0,0
0.851,0.334492078373344,0.318987224333379,-0.621637077543989,-8.84530384904879e-06,0.320843939161427,-0.58203769353767,-3.6479909158449e-17,-0.829066047894451,0,0
0.852,0.335122639467195,0.31958855675978,-0.622808944326309,-8.8619783978083e-06,0.321448771736886,-0.583134910328229,-3.65486785341975e-17,-0.830628945277784,0,0
0.853,0.335753391415926,0.320190071194283,-0.623981165803035,-8.87865799353156e-06,0.322053787379853,-0.584232459218531,-3.6617468724695e-17,-0.832192315710587,0,0
0.854,0.336384332929976,0.320791766407103,-0.625153739577584,-8.89534260211748e-06,0.322658984853386,-0.58533033796466,-3.66862795893013e-17,-0.83375615599658,0,0
0.855,0.337015462719785,0.321393641168456,-0.626326663253373,-8.91203218946494e-06,0.323264362920541,-0.586428544322699,-3.67551109873762e-17,-0.835320462939483,0,0
0.856,0.337646779495793,0.321995694248557,-0.627499934433817,-8.92872672147285e-06,0.323869920344377,-0.587527076048731,-3.68239627782796e-17,-0.836885233343015,0,0
0.857,0.33827828196844,0.322597924417621,-0.628673550722332,-8.94542616404009e-06,0.32447565588795,-0.588625930898839,-3.68928348213712e-17,-0.838450464010897,0,0
0.858,0.338909968848167,0.323200330445864,-0.629847509722336,-8.96213048306556e-06,0.325081568314318,-0.589725106629104,-3.69617269760107e-17,-0.840016151746847,0,0
0.859,0.339541838845413,0.323802911103503,-0.631021809037243,-8.97883964444814e-06,0.325687656386538,-0.590824600995611,-3.70306391015582e-17,-0.841582293354587,0,0
0.86,0.340173890670618,0.324405665160751,-0.63219644627047,-8.99555361408675e-06,0.326293918867668,-0.591924411754442,-3.70995710573732e-17,-0.843148885637835,0,0
0.861,0.340806123034222,0.325008591387826,-0.633371419025433,-9.01227235788026e-06,0.326900354520765,-0.593024536661679,-3.71685227028157e-17,-0.844715925400311,0,0
0.862,0.341438534646666,0.325611688554941,-0.634546724905549,-9.02899584172757e-06,0.327506962108887,-0.594124973473406,-3.72374938972454e-17,-0.846283409445736,0,0
0.863,0.342071124218389,0.326214955432314,-0.635722361514233,-9.04572403152758e-06,0.328113740395091,-0.595225719945706,-3.73064845000222e-17,-0.847851334577829,0,0
0.864,0.342703890459831,0.326818390790159,-0.636898326454902,-9.06245689317917e-06,0.328720688142433,-0.59632677383466,-3.73754943705058e-17,-0.849419697600309,0,0
0.865,0.343336832081432,0.327421993398691,-0.638074617330972,-9.07919439258125e-06,0.329327804113972,-0.597428132896353,-3.74445233680561e-17,-0.850988495316898,0,0
0.866,0.343969947793633,0.328025762028127,-0.639251231745859,-9.09593649563271e-06,0.329935087072765,-0.598529794886866,-3.75135713520328e-17,-0.852557724531313,0,0
0.867,0.344603236306873,0.328629695448683,-0.640428167302979,-9.11268316823243e-06,0.33054253578187,-0.599631757562283,-3.75826381817958e-17,-0.854127382047276,0,0
0.868,0.345236696331592,0.329233792430572,-0.641605421605749,-9.12943437627931e-06,0.331150149004343,-0.600734018678686,-3.76517237167048e-17,-0.855697464668506,0,0
0.869,0.34587032657823,0.329838051744012,-0.642782992257584,-9.14619008567225e-06,0.331757925503243,-0.601836575992159,-3.77208278161198e-17,-0.857267969198723,0,0
0.87,0.346504125757228,0.330442472159217,-0.643960876861901,-9.16295026231015e-06,0.332365864041625,-0.602939427258783,-3.77899503394004e-17,-0.858838892441646,0,0
0.871,0.347138092579025,0.331047052446403,-0.645139073022116,-9.17971487209188e-06,0.332973963382549,-0.604042570234643,-3.78590911459064e-17,-0.860410231200996,0,0
0.872,0.347772225754062,0.331651791375786,-0.646317578341645,-9.19648388091635e-06,0.333582222289071,-0.60514600267582,-3.79282500949978e-17,-0.861981982280492,0,0
0.873,0.348406523992777,0.332256687717581,-0.647496390423904,-9.21325725468245e-06,0.334190639524248,-0.606249722338397,-3.79974270460342e-17,-0.863554142483854,0,0
0.874,0.349040986005612,0.332861740242004,-0.64867550687231,-9.23003495928908e-06,0.334799213851139,-0.607353726978458,-3.80666218583756e-17,-0.865126708614801,0,0
0.875,0.349675610503006,0.33346694771927,-0.649854925290278,-9.24681696063512e-06,0.3354079440328,-0.608458014352085,-3.81358343913816e-17,-0.866699677477055,0,0
0.876,0.3503103961954,0.334072308919594,-0.651034643281225,-9.26360322461948e-06,0.336016828832288,-0.60956258221536,-3.82050645044121e-17,-0.868273045874333,0,0
0.877,0.350945341793233,0.334677822613193,-0.652214658448567,-9.28039371714103e-06,0.336625867012662,-0.610667428324368,-3.82743120568269e-17,-0.869846810610357,0,0
0.878,0.351580446006945,0.335283487570282,-0.65339496839572,-9.29718840409869e-06,0.337235057336978,-0.611772550435189,-3.83435769079859e-17,-0.871420968488846,0,0
0.879,0.352215707546977,0.335889302561076,-0.6545755707261,-9.31398725139134e-06,0.337844398568294,-0.612877946303908,-3.84128589172487e-17,-0.87299551631352,0,0
0.88,0.352851125123768,0.336495266355791,-0.655756463043124,-9.33079022491787e-06,0.338453889469667,-0.613983613686608,-3.84821579439753e-17,-0.874570450888098,0,0
0.881,0.353486697447758,0.337101377724642,-0.656937642950207,-9.34759729057718e-06,0.339063528804155,-0.61508955033937,-3.85514738475253e-17,-0.8761457690163,0,0
0.882,0.354122423229387,0.337707635437845,-0.658119108050766,-9.36440841426816e-06,0.339673315334815,-0.616195754018278,-3.86208064872587e-17,-0.877721467501847,0,0
0.883,0.354758301179096,0.338314038265616,-0.659300855948217,-9.38122356188971e-06,0.340283247824705,-0.617302222479414,-3.86901557225352e-17,-0.879297543148458,0,0
0.884,0.355394330007325,0.338920584978169,-0.660482884245977,-9.39804269934071e-06,0.340893325036881,-0.618408953478862,-3.87595214127147e-17,-0.880873992759852,0,0
0.885,0.356030508424512,0.339527274345722,-0.66166519054746,-9.41486579252007e-06,0.341503545734401,-0.619515944772704,-3.88289034171569e-17,-0.88245081313975,0,0
0.886,0.356666835141099,0.340134105138488,-0.662847772456084,-9.43169280732668e-06,0.342113908680323,-0.620623194117023,-3.88983015952216e-17,-0.884028001091872,0,0
0.887,0.357303308867526,0.340741076126683,-0.664030627575265,-9.44852370965942e-06,0.342724412637704,-0.621730699267901,-3.89677158062686e-17,-0.885605553419937,0,0
0.888,0.357939928314232,0.341348186080524,-0.665213753508418,-9.4653584654172e-06,0.3433350563696,-0.622838457981422,-3.90371459096578e-17,-0.887183466927664,0,0
0.889,0.358576692191657,0.341955433770226,-0.66639714785896,-9.4821970404989e-06,0.343945838639071,-0.623946468013669,-3.9106591764749e-17,-0.888761738418774,0,0
0.89,0.359213599210242,0.342562817966003,-0.667580808230308,-9.49903940080343e-06,0.344556758209173,-0.625054727120724,-3.91760532309019e-17,-0.890340364696987,0,0
0.891,0.359850648080426,0.343170337438072,-0.668764732225877,-9.51588551222966e-06,0.345167813842963,-0.62616323305867,-3.92455301674764e-17,-0.891919342566022,0,0
0.892,0.360487837512649,0.343777990956649,-0.669948917449083,-9.53273534067651e-06,0.345779004303499,-0.627271983583589,-3.93150224338322e-17,-0.8934986688296,0,0
0.893,0.361125166217352,0.344385777291948,-0.671133361503343,-9.54958885204285e-06,0.346390328353838,-0.628380976451566,-3.93845298893292e-17,-0.895078340291439,0,0
0.894,0.361762632904974,0.344993695214185,-0.672318061992073,-9.56644601222759e-06,0.347001784757037,-0.629490209418681,-3.94540523933272e-17,-0.89665835375526,0,0
0.895,0.362400236285956,0.345601743493577,-0.673503016518689,-9.58330678712962e-06,0.347613372276155,-0.630599680241019,-3.95235898051859e-17,-0.898238706024783,0,0
0.896,0.363037975070737,0.346209920900337,-0.674688222686607,-9.60017114264782e-06,0.348225089674248,-0.631709386674662,-3.95931419842652e-17,-0.899819393903726,0,0
0.897,0.363675847969757,0.346818226204683,-0.675873678099243,-9.6170390446811e-06,0.348836935714373,-0.632819326475693,-3.96627087899249e-17,-0.901400414195811,0,0
0.898,0.364313853693457,0.347426658176829,-0.677059380360014,-9.63391045912835e-06,0.349448909159589,-0.633929497400195,-3.97322900815248e-17,-0.902981763704757,0,0
0.899,0.364951990952277,0.348035215586991,-0.678245327072335,-9.65078535188846e-06,0.350061008772952,-0.63503989720425,-3.98018857184246e-17,-0.904563439234284,0,0
0.9,0.365590258456656,0.348643897205384,-0.679431515839624,-9.66766368886033e-06,0.350673233317519,-0.636150523643941,-3.98714955599843e-17,-0.906145437588111,0,0
0.901,0.366228654917034,0.349252701802224,-0.680617944265295,-9.68454543594285e-06,0.351285581556349,-0.637261374475351,-3.99411194655636e-17,-0.907727755569959,0,0
0.902,0.366867179043852,0.349861628147727,-0.681804609952765,-9.7014305590349e-06,0.351898052252499,-0.638372447454564,-4.00107572945222e-17,-0.909310389983546,0,0
0.903,0.367505829547549,0.350470675012108,-0.682991510505451,-9.7183190240354e-06,0.352510644169025,-0.639483740337661,-4.00804089062201e-17,-0.910893337632594,0,0
0.904,0.368144605138566,0.351079841165582,-0.684178643526769,-9.73521079684322e-06,0.353123356068986,-0.640595250880725,-4.0150074160017e-17,-0.912476595320821,0,0
0.905,0.368783504527342,0.351689125378365,-0.685366006620134,-9.75210584335726e-06,0.353736186715439,-0.64170697683984,-4.02197529152727e-17,-0.914060159851947,0,0
0.906,0.369422526424318,0.352298526420674,-0.686553597388963,-9.76900412947643e-06,0.35434913487144,-0.642818915971088,-4.0289445031347e-17,-0.915644028029693,0,0
0.907,0.370061669539933,0.352908043062722,-0.687741413436672,-9.78590562109959e-06,0.354962199300048,-0.643931066030552,-4.03591503675997e-17,-0.917228196657779,0,0
0.908,0.370700932584628,0.353517674074726,-0.688929452366677,-9.80281028412567e-06,0.35557537876432,-0.645043424774315,-4.04288687833907e-17,-0.918812662539923,0,0
0.909,0.371340314268842,0.354127418226901,-0.690117711782394,-9.81971808445354e-06,0.356188672027313,-0.646155989958459,-4.04986001380797e-17,-0.920397422479845,0,0
0.91,0.371979813303015,0.354737274289463,-0.69130618928724,-9.8366289879821e-06,0.356802077852085,-0.647268759339068,-4.05683442910265e-17,-0.921982473281266,0,0
0.911,0.372619428397589,0.355347241032627,-0.692494882484631,-9.85354296061025e-06,0.357415595001693,-0.648381730672224,-4.0638101101591e-17,-0.923567811747906,0,0
0.912,0.373259158263001,0.355957317226609,-0.693683788977983,-9.87045996823687e-06,0.358029222239194,-0.649494901714009,-4.07078704291329e-17,-0.925153434683483,0,0
0.913,0.373899001609694,0.356567501641625,-0.694872906370712,-9.88737997676086e-06,0.358642958327646,-0.650608270220508,-4.0777652133012e-17,-0.926739338891719,0,0
0.914,0.374538957148105,0.357177793047889,-0.696062232266233,-9.90430295208112e-06,0.359256802030106,-0.651721833947802,-4.08474460725882e-17,-0.928325521176332,0,0
0.915,0.375179023588677,0.357788190215618,-0.697251764267965,-9.92122886009653e-06,0.359870752109631,-0.652835590651975,-4.09172521072213e-17,-0.929911978341042,0,0
0.916,0.375819199641847,0.358398691915026,-0.698441499979322,-9.938157666706e-06,0.360484807329279,-0.653949538089109,-4.0987070096271e-17,-0.93149870718957,0,0
0.917,0.376459484018058,0.359009296916331,-0.69963143700372,-9.95508933780841e-06,0.361098966452108,-0.655063674015287,-4.10568998990972e-17,-0.933085704525635,0,0
0.918,0.377099875427748,0.359620003989746,-0.700821572944577,-9.97202383930266e-06,0.361713228241174,-0.656177996186592,-4.11267413750596e-17,-0.934672967152956,0,0
0.919,0.377740372581357,0.360230811905487,-0.702011905405307,-9.98896113708764e-06,0.362327591459535,-0.657292502359106,-4.11965943835181e-17,-0.936260491875255,0,0
0.92,0.378380974189326,0.360841719433771,-0.703202431989328,-1.00059011970622e-05,0.362942054870248,-0.658407190288913,-4.12664587838325e-17,-0.93784827549625,0,0
0.921,0.379021678962095,0.361452725344812,-0.704393150300056,-1.00228439851254e-05,0.363556617236372,-0.659522057732096,-4.13363344353626e-17,-0.939436314819661,0,0
0.922,0.379662485610103,0.362063828408827,-0.705584057940905,-1.00397894671759e-05,0.364171277320962,-0.660637102444736,-4.14062211974681e-17,-0.941024606649208,0,0
0.923,0.380303392843791,0.36267502739603,-0.706775152515294,-1.00567376091128e-05,0.364786033887077,-0.661752322182917,-4.1476118929509e-17,-0.942613147788611,0,0
0.924,0.380944399373598,0.363286321076637,-0.707966431626637,-1.00736883768348e-05,0.365400885697774,-0.662867714702722,-4.15460274908449e-17,-0.944201935041589,0,0
0.925,0.381585503909965,0.363897708220864,-0.709157892878352,-1.00906417362409e-05,0.36601583151611,-0.663983277760234,-4.16159467408357e-17,-0.945790965211863,0,0
0.926,0.382226705163331,0.364509187598926,-0.710349533873854,-1.01075976532301e-05,0.366630870105142,-0.665099009111534,-4.16858765388412e-17,-0.947380235103153,0,0
0.927,0.382868001844138,0.365120757981039,-0.711541352216559,-1.01245560937011e-05,0.367246000227929,-0.666214906512707,-4.17558167442212e-17,-0.948969741519177,0,0
0.928,0.383509392662823,0.365732418137418,-0.712733345509884,-1.01415170235528e-05,0.367861220647527,-0.667330967719835,-4.18257672163356e-17,-0.950559481263656,0,0
0.929,0.384150876329829,0.36634416683828,-0.713925511357245,-1.01584804086843e-05,0.368476530126994,-0.668447190489001,-4.1895727814544e-17,-0.95214945114031,0,0
0.93,0.384792451555593,0.366956002853838,-0.715117847362057,-1.01754462149943e-05,0.369091927429387,-0.669563572576287,-4.19656983982063e-17,-0.953739647952858,0,0
0.931,0.385434117050558,0.367567924954309,-0.716310351127738,-1.01924144083817e-05,0.369707411317764,-0.670680111737776,-4.20356788266824e-17,-0.955330068505021,0,0
0.932,0.386075871525162,0.368179931909909,-0.717503020257703,-1.02093849547455e-05,0.370322980555181,-0.671796805729552,-4.2105668959332e-17,-0.956920709600517,0,0
0.933,0.386717713689846,0.368792022490853,-0.718695852355368,-1.02263578199846e-05,0.370938633904697,-0.672913652307697,-4.21756686555149e-17,-0.958511568043067,0,0
0.934,0.387359642255049,0.369404195467356,-0.71988884502415,-1.02433329699978e-05,0.371554370129368,-0.674030649228293,-4.2245677774591e-17,-0.960102640636391,0,0
0.935,0.388001655931212,0.370016449609634,-0.721081995867465,-1.0260310370684e-05,0.372170187992253,-0.675147794247424,-4.231569617592e-17,-0.961693924184208,0,0
0.936,0.388643753428775,0.370628783687903,-0.722275302488729,-1.02772899879421e-05,0.372786086256408,-0.676265085121173,-4.23857237188617e-17,-0.963285415490239,0,0
0.937,0.389285933458177,0.371241196472378,-0.723468762491358,-1.02942717876711e-05,0.373402063684891,-0.677382519605622,-4.24557602627759e-17,-0.964877111358202,0,0
0.938,0.38992819472986,0.371853686733274,-0.724662373478768,-1.03112557357697e-05,0.374018119040758,-0.678500095456853,-4.25258056670226e-17,-0.966469008591818,0,0
0.939,0.390570535954261,0.372466253240808,-0.725856133054376,-1.0328241798137e-05,0.374634251087069,-0.679617810430951,-4.25958597909613e-17,-0.968061103994807,0,0
0.94,0.391212955841823,0.373078894765194,-0.727050038821597,-1.03452299406717e-05,0.375250458586879,-0.680735662283997,-4.2665922493952e-17,-0.969653394370889,0,0
0.941,0.391855453102984,0.373691610076648,-0.728244088383848,-1.03622201292729e-05,0.375866740303247,-0.681853648772075,-4.27359936353545e-17,-0.971245876523782,0,0
0.942,0.392498026448184,0.374304397945387,-0.729438279344545,-1.03792123298393e-05,0.376483094999229,-0.682971767651267,-4.28060730745285e-17,-0.972838547257207,0,0
0.943,0.393140674587865,0.374917257141624,-0.730632609307104,-1.03962065082699e-05,0.377099521437884,-0.684090016677656,-4.28761606708339e-17,-0.974431403374885,0,0
0.944,0.393783396232465,0.375530186435576,-0.731827075874942,-1.04132026304636e-05,0.377716018382268,-0.685208393607325,-4.29462562836305e-17,-0.976024441680533,0,0
0.945,0.394426190092425,0.376143184597458,-0.733021676651474,-1.04302006623192e-05,0.378332584595439,-0.686326896196357,-4.30163597722781e-17,-0.977617658977873,0,0
0.946,0.395069054878184,0.376756250397487,-0.734216409240117,-1.04472005697357e-05,0.378949218840454,-0.687445522200834,-4.30864709961364e-17,-0.979211052070625,0,0
0.947,0.395711989300183,0.377369382605876,-0.735411271244286,-1.04642023186119e-05,0.37956591988037,-0.688564269376839,-4.31565898145653e-17,-0.980804617762507,0,0
0.948,0.396354992068862,0.377982579992843,-0.736606260267399,-1.04812058748468e-05,0.380182686478246,-0.689683135480456,-4.32267160869246e-17,-0.98239835285724,0,0
0.949,0.396998061894661,0.378595841328602,-0.73780137391287,-1.04982112043392e-05,0.380799517397138,-0.690802118267766,-4.32968496725741e-17,-0.983992254158544,0,0
0.95,0.397641197488019,0.379209165383369,-0.738996609784117,-1.05152182729881e-05,0.381416411400103,-0.691921215494854,-4.33669904308736e-17,-0.985586318470138,0,0
0.951,0.398284397559377,0.37982255092736,-0.740191965484556,-1.05322270466923e-05,0.3820333672502,-0.6930404249178,-4.34371382211829e-17,-0.987180542595742,0,0
0.952,0.398927660819175,0.380435996730789,-0.741387438617602,-1.05492374913506e-05,0.382650383710485,-0.69415974429269,-4.35072929028618e-17,-0.988774923339076,0,0
0.953,0.399570985977852,0.381049501563873,-0.742583026786672,-1.05662495728622e-05,0.383267459544016,-0.695279171375604,-4.35774543352701e-17,-0.99036945750386,0,0
0.954,0.40021437174585,0.381663064196827,-0.743778727595182,-1.05832632571257e-05,0.38388459351385,-0.696398703922626,-4.36476223777676e-17,-0.991964141893813,0,0
0.955,0.400857816833607,0.382276683399867,-0.744974538646549,-1.06002785100401e-05,0.384501784383045,-0.697518339689839,-4.37177968897141e-17,-0.993558973312656,0,0
0.956,0.401501319951563,0.382890357943208,-0.746170457544187,-1.06172952975043e-05,0.385119030914658,-0.698638076433326,-4.37879777304694e-17,-0.995153948564108,0,0
0.957,0.40214487981016,0.383504086597065,-0.747366481891514,-1.06343135854172e-05,0.385736331871746,-0.699757911909169,-4.38581647593934e-17,-0.996749064451888,0,0
0.958,0.402788495119836,0.384117868131655,-0.748562609291946,-1.06513333396776e-05,0.386353686017367,-0.700877843873451,-4.39283578358458e-17,-0.998344317779718,0,0
0.959,0.403432164591032,0.384731701317193,-0.749758837348899,-1.06683545261846e-05,0.386971092114578,-0.701997870082256,-4.39985568191864e-17,-0.999939705351316,0,0
0.96,0.404075886934188,0.385345584923893,-0.750955163665788,-1.06853771108369e-05,0.387588548926437,-0.703117988291665,-4.4068761568775e-17,-1.0015352239704,0,0
0.961,0.404719660859744,0.385959517721973,-0.752151585846031,-1.07024010595334e-05,0.388206055216,-0.704238196257762,-4.41389719439715e-17,-1.0031308704407,0,0
0.962,0.405363485078139,0.386573498481647,-0.753348101493044,-1.07194263381731e-05,0.388823609746326,-0.705358491736629,-4.42091878041357e-17,-1.00472664156592,0,0
0.963,0.406007358299814,0.387187525973131,-0.754544708210241,-1.07364529126549e-05,0.389441211280471,-0.706478872484349,-4.42794090086272e-17,-1.00632253414979,0,0
0.964,0.406651279235209,0.38780159896664,-0.755741403601041,-1.07534807488776e-05,0.390058858581493,-0.707599336257006,-4.43496354168061e-17,-1.00791854499603,0,0
0.965,0.407295246594764,0.38841571623239,-0.756938185268858,-1.07705098127401e-05,0.39067655041245,-0.708719880810681,-4.4419866888032e-17,-1.00951467090835,0,0
0.966,0.407939259088919,0.389029876540596,-0.75813505081711,-1.07875400701414e-05,0.391294285536399,-0.709840503901458,-4.44901032816647e-17,-1.01111090869048,0,0
0.967,0.408583315428113,0.389644078661475,-0.759331997849212,-1.08045714869803e-05,0.391912062716396,-0.71096120328542,-4.45603444570641e-17,-1.01270725514614,0,0
0.968,0.409227414322788,0.390258321365241,-0.76052902396858,-1.08216040291557e-05,0.3925298807155,-0.712081976718649,-4.463059027359e-17,-1.01430370707905,0,0
0.969,0.409871554483382,0.39087260342211,-0.761726126778631,-1.08386376625665e-05,0.393147738296768,-0.713202821957228,-4.47008405906022e-17,-1.01590026129292,0,0
0.97,0.410515734620336,0.391486923602297,-0.76292330388278,-1.08556723531116e-05,0.393765634223258,-0.71432373675724,-4.47710952674604e-17,-1.01749691459148,0,0
0.971,0.411159953444089,0.392101280676019,-0.764120552884444,-1.08727080666899e-05,0.394383567258026,-0.715444718874768,-4.48413541635245e-17,-1.01909366377844,0,0
0.972,0.411804209665083,0.39271567341349,-0.76531787138704,-1.08897447692003e-05,0.39500153616413,-0.716565766065894,-4.49116171381543e-17,-1.02069050565753,0,0
0.973,0.412448501993756,0.393330100584927,-0.766515256993982,-1.09067824265417e-05,0.395619539704627,-0.717686876086701,-4.49818840507096e-17,-1.02228743703247,0,0
0.974,0.41309282914055,0.393944560960544,-0.767712707308688,-1.09238210046129e-05,0.396237576642575,-0.718808046693273,-4.50521547605502e-17,-1.02388445470697,0,0
0.975,0.413737189815903,0.394559053310557,-0.768910219934574,-1.09408604693129e-05,0.396855645741032,-0.719929275641692,-4.51224291270358e-17,-1.02548155548476,0,0
0.976,0.414381582730256,0.395173576405182,-0.770107792475055,-1.09579007865406e-05,0.397473745763054,-0.72105056068804,-4.51927070095264e-17,-1.02707873616955,0,0
0.977,0.415026006594049,0.395788129014635,-0.771305422533549,-1.09749419221948e-05,0.398091875471699,-0.722171899588401,-4.52629882673816e-17,-1.02867599356507,0,0
0.978,0.415670460117721,0.39640270990913,-0.77250310771347,-1.09919838421745e-05,0.398710033630024,-0.723293290098858,-4.53332727599614e-17,-1.03027332447503,0,0
0.979,0.416314942011714,0.397017317858883,-0.773700845618236,-1.10090265123785e-05,0.399328219001087,-0.724414729975493,-4.54035603466255e-17,-1.03187072570316,0,0
0.98,0.416959450986467,0.397631951634111,-0.774898633851262,-1.10260698987058e-05,0.399946430347945,-0.725536216974388,-4.54738508867337e-17,-1.03346819405317,0,0
0.981,0.417603985752419,0.398246610005027,-0.776096470015964,-1.10431139670552e-05,0.400564666433655,-0.726657748851628,-4.55441442396458e-17,-1.03506572632878,0,0
0.982,0.418248545020011,0.398861291741849,-0.77729435171576,-1.10601586833256e-05,0.401182926021275,-0.727779323363294,-4.56144402647217e-17,-1.03666331933372,0,0
0.983,0.418893127499684,0.399475995614791,-0.778492276554064,-1.10772040134159e-05,0.401801207873863,-0.728900938265469,-4.56847388213211e-17,-1.0382609698717,0,0
0.984,0.419537731901876,0.400090720394069,-0.779690242134294,-1.10942499232251e-05,0.402419510754475,-0.730022591314237,-4.57550397688037e-17,-1.03985867474645,0,0
0.985,0.420182356937028,0.400705464849899,-0.780888246059865,-1.11112963786519e-05,0.403037833426169,-0.73114428026568,-4.58253429665296e-17,-1.04145643076167,0,0
0.986,0.42082700131558,0.401320227752496,-0.782086285934193,-1.11283433455953e-05,0.403656174652002,-0.732266002875881,-4.58956482738584e-17,-1.04305423472111,0,0
0.987,0.421471663747972,0.401935007872075,-0.783284359360695,-1.11453907899543e-05,0.404274533195032,-0.733387756900922,-4.59659555501499e-17,-1.04465208342846,0,0
0.988,0.422116342944643,0.402549803978853,-0.784482463942787,-1.11624386776276e-05,0.404892907818316,-0.734509540096887,-4.6036264654764e-17,-1.04624997368746,0,0
0.989,0.422761037616035,0.403164614843044,-0.785680597283884,-1.11794869745142e-05,0.405511297284911,-0.735631350219858,-4.61065754470604e-17,-1.04784790230182,0,0
0.99,0.423405746472587,0.403779439234864,-0.786878756987404,-1.1196535646513e-05,0.406129700357876,-0.736753185025918,-4.6176887786399e-17,-1.04944586607526,0,0
0.991,0.424050468224738,0.404394275924529,-0.788076940656762,-1.12135846595228e-05,0.406748115800266,-0.737875042271151,-4.62472015321395e-17,-1.0510438618115,0,0
0.992,0.42469520158293,0.405009123682254,-0.789275145895375,-1.12306339794426e-05,0.40736654237514,-0.738996919711637,-4.63175165436418e-17,-1.05264188631427,0,0
0.993,0.425339945257602,0.405623981278255,-0.790473370306658,-1.12476835721712e-05,0.407984978845555,-0.740118815103462,-4.63878326802657e-17,-1.05423993638728,0,0
0.994,0.425984697959193,0.406238847482747,-0.791671611494028,-1.12647334036076e-05,0.408603423974569,-0.741240726202706,-4.64581498013709e-17,-1.05583800883424,0,0
0.995,0.426629458398145,0.406853721065946,-0.792869867060901,-1.12817834396506e-05,0.409221876525238,-0.742362650765454,-4.65284677663173e-17,-1.0574361004589,0,0
0.996,0.427274225284896,0.407468600798067,-0.794068134610693,-1.12988336461992e-05,0.40984033526062,-0.743484586547788,-4.65987864344647e-17,-1.05903420806495,0,0
0.997,0.427918997329887,0.408083485449326,-0.79526641174682,-1.13158839891522e-05,0.410458798943773,-0.744606531305791,-4.66691056651729e-17,-1.06063232845612,0,0
0.998,0.428563773243559,0.408698373789939,-0.796464696072699,-1.13329344344085e-05,0.411077266337754,-0.745728482795545,-4.67394253178017e-17,-1.06223045843613,0,0
0.999,0.42920855173635,0.409313264590121,-0.797662985191746,-1.1349984947867e-05,0.41169573620562,-0.746850438773134,-4.68097452517109e-17,-1.0638285948087,0,0
1,0.429853331518702,0.409928156620087,-0.798861276707376,-1.13670354954266e-05,0.412314207310428,-0.747972396994639,-4.68800653262602e-17,-1.06542673437756,0,0
1.001,0.430498111301053,0.410543048650053,-0.800059568223007,-1.13840860429862e-05,0.412932678415237,-0.749094355216145,-4.69503854008096e-17,-1.06702487394641,0,0
1.002,0.431142889793844,0.411157939450234,-0.801257857342053,-1.14011365564447e-05,0.413551148283103,-0.750216311193734,-4.70207053347187e-17,-1.06862301031898,0,0
1.003,0.431787665707516,0.411772827790847,-0.802456141667932,-1.14181870017011e-05,0.414169615677084,-0.751338262683488,-4.70910249873475e-17,-1.07022114029899,0,0
1.004,0.432432437752507,0.412387712442106,-0.80365441880406,-1.1435237344654e-05,0.414788079360236,-0.752460207441491,-4.71613442180557e-17,-1.07181926069017,0,0
1.005,0.433077204639259,0.413002592174228,-0.804852686353852,-1.14522875512026e-05,0.415406538095619,-0.753582143223824,-4.72316628862031e-17,-1.07341736829622,0,0
1.006,0.43372196507821,0.413617465757427,-0.806050941920725,-1.14693375872456e-05,0.416024990646288,-0.754704067786572,-4.73019808511495e-17,-1.07501545992087,0,0
1.007,0.434366717779802,0.414232331961919,-0.807249183108095,-1.1486387418682e-05,0.416643435775301,-0.755825978885817,-4.73722979722548e-17,-1.07661353236784,0,0
1.008,0.435011461454473,0.41484718955792,-0.808447407519378,-1.15034370114106e-05,0.417261872245716,-0.756947874277642,-4.74426141088786e-17,-1.07821158244084,0,0
1.009,0.435656194812665,0.415462037315645,-0.809645612757991,-1.15204863313304e-05,0.417880298820591,-0.758069751718129,-4.75129291203809e-17,-1.07980960694361,0,0
1.01,0.436300916564816,0.41607687400531,-0.810843796427349,-1.15375353443403e-05,0.418498714262981,-0.75919160896336,-4.75832428661214e-17,-1.08140760267985,0,0
1.011,0.436945625421368,0.41669169839713,-0.812041956130868,-1.1554584016339e-05,0.419117117335946,-0.760313443769421,-4.765355520546e-17,-1.08300556645329,0,0
1.012,0.43759032009276,0.417306509261321,-0.813240089471966,-1.15716323132256e-05,0.419735506802541,-0.761435253892392,-4.77238659977565e-17,-1.08460349506765,0,0
1.013,0.438234999289432,0.417921305368098,-0.814438194054058,-1.15886802008989e-05,0.420353881425825,-0.762557037088357,-4.77941751023705e-17,-1.08620138532665,0,0
1.014,0.438879661721824,0.418536085487678,-0.81563626748056,-1.16057276452579e-05,0.420972239968855,-0.763678791113398,-4.78644823786621e-17,-1.087799234034,0,0
1.015,0.439524306100376,0.419150848390274,-0.816834307354888,-1.16227746122013e-05,0.421590581194688,-0.764800513723599,-4.79347876859908e-17,-1.08939703799344,0,0
1.016,0.440168931135528,0.419765592846104,-0.818032311280459,-1.16398210676282e-05,0.422208903866382,-0.765922202675042,-4.80050908837167e-17,-1.09099479400867,0,0
1.017,0.44081353553772,0.420380317625382,-0.819230276860688,-1.16568669774373e-05,0.422827206746994,-0.76704385572381,-4.80753918311994e-17,-1.09259249888341,0,0
1.018,0.441458118017392,0.420995021498324,-0.820428201698993,-1.16739123075276e-05,0.423445488599581,-0.768165470625985,-4.81456903877987e-17,-1.09419014942139,0,0
1.019,0.442102677284984,0.421609703235146,-0.821626083398788,-1.1690957023798e-05,0.424063748187202,-0.769287045137651,-4.82159864128746e-17,-1.09578774242633,0,0
1.02,0.442747212050937,0.422224361606063,-0.822823919563491,-1.17080010921474e-05,0.424681984272912,-0.770408577014891,-4.82862797657867e-17,-1.09738527470194,0,0
1.021,0.443391721025689,0.42283899538129,-0.824021707796517,-1.17250444784747e-05,0.42530019561977,-0.771530064013786,-4.83565703058949e-17,-1.09898274305196,0,0
1.022,0.444036202919682,0.423453603331044,-0.825219445701283,-1.17420871486787e-05,0.425918380990833,-0.772651503890421,-4.8426857892559e-17,-1.10058014428008,0,0
1.023,0.444680656443355,0.424068184225539,-0.826417130881204,-1.17591290686584e-05,0.426536539149158,-0.773772894400877,-4.84971423851388e-17,-1.10217747519004,0,0
1.024,0.445325080307147,0.424682736834991,-0.827614760939697,-1.17761702043126e-05,0.427154668857803,-0.774894233301238,-4.8567423642994e-17,-1.10377473258556,0,0
1.025,0.4459694732215,0.425297259929616,-0.828812333480179,-1.17932105215403e-05,0.427772768879825,-0.776015518347587,-4.86377015254846e-17,-1.10537191327035,0,0
1.026,0.446613833896854,0.42591175227963,-0.830009846106064,-1.18102499862403e-05,0.428390837978281,-0.777136747296006,-4.87079758919703e-17,-1.10696901404814,0,0
1.027,0.447258161043647,0.426526212655247,-0.83120729642077,-1.18272885643116e-05,0.429008874916229,-0.778257917902577,-4.87782466018108e-17,-1.10856603172264,0,0
1.028,0.44790245337232,0.427140639826683,-0.832404682027713,-1.18443262216529e-05,0.429626878456727,-0.779379027923385,-4.88485135143661e-17,-1.11016296309758,0,0
1.029,0.448546709593314,0.427755032564155,-0.833602000530308,-1.18613629241633e-05,0.430244847362831,-0.780500075114511,-4.89187764889959e-17,-1.11175980497667,0,0
1.03,0.449190928417068,0.428369389637876,-0.834799249531973,-1.18783986377416e-05,0.430862780397599,-0.781621057232039,-4.898903538506e-17,-1.11335655416363,0,0
1.031,0.449835108554022,0.428983709818064,-0.835996426636122,-1.18954333282867e-05,0.431480676324088,-0.782741972032051,-4.90592900619182e-17,-1.11495320746219,0,0
1.032,0.450479248714616,0.429597991874933,-0.837193529446173,-1.19124669616975e-05,0.432098533905356,-0.78386281727063,-4.91295403789304e-17,-1.11654976167606,0,0
1.033,0.45112334760929,0.430212234578699,-0.838390555565541,-1.19294995038729e-05,0.432716351904461,-0.784983590703859,-4.91997861954563e-17,-1.11814621360897,0,0
1.034,0.451767403948484,0.430826436699577,-0.839587502597643,-1.19465309207118e-05,0.433334129084458,-0.78610429008782,-4.92700273708557e-17,-1.11974256006463,0,0
1.035,0.452411416442639,0.431440597007784,-0.840784368145894,-1.19635611781131e-05,0.433951864208407,-0.787224913178597,-4.93402637644884e-17,-1.12133879784676,0,0
1.036,0.453055383802194,0.432054714273534,-0.841981149813712,-1.19805902419756e-05,0.434569556039363,-0.788345457732273,-4.94104952357143e-17,-1.12293492375908,0,0
1.037,0.453699304737589,0.432668787267043,-0.843177845204511,-1.19976180781983e-05,0.435187203340386,-0.789465921504929,-4.94807216438932e-17,-1.12453093460532,0,0
1.038,0.454343177959264,0.433282814758527,-0.844374451921709,-1.20146446526801e-05,0.435804804874531,-0.79058630225265,-4.95509428483848e-17,-1.12612682718919,0,0
1.039,0.454987002177659,0.4338967955182,-0.845570967568721,-1.20316699313198e-05,0.436422359404857,-0.791706597731517,-4.96211587085489e-17,-1.12772259831441,0,0
1.04,0.455630776103215,0.43451072831628,-0.846767389748964,-1.20486938800164e-05,0.43703986569442,-0.792826805697614,-4.96913690837454e-17,-1.12931824478471,0,0
1.041,0.456274498446371,0.435124611922981,-0.847963716065854,-1.20657164646687e-05,0.437657322506279,-0.793946923907023,-4.9761573833334e-17,-1.1309137634038,0,0
1.042,0.456918167917567,0.435738445108518,-0.849159944122807,-1.20827376511756e-05,0.43827472860349,-0.795066950115828,-4.98317728166747e-17,-1.13250915097539,0,0
1.043,0.457561783227243,0.436352226643108,-0.850356071523238,-1.20997574054361e-05,0.438892082749111,-0.79618688208011,-4.9901965893127e-17,-1.13410440430322,0,0
1.044,0.45820534308584,0.436965955296966,-0.851552095870566,-1.21167756933489e-05,0.439509383706199,-0.797306717555953,-4.9972152922051e-17,-1.135699520191,0,0
1.045,0.458848846203797,0.437579629840307,-0.852748014768204,-1.21337924808131e-05,0.440126630237812,-0.798426454299439,-5.00423337628063e-17,-1.13729449544246,0,0
1.046,0.459492291291554,0.438193249043346,-0.853943825819571,-1.21508077337276e-05,0.440743821107007,-0.799546090066653,-5.01125082747529e-17,-1.1388893268613,0,0
1.047,0.460135677059551,0.4388068116763,-0.85513952662808,-1.21678214179911e-05,0.441360955076841,-0.800665622613675,-5.01826763172504e-17,-1.14048401125125,0,0
1.048,0.460779002218228,0.439420316509385,-0.856335114797151,-1.21848334995026e-05,0.441978030910372,-0.801785049696589,-5.02528377496587e-17,-1.14207854541604,0,0
1.049,0.461422265478026,0.440033762312814,-0.857530587930197,-1.2201843944161e-05,0.442595047370657,-0.802904369071478,-5.03229924313375e-17,-1.14367292615937,0,0
1.05,0.462065465549384,0.440647147856804,-0.858725943630635,-1.22188527178651e-05,0.443212003220754,-0.804023578494425,-5.03931402216468e-17,-1.14526715028497,0,0
1.051,0.462708601142743,0.441260471911571,-0.859921179501882,-1.2235859786514e-05,0.443828897223719,-0.805142675721512,-5.04632809799463e-17,-1.14686121459657,0,0
1.052,0.463351670968541,0.44187373324733,-0.861116293147354,-1.22528651160064e-05,0.444445728142611,-0.806261658508823,-5.05334145655958e-17,-1.14845511589787,0,0
1.053,0.46399467373722,0.442486930634297,-0.862311282170466,-1.22698686722413e-05,0.445062494740487,-0.807380524612439,-5.06035408379551e-17,-1.1500488509926,0,0
1.054,0.464637608159219,0.443100062842687,-0.863506144174636,-1.22868704211175e-05,0.445679195780403,-0.808499271788445,-5.0673659656384e-17,-1.15164241668449,0,0
1.055,0.465280472944979,0.443713128642715,-0.864700876763279,-1.2303870328534e-05,0.446295830025418,-0.809617897792922,-5.07437708802423e-17,-1.15323580977724,0,0
1.056,0.465923266804939,0.444326126804598,-0.865895477539811,-1.23208683603897e-05,0.446912396238589,-0.810736400381954,-5.08138743688899e-17,-1.15482902707458,0,0
1.057,0.466565988449539,0.44493905609855,-0.867089944107648,-1.23378644825833e-05,0.447528893182973,-0.811854777311623,-5.08839699816865e-17,-1.15642206538023,0,0
1.058,0.467208636589219,0.445551915294787,-0.868284274070208,-1.23548586610139e-05,0.448145319621627,-0.812973026338012,-5.09540575779919e-17,-1.1580149214979,0,0
1.059,0.46785120993442,0.446164703163525,-0.869478465030905,-1.23718508615804e-05,0.44876167431761,-0.814091145217204,-5.10241370171659e-17,-1.15960759223133,0,0
1.06,0.468493707195581,0.44677741847498,-0.870672514593156,-1.23888410501815e-05,0.449377956033977,-0.815209131705282,-5.10942081585684e-17,-1.16120007438422,0,0
1.061,0.469136127083142,0.447390059999366,-0.871866420360377,-1.24058291927162e-05,0.449994163533788,-0.816326983558328,-5.11642708615591e-17,-1.1627923647603,0,0
1.062,0.469778468307544,0.448002626506899,-0.873060179935985,-1.24228152550835e-05,0.450610295580098,-0.817444698532426,-5.12343249854979e-17,-1.16438446016329,0,0
1.063,0.470420729579226,0.448615116767796,-0.874253790923395,-1.24397992031822e-05,0.451226350935966,-0.818562274383657,-5.13043703897445e-17,-1.16597635739691,0,0
1.064,0.471062909608628,0.449227529552271,-0.875447250926024,-1.24567810029111e-05,0.451842328364449,-0.819679708868106,-5.13744069336588e-17,-1.16756805326487,0,0
1.065,0.471705007106191,0.449839863630539,-0.876640557547288,-1.24737606201692e-05,0.452458226628604,-0.820796999741854,-5.14444344766005e-17,-1.1691595445709,0,0
1.066,0.472347020782354,0.450452117772818,-0.877833708390603,-1.24907380208554e-05,0.453074044491488,-0.821914144760986,-5.15144528779295e-17,-1.17075082811872,0,0
1.067,0.472988949347557,0.451064290749321,-0.879026701059384,-1.25077131708686e-05,0.45368978071616,-0.823031141681582,-5.15844619970055e-17,-1.17234190071204,0,0
1.068,0.473630791512241,0.451676381330264,-0.88021953315705,-1.25246860361077e-05,0.454305434065676,-0.824147988259727,-5.16544616931884e-17,-1.17393275915459,0,0
1.069,0.474272545986845,0.452288388285864,-0.881412202287015,-1.25416565824715e-05,0.454921003303093,-0.825264682251502,-5.1724451825838e-17,-1.17552340025009,0,0
1.07,0.47491421148181,0.452900310386336,-0.882604706052696,-1.25586247758589e-05,0.45553648719147,-0.826381221412992,-5.17944322543141e-17,-1.17711382080225,0,0
1.071,0.475555786707575,0.453512146401894,-0.883797042057508,-1.25755905821689e-05,0.456151884493863,-0.827497603500278,-5.18644028379764e-17,-1.1787040176148,0,0
1.072,0.47619727037458,0.454123895102755,-0.884989207904869,-1.25925539673004e-05,0.45676719397333,-0.828613826269444,-5.19343634361849e-17,-1.18029398749146,0,0
1.073,0.476838661193266,0.454735555259134,-0.886181201198194,-1.26095148971522e-05,0.457382414392928,-0.829729887476572,-5.20043139082992e-17,-1.18188372723593,0,0
1.074,0.477479957874072,0.455347125641247,-0.887373019540899,-1.26264733376232e-05,0.457997544515714,-0.830845784877745,-5.20742541136792e-17,-1.18347323365196,0,0
1.075,0.478121159127438,0.455958605019309,-0.888564660536401,-1.26434292546123e-05,0.458612583104747,-0.831961516229045,-5.21441839116847e-17,-1.18506250354325,0,0
1.076,0.478762263663805,0.456569992163536,-0.889756121788115,-1.26603826140184e-05,0.459227528923083,-0.833077079286557,-5.22141031616756e-17,-1.18665153371352,0,0
1.077,0.479403270193613,0.457181285844144,-0.890947400899459,-1.26773333817405e-05,0.45984238073378,-0.834192471806362,-5.22840117230115e-17,-1.1882403209665,0,0
1.078,0.4800441774273,0.457792484831347,-0.892138495473847,-1.26942815236773e-05,0.460457137299895,-0.835307691544543,-5.23539094550523e-17,-1.1898288621059,0,0
1.079,0.480684984075308,0.458403587895361,-0.893329403114697,-1.27112270057278e-05,0.461071797384485,-0.836422736257183,-5.24237962171578e-17,-1.19141715393545,0,0
1.08,0.481325688848077,0.459014593806402,-0.894520121425424,-1.2728169793791e-05,0.461686359750608,-0.837537603700366,-5.24936718686879e-17,-1.19300519325886,0,0
1.081,0.481966290456046,0.459625501334686,-0.895710648009445,-1.27451098537656e-05,0.462300823161322,-0.838652291630172,-5.25635362690023e-17,-1.19459297687986,0,0
1.082,0.482606787609656,0.460236309250428,-0.896900980470176,-1.27620471515506e-05,0.462915186379683,-0.839766797802687,-5.26333892774608e-17,-1.19618050160215,0,0
1.083,0.483247179019345,0.460847016323843,-0.898091116411032,-1.27789816530448e-05,0.463529448168749,-0.840881119973992,-5.27032307534233e-17,-1.19776776422948,0,0
1.084,0.483887463395556,0.461457621325147,-0.899281053435431,-1.27959133241472e-05,0.464143607291577,-0.84199525590017,-5.27730605562494e-17,-1.19935476156554,0,0
1.085,0.484527639448727,0.462068123024556,-0.900470789146788,-1.28128421307567e-05,0.464757662511226,-0.843109203337304,-5.28428785452991e-17,-1.20094149041407,0,0
1.086,0.485167705889298,0.462678520192284,-0.901660321148519,-1.28297680387721e-05,0.465371612590751,-0.844222960041477,-5.29126845799322e-17,-1.20252794757878,0,0
1.087,0.48580766142771,0.463288811598549,-0.902849647044041,-1.28466910140924e-05,0.465985456293211,-0.845336523768771,-5.29824785195084e-17,-1.20411412986339,0,0
1.088,0.486447504774402,0.463898996013564,-0.90403876443677,-1.28636110226164e-05,0.466599192381663,-0.84644989227527,-5.30522602233875e-17,-1.20570003407163,0,0
1.089,0.487087234639815,0.464509072207546,-0.905227670930121,-1.2880528030243e-05,0.467212819619164,-0.847563063317055,-5.31220295509295e-17,-1.20728565700721,0,0
1.09,0.487726849734388,0.46511903895071,-0.906416364127512,-1.28974420028711e-05,0.467826336768772,-0.848676034650211,-5.31917863614939e-17,-1.20887099547385,0,0
1.091,0.488366348768561,0.465728895013272,-0.907604841632358,-1.29143529063997e-05,0.468439742593543,-0.84978880403082,-5.32615305144407e-17,-1.21045604627527,0,0
1.092,0.489005730452776,0.466338639165448,-0.908793101048076,-1.29312607067276e-05,0.469053035856537,-0.850901369214964,-5.33312618691297e-17,-1.21204080621519,0,0
1.093,0.48964499349747,0.466948270177452,-0.909981139978081,-1.29481653697536e-05,0.469666215320808,-0.852013727958727,-5.34009802849207e-17,-1.21362527209733,0,0
1.094,0.490284136613086,0.4675577868195,-0.91116895602579,-1.29650668613768e-05,0.470279279749416,-0.853125878018191,-5.34706856211734e-17,-1.21520944072542,0,0
1.095,0.490923158510061,0.468167187861808,-0.912356546794619,-1.2981965147496e-05,0.470892227905418,-0.854237817149439,-5.35403777372477e-17,-1.21679330890316,0,0
1.096,0.491562057898837,0.468776472074592,-0.913543909887984,-1.299886019401e-05,0.471505058551871,-0.855349543108554,-5.36100564925034e-17,-1.21837687343429,0,0
1.097,0.492200833489854,0.469385638228066,-0.914731042909301,-1.30157519668178e-05,0.472117770451831,-0.856461053651618,-5.36797217463003e-17,-1.21996013112252,0,0
1.098,0.492839483993551,0.469994685092447,-0.915917943461987,-1.30326404318183e-05,0.472730362368358,-0.857572346534715,-5.37493733579982e-17,-1.22154307877157,0,0
1.099,0.493478008120369,0.470603611437949,-0.917104609149458,-1.30495255549104e-05,0.473342833064507,-0.858683419513927,-5.38190111869568e-17,-1.22312571318515,0,0
1.1,0.494116404580748,0.47121241603479,-0.918291037575129,-1.30664073019929e-05,0.473955181303337,-0.859794270345338,-5.38886350925361e-17,-1.224708031167,0,0
1.101,0.494754672085126,0.471821097653183,-0.919477226342417,-1.30832856389648e-05,0.474567405847905,-0.860904896785029,-5.39582449340958e-17,-1.22629002952083,0,0
1.102,0.495392809343946,0.472429655063345,-0.920663173054739,-1.31001605317249e-05,0.475179505461268,-0.862015296589084,-5.40278405709957e-17,-1.22787170505035,0,0
1.103,0.496030815067646,0.473038087035491,-0.92184887531551,-1.31170319461721e-05,0.475791478906484,-0.863125467513586,-5.40974218625955e-17,-1.2294530545593,0,0
1.104,0.496668687966666,0.473646392339836,-0.923034330728146,-1.31338998482054e-05,0.476403324946609,-0.864235407314617,-5.41669886682552e-17,-1.23103407485139,0,0
1.105,0.497306426751447,0.474254569746597,-0.924219536896064,-1.31507642037236e-05,0.477015042344702,-0.86534511374826,-5.42365408473345e-17,-1.23261476273033,0,0
1.106,0.497944030132429,0.474862618025988,-0.92540449142268,-1.31676249786256e-05,0.47762662986382,-0.866454584570598,-5.43060782591933e-17,-1.23419511499985,0,0
1.107,0.498581496820051,0.475470535948225,-0.92658919191141,-1.31844821388104e-05,0.478238086267019,-0.867563817537713,-5.43756007631912e-17,-1.23577512846367,0,0
1.108,0.499218825524754,0.476078322283525,-0.92777363596567,-1.32013356501767e-05,0.478849410317358,-0.86867281040569,-5.44451082186882e-17,-1.23735479992551,0,0
1.109,0.499856014956978,0.476685975802101,-0.928957821188876,-1.32181854786236e-05,0.479460600777894,-0.869781560930609,-5.45146004850441e-17,-1.23893412618909,0,0
1.11,0.500493063827162,0.47729349527417,-0.930141745184445,-1.32350315900498e-05,0.480071656411684,-0.870890066868555,-5.45840774216185e-17,-1.24051310405812,0,0
1.111,0.501129970845746,0.477900879469948,-0.931325405555792,-1.32518739503543e-05,0.480682575981786,-0.87199832597561,-5.46535388877714e-17,-1.24209173033634,0,0
1.112,0.501766734723172,0.478508127159649,-0.932508799906335,-1.3268712525436e-05,0.481293358251256,-0.873106336007856,-5.47229847428626e-17,-1.24367000182745,0,0
1.113,0.502403354169877,0.47911523711349,-0.933691925839488,-1.32855472811938e-05,0.481904001983153,-0.874214094721378,-5.47924148462518e-17,-1.24524791533517,0,0
1.114,0.503039827896304,0.479722208101686,-0.934874780958669,-1.33023781835265e-05,0.482514505940534,-0.875321599872256,-5.48618290572988e-17,-1.24682546766324,0,0
1.115,0.503676154612891,0.480329038894452,-0.936057362867293,-1.33192051983331e-05,0.483124868886456,-0.876428849216575,-5.49312272353636e-17,-1.24840265561536,0,0
1.116,0.504312333030079,0.480935728262004,-0.937239669168776,-1.33360282915125e-05,0.483735089583976,-0.877535840510417,-5.50006092398058e-17,-1.24997947599526,0,0
1.117,0.504948361858307,0.481542274974558,-0.938421697466535,-1.33528474289635e-05,0.484345166796152,-0.878642571509865,-5.50699749299852e-17,-1.25155592560665,0,0
1.118,0.505584239808016,0.482148677802328,-0.939603445363986,-1.33696625765851e-05,0.484955099286041,-0.879749039971001,-5.51393241652617e-17,-1.25313200125326,0,0
1.119,0.506219965589646,0.482754935515531,-0.940784910464545,-1.3386473700276e-05,0.485564885816701,-0.880855243649909,-5.52086568049951e-17,-1.25470769973881,0,0
1.12,0.506855537913636,0.483361046884383,-0.941966090371629,-1.34032807659354e-05,0.486174525151189,-0.881961180302671,-5.52779727085452e-17,-1.25628301786701,0,0
1.121,0.507490955490427,0.483967010679098,-0.943146982688653,-1.34200837394619e-05,0.486784016052563,-0.88306684768537,-5.53472717352717e-17,-1.25785795244159,0,0
1.122,0.508126217030458,0.484572825669892,-0.944327585019033,-1.34368825867545e-05,0.487393357283879,-0.88417224355409,-5.54165537445346e-17,-1.25943250026627,0,0
1.123,0.508761321244171,0.48517849062698,-0.945507894966186,-1.34536772737122e-05,0.488002547608195,-0.885277365664911,-5.54858185956935e-17,-1.26100665814475,0,0
1.124,0.509396266842003,0.485784004320579,-0.946687910133528,-1.34704677662337e-05,0.488611585788569,-0.886382211773919,-5.55550661481083e-17,-1.26258042288078,0,0
1.125,0.510031052534397,0.486389365520904,-0.947867628124475,-1.34872540302181e-05,0.489220470588057,-0.887486779637194,-5.56242962611388e-17,-1.26415379127806,0,0
1.126,0.510665677031791,0.48699457299817,-0.949047046542443,-1.35040360315641e-05,0.489829200769718,-0.888591067010821,-5.56935087941448e-17,-1.26572676014031,0,0
1.127,0.511300139044626,0.487599625522592,-0.950226162990849,-1.35208137361708e-05,0.490437775096608,-0.889695071650882,-5.57627036064862e-17,-1.26729932627126,0,0
1.128,0.511934437283342,0.488204521864387,-0.951404975073108,-1.35375871099369e-05,0.491046192331786,-0.890798791313459,-5.58318805575226e-17,-1.26887148647462,0,0
1.129,0.512568570458378,0.48880926079377,-0.952583480392637,-1.35543561187613e-05,0.491654451238308,-0.891902223754636,-5.5901039506614e-17,-1.27044323755412,0,0
1.13,0.513202537280175,0.489413841080957,-0.953761676552852,-1.35711207285431e-05,0.492262550579231,-0.893005366730496,-5.59701803131201e-17,-1.27201457631347,0,0
1.131,0.513836336459173,0.490018261496162,-0.954939561157169,-1.3587880905181e-05,0.492870489117614,-0.89410821799712,-5.60393028364007e-17,-1.27358549955639,0,0
1.132,0.514469966705811,0.490622520809601,-0.956117131809004,-1.36046366145739e-05,0.493478265616514,-0.895210775310593,-5.61084069358156e-17,-1.27515600408661,0,0
1.133,0.515103426730531,0.491226617791491,-0.957294386111774,-1.36213878226208e-05,0.494085878838987,-0.896313036426996,-5.61774924707246e-17,-1.27672608670784,0,0
1.134,0.515736715243771,0.491830551212046,-0.958471321668894,-1.36381344952205e-05,0.494693327548091,-0.897414999102413,-5.62465593004876e-17,-1.2782957442238,0,0
1.135,0.516369830955971,0.492434319841482,-0.959647936083781,-1.3654876598272e-05,0.495300610506884,-0.898516661092926,-5.63156072844644e-17,-1.27986497343821,0,0
1.136,0.517002772577573,0.493037922450015,-0.960824226959851,-1.3671614097674e-05,0.495907726478424,-0.899618020154619,-5.63846362820146e-17,-1.2814337711548,0,0
1.137,0.517635538819015,0.49364135780786,-0.96200019190052,-1.36883469593256e-05,0.496514674225766,-0.900719074043573,-5.64536461524983e-17,-1.28300213417728,0,0
1.138,0.518268128390737,0.494244624685232,-0.963175828509204,-1.37050751491257e-05,0.49712145251197,-0.901819820515873,-5.6522636755275e-17,-1.28457005930938,0,0
1.139,0.518900540003181,0.494847721852348,-0.96435113438932,-1.3721798632973e-05,0.497728060100091,-0.9029202573276,-5.65916079497047e-17,-1.2861375433548,0,0
1.14,0.519532772366785,0.495450648079422,-0.965526107144283,-1.37385173767665e-05,0.498334495753188,-0.904020382234837,-5.66605595951472e-17,-1.28770458311728,0,0
1.141,0.520164824191991,0.496053402136671,-0.96670074437751,-1.37552313464051e-05,0.498940758234319,-0.905120192993668,-5.67294915509623e-17,-1.28927117540052,0,0
1.142,0.520796694189236,0.496655982794309,-0.967875043692417,-1.37719405077877e-05,0.499546846306539,-0.906219687360175,-5.67984036765097e-17,-1.29083731700826,0,0
1.143,0.521428381068963,0.497258388822553,-0.96904900269242,-1.37886448268131e-05,0.500152758732907,-0.90731886309044,-5.68672958311493e-17,-1.29240300474421,0,0
1.144,0.522059883541611,0.497860618991617,-0.970222618980936,-1.38053442693804e-05,0.50075849427648,-0.908417717940548,-5.69361678742408e-17,-1.2939682354121,0,0
1.145,0.522691200317619,0.498462672071718,-0.97139589016138,-1.38220388013883e-05,0.501364051700316,-0.90951624966658,-5.70050196651442e-17,-1.29553300581563,0,0
1.146,0.523322330107428,0.49906454683307,-0.972568813837168,-1.38387283887357e-05,0.501969429767471,-0.910614456024619,-5.70738510632191e-17,-1.29709731275853,0,0
1.147,0.523953271621477,0.49966624204589,-0.973741387611718,-1.38554129973217e-05,0.502574627241004,-0.911712334770748,-5.71426619278254e-17,-1.29866115304452,0,0
1.148,0.524584023570208,0.500267756480393,-0.974913609088444,-1.38720925930449e-05,0.503179642883971,-0.912809883661051,-5.72114521183229e-17,-1.30022452347733,0,0
1.149,0.525214584664059,0.500869088906794,-0.976085475870763,-1.38887671418044e-05,0.50378447545943,-0.913907100451608,-5.72802214940714e-17,-1.30178742086066,0,0
1.15,0.525844953613472,0.50147023809531,-0.977256985562092,-1.39054366094991e-05,0.504389123730439,-0.915003982898505,-5.73489699144307e-17,-1.30334984199824,0,0
1.151,0.526475129128885,0.502071202816155,-0.978428135765847,-1.39221009620277e-05,0.504993586460054,-0.916100528757823,-5.74176972387606e-17,-1.3049117836938,0,0
1.152,0.527105109920739,0.502671981839545,-0.979598924085443,-1.39387601652893e-05,0.505597862411333,-0.917196735785645,-5.74864033264209e-17,-1.30647324275104,0,0
1.153,0.527734894699473,0.503272573935695,-0.980769348124296,-1.39554141851827e-05,0.506201950347334,-0.918292601738054,-5.75550880367714e-17,-1.30803421597369,0,0
1.154,0.528364482175529,0.503872977874822,-0.981939405485824,-1.39720629876068e-05,0.506805849031113,-0.919388124371132,-5.76237512291719e-17,-1.30959470016547,0,0
1.155,0.528993871059345,0.50447319242714,-0.983109093773442,-1.39887065384605e-05,0.507409557225729,-0.920483301440964,-5.76923927629823e-17,-1.3111546921301,0,0
1.156,0.529623060061362,0.505073216362865,-0.984278410590566,-1.40053448036427e-05,0.508013073694238,-0.921578130703631,-5.77610124975623e-17,-1.31271418867129,0,0
1.157,0.53025204789202,0.505673048452214,-0.985447353540613,-1.40219777490523e-05,0.508616397199699,-0.922672609915216,-5.78296102922717e-17,-1.31427318659278,0,0
1.158,0.530880833261759,0.5062726874654,-0.986615920226998,-1.40386053405882e-05,0.509219526505167,-0.923766736831802,-5.78981860064703e-17,-1.31583168269827,0,0
1.159,0.531509414881019,0.50687213217264,-0.987784108253139,-1.40552275441492e-05,0.509822460373702,-0.924860509209471,-5.7966739499518e-17,-1.31738967379149,0,0
1.16,0.53213779146024,0.50747138134415,-0.98895191522245,-1.40718443256344e-05,0.510425197568359,-0.925953924804308,-5.80352706307745e-17,-1.31894715667616,0,0
1.161,0.532765961709861,0.508070433750144,-0.990119338738348,-1.40884556509424e-05,0.511027736852197,-0.927046981372394,-5.81037792595996e-17,-1.320504128156,0,0
1.162,0.533393924340324,0.508669288160838,-0.99128637640425,-1.41050614859724e-05,0.511630076988273,-0.928139676669812,-5.81722652453532e-17,-1.32206058503472,0,0
1.163,0.534021678062067,0.509267943346449,-0.992453025823572,-1.41216617966231e-05,0.512232216739645,-0.929232008452645,-5.82407284473951e-17,-1.32361652411606,0,0
1.164,0.534649221585531,0.509866398077191,-0.993619284599728,-1.41382565487934e-05,0.512834154869368,-0.930323974476976,-5.8309168725085e-17,-1.32517194220371,0,0
1.165,0.535276553621156,0.51046465112328,-0.994785150336138,-1.41548457083822e-05,0.513435890140502,-0.931415572498888,-5.83775859377828e-17,-1.32672683610142,0,0
1.166,0.535903672879382,0.511062701254931,-0.995950620636214,-1.41714292412885e-05,0.514037421316103,-0.932506800274463,-5.84459799448482e-17,-1.32828120261289,0,0
1.167,0.536530578070649,0.51166054724236,-0.997115693103375,-1.41880071134112e-05,0.514638747159229,-0.933597655559785,-5.85143506056411e-17,-1.32983503854185,0,0
1.168,0.537157267905397,0.512258187855783,-0.998280365341037,-1.4204579290649e-05,0.515239866432937,-0.934688136110935,-5.85826977795212e-17,-1.33138834069201,0,0
1.169,0.537783741094065,0.512855621865415,-0.999444634952615,-1.42211457389009e-05,0.515840777900285,-0.935778239683998,-5.86510213258485e-17,-1.3329411058671,0,0
1.17,0.538409996347095,0.513452848041472,-1.00060849954153,-1.42377064240659e-05,0.516441480324329,-0.936867964035055,-5.87193211039826e-17,-1.33449333087083,0,0
1.171,0.539036032374925,0.514049865154168,-1.00177195671119,-1.42542613120427e-05,0.517041972468128,-0.93795730692019,-5.87875969732834e-17,-1.33604501250693,0,0
1.172,0.539661847887997,0.51464667197372,-1.00293500406501,-1.42708103687304e-05,0.517642253094739,-0.939046266095485,-5.88558487931107e-17,-1.33759614757912,0,0
1.173,0.540287441596749,0.515243267270344,-1.00409763920642,-1.42873535600277e-05,0.518242320967218,-0.940134839317024,-5.89240764228243e-17,-1.33914673289111,0,0
1.174,0.540912812211623,0.515839649814254,-1.00525985973882,-1.43038908518336e-05,0.518842174848624,-0.941223024340888,-5.8992279721784e-17,-1.34069676524663,0,0
1.175,0.541537958443057,0.516435818375667,-1.00642166326564,-1.43204222100469e-05,0.519441813502014,-0.942310818923161,-5.90604585493496e-17,-1.34224624144939,0,0
1.176,0.542162879001492,0.517031771724797,-1.00758304739028,-1.43369476005667e-05,0.520041235690444,-0.943398220819925,-5.91286127648808e-17,-1.34379515830311,0,0
1.177,0.542787572597368,0.51762750863186,-1.00874400971617,-1.43534669892917e-05,0.520640440176974,-0.944485227787264,-5.91967422277376e-17,-1.34534351261152,0,0
1.178,0.543412037941125,0.518223027867073,-1.00990454784673,-1.43699803421208e-05,0.521239425724659,-0.945571837581261,-5.92648467972797e-17,-1.34689130117833,0,0
1.179,0.544036273743204,0.518818328200649,-1.01106465938536,-1.4386487624953e-05,0.521838191096558,-0.946658047957997,-5.9332926332867e-17,-1.34843852080727,0,0
1.18,0.544660278714042,0.519413408402806,-1.01222434193549,-1.44029888036871e-05,0.522436735055727,-0.947743856673556,-5.94009806938591e-17,-1.34998516830205,0,0
1.181,0.545284051564083,0.520008267243758,-1.01338359310053,-1.44194838442221e-05,0.523035056365224,-0.94882926148402,-5.9469009739616e-17,-1.35153124046639,0,0
1.182,0.545907591003764,0.520602903493721,-1.01454241048389,-1.44359727124568e-05,0.523633153788107,-0.949914260145473,-5.95370133294973e-17,-1.35307673410402,0,0
1.183,0.546530895743526,0.521197315922911,-1.015700791689,-1.44524553742901e-05,0.524231026087432,-0.950998850413998,-5.96049913228631e-17,-1.35462164601865,0,0
1.184,0.547153964493809,0.521791503301542,-1.01685873431927,-1.44689317956209e-05,0.524828672026258,-0.952083030045676,-5.96729435790729e-17,-1.35616597301401,0,0
1.185,0.547776795965053,0.522385464399831,-1.01801623597811,-1.44854019423481e-05,0.525426090367641,-0.953166796796591,-5.97408699574867e-17,-1.3577097118938,0,0
1.186,0.548399388867698,0.522979197987993,-1.01917329426894,-1.45018657803707e-05,0.526023279874639,-0.954250148422826,-5.98087703174643e-17,-1.35925285946176,0,0
1.187,0.549021741912184,0.523572702836244,-1.02032990679518,-1.45183232755874e-05,0.52662023931031,-0.955333082680463,-5.98766445183654e-17,-1.3607954125216,0,0
1.188,0.549643853808951,0.524165977714799,-1.02148607116025,-1.45347743938972e-05,0.52721696743771,-0.956415597325586,-5.99444924195498e-17,-1.36233736787704,0,0
1.189,0.550265723268439,0.524759021393873,-1.02264178496755,-1.4551219101199e-05,0.527813463019898,-0.957497690114277,-6.00123138803774e-17,-1.36387872233181,0,0
1.19,0.550887349001088,0.525351832643683,-1.02379704582051,-1.45676573633916e-05,0.528409724819929,-0.958579358802618,-6.0080108760208e-17,-1.36541947268961,0,0
1.191,0.551508729717338,0.525944410234443,-1.02495185132254,-1.45840891463741e-05,0.529005751600863,-0.959660601146694,-6.01478769184013e-17,-1.36695961575418,0,0
1.192,0.55212986412763,0.52653675293637,-1.02610619907706,-1.46005144160451e-05,0.529601542125756,-0.960741414902586,-6.02156182143172e-17,-1.36849914832923,0,0
1.193,0.552750750942402,0.527128859519679,-1.02726008668749,-1.46169331383038e-05,0.530197095157665,-0.961821797826377,-6.02833325073154e-17,-1.37003806721848,0,0
1.194,0.553371388872095,0.527720728754584,-1.02841351175724,-1.46333452790489e-05,0.530792409459649,-0.96290174767415,-6.03510196567559e-17,-1.37157636922565,0,0
1.195,0.553991776627149,0.528312359411303,-1.02956647188972,-1.46497508041793e-05,0.531387483794763,-0.963981262201989,-6.04186795219983e-17,-1.37311405115446,0,0
1.196,0.554611912918005,0.52890375026005,-1.03071896468836,-1.4666149679594e-05,0.531982316926067,-0.965060339165975,-6.04863119624025e-17,-1.37465110980863,0,0
1.197,0.555231796455101,0.529494900071041,-1.03187098775656,-1.46825418711918e-05,0.532576907616616,-0.966138976322191,-6.05539168373283e-17,-1.37618754199188,0,0
1.198,0.555851425948879,0.530085807614491,-1.03302253869776,-1.46989273448716e-05,0.533171254629469,-0.967217171426721,-6.06214940061355e-17,-1.37772334450793,0,0
1.199,0.556470800109778,0.530676471660617,-1.03417361511535,-1.47153060665323e-05,0.533765356727683,-0.968294922235648,-6.06890433281839e-17,-1.3792585141605,0,0
1.2,0.557089917648237,0.531266890979632,-1.03532421461276,-1.47316780020729e-05,0.534359212674315,-0.969372226505053,-6.07565646628332e-17,-1.38079304775331,0,0
1.201,0.557708777274698,0.531857064341754,-1.0364743347934,-1.47480431173921e-05,0.534952821232423,-0.97044908199102,-6.08240578694434e-17,-1.38232694209008,0,0
1.202,0.5583273776996,0.532446990517198,-1.0376239732607,-1.4764401378389e-05,0.535546181165063,-0.971525486449631,-6.08915228073742e-17,-1.38386019397453,0,0
1.203,0.558945717633383,0.533036668276178,-1.03877312761806,-1.47807527509623e-05,0.536139291235295,-0.97260143763697,-6.09589593359854e-17,-1.38539280021038,0,0
1.204,0.559563795786487,0.533626096388911,-1.03992179546891,-1.4797097201011e-05,0.536732150206173,-0.97367693330912,-6.10263673146368e-17,-1.38692475760135,0,0
1.205,0.560181610869352,0.534215273625613,-1.04106997441665,-1.4813434694434e-05,0.537324756840758,-0.974751971222162,-6.10937466026883e-17,-1.38845606295115,0,0
1.206,0.560799161592419,0.534804198756498,-1.04221766206471,-1.48297651971302e-05,0.537917109902104,-0.97582654913218,-6.11610970594995e-17,-1.38998671306352,0,0
1.207,0.561416446666126,0.535392870551782,-1.04336485601649,-1.48460886749984e-05,0.53850920815327,-0.976900664795257,-6.12284185444304e-17,-1.39151670474216,0,0
1.208,0.562033464800915,0.535981287781681,-1.04451155387543,-1.48624050939376e-05,0.539101050357314,-0.977974315967475,-6.12957109168408e-17,-1.3930460347908,0,0
1.209,0.562650214707225,0.53656944921641,-1.04565775324493,-1.48787144198466e-05,0.539692635277292,-0.979047500404918,-6.13629740360903e-17,-1.39457470001316,0,0
1.21,0.563266695095495,0.537157353626185,-1.04680345172841,-1.48950166186244e-05,0.540283961676262,-0.980120215863667,-6.14302077615389e-17,-1.39610269721295,0,0
1.211,0.563882904676167,0.537744999781221,-1.04794864692928,-1.49113116561698e-05,0.540875028317282,-0.981192460099807,-6.14974119525464e-17,-1.3976300231939,0,0
1.212,0.56449884215968,0.538332386451734,-1.04909333645097,-1.49275994983818e-05,0.541465833963408,-0.982264230869419,-6.15645864684725e-17,-1.39915667475973,0,0
1.213,0.565114506256475,0.53891951240794,-1.05023751789688,-1.49438801111592e-05,0.542056377377699,-0.983335525928587,-6.1631731168677e-17,-1.40068264871416,0,0
1.214,0.56572989567699,0.539506376420053,-1.05138118887044,-1.49601534604009e-05,0.542646657323211,-0.984406343033393,-6.16988459125198e-17,-1.4022079418609,0,0
1.215,0.566345009131667,0.54009297725829,-1.05252434697506,-1.49764195120058e-05,0.543236672563002,-0.98547667993992,-6.17659305593607e-17,-1.40373255100368,0,0
1.216,0.566959845330945,0.540679313692866,-1.05366698981415,-1.49926782318728e-05,0.543826421860129,-0.986546534404251,-6.18329849685594e-17,-1.40525647294622,0,0
1.217,0.567574402985264,0.541265384493996,-1.05480911499114,-1.50089295859008e-05,0.54441590397765,-0.987615904182469,-6.19000089994758e-17,-1.40677970449223,0,0
1.218,0.568188680805064,0.541851188431897,-1.05595072010944,-1.50251735399887e-05,0.545005117678622,-0.988684787030656,-6.19670025114697e-17,-1.40830224244544,0,0
1.219,0.568802677500785,0.542436724276783,-1.05709180277246,-1.50414100600354e-05,0.545594061726103,-0.989753180704896,-6.20339653639009e-17,-1.40982408360956,0,0
1.22,0.569416391782868,0.54302199079887,-1.05823236058362,-1.50576391119397e-05,0.546182734883149,-0.990821082961271,-6.21008974161291e-17,-1.41134522478832,0,0
1.221,0.570029822361751,0.543606986768374,-1.05937239114634,-1.50738606616007e-05,0.546771135912818,-0.991888491555864,-6.21677985275142e-17,-1.41286566278544,0,0
1.222,0.570642967947876,0.54419171095551,-1.06051189206403,-1.50900746749171e-05,0.547359263578168,-0.992955404244758,-6.2234668557416e-17,-1.41438539440463,0,0
1.223,0.571255827251682,0.544776162130493,-1.06165086094012,-1.51062811177879e-05,0.547947116642256,-0.994021818784035,-6.23015073651943e-17,-1.41590441644961,0,0
1.224,0.57186839898361,0.54536033906354,-1.06278929537801,-1.51224799561119e-05,0.548534693868139,-0.995087732929779,-6.23683148102089e-17,-1.41742272572411,0,0
1.225,0.572480681854098,0.545944240524866,-1.06392719298112,-1.5138671155788e-05,0.549121994018875,-0.996153144438072,-6.24350907518196e-17,-1.41894031903185,0,0
1.226,0.573092674573588,0.546527865284686,-1.06506455135287,-1.51548546827153e-05,0.549709015857521,-0.997218051064997,-6.25018350493862e-17,-1.42045719317653,0,0
1.227,0.573704375852519,0.547111212113215,-1.06620136809667,-1.51710305027924e-05,0.550295758147135,-0.998282450566637,-6.25685475622685e-17,-1.4219733449619,0,0
1.228,0.574315784401331,0.54769427978067,-1.06733764081595,-1.51871985819184e-05,0.550882219650773,-0.999346340699074,-6.26352281498263e-17,-1.42348877119165,0,0
1.229,0.574926898930465,0.548277067057266,-1.06847336711411,-1.52033588859921e-05,0.551468399131493,-1.00040971921839,-6.27018766714194e-17,-1.42500346866952,0,0
1.23,0.57553771815036,0.548859572713218,-1.06960854459457,-1.52195113809124e-05,0.552054295352353,-1.00147258388067,-6.27684929864077e-17,-1.42651743419923,0,0
1.231,0.576148240771456,0.549441795518743,-1.07074317086076,-1.52356560325782e-05,0.55263990707641,-1.002534932442,-6.28350769541509e-17,-1.42803066458448,0,0
1.232,0.576758465504193,0.550023734244054,-1.07187724351607,-1.52517928068884e-05,0.553225233066721,-1.00359676265846,-6.29016284340088e-17,-1.42954315662901,0,0
1.233,0.577368391059011,0.550605387659369,-1.07301076016394,-1.52679216697419e-05,0.553810272086344,-1.00465807228612,-6.29681472853412e-17,-1.43105490713654,0,0
1.234,0.577978016146351,0.551186754534902,-1.07414371840778,-1.52840425870376e-05,0.554395022898336,-1.00571885908109,-6.3034633367508e-17,-1.43256591291077,0,0
1.235,0.578587339476652,0.551767833640869,-1.075276115851,-1.53001555246744e-05,0.554979484265755,-1.00677912079943,-6.31010865398689e-17,-1.43407617075544,0,0
1.236,0.579196359760355,0.552348623747486,-1.07640795009702,-1.53162604485511e-05,0.555563654951657,-1.00783885519723,-6.31675066617838e-17,-1.43558567747426,0,0
1.237,0.579805075707898,0.552929123624968,-1.07753921874926,-1.53323573245668e-05,0.556147533719101,-1.00889806003057,-6.32338935926124e-17,-1.43709442987095,0,0
1.238,0.580413486029723,0.553509332043531,-1.07866991941113,-1.53484461186202e-05,0.556731119331143,-1.00995673305554,-6.33002471917146e-17,-1.43860242474924,0,0
1.239,0.58102158943627,0.55408924777339,-1.07980004968605,-1.53645267966102e-05,0.557314410550841,-1.01101487202821,-6.33665673184501e-17,-1.44010965891283,0,0
1.24,0.581629384637977,0.55466886958476,-1.08092960717743,-1.53805993244358e-05,0.557897406141253,-1.01207247470468,-6.34328538321788e-17,-1.44161612916546,0,0
1.241,0.582236870345286,0.555248196247858,-1.08205858948869,-1.53966636679958e-05,0.558480104865435,-1.01312953884103,-6.34991065922604e-17,-1.44312183231084,0,0
1.242,0.582844045268636,0.555827226532898,-1.08318699422325,-1.54127197931892e-05,0.559062505486446,-1.01418606219332,-6.35653254580549e-17,-1.44462676515269,0,0
1.243,0.583450908118467,0.556405959210097,-1.08431481898453,-1.54287676659148e-05,0.559644606767342,-1.01524204251766,-6.36315102889218e-17,-1.44613092449473,0,0
1.244,0.58405745760522,0.556984393049669,-1.08544206137593,-1.54448072520716e-05,0.56022640747118,-1.01629747757013,-6.36976609442212e-17,-1.44763430714068,0,0
1.245,0.584663692439334,0.557562526821831,-1.08656871900088,-1.54608385175583e-05,0.560807906361019,-1.01735236510679,-6.37637772833128e-17,-1.44913690989426,0,0
1.246,0.58526961133125,0.558140359296798,-1.08769478946279,-1.5476861428274e-05,0.561389102199916,-1.01840670288375,-6.38298591655563e-17,-1.45063872955919,0,0
1.247,0.585875212991407,0.558717889244785,-1.08882027036508,-1.54928759501174e-05,0.561969993750928,-1.01946048865708,-6.38959064503116e-17,-1.45213976293919,0,0
1.248,0.586480496130245,0.559295115436009,-1.08994515931116,-1.55088820489876e-05,0.562550579777112,-1.02051372018286,-6.39619189969386e-17,-1.45364000683798,0,0
1.249,0.587085459458204,0.559872036640683,-1.09106945390445,-1.55248796907833e-05,0.563130859041525,-1.02156639521717,-6.40278966647969e-17,-1.45513945805928,0,0
1.25,0.587690101685725,0.560448651629025,-1.09219315174837,-1.55408688414036e-05,0.563710830307226,-1.02261851151611,-6.40938393132464e-17,-1.45663811340681,0,0
1.251,0.588294421523247,0.561024959171249,-1.09331625044633,-1.55568494667472e-05,0.564290492337272,-1.02367006683575,-6.41597468016469e-17,-1.45813596968429,0,0
1.252,0.588898417681211,0.561600958037571,-1.09443874760175,-1.55728215327131e-05,0.564869843894719,-1.02472105893217,-6.42256189893582e-17,-1.45963302369544,0,0
1.253,0.589502088870056,0.562176646998207,-1.09556064081804,-1.55887850052001e-05,0.565448883742626,-1.02577148556146,-6.42914557357402e-17,-1.46112927224398,0,0
1.254,0.590105433800222,0.562752024823372,-1.09668192769862,-1.56047398501072e-05,0.566027610644049,-1.0268213444797,-6.43572569001525e-17,-1.46262471213363,0,0
1.255,0.59070845118215,0.563327090283282,-1.09780260584692,-1.56206860333333e-05,0.566606023362046,-1.02787063344298,-6.44230223419551e-17,-1.4641193401681,0,0
1.256,0.591311139726279,0.563901842148152,-1.09892267286633,-1.56366235207772e-05,0.567184120659675,-1.02891935020737,-6.44887519205078e-17,-1.46561315315112,0,0
1.257,0.591913498143049,0.564476279188197,-1.10004212636029,-1.56525522783379e-05,0.567761901299992,-1.02996749252896,-6.45544454951702e-17,-1.46710614788641,0,0
1.258,0.592515525142901,0.565050400173634,-1.1011609639322,-1.56684722719141e-05,0.568339364046056,-1.03101505816384,-6.46201029253023e-17,-1.46859832117769,0,0
1.259,0.593117219436274,0.565624203874677,-1.10227918318548,-1.56843834674049e-05,0.568916507660923,-1.03206204486807,-6.46857240702638e-17,-1.47008966982868,0,0
1.26,0.593718579733609,0.566197689061543,-1.10339678172355,-1.57002858307092e-05,0.569493330907651,-1.03310845039776,-6.47513087894145e-17,-1.47158019064309,0,0
1.261,0.594319604745345,0.566770854504447,-1.10451375714982,-1.57161793277257e-05,0.570069832549298,-1.03415427250898,-6.48168569421143e-17,-1.47306988042465,0,0
1.262,0.594920293181923,0.567343698973604,-1.10563010706772,-1.57320639243535e-05,0.57064601134892,-1.0351995089578,-6.4882368387723e-17,-1.47455873597708,0,0
1.263,0.595520643753782,0.56791622123923,-1.10674582908065,-1.57479395864913e-05,0.571221866069575,-1.03624415750033,-6.49478429856003e-17,-1.4760467541041,0,0
1.264,0.596120655171362,0.56848842007154,-1.10786092079203,-1.57638062800382e-05,0.571797395474321,-1.03728821589263,-6.5013280595106e-17,-1.47753393160942,0,0
1.265,0.596720326145104,0.569060294240751,-1.10897537980529,-1.57796639708929e-05,0.572372598326214,-1.0383316818908,-6.50786810756001e-17,-1.47902026529676,0,0
1.266,0.597319655385447,0.569631842517077,-1.11008920372382,-1.57955126249544e-05,0.572947473388313,-1.03937455325091,-6.51440442864421e-17,-1.48050575196986,0,0
1.267,0.597918641602832,0.570203063670733,-1.11120239015106,-1.58113522081216e-05,0.573522019423674,-1.04041682772904,-6.52093700869921e-17,-1.48199038843242,0,0
1.268,0.598517283507698,0.570773956471937,-1.11231493669042,-1.58271826862934e-05,0.574096235195355,-1.04145850308129,-6.52746583366097e-17,-1.48347417148816,0,0
1.269,0.599115579810486,0.571344519690902,-1.11342684094531,-1.58430040253686e-05,0.574670119466413,-1.04249957706373,-6.53399088946548e-17,-1.48495709794081,0,0
1.27,0.599713529221634,0.571914752097845,-1.11453810051915,-1.58588161912461e-05,0.575243670999906,-1.04354004743245,-6.54051216204872e-17,-1.48643916459409,0,0
1.271,0.600311130451585,0.572484652462982,-1.11564871301535,-1.5874619149825e-05,0.575816888558892,-1.04457991194352,-6.54702963734667e-17,-1.48792036825171,0,0
1.272,0.600908382210777,0.573054219556526,-1.11675867603734,-1.58904128670039e-05,0.576389770906426,-1.04561916835303,-6.55354330129531e-17,-1.4894007057174,0,0
1.273,0.601505283209651,0.573623452148696,-1.11786798718853,-1.59061973086819e-05,0.576962316805568,-1.04665781441707,-6.56005313983061e-17,-1.49088017379487,0,0
1.274,0.602101832158646,0.574192349009704,-1.11897664407233,-1.59219724407579e-05,0.577534525019373,-1.04769584789172,-6.56655913888857e-17,-1.49235876928784,0,0
1.275,0.602698027768202,0.574760908909768,-1.12008464429216,-1.59377382291306e-05,0.5781063943109,-1.04873326653305,-6.57306128440515e-17,-1.49383648900004,0,0
1.276,0.60329386874876,0.575329130619103,-1.12119198545143,-1.59534946396991e-05,0.578677923443207,-1.04977006809716,-6.57955956231635e-17,-1.49531332973519,0,0
1.277,0.60388935381076,0.575897012907924,-1.12229866515357,-1.59692416383622e-05,0.57924911117935,-1.05080625034013,-6.58605395855814e-17,-1.496789288297,0,0
1.278,0.604484481664641,0.576464554546447,-1.12340468100199,-1.59849791910187e-05,0.579819956282386,-1.05184181101803,-6.59254445906649e-17,-1.49826436148919,0,0
1.279,0.605079251020843,0.577031754304888,-1.12451003060011,-1.60007072635677e-05,0.580390457515373,-1.05287674788695,-6.59903104977741e-17,-1.49973854611548,0,0
1.28,0.605673660589807,0.577598610953461,-1.12561471155133,-1.6016425821908e-05,0.580960613641369,-1.05391105870297,-6.60551371662685e-17,-1.5012118389796,0,0
1.281,0.606267709081973,0.578165123262383,-1.12671872145909,-1.60321348319384e-05,0.581530423423431,-1.05494474122219,-6.6119924455508e-17,-1.50268423688526,0,0
1.282,0.60686139520778,0.578731290001869,-1.12782205792678,-1.6047834259558e-05,0.582099885624616,-1.05597779320067,-6.61846722248525e-17,-1.50415573663619,0,0
1.283,0.607454717677668,0.579297109942134,-1.12892471855784,-1.60635240706655e-05,0.582668999007981,-1.0570102123945,-6.62493803336617e-17,-1.50562633503609,0,0
1.284,0.608047675202078,0.579862581853394,-1.13002670095568,-1.60792042311598e-05,0.583237762336585,-1.05804199655977,-6.63140486412955e-17,-1.5070960288887,0,0
1.285,0.60864026649145,0.580427704505865,-1.1311280027237,-1.60948747069399e-05,0.583806174373484,-1.05907314345256,-6.63786770071136e-17,-1.50856481499774,0,0
1.286,0.609232490256223,0.580992476669762,-1.13222862146533,-1.61105354639047e-05,0.584374233881736,-1.06010365082895,-6.64432652904758e-17,-1.51003269016691,0,0
1.287,0.609824345206838,0.5815568971153,-1.13332855478399,-1.6126186467953e-05,0.584941939624398,-1.06113351644502,-6.6507813350742e-17,-1.51149965119995,0,0
1.288,0.610415830053735,0.582120964612696,-1.13442780028309,-1.61418276849838e-05,0.585509290364527,-1.06216273805685,-6.65723210472719e-17,-1.51296569490057,0,0
1.289,0.611006943507353,0.582684677932164,-1.13552635556605,-1.61574590808959e-05,0.586076284865181,-1.06319131342054,-6.66367882394254e-17,-1.51443081807248,0,0
1.29,0.611597684278132,0.583248035843921,-1.13662421823628,-1.61730806215882e-05,0.586642921889418,-1.06421924029216,-6.67012147865623e-17,-1.51589501751943,0,0
1.291,0.612188051076513,0.583811037118181,-1.1377213858972,-1.61886922729596e-05,0.587209200200294,-1.06524651642779,-6.67656005480424e-17,-1.51735829004511,0,0
1.292,0.612778042612936,0.584373680525161,-1.13881785615222,-1.62042940009091e-05,0.587775118560867,-1.06627313958352,-6.68299453832254e-17,-1.51882063245325,0,0
1.293,0.61336765759784,0.584935964835075,-1.13991362660476,-1.62198857713354e-05,0.588340675734195,-1.06729910751543,-6.68942491514711e-17,-1.52028204154757,0,0
1.294,0.613956894741666,0.58549788881814,-1.14100869485825,-1.62354675501376e-05,0.588905870483334,-1.0683244179796,-6.69585117121395e-17,-1.5217425141318,0,0
1.295,0.614545752754853,0.58605945124457,-1.14210305851608,-1.62510393032144e-05,0.589470701571342,-1.06934906873212,-6.70227329245902e-17,-1.52320204700964,0,0
1.296,0.615134230347842,0.586620650884582,-1.14319671518169,-1.62666009964649e-05,0.590035167761278,-1.07037305752907,-6.70869126481832e-17,-1.52466063698483,0,0
1.297,0.615722326231073,0.587181486508391,-1.14428966245849,-1.62821525957878e-05,0.590599267816196,-1.07139638212653,-6.71510507422781e-17,-1.52611828086107,0,0
1.298,0.616310039114985,0.587741956886213,-1.14538189794988,-1.62976940670821e-05,0.591163000499157,-1.07241904028058,-6.72151470662348e-17,-1.52757497544209,0,0
1.299,0.616897367710019,0.588302060788262,-1.1464734192593,-1.63132253762466e-05,0.591726364573215,-1.07344102974731,-6.72792014794131e-17,-1.52903071753162,0,0
1.3,0.617484310726615,0.588861796984755,-1.14756422399015,-1.63287464891803e-05,0.59228935880143,-1.0744623482828,-6.73432138411728e-17,-1.53048550393336,0,0
1.301,0.618070866875212,0.589421164245906,-1.14865430974585,-1.63442573717821e-05,0.592851981946859,-1.07548299364313,-6.74071840108737e-17,-1.53193933145104,0,0
1.302,0.618657034866251,0.589980161341933,-1.14974367412981,-1.63597579899508e-05,0.593414232772558,-1.07650296358439,-6.74711118478756e-17,-1.53339219688838,0,0
1.303,0.619242813410171,0.590538787043049,-1.15083231474546,-1.63752483095854e-05,0.593976110041585,-1.07752225586266,-6.75349972115384e-17,-1.5348440970491,0,0
1.304,0.619828201217413,0.591097040119472,-1.15192022919622,-1.63907282965847e-05,0.594537612516998,-1.07854086823402,-6.75988399612217e-17,-1.53629502873692,0,0
1.305,0.620413196998417,0.591654919341415,-1.15300741508548,-1.64061979168476e-05,0.595098738961854,-1.07955879845455,-6.76626399562855e-17,-1.53774498875555,0,0
1.306,0.620997799463623,0.592212423479095,-1.15409387001668,-1.6421657136273e-05,0.59565948813921,-1.08057604428034,-6.77263970560895e-17,-1.53919397390873,0,0
1.307,0.62158200732347,0.592769551302727,-1.15517959159322,-1.64371059207599e-05,0.596219858812124,-1.08159260346746,-6.77901111199936e-17,-1.54064198100016,0,0
1.308,0.622165819288399,0.593326301582527,-1.15626457741853,-1.6452544236207e-05,0.596779849743653,-1.08260847377201,-6.78537820073574e-17,-1.54208900683357,0,0
1.309,0.622749234068849,0.59388267308871,-1.15734882509602,-1.64679720485134e-05,0.597339459696854,-1.08362365295007,-6.79174095775409e-17,-1.54353504821267,0,0
1.31,0.623332250375261,0.594438664591493,-1.15843233222911,-1.64833893235779e-05,0.597898687434785,-1.08463813875771,-6.79809936899039e-17,-1.5449801019412,0,0
1.311,0.623914866918075,0.594994274861089,-1.15951509642121,-1.64987960272993e-05,0.598457531720503,-1.08565192895103,-6.80445342038061e-17,-1.54642416482286,0,0
1.312,0.62449708240773,0.595549502667715,-1.16059711527574,-1.65141921255766e-05,0.599015991317066,-1.0866650212861,-6.81080309786074e-17,-1.54786723366138,0,0
1.313,0.625078895554668,0.596104346781587,-1.16167838639611,-1.65295775843088e-05,0.599574064987531,-1.087677413519,-6.81714838736675e-17,-1.54930930526047,0,0
1.314,0.625660305069327,0.59665880597292,-1.16275890738575,-1.65449523693945e-05,0.600131751494955,-1.08868910340582,-6.82348927483462e-17,-1.55075037642386,0,0
1.315,0.626241309662147,0.597212879011929,-1.16383867584806,-1.65603164467329e-05,0.600689049602396,-1.08970008870265,-6.82982574620034e-17,-1.55219044395527,0,0
1.316,0.62682190804357,0.59776656466883,-1.16491768938646,-1.65756697822227e-05,0.601245958072911,-1.09071036716556,-6.83615778739989e-17,-1.55362950465841,0,0
1.317,0.627402098924034,0.598319861713839,-1.16599594560438,-1.65910123417628e-05,0.601802475669558,-1.09171993655064,-6.84248538436925e-17,-1.55506755533701,0,0
1.318,0.627981881013979,0.59887276891717,-1.16707344210522,-1.66063440912522e-05,0.602358601155393,-1.09272879461397,-6.8488085230444e-17,-1.55650459279479,0,0
1.319,0.628561253023847,0.59942528504904,-1.1681501764924,-1.66216649965897e-05,0.602914333293475,-1.09373693911163,-6.85512718936131e-17,-1.55794061383546,0,0
1.32,0.629140213664076,0.599977408879665,-1.16922614636934,-1.66369750236743e-05,0.60346967084686,-1.09474436779971,-6.86144136925597e-17,-1.55937561526274,0,0
1.321,0.629718761645107,0.600529139179259,-1.17030134933946,-1.66522741384048e-05,0.604024612578606,-1.09575107843428,-6.86775104866436e-17,-1.56080959388036,0,0
1.322,0.63029689567738,0.601080474718038,-1.17137578300616,-1.66675623066801e-05,0.604579157251771,-1.09675706877144,-6.87405621352245e-17,-1.56224254649204,0,0
1.323,0.630874614471334,0.601631414266218,-1.17244944497288,-1.66828394943991e-05,0.605133303629411,-1.09776233656726,-6.88035684976624e-17,-1.56367446990148,0,0
1.324,0.631451916737411,0.602181956594014,-1.17352233284301,-1.66981056674607e-05,0.605687050474584,-1.09876687957784,-6.8866529433317e-17,-1.56510536091243,0,0
1.325,0.632028801186048,0.602732100471642,-1.17459444421999,-1.67133607917639e-05,0.606240396550348,-1.09977069555924,-6.8929444801548e-17,-1.56653521632859,0,0
1.326,0.632605266527688,0.603281844669317,-1.17566577670722,-1.67286048332074e-05,0.60679334061976,-1.10077378226755,-6.89923144617154e-17,-1.56796403295368,0,0
1.327,0.63318131147277,0.603831187957255,-1.17673632790812,-1.67438377576902e-05,0.607345881445877,-1.10177613745886,-6.90551382731789e-17,-1.56939180759142,0,0
1.328,0.633756934731733,0.604380129105672,-1.17780609542611,-1.67590595311111e-05,0.607898017791756,-1.10277775888925,-6.91179160952983e-17,-1.57081853704554,0,0
1.329,0.634332135015018,0.604928666884782,-1.1788750768646,-1.67742701193692e-05,0.608449748420456,-1.10377864431479,-6.91806477874335e-17,-1.57224421811976,0,0
1.33,0.634906911033065,0.605476800064802,-1.17994326982701,-1.67894694883632e-05,0.609001072095033,-1.10477879149159,-6.92433332089441e-17,-1.57366884761778,0,0
1.331,0.635481261496314,0.606024527415946,-1.18101067191676,-1.68046576039921e-05,0.609551987578545,-1.10577819817571,-6.93059722191901e-17,-1.57509242234334,0,0
1.332,0.636055185115204,0.606571847708431,-1.18207728073726,-1.68198344321547e-05,0.610102493634049,-1.10677686212324,-6.93685646775312e-17,-1.57651493910015,0,0
1.333,0.636628680600177,0.607118759712473,-1.18314309389193,-1.683499993875e-05,0.610652589024602,-1.10777478109026,-6.94311104433272e-17,-1.57793639469194,0,0
1.334,0.637201746661671,0.607665262198285,-1.18420810898418,-1.68501540896768e-05,0.611202272513262,-1.10877195283286,-6.9493609375938e-17,-1.57935678592241,0,0
1.335,0.637774382010127,0.608211353936085,-1.18527232361744,-1.6865296850834e-05,0.611751542863087,-1.10976837510711,-6.95560613347233e-17,-1.5807761095953,0,0
1.336,0.638346585355985,0.608757033696087,-1.18633573539511,-1.68804281881206e-05,0.612300398837133,-1.11076404566911,-6.9618466179043e-17,-1.58219436251432,0,0
1.337,0.638918355409684,0.609302300248508,-1.18739834192061,-1.68955480674354e-05,0.612848839198458,-1.11175896227493,-6.96808237682568e-17,-1.5836115414832,0,0
1.338,0.639489690881666,0.609847152363562,-1.18846014079737,-1.69106564546773e-05,0.61339686271012,-1.11275312268066,-6.97431339617246e-17,-1.58502764330564,0,0
1.339,0.640060590482369,0.610391588811465,-1.18952112962878,-1.69257533157452e-05,0.613944468135176,-1.11374652464238,-6.98053966188062e-17,-1.58644266478537,0,0
1.34,0.640631052922234,0.610935608362433,-1.19058130601828,-1.69408386165381e-05,0.614491654236682,-1.11473916591617,-6.98676115988612e-17,-1.58785660272612,0,0
1.341,0.641201076911701,0.611479209786681,-1.19164066756928,-1.69559123229547e-05,0.615038419777697,-1.11573104425811,-6.99297787612497e-17,-1.5892694539316,0,0
1.342,0.64177066116121,0.612022391854425,-1.1926992118852,-1.6970974400894e-05,0.615584763521279,-1.11672215742429,-6.99918979653314e-17,-1.59068121520553,0,0
1.343,0.6423398043812,0.612565153335881,-1.19375693656944,-1.69860248162548e-05,0.616130684230483,-1.1177125031708,-7.0053969070466e-17,-1.59209188335163,0,0
1.344,0.642908505282113,0.613107493001263,-1.19481383922543,-1.70010635349362e-05,0.616676180668368,-1.1187020792537,-7.01159919360134e-17,-1.59350145517361,0,0
1.345,0.643476762574387,0.613649409620787,-1.19586991745658,-1.70160905228369e-05,0.617221251597991,-1.1196908834291,-7.01779664213334e-17,-1.59490992747521,0,0
1.346,0.644044574968464,0.61419090196467,-1.19692516886631,-1.70311057458559e-05,0.61776589578241,-1.12067891345306,-7.02398923857857e-17,-1.59631729706014,0,0
1.347,0.644611941174782,0.614731968803126,-1.19797959105803,-1.70461091698921e-05,0.618310111984681,-1.12166616708167,-7.03017696887303e-17,-1.59772356073212,0,0
1.348,0.645178859903782,0.615272608906371,-1.19903318163517,-1.70611007608443e-05,0.618853898967863,-1.12265264207102,-7.03635981895268e-17,-1.59912871529487,0,0
1.349,0.645745329865904,0.61581282104462,-1.20008593820113,-1.70760804846114e-05,0.619397255495012,-1.12363833617719,-7.04253777475352e-17,-1.60053275755211,0,0
1.35,0.646311349771588,0.616352603988089,-1.20113785835933,-1.70910483070924e-05,0.619940180329186,-1.12462324715625,-7.04871082221151e-17,-1.60193568430755,0,0
1.351,0.646876918331274,0.616891956506994,-1.2021889397132,-1.71060041941861e-05,0.620482672233442,-1.1256073727643,-7.05487894726265e-17,-1.60333749236493,0,0
1.352,0.647442034255401,0.61743087737155,-1.20323917986614,-1.71209481117914e-05,0.621024729970838,-1.12659071075742,-7.06104213584291e-17,-1.60473817852795,0,0
1.353,0.648006696254411,0.617969365351973,-1.20428857642157,-1.71358800258072e-05,0.621566352304432,-1.12757325889168,-7.06720037388826e-17,-1.60613773960035,0,0
1.354,0.648570903038743,0.618507419218477,-1.20533712698291,-1.71507999021325e-05,0.622107537997279,-1.12855501492318,-7.07335364733471e-17,-1.60753617238583,0,0
1.355,0.649134653318836,0.61904503774128,-1.20638482915358,-1.71657077066661e-05,0.622648285812439,-1.12953597660799,-7.07950194211821e-17,-1.60893347368812,0,0
1.356,0.649697945805131,0.619582219690595,-1.20743168053698,-1.71806034053068e-05,0.623188594512968,-1.1305161417022,-7.08564524417475e-17,-1.61032964031093,0,0
1.357,0.650260779208069,0.62011896383664,-1.20847767873654,-1.71954869639537e-05,0.623728462861923,-1.13149550796188,-7.09178353944032e-17,-1.611724669058,0,0
1.358,0.650823152238088,0.620655268949628,-1.20952282135568,-1.72103583485055e-05,0.624267889622362,-1.13247407314313,-7.0979168138509e-17,-1.61311855673303,0,0
1.359,0.651385063605629,0.621191133799777,-1.2105671059978,-1.72252175248612e-05,0.624806873557343,-1.13345183500203,-7.10404505334245e-17,-1.61451130013975,0,0
1.36,0.651946512021132,0.6217265571573,-1.21161053026633,-1.72400644589197e-05,0.625345413429922,-1.13442879129465,-7.11016824385097e-17,-1.61590289608188,0,0
1.361,0.652507496195037,0.622261537792415,-1.21265309176468,-1.72548991165798e-05,0.625883508003157,-1.13540493977709,-7.11628637131244e-17,-1.61729334136313,0,0
1.362,0.653068014837785,0.622796074475336,-1.21369478809627,-1.72697214637405e-05,0.626421156040106,-1.13638027820542,-7.12239942166283e-17,-1.61868263278723,0,0
1.363,0.653628066659814,0.623330165976279,-1.21473561686451,-1.72845314663007e-05,0.626958356303826,-1.13735480433573,-7.12850738083812e-17,-1.6200707671579,0,0
1.364,0.654187650371565,0.623863811065459,-1.21577557567282,-1.72993290901592e-05,0.627495107557374,-1.13832851592409,-7.13461023477431e-17,-1.62145774127885,0,0
1.365,0.654746764683478,0.624397008513092,-1.21681466212461,-1.73141143012149e-05,0.628031408563808,-1.1393014107266,-7.14070796940736e-17,-1.62284355195381,0,0
1.366,0.655305408305993,0.624929757089394,-1.21785287382331,-1.73288870653668e-05,0.628567258086185,-1.14027348649933,-7.14680057067325e-17,-1.62422819598649,0,0
1.367,0.65586357994955,0.625462055564579,-1.21889020837232,-1.73436473485137e-05,0.629102654887561,-1.14124474099838,-7.15288802450797e-17,-1.62561167018062,0,0
1.368,0.656421278324589,0.625993902708865,-1.21992666337507,-1.73583951165545e-05,0.629637597730996,-1.14221517197981,-7.15897031684751e-17,-1.62699397133992,0,0
1.369,0.65697850214155,0.626525297292465,-1.22096223643497,-1.73731303353881e-05,0.630172085379546,-1.14318477719972,-7.16504743362782e-17,-1.6283750962681,0,0
1.37,0.657535250110873,0.627056238085596,-1.22199692515544,-1.73878529709135e-05,0.630706116596269,-1.14415355441418,-7.17111936078491e-17,-1.62975504176889,0,0
1.371,0.658091520942998,0.627586723858473,-1.22303072713989,-1.74025629890294e-05,0.631239690144221,-1.14512150137928,-7.17718608425475e-17,-1.631133804646,0,0
1.372,0.658647313348365,0.628116753381312,-1.22406363999174,-1.74172603556348e-05,0.63177280478646,-1.14608861585111,-7.18324758997331e-17,-1.63251138170315,0,0
1.373,0.659202626037414,0.628646325424328,-1.2250956613144,-1.74319450366286e-05,0.632305459286045,-1.14705489558574,-7.18930386387658e-17,-1.63388776974407,0,0
1.374,0.659757457720585,0.629175438757737,-1.2261267887113,-1.74466169979097e-05,0.632837652406031,-1.14802033833925,-7.19535489190055e-17,-1.63526296557248,0,0
1.375,0.660311807108318,0.629704092151754,-1.22715701978584,-1.7461276205377e-05,0.633369382909476,-1.14898494186774,-7.20140065998118e-17,-1.63663696599209,0,0
1.376,0.660865672911053,0.630232284376595,-1.22818635214145,-1.74759226249293e-05,0.633900649559439,-1.14994870392728,-7.20744115405447e-17,-1.63800976780662,0,0
1.377,0.66141905383923,0.630760014202476,-1.22921478338154,-1.74905562224656e-05,0.634431451118975,-1.15091162227396,-7.21347636005638e-17,-1.63938136781979,0,0
1.378,0.66197194860329,0.631287280399611,-1.23024231110952,-1.75051769638848e-05,0.634961786351143,-1.15187369466386,-7.21950626392291e-17,-1.64075176283533,0,0
1.379,0.662524355913671,0.631814081738216,-1.23126893292881,-1.75197848150857e-05,0.635491654019,-1.15283491885306,-7.22553085159003e-17,-1.64212094965695,0,0
1.38,0.663076274480815,0.632340416988508,-1.23229464644284,-1.75343797419673e-05,0.636021052885604,-1.15379529259764,-7.23155010899373e-17,-1.64348892508838,0,0
1.381,0.66362770301516,0.6328662849207,-1.23331944925501,-1.75489617104283e-05,0.636549981714011,-1.15475481365369,-7.23756402206997e-17,-1.64485568593333,0,0
1.382,0.664178640227148,0.63339168430501,-1.23434333896873,-1.75635306863678e-05,0.637078439267279,-1.15571347977729,-7.24357257675475e-17,-1.64622122899552,0,0
1.383,0.664729084827217,0.633916613911653,-1.23536631318744,-1.75780866356847e-05,0.637606424308465,-1.15667128872452,-7.24957575898404e-17,-1.64758555107867,0,0
1.384,0.665279035525809,0.634441072510843,-1.23638836951454,-1.75926295242777e-05,0.638133935600627,-1.15762823825147,-7.25557355469383e-17,-1.64894864898651,0,0
1.385,0.665828491033363,0.634965058872797,-1.23740950555345,-1.76071593180459e-05,0.638660971906822,-1.15858432611422,-7.26156594982009e-17,-1.65031051952274,0,0
1.386,0.666377450060319,0.63548857176773,-1.23842971890758,-1.7621675982888e-05,0.639187531990108,-1.15953955006885,-7.26755293029881e-17,-1.6516711594911,0,0
1.387,0.666925911317117,0.636011609965858,-1.23944900718035,-1.76361794847031e-05,0.639713614613542,-1.16049390787145,-7.27353448206595e-17,-1.65303056569531,0,0
1.388,0.667473873514197,0.636534172237396,-1.24046736797519,-1.76506697893899e-05,0.640239218540182,-1.16144739727809,-7.27951059105752e-17,-1.65438873493907,0,0
1.389,0.668021335361999,0.637056257352559,-1.24148479889549,-1.76651468628475e-05,0.640764342533083,-1.16240001604486,-7.28548124320948e-17,-1.65574566402611,0,0
1.39,0.668568295570963,0.637577864081564,-1.24250129754469,-1.76796106709746e-05,0.641288985355305,-1.16335176192784,-7.29144642445782e-17,-1.65710134976015,0,0
1.391,0.66911475285153,0.638098991194626,-1.24351686152619,-1.76940611796701e-05,0.641813145769905,-1.16430263268312,-7.29740612073852e-17,-1.65845578894492,0,0
1.392,0.669660705914138,0.638619637461959,-1.24453148844342,-1.77084983548331e-05,0.642336822539939,-1.16525262606678,-7.30336031798755e-17,-1.65980897838413,0,0
1.393,0.670206153469229,0.639139801653781,-1.24554517589978,-1.77229221623623e-05,0.642860014428465,-1.1662017398349,-7.3093090021409e-17,-1.66116091488149,0,0
1.394,0.670751094227242,0.639659482540306,-1.2465579214987,-1.77373325681566e-05,0.643382720198541,-1.16714997174356,-7.31525215913455e-17,-1.66251159524074,0,0
1.395,0.671295526898617,0.64017867889175,-1.24756972284359,-1.7751729538115e-05,0.643904938613224,-1.16809731954885,-7.32118977490448e-17,-1.66386101626558,0,0
1.396,0.671839450193794,0.640697389478328,-1.24858057753787,-1.77661130381364e-05,0.644426668435572,-1.16904378100685,-7.32712183538666e-17,-1.66520917475975,0,0
1.397,0.672382862823213,0.641215613070256,-1.24959048318495,-1.77804830341195e-05,0.644947908428641,-1.16998935387364,-7.33304832651709e-17,-1.66655606752696,0,0
1.398,0.672925763497315,0.64173334843775,-1.25059943738824,-1.77948394919634e-05,0.645468657355489,-1.1709340359053,-7.33896923423173e-17,-1.66790169137092,0,0
1.399,0.673468150926538,0.642250594351025,-1.25160743775118,-1.78091823775669e-05,0.645988913979173,-1.17187782485793,-7.34488454446658e-17,-1.66924604309536,0,0
1.4,0.674010023821324,0.642767349580296,-1.25261448187717,-1.78235116568289e-05,0.646508677062752,-1.17282071848759,-7.3507942431576e-17,-1.67058911950401,0,0
1.401,0.674551380892112,0.643283612895779,-1.25362056736962,-1.78378272956483e-05,0.647027945369281,-1.17376271455038,-7.35669831624079e-17,-1.67193091740057,0,0
1.402,0.675092220849342,0.64379938306769,-1.25462569183196,-1.78521292599241e-05,0.64754671766182,-1.17470381080238,-7.36259674965211e-17,-1.67327143358877,0,0
1.403,0.675632542403455,0.644314658866244,-1.2556298528676,-1.7866417515555e-05,0.648064992703424,-1.17564400499966,-7.36848952932756e-17,-1.67461066487233,0,0
1.404,0.676172344264889,0.644829439061657,-1.25663304807995,-1.788069202844e-05,0.648582769257151,-1.17658329489832,-7.37437664120311e-17,-1.67594860805496,0,0
1.405,0.676711625144086,0.645343722424144,-1.25763527507244,-1.7894952764478e-05,0.64910004608606,-1.17752167825443,-7.38025807121475e-17,-1.6772852599404,0,0
1.406,0.677250383751485,0.64585750772392,-1.25863653144848,-1.79091996895678e-05,0.649616821953206,-1.17845915282408,-7.38613380529845e-17,-1.67862061733235,0,0
1.407,0.677788618797526,0.646370793731202,-1.25963681481148,-1.79234327696084e-05,0.650133095621648,-1.17939571636335,-7.39200382939018e-17,-1.67995467703454,0,0
1.408,0.678326328992649,0.646883579216204,-1.26063612276486,-1.79376519704987e-05,0.650648865854443,-1.18033136662832,-7.39786812942594e-17,-1.68128743585069,0,0
1.409,0.678863513047295,0.647395862949143,-1.26163445291204,-1.79518572581375e-05,0.651164131414648,-1.18126610137508,-7.40372669134171e-17,-1.68261889058451,0,0
1.41,0.679400169671903,0.647907643700234,-1.26263180285644,-1.79660485984238e-05,0.651678891065321,-1.18219991835971,-7.40957950107347e-17,-1.68394903803973,0,0
1.411,0.679936297576913,0.648418920239692,-1.26362817020146,-1.79802259572564e-05,0.652193143569519,-1.18313281533829,-7.41542654455718e-17,-1.68527787502007,0,0
1.412,0.680471895472765,0.648929691337732,-1.26462355255053,-1.79943893005343e-05,0.652706887690299,-1.1840647900669,-7.42126780772884e-17,-1.68660539832925,0,0
1.413,0.6810069620699,0.649439955764572,-1.26561794750706,-1.80085385941563e-05,0.653220122190718,-1.18499584030163,-7.42710327652443e-17,-1.68793160477098,0,0
1.414,0.681541496078757,0.649949712290425,-1.26661135267447,-1.80226738040213e-05,0.653732845833836,-1.18592596379856,-7.43293293687992e-17,-1.68925649114898,0,0
1.415,0.682075496209776,0.650458959685508,-1.26760376565618,-1.80367948960282e-05,0.654245057382707,-1.18685515831378,-7.43875677473131e-17,-1.69058005426699,0,0
1.416,0.682608961173397,0.650967696720035,-1.26859518405559,-1.80509018360759e-05,0.65475675560039,-1.18778342160336,-7.44457477601455e-17,-1.69190229092871,0,0
1.417,0.683141889680061,0.651475922164224,-1.26958560547613,-1.80649945900634e-05,0.655267939249943,-1.18871075142339,-7.45038692666565e-17,-1.69322319793786,0,0
1.418,0.683674280440206,0.651983634788288,-1.27057502752121,-1.80790731238894e-05,0.655778607094422,-1.18963714552995,-7.45619321262057e-17,-1.69454277209817,0,0
1.419,0.684206132164275,0.652490833362444,-1.27156344779426,-1.80931374034529e-05,0.656288757896886,-1.19056260167912,-7.4619936198153e-17,-1.69586101021335,0,0
1.42,0.684737443562705,0.652997516656907,-1.27255086389868,-1.81071873946528e-05,0.656798390420391,-1.19148711762699,-7.46778813418582e-17,-1.69717790908713,0,0
1.421,0.685268213345938,0.653503683441893,-1.27353727343788,-1.8121223063388e-05,0.657307503427994,-1.19241069112964,-7.4735767416681e-17,-1.69849346552323,0,0
1.422,0.685798440224412,0.654009332487617,-1.2745226740153,-1.81352443755573e-05,0.657816095682754,-1.19333331994316,-7.47935942819814e-17,-1.69980767632536,0,0
1.423,0.68632812290857,0.654514462564294,-1.27550706323434,-1.81492512970597e-05,0.658324165947727,-1.19425500182362,-7.48513617971191e-17,-1.70112053829724,0,0
1.424,0.686857260108849,0.655019072442141,-1.27649043869842,-1.81632437937941e-05,0.658831712985972,-1.1951757345271,-7.49090698214538e-17,-1.7024320482426,0,0
1.425,0.687385850535691,0.655523160891373,-1.27747279801096,-1.81772218316593e-05,0.659338735560544,-1.1960955158097,-7.49667182143455e-17,-1.70374220296515,0,0
1.426,0.687913892899536,0.656026726682205,-1.27845413877537,-1.81911853765542e-05,0.659845232434502,-1.19701434342749,-7.50243068351539e-17,-1.70505099926861,0,0
1.427,0.688441385910822,0.656529768584852,-1.27943445859506,-1.82051343943778e-05,0.660351202370904,-1.19793221513656,-7.50818355432388e-17,-1.70635843395671,0,0
1.428,0.688968328279991,0.657032285369532,-1.28041375507347,-1.82190688510289e-05,0.660856644132805,-1.19884912869299,-7.513930419796e-17,-1.70766450383316,0,0
1.429,0.689494718717482,0.657534275806458,-1.28139202581399,-1.82329887124065e-05,0.661361556483265,-1.19976508185286,-7.51967126586773e-17,-1.70896920570168,0,0
1.43,0.690020555933735,0.658035738665846,-1.28236926842005,-1.82468939444093e-05,0.661865938185339,-1.20068007237226,-7.52540607847506e-17,-1.710272536366,0,0
1.431,0.690545838639191,0.658536672717913,-1.28334548049506,-1.82607845129364e-05,0.662369788002087,-1.20159409800726,-7.53113484355395e-17,-1.71157449262983,0,0
1.432,0.69107056554429,0.659037076732872,-1.28432065964244,-1.82746603838866e-05,0.662873104696564,-1.20250715651395,-7.53685754704041e-17,-1.71287507129689,0,0
1.433,0.69159473535947,0.659536949480941,-1.28529480346561,-1.82885215231587e-05,0.663375887031829,-1.20341924564842,-7.54257417487039e-17,-1.71417426917091,0,0
1.434,0.692118346795173,0.660036289732335,-1.28626790956798,-1.83023678966518e-05,0.663878133770938,-1.20433036316674,-7.54828471297989e-17,-1.71547208305559,0,0
1.435,0.692641398561838,0.660535096257268,-1.28723997555296,-1.83161994702647e-05,0.664379843676949,-1.20524050682501,-7.55398914730489e-17,-1.71676850975467,0,0
1.436,0.693163889369906,0.661033367825958,-1.28821099902398,-1.83300162098962e-05,0.66488101551292,-1.20614967437929,-7.55968746378135e-17,-1.71806354607186,0,0
1.437,0.693685817929816,0.661531103208618,-1.28918097758445,-1.83438180814453e-05,0.665381648041908,-1.20705786358568,-7.56537964834528e-17,-1.71935718881088,0,0
1.438,0.694207182952008,0.662028301175465,-1.29014990883779,-1.83576050508109e-05,0.665881740026969,-1.20796507220026,-7.57106568693264e-17,-1.72064943477546,0,0
1.439,0.694727983146923,0.662524960496714,-1.29111779038741,-1.83713770838918e-05,0.666381290231163,-1.20887129797911,-7.57674556547942e-17,-1.7219402807693,0,0
1.44,0.695248217225,0.663021079942581,-1.29208461983672,-1.8385134146587e-05,0.666880297417545,-1.20977653867831,-7.58241926992159e-17,-1.72322972359613,0,0
1.441,0.69576788389668,0.663516658283282,-1.29305039478916,-1.83988762047953e-05,0.667378760349174,-1.21068079205394,-7.58808678619514e-17,-1.72451776005968,0,0
1.442,0.696286981872402,0.66401169428903,-1.29401511284812,-1.84126032244156e-05,0.667876677789107,-1.2115840558621,-7.59374810023604e-17,-1.72580438696365,0,0
1.443,0.696805509862606,0.664506186730044,-1.29497877161703,-1.84263151713469e-05,0.6683740485004,-1.21248632785885,-7.59940319798029e-17,-1.72708960111178,0,0
1.444,0.697323466577733,0.665000134376537,-1.2959413686993,-1.84400120114881e-05,0.668870871246112,-1.2133876058003,-7.60505206536385e-17,-1.72837339930778,0,0
1.445,0.697840850728222,0.665493535998726,-1.29690290169835,-1.84536937107379e-05,0.6693671447893,-1.2142878874425,-7.61069468832271e-17,-1.72965577835536,0,0
1.446,0.698357661024514,0.665986390366825,-1.2978633682176,-1.84673602349954e-05,0.669862867893021,-1.21518717054156,-7.61633105279285e-17,-1.73093673505826,0,0
1.447,0.698873896177048,0.666478696251051,-1.29882276586046,-1.84810115501593e-05,0.670358039320333,-1.21608545285355,-7.62196114471025e-17,-1.73221626622018,0,0
1.448,0.699389554896264,0.666970452421619,-1.29978109223035,-1.84946476221287e-05,0.670852657834293,-1.21698273213456,-7.62758495001089e-17,-1.73349436864485,0,0
1.449,0.699904635892603,0.667461657648744,-1.30073834493068,-1.85082684168024e-05,0.671346722197958,-1.21787900614067,-7.63320245463075e-17,-1.734771039136,0,0
1.45,0.700419137876504,0.667952310702643,-1.30169452156488,-1.85218739000792e-05,0.671840231174386,-1.21877427262795,-7.63881364450581e-17,-1.73604627449733,0,0
1.451,0.700933059558408,0.66844241035353,-1.30264961973634,-1.85354640378581e-05,0.672333183526634,-1.2196685293525,-7.64441850557205e-17,-1.73732007153257,0,0
1.452,0.701446399648754,0.668931955371621,-1.30360363704851,-1.8549038796038e-05,0.67282557801776,-1.2205617740704,-7.65001702376546e-17,-1.73859242704544,0,0
1.453,0.701959156857983,0.669420944527131,-1.30455657110478,-1.85625981405178e-05,0.67331741341082,-1.22145400453773,-7.655609185022e-17,-1.73986333783965,0,0
1.454,0.702471329896534,0.669909376590277,-1.30550841950857,-1.85761420371963e-05,0.673808688468873,-1.22234521851057,-7.66119497527767e-17,-1.74113280071894,0,0
1.455,0.702982917474848,0.670397250331274,-1.30645917986331,-1.85896704519725e-05,0.674299401954975,-1.223235413745,-7.66677438046844e-17,-1.74240081248701,0,0
1.456,0.703493918303364,0.670884564520336,-1.3074088497724,-1.86031833507452e-05,0.674789552632185,-1.22412458799712,-7.67234738653029e-17,-1.74366736994759,0,0
1.457,0.704004331092523,0.671371317927681,-1.30835742683927,-1.86166806994134e-05,0.675279139263559,-1.22501273902299,-7.6779139793992e-17,-1.7449324699044,0,0
1.458,0.704514154552764,0.671857509323523,-1.30930490866732,-1.86301624638759e-05,0.675768160612154,-1.22589986457871,-7.68347414501116e-17,-1.74619610916115,0,0
1.459,0.705023387394528,0.672343137478077,-1.31025129285999,-1.86436286100317e-05,0.676256615441029,-1.22678596242035,-7.68902786930215e-17,-1.74745828452157,0,0
1.46,0.705532028328254,0.67282820116156,-1.31119657702067,-1.86570791037795e-05,0.67674450251324,-1.22767103030401,-7.69457513820813e-17,-1.74871899278938,0,0
1.461,0.706040076064382,0.673312699144187,-1.31214075875279,-1.86705139110184e-05,0.677231820591845,-1.22855506598575,-7.70011593766511e-17,-1.7499782307683,0,0
1.462,0.706547529313353,0.673796630196173,-1.31308383565977,-1.86839329976472e-05,0.677718568439902,-1.22943806722167,-7.70565025360904e-17,-1.75123599526204,0,0
1.463,0.707054386785607,0.674279993087734,-1.31402580534502,-1.86973363295648e-05,0.678204744820467,-1.23032003176785,-7.71117807197593e-17,-1.75249228307433,0,0
1.464,0.707560647191583,0.674762786589086,-1.31496666541195,-1.87107238726701e-05,0.678690348496598,-1.23120095738037,-7.71669937870174e-17,-1.75374709100888,0,0
1.465,0.708066309241722,0.675245009470443,-1.31590641346399,-1.8724095592862e-05,0.679175378231353,-1.23208084181531,-7.72221415972245e-17,-1.75500041586942,0,0
1.466,0.708571371646463,0.675726660502022,-1.31684504710454,-1.87374514560394e-05,0.679659832787788,-1.23295968282876,-7.72772240097406e-17,-1.75625225445966,0,0
1.467,0.709075833116247,0.676207738454038,-1.31778256393704,-1.87507914281011e-05,0.680143710928962,-1.2338374781768,-7.73322408839253e-17,-1.75750260358333,0,0
1.468,0.709579692361513,0.676688242096707,-1.31871896156488,-1.87641154749461e-05,0.68062701141793,-1.23471422561551,-7.73871920791385e-17,-1.75875146004415,0,0
1.469,0.710082948092702,0.677168170200244,-1.31965423759149,-1.87774235624733e-05,0.681109733017753,-1.23558992290097,-7.744207745474e-17,-1.75999882064583,0,0
1.47,0.710585599020253,0.677647521534864,-1.32058838962028,-1.87907156565815e-05,0.681591874491485,-1.23646456778927,-7.74968968700895e-17,-1.76124468219209,0,0
1.471,0.711087643854607,0.678126294870784,-1.32152141525468,-1.88039917231697e-05,0.682073434602185,-1.23733815803649,-7.7551650184547e-17,-1.76248904148666,0,0
1.472,0.711589081306204,0.678604488978218,-1.32245331209808,-1.88172517281368e-05,0.68255441211291,-1.23821069139872,-7.76063372574721e-17,-1.76373189533325,0,0
1.473,0.712089910085483,0.679082102627383,-1.32338407775393,-1.88304956373815e-05,0.683034805786718,-1.23908216563203,-7.76609579482247e-17,-1.76497324053559,0,0
1.474,0.712590128902884,0.679559134588493,-1.32431370982562,-1.88437234168029e-05,0.683514614386665,-1.23995257849251,-7.77155121161647e-17,-1.76621307389739,0,0
1.475,0.713089736468849,0.680035583631765,-1.32524220591657,-1.88569350322999e-05,0.68399383667581,-1.24082192773624,-7.77699996206517e-17,-1.76745139222238,0,0
1.476,0.713588731493815,0.680511448527413,-1.32616956363021,-1.88701304497712e-05,0.684472471417209,-1.24169021111931,-7.78244203210457e-17,-1.76868819231427,0,0
1.477,0.714087112688225,0.680986728045653,-1.32709578056994,-1.88833096351159e-05,0.68495051737392,-1.24255742639779,-7.78787740767064e-17,-1.76992347097678,0,0
1.478,0.714584878762517,0.681461420956702,-1.32802085433918,-1.88964725542327e-05,0.685427973309001,-1.24342357132777,-7.79330607469935e-17,-1.77115722501364,0,0
1.479,0.715082028427131,0.681935526030774,-1.32894478254136,-1.89096191730207e-05,0.685904837985508,-1.24428864366533,-7.79872801912671e-17,-1.77238945122855,0,0
1.48,0.715578560392509,0.682409042038085,-1.32986756277988,-1.89227494573787e-05,0.686381110166499,-1.24515264116656,-7.80414322688867e-17,-1.77362014642525,0,0
1.481,0.716074473369089,0.68288196774885,-1.33078919265816,-1.89358633732055e-05,0.686856788615032,-1.24601556158754,-7.80955168392122e-17,-1.77484930740746,0,0
1.482,0.716569766067311,0.683354301933286,-1.33170966977962,-1.89489608864001e-05,0.687331872094164,-1.24687740268435,-7.81495337616035e-17,-1.77607693097888,0,0
1.483,0.717064437197616,0.683826043361607,-1.33262899174767,-1.89620419628614e-05,0.687806359366952,-1.24773816221308,-7.82034828954204e-17,-1.77730301394325,0,0
1.484,0.717558485470444,0.684297190804029,-1.33354715616573,-1.89751065684883e-05,0.688280249196453,-1.2485978379298,-7.82573641000226e-17,-1.77852755310428,0,0
1.485,0.718051909596234,0.684767743030767,-1.33446416063722,-1.89881546691796e-05,0.688753540345726,-1.2494564275906,-7.83111772347699e-17,-1.77975054526569,0,0
1.486,0.718544708285427,0.685237698812038,-1.33538000276555,-1.90011862308343e-05,0.689226231577826,-1.25031392895156,-7.83649221590222e-17,-1.7809719872312,0,0
1.487,0.719036880248463,0.685707056918056,-1.33629468015414,-1.90142012193512e-05,0.689698321655813,-1.25117033976877,-7.84185987321392e-17,-1.78219187580454,0,0
1.488,0.719528424195781,0.686175816119038,-1.33720819040641,-1.90271996006293e-05,0.690169809342743,-1.2520256577983,-7.84722068134808e-17,-1.78341020778941,0,0
1.489,0.720019338837822,0.686643975185198,-1.33812053112576,-1.90401813405674e-05,0.690640693401673,-1.25287988079625,-7.85257462624068e-17,-1.78462697998955,0,0
1.49,0.720509622885026,0.687111532886752,-1.33903169991563,-1.90531464050644e-05,0.691110972595661,-1.25373300651869,-7.85792169382769e-17,-1.78584218920867,0,0
1.491,0.720999275047832,0.687578487993917,-1.33994169437941,-1.90660947600193e-05,0.691580645687764,-1.2545850327217,-7.8632618700451e-17,-1.78705583225048,0,0
1.492,0.721488294036681,0.688044839276906,-1.34085051212054,-1.90790263713309e-05,0.69204971144104,-1.25543595716138,-7.86859514082888e-17,-1.78826790591872,0,0
1.493,0.721976678562012,0.688510585505936,-1.34175815074242,-1.90919412048981e-05,0.692518168618546,-1.2562857775938,-7.87392149211503e-17,-1.7894784070171,0,0
1.494,0.722464427334267,0.688975725451223,-1.34266460784847,-1.91048392266197e-05,0.692986015983339,-1.25713449177504,-7.87924090983951e-17,-1.79068733234934,0,0
1.495,0.722951539063884,0.689440257882982,-1.34356988104211,-1.91177204023948e-05,0.693453252298478,-1.25798209746119,-7.88455337993831e-17,-1.79189467871915,0,0
1.496,0.723438012461303,0.689904181571428,-1.34447396792675,-1.91305846981222e-05,0.693919876327018,-1.25882859240833,-7.88985888834741e-17,-1.79310044293027,0,0
1.497,0.723923846236966,0.690367495286777,-1.34537686610582,-1.91434320797007e-05,0.694385886832018,-1.25967397437254,-7.89515742100279e-17,-1.7943046217864,0,0
1.498,0.724409039101311,0.690830197799244,-1.34627857318272,-1.91562625130293e-05,0.694851282576534,-1.26051824110991,-7.90044896384043e-17,-1.79550721209128,0,0
1.499,0.724893589764779,0.691292287879045,-1.34717908676088,-1.91690759640069e-05,0.695316062323625,-1.26136139037652,-7.90573350279631e-17,-1.79670821064861,0,0
1.5,0.725377496937809,0.691753764296396,-1.3480784044437,-1.91818723985324e-05,0.695780224836348,-1.26220341992845,-7.91101102380641e-17,-1.79790761426213,0,0
1.501,0.725860759330842,0.692214625821512,-1.34897652383461,-1.91946517825046e-05,0.69624376887776,-1.26304432752179,-7.91628151280671e-17,-1.79910541973554,0,0
1.502,0.726343375654318,0.692674871224609,-1.34987344253701,-1.92074140818225e-05,0.696706693210918,-1.26388411091261,-7.92154495573319e-17,-1.80030162387256,0,0
1.503,0.726825344618677,0.693134499275902,-1.35076915815434,-1.92201592623849e-05,0.697168996598879,-1.264722767857,-7.92680133852184e-17,-1.80149622347693,0,0
1.504,0.727306664934358,0.693593508745606,-1.35166366829,-1.92328872900907e-05,0.697630677804702,-1.26556029611105,-7.93205064710863e-17,-1.80268921535236,0,0
1.505,0.727787335311803,0.694051898403938,-1.35255697054741,-1.92455981308389e-05,0.698091735591444,-1.26639669343083,-7.93729286742954e-17,-1.80388059630256,0,0
1.506,0.72826735446145,0.694509667021112,-1.35344906252998,-1.92582917505283e-05,0.698552168722162,-1.26723195757243,-7.94252798542055e-17,-1.80507036313126,0,0
1.507,0.728746721093739,0.694966813367345,-1.35433994184114,-1.92709681150578e-05,0.699011975959912,-1.26806608629193,-7.94775598701765e-17,-1.80625851264218,0,0
1.508,0.729225433919112,0.695423336212851,-1.3552296060843,-1.92836271903264e-05,0.699471156067754,-1.26889907734542,-7.95297685815681e-17,-1.80744504163903,0,0
1.509,0.729703491648007,0.695879234327847,-1.35611805286286,-1.92962689422328e-05,0.699929707808743,-1.26973092848897,-7.95819058477401e-17,-1.80862994692554,0,0
1.51,0.730180892990865,0.696334506482548,-1.35700527978026,-1.9308893336676e-05,0.700387629945938,-1.27056163747867,-7.96339715280524e-17,-1.80981322530543,0,0
1.511,0.730657636658126,0.696789151447168,-1.35789128443991,-1.9321500339555e-05,0.700844921242396,-1.27139120207061,-7.96859654818647e-17,-1.81099487358241,0,0
1.512,0.731133721360229,0.697243167991925,-1.35877606444522,-1.93340899167685e-05,0.701301580461174,-1.27221962002086,-7.97378875685369e-17,-1.81217488856021,0,0
1.513,0.731609145807615,0.697696554887034,-1.35965961739961,-1.93466620342155e-05,0.70175760636533,-1.2730468890855,-7.97897376474288e-17,-1.81335326704255,0,0
1.514,0.732083908710724,0.698149310902709,-1.36054194090649,-1.93592166577948e-05,0.70221299771792,-1.27387300702063,-7.98415155779001e-17,-1.81453000583314,0,0
1.515,0.732558008779997,0.698601434809167,-1.36142303256929,-1.93717537534055e-05,0.702667753282003,-1.27469797158233,-7.98932212193107e-17,-1.81570510173571,0,0
1.516,0.733031444725871,0.699052925376622,-1.36230288999141,-1.93842732869463e-05,0.703121871820635,-1.27552178052667,-7.99448544310204e-17,-1.81687855155397,0,0
1.517,0.733504215258789,0.699503781375291,-1.36318151077627,-1.93967752243161e-05,0.703575352096875,-1.27634443160973,-7.99964150723889e-17,-1.81805035209165,0,0
1.518,0.733976319089189,0.69995400157539,-1.3640588925273,-1.94092595314139e-05,0.704028192873779,-1.27716592258762,-8.00479030027761e-17,-1.81922050015246,0,0
1.519,0.734447754927512,0.700403584747133,-1.3649350328479,-1.94217261741385e-05,0.704480392914405,-1.27798625121639,-8.00993180815418e-17,-1.82038899254013,0,0
1.52,0.734918521484198,0.700852529660736,-1.36580992934149,-1.94341751183889e-05,0.70493195098181,-1.27880541525215,-8.01506601680458e-17,-1.82155582605837,0,0
1.521,0.735388617469687,0.701300835086415,-1.3666835796115,-1.94466063300639e-05,0.705382865839052,-1.27962341245096,-8.02019291216479e-17,-1.82272099751091,0,0
1.522,0.735858041594419,0.701748499794385,-1.36755598126132,-1.94590197750624e-05,0.705833136249188,-1.28044024056892,-8.02531248017078e-17,-1.82388450370146,0,0
1.523,0.736326792568833,0.702195522554861,-1.36842713189439,-1.94714154192833e-05,0.706282760975275,-1.28125589736211,-8.03042470675855e-17,-1.82504634143374,0,0
1.524,0.736794869103371,0.70264190213806,-1.36929702911411,-1.94837932286256e-05,0.70673173878037,-1.2820703805866,-8.03552957786407e-17,-1.82620650751148,0,0
1.525,0.737262269908471,0.703087637314197,-1.37016567052391,-1.9496153168988e-05,0.707180068427532,-1.28288368799849,-8.04062707942331e-17,-1.82736499873839,0,0
1.526,0.737728993694574,0.703532726853487,-1.3710330537272,-1.95084952062695e-05,0.707627748679818,-1.28369581735385,-8.04571719737227e-17,-1.8285218119182,0,0
1.527,0.73819503917212,0.703977169526146,-1.37189917632739,-1.9520819306369e-05,0.708074778300284,-1.28450676640876,-8.05079991764692e-17,-1.82967694385462,0,0
1.528,0.738660405051548,0.70442096410239,-1.3727640359279,-1.95331254351854e-05,0.708521156051988,-1.28531653291932,-8.05587522618324e-17,-1.83083039135137,0,0
1.529,0.7391250900433,0.704864109352433,-1.37362763013215,-1.95454135586176e-05,0.708966880697988,-1.2861251146416,-8.06094310891722e-17,-1.83198215121217,0,0
1.53,0.739589092857814,0.705306604046491,-1.37448995654356,-1.95576836425645e-05,0.709411951001342,-1.28693250933169,-8.06600355178483e-17,-1.83313222024075,0,0
1.531,0.740052412205532,0.705748446954781,-1.37535101276553,-1.95699356529249e-05,0.709856365725105,-1.28773871474567,-8.07105654072205e-17,-1.83428059524082,0,0
1.532,0.740515046796892,0.706189636847517,-1.37621079640149,-1.95821695555977e-05,0.710300123632336,-1.28854372863962,-8.07610206166486e-17,-1.8354272730161,0,0
1.533,0.740976995342336,0.706630172494915,-1.37706930505486,-1.95943853164819e-05,0.710743223486093,-1.28934754876962,-8.08114010054925e-17,-1.83657225037031,0,0
1.534,0.741438256552302,0.707070052667191,-1.37792653632904,-1.96065829014764e-05,0.711185664049432,-1.29015017289176,-8.08617064331119e-17,-1.83771552410718,0,0
1.535,0.741898829137231,0.70750927613456,-1.37878248782746,-1.961876227648e-05,0.71162744408541,-1.29095159876212,-8.09119367588667e-17,-1.83885709103041,0,0
1.536,0.742358711807563,0.707947841667238,-1.37963715715352,-1.96309234073916e-05,0.712068562357086,-1.29175182413678,-8.09620918421166e-17,-1.83999694794374,0,0
1.537,0.742817903273737,0.708385748035439,-1.38049054191066,-1.96430662601101e-05,0.712509017627517,-1.29255084677183,-8.10121715422215e-17,-1.84113509165088,0,0
1.538,0.743276402246195,0.708822994009381,-1.38134263970228,-1.96551908005345e-05,0.71294880865976,-1.29334866442335,-8.10621757185411e-17,-1.84227151895555,0,0
1.539,0.743734207435376,0.709259578359277,-1.38219344813179,-1.96672969945636e-05,0.713387934216872,-1.29414527484741,-8.11121042304353e-17,-1.84340622666147,0,0
1.54,0.74419131755172,0.709695499855344,-1.38304296480263,-1.96793848080962e-05,0.713826393061911,-1.29494067580012,-8.11619569372639e-17,-1.84453921157236,0,0
1.541,0.744647731305666,0.710130757267798,-1.38389118731819,-1.96914542070314e-05,0.714264183957934,-1.29573486503753,-8.12117336983866e-17,-1.84567047049194,0,0
1.542,0.745103447407656,0.710565349366853,-1.3847381132819,-1.9703505157268e-05,0.714701305667998,-1.29652784031575,-8.12614343731633e-17,-1.84680000022393,0,0
1.543,0.745558464568128,0.710999274922726,-1.38558374029718,-1.97155376247048e-05,0.715137756955162,-1.29731959939085,-8.13110588209538e-17,-1.84792779757206,0,0
1.544,0.746012781497524,0.711432532705632,-1.38642806596744,-1.97275515752408e-05,0.715573536582482,-1.29811014001892,-8.13606069011179e-17,-1.84905385934003,0,0
1.545,0.746466396906282,0.711865121485786,-1.38727108789609,-1.97395469747749e-05,0.716008643313015,-1.29889945995603,-8.14100784730153e-17,-1.85017818233157,0,0
1.546,0.746919309504843,0.712297040033403,-1.38811280368655,-1.9751523789206e-05,0.716443075909819,-1.29968755695828,-8.1459473396006e-17,-1.8513007633504,0,0
1.547,0.747371518003648,0.712728287118701,-1.38895321094225,-1.97634819844329e-05,0.716876833135952,-1.30047442878174,-8.15087915294496e-17,-1.85242159920024,0,0
1.548,0.747823021113135,0.713158861511893,-1.38979230726659,-1.97754215263546e-05,0.717309913754471,-1.30126007318249,-8.15580327327061e-17,-1.8535406866848,0,0
1.549,0.748273817543745,0.713588761983196,-1.39063009026299,-1.97873423808699e-05,0.717742316528433,-1.30204448791663,-8.16071968651352e-17,-1.85465802260782,0,0
1.55,0.748723906005919,0.714017987302825,-1.39146655753487,-1.97992445138778e-05,0.718174040220896,-1.30282767074023,-8.16562837860966e-17,-1.85577360377301,0,0
1.551,0.749173285210095,0.714446536240995,-1.39230170668564,-1.9811127891277e-05,0.718605083594916,-1.30360961940937,-8.17052933549503e-17,-1.85688742698408,0,0
1.552,0.749621953866714,0.714874407567923,-1.39313553531872,-1.98229924789667e-05,0.719035445413552,-1.30439033168014,-8.1754225431056e-17,-1.85799948904476,0,0
1.553,0.750069910686216,0.715301600053823,-1.39396804103753,-1.98348382428455e-05,0.71946512443986,-1.30516980530862,-8.18030798737735e-17,-1.85910978675877,0,0
1.554,0.750517154379042,0.715728112468912,-1.39479922144547,-1.98466651488124e-05,0.719894119436899,-1.30594803805089,-8.18518565424626e-17,-1.86021831692983,0,0
1.555,0.75096368365563,0.716153943583404,-1.39562907414598,-1.98584731627664e-05,0.720322429167724,-1.30672502766304,-8.19005552964832e-17,-1.86132507636165,0,0
1.556,0.751409497226421,0.716579092167515,-1.39645759674246,-1.98702622506063e-05,0.720750052395395,-1.30750077190115,-8.1949175995195e-17,-1.86243006185796,0,0
1.557,0.751854593801856,0.717003556991461,-1.39728478683833,-1.98820323782309e-05,0.721176987882968,-1.3082752685213,-8.19977184979578e-17,-1.86353327022248,0,0
1.558,0.752298972092373,0.717427336825457,-1.39811064203701,-1.98937835115392e-05,0.721603234393501,-1.30904851527958,-8.20461826641315e-17,-1.86463469825893,0,0
1.559,0.752742630808413,0.717850430439719,-1.39893515994191,-1.99055156164302e-05,0.72202879069005,-1.30982050993206,-8.20945683530758e-17,-1.86573434277102,0,0
1.56,0.753185568660417,0.718272836604463,-1.39975833815645,-1.99172286588025e-05,0.722453655535674,-1.31059125023483,-8.21428754241505e-17,-1.86683220056248,0,0
1.561,0.753627784358823,0.718694554089903,-1.40058017428405,-1.99289226045553e-05,0.72287782769343,-1.31136073394398,-8.21911037367155e-17,-1.86792826843702,0,0
1.562,0.754069276614073,0.719115581666256,-1.40140066592811,-1.99405974195873e-05,0.723301305926374,-1.31212895881558,-8.22392531501306e-17,-1.86902254319837,0,0
1.563,0.754510044136606,0.719535918103737,-1.40221981069207,-1.99522530697975e-05,0.723724088997565,-1.31289592260572,-8.22873235237555e-17,-1.87011502165025,0,0
1.564,0.754950085636861,0.719955562172561,-1.40303760617932,-1.99638895210847e-05,0.72414617567006,-1.31366162307048,-8.23353147169501e-17,-1.87120570059637,0,0
1.565,0.75538939982528,0.720374512642944,-1.4038540499933,-1.99755067393479e-05,0.724567564706917,-1.31442605796595,-8.23832265890742e-17,-1.87229457684046,0,0
1.566,0.755827985412302,0.720792768285102,-1.40466913973741,-1.99871046904859e-05,0.724988254871192,-1.3151892250482,-8.24310589994875e-17,-1.87338164718623,0,0
1.567,0.756265841108367,0.72121032786925,-1.40548287301508,-1.99986833403976e-05,0.725408244925942,-1.31595112207332,-8.24788118075499e-17,-1.87446690843741,0,0
1.568,0.756702965623915,0.721627190165603,-1.40629524742971,-2.0010242654982e-05,0.725827533634227,-1.3167117467974,-8.25264848726212e-17,-1.87555035739772,0,0
1.569,0.757139357669386,0.722043353944378,-1.40710626058473,-2.00217826001378e-05,0.726246119759101,-1.31747109697651,-8.25740780540612e-17,-1.87663199087086,0,0
1.57,0.75757501595522,0.722458817975789,-1.40791591008355,-2.00333031417641e-05,0.726664002063625,-1.31822917036674,-8.26215912112296e-17,-1.87771180566057,0,0
1.571,0.758009939191857,0.722873581030052,-1.40872419352958,-2.00448042457597e-05,0.727081179310853,-1.31898596472417,-8.26690242034864e-17,-1.87878979857057,0,0
1.572,0.758444126089738,0.723287641877384,-1.40953110852625,-2.00562858780234e-05,0.727497650263844,-1.31974147780489,-8.27163768901912e-17,-1.87986596640457,0,0
1.573,0.758877575359301,0.723700999287998,-1.41033665267697,-2.00677480044543e-05,0.727913413685656,-1.32049570736497,-8.2763649130704e-17,-1.8809403059663,0,0
1.574,0.759310285710988,0.724113652032111,-1.41114082358515,-2.00791905909512e-05,0.728328468339346,-1.3212486511605,-8.28108407843844e-17,-1.88201281405946,0,0
1.575,0.759742255855238,0.724525598879938,-1.41194361885422,-2.00906136034129e-05,0.72874281298797,-1.32200030694756,-8.28579517105924e-17,-1.88308348748779,0,0
1.576,0.760173484502491,0.724936838601695,-1.41274503608758,-2.01020170077384e-05,0.729156446394587,-1.32275067248224,-8.29049817686877e-17,-1.88415232305501,0,0
1.577,0.760603970363187,0.725347369967598,-1.41354507288866,-2.01134007698265e-05,0.729569367322253,-1.32349974552062,-8.29519308180301e-17,-1.88521931756482,0,0
1.578,0.761033712147766,0.725757191747861,-1.41434372686086,-2.01247648555762e-05,0.729981574534027,-1.32424752381878,-8.29987987179794e-17,-1.88628446782096,0,0
1.579,0.761462708566668,0.726166302712701,-1.41514099560761,-2.01361092308864e-05,0.730393066792965,-1.3249940051328,-8.30455853278954e-17,-1.88734777062715,0,0
1.58,0.761890958330334,0.726574701632333,-1.41593687673233,-2.01474338616559e-05,0.730803842862125,-1.32573918721877,-8.3092290507138e-17,-1.88840922278709,0,0
1.581,0.762318460149202,0.726982387276972,-1.41673136783842,-2.01587387137837e-05,0.731213901504564,-1.32648306783276,-8.31389141150668e-17,-1.88946882110452,0,0
1.582,0.762745212733714,0.727389358416835,-1.41752446652931,-2.01700237531686e-05,0.73162324148334,-1.32722564473087,-8.31854560110419e-17,-1.89052656238315,0,0
1.583,0.763171214794309,0.727795613822135,-1.41831617040841,-2.01812889457095e-05,0.73203186156151,-1.32796691566918,-8.32319160544228e-17,-1.8915824434267,0,0
1.584,0.763596465041427,0.72820115226309,-1.41910647707913,-2.01925342573053e-05,0.732439760502132,-1.32870687840376,-8.32782941045696e-17,-1.89263646103889,0,0
1.585,0.764020962185509,0.728605972509915,-1.4198953841449,-2.02037596538549e-05,0.732846937068262,-1.3294455306907,-8.33245900208418e-17,-1.89368861202345,0,0
1.586,0.764444704936993,0.729010073332825,-1.42068288920913,-2.02149651012573e-05,0.733253390022958,-1.33018287028608,-8.33708036625994e-17,-1.89473889318408,0,0
1.587,0.764867692006321,0.729413453502035,-1.42146898987524,-2.02261505654112e-05,0.733659118129278,-1.330918894946,-8.34169348892022e-17,-1.89578730132452,0,0
1.588,0.765289922103932,0.729816111787762,-1.42225368374663,-2.02373160122156e-05,0.734064120150279,-1.33165360242652,-8.34629835600099e-17,-1.89683383324847,0,0
1.589,0.765711393940266,0.73021804696022,-1.42303696842673,-2.02484614075694e-05,0.734468394849018,-1.33238699048373,-8.35089495343824e-17,-1.89787848575967,0,0
1.59,0.766132106225763,0.730619257789625,-1.42381884151896,-2.02595867173715e-05,0.734871940988553,-1.33311905687371,-8.35548326716795e-17,-1.89892125566183,0,0
1.591,0.766552057670863,0.731019743046193,-1.42459930062673,-2.02706919075208e-05,0.735274757331941,-1.33384979935256,-8.36006328312609e-17,-1.89996213975867,0,0
1.592,0.766971246986007,0.73141950150014,-1.42537834335345,-2.02817769439162e-05,0.73567684264224,-1.33457921567634,-8.36463498724866e-17,-1.9010011348539,0,0
1.593,0.767389672881634,0.73181853192168,-1.42615596730255,-2.02928417924565e-05,0.736078195682506,-1.33530730360115,-8.36919836547161e-17,-1.90203823775126,0,0
1.594,0.767807334068184,0.73221683308103,-1.42693217007744,-2.03038864190406e-05,0.736478815215797,-1.33603406088306,-8.37375340373095e-17,-1.90307344525446,0,0
1.595,0.768224229256098,0.732614403748405,-1.42770694928153,-2.03149107895675e-05,0.736878700005171,-1.33675948527816,-8.37830008796265e-17,-1.90410675416721,0,0
1.596,0.768640357155814,0.73301124269402,-1.42848030251824,-2.03259148699361e-05,0.737277848813685,-1.33748357454253,-8.38283840410269e-17,-1.90513816129325,0,0
1.597,0.769055716477774,0.733407348688091,-1.42925222739099,-2.03368986260451e-05,0.737676260404396,-1.33820632643226,-8.38736833808704e-17,-1.90616766343628,0,0
1.598,0.769470305932417,0.733802720500834,-1.43002272150319,-2.03478620237936e-05,0.738073933540362,-1.33892773870342,-8.3918898758517e-17,-1.90719525740004,0,0
1.599,0.769884124230184,0.734197356902463,-1.43079178245826,-2.03588050290804e-05,0.73847086698464,-1.33964780911211,-8.39640300333263e-17,-1.90822093998823,0,0
1.6,0.770297170081513,0.734591256663195,-1.43155940785962,-2.03697276078045e-05,0.738867059500288,-1.34036653541439,-8.40090770646583e-17,-1.90924470800458,0,0
1.601,0.770709442196846,0.734984418553246,-1.43232559531068,-2.03806297258646e-05,0.739262509850362,-1.34108391536637,-8.40540397118727e-17,-1.91026655825281,0,0
1.602,0.771120939286623,0.73537684134283,-1.43309034241486,-2.03915113491598e-05,0.739657216797921,-1.3417999467241,-8.40989178343293e-17,-1.91128648753663,0,0
1.603,0.771531660061282,0.735768523802163,-1.43385364677557,-2.04023724435888e-05,0.740051179106021,-1.3425146272437,-8.41437112913879e-17,-1.91230449265978,0,0
1.604,0.771941603231265,0.73615946470146,-1.43461550599623,-2.04132129750507e-05,0.74044439553772,-1.34322795468122,-8.41884199424084e-17,-1.91332057042596,0,0
1.605,0.772350767507011,0.736549662810938,-1.43537591768026,-2.04240329094442e-05,0.740836864856075,-1.34393992679276,-8.42330436467504e-17,-1.9143347176389,0,0
1.606,0.77275915159896,0.736939116900812,-1.43613487943107,-2.04348322126683e-05,0.741228585824144,-1.3446505413344,-8.42775822637739e-17,-1.91534693110231,0,0
1.607,0.773166754217553,0.737327825741297,-1.43689238885208,-2.04456108506218e-05,0.741619557204985,-1.34535979606222,-8.43220356528387e-17,-1.91635720761993,0,0
1.608,0.773573574073229,0.737715788102608,-1.43764844354671,-2.04563687892037e-05,0.742009777761654,-1.34606768873231,-8.43664036733045e-17,-1.91736554399546,0,0
1.609,0.773979609876428,0.738103002754962,-1.43840304111836,-2.04671059943129e-05,0.742399246257208,-1.34677421710075,-8.44106861845311e-17,-1.91837193703262,0,0
1.61,0.774384860337591,0.738489468468574,-1.43915617917047,-2.04778224318482e-05,0.742787961454706,-1.34747937892361,-8.44548830458784e-17,-1.91937638353514,0,0
1.611,0.774789324167156,0.738875184013659,-1.43990785530644,-2.04885180677086e-05,0.743175922117205,-1.34818317195699,-8.44989941167061e-17,-1.92037888030674,0,0
1.612,0.775193000075566,0.739260148160434,-1.44065806712968,-2.04991928677929e-05,0.743563127007761,-1.34888559395697,-8.45430192563741e-17,-1.92137942415114,0,0
1.613,0.775595886773258,0.739644359679112,-1.44140681224363,-2.05098467980001e-05,0.743949574889433,-1.34958664267963,-8.45869583242421e-17,-1.92237801187205,0,0
1.614,0.775997982970674,0.740027817339911,-1.44215408825168,-2.05204798242289e-05,0.744335264525278,-1.35028631588104,-8.46308111796701e-17,-1.92337464027319,0,0
1.615,0.776399287378253,0.740410519913045,-1.44289989275727,-2.05310919123784e-05,0.744720194678353,-1.35098461131731,-8.46745776820176e-17,-1.92436930615829,0,0
1.616,0.776799798706436,0.74079246616873,-1.4436442233638,-2.05416830283474e-05,0.745104364111715,-1.3516815267445,-8.47182576906447e-17,-1.92536200633107,0,0
1.617,0.777199515665662,0.741173654877182,-1.44438707767468,-2.05522531380348e-05,0.745487771588422,-1.35237705991869,-8.4761851064911e-17,-1.92635273759524,0,0
1.618,0.777598436966371,0.741554084808616,-1.44512845329335,-2.05628022073395e-05,0.745870415871532,-1.35307120859599,-8.48053576641765e-17,-1.92734149675452,0,0
1.619,0.777996561319004,0.741933754733247,-1.44586834782321,-2.05733302021604e-05,0.746252295724101,-1.35376397053246,-8.48487773478008e-17,-1.92832828061264,0,0
1.62,0.778393887434,0.742312663421291,-1.44660675886768,-2.05838370883963e-05,0.746633409909187,-1.35445534348418,-8.48921099751437e-17,-1.92931308597332,0,0
1.621,0.778790414021799,0.742690809642965,-1.44734368403017,-2.05943228319463e-05,0.747013757189847,-1.35514532520725,-8.49353554055652e-17,-1.93029590964026,0,0
1.622,0.779186139792842,0.743068192168482,-1.44807912091411,-2.06047873987091e-05,0.74739333632914,-1.35583391345775,-8.4978513498425e-17,-1.93127674841721,0,0
1.623,0.779581063457568,0.743444809768059,-1.4488130671229,-2.06152307545837e-05,0.747772146090121,-1.35652110599175,-8.50215841130829e-17,-1.93225559910786,0,0
1.624,0.779975183726417,0.743820661211912,-1.44954552025997,-2.06256528654689e-05,0.748150185235849,-1.35720690056534,-8.50645671088987e-17,-1.93323245851595,0,0
1.625,0.78036849930983,0.744195745270255,-1.45027647792872,-2.06360536972637e-05,0.748527452529381,-1.3578912949346,-8.51074623452322e-17,-1.93420732344519,0,0
1.626,0.780761008918247,0.744570060713305,-1.45100593773259,-2.0646433215867e-05,0.748903946733774,-1.35857428685562,-8.51502696814432e-17,-1.93518019069931,0,0
1.627,0.781152711262107,0.744943606311276,-1.45173389727497,-2.06567913871776e-05,0.749279666612086,-1.35925587408448,-8.51929889768915e-17,-1.93615105708201,0,0
1.628,0.78154360505185,0.745316380834385,-1.45246035415929,-2.06671281770944e-05,0.749654610927374,-1.35993605437726,-8.52356200909369e-17,-1.93711991939704,0,0
1.629,0.781933688997916,0.745688383052847,-1.45318530598897,-2.06774435515163e-05,0.750028778442696,-1.36061482549004,-8.52781628829393e-17,-1.93808677444809,0,0
1.63,0.782322961810746,0.746059611736877,-1.45390875036742,-2.06877374763423e-05,0.750402167921108,-1.36129218517891,-8.53206172122584e-17,-1.93905161903889,0,0
1.631,0.78271142220078,0.746430065656692,-1.45463068489806,-2.06980099174712e-05,0.750774778125668,-1.36196813119995,-8.53629829382541e-17,-1.94001444997317,0,0
1.632,0.783099068878457,0.746799743582505,-1.4553511071843,-2.07082608408018e-05,0.751146607819434,-1.36264266130925,-8.5405259920286e-17,-1.94097526405464,0,0
1.633,0.783485900554217,0.747168644284534,-1.45607001482956,-2.07184902122332e-05,0.751517655765463,-1.36331577326287,-8.54474480177141e-17,-1.94193405808702,0,0
1.634,0.783871915938501,0.747536766532994,-1.45678740543725,-2.07286979976642e-05,0.751887920726812,-1.36398746481692,-8.54895470898982e-17,-1.94289082887403,0,0
1.635,0.784257113741748,0.747904109098099,-1.4575032766108,-2.07388841629937e-05,0.752257401466539,-1.36465773372747,-8.5531556996198e-17,-1.9438455732194,0,0
1.636,0.784641492674399,0.748270670750066,-1.45821762595361,-2.07490486741205e-05,0.752626096747701,-1.3653265777506,-8.55734775959734e-17,-1.94479828792683,0,0
1.637,0.785025051446893,0.748636450259111,-1.45893045106911,-2.07591914969436e-05,0.752994005333355,-1.36599399464239,-8.56153087485841e-17,-1.94574896980006,0,0
1.638,0.78540778876967,0.749001446395448,-1.45964174956071,-2.07693125973619e-05,0.75336112598656,-1.36665998215894,-8.565705031339e-17,-1.94669761564279,0,0
1.639,0.785789703353171,0.749365657929293,-1.46035151903182,-2.07794119412743e-05,0.753727457470371,-1.36732453805632,-8.56987021497508e-17,-1.94764422225876,0,0
1.64,0.786170793907836,0.749729083630862,-1.46105975708587,-2.07894894945796e-05,0.754092998547847,-1.36798766009061,-8.57402641170265e-17,-1.94858878645167,0,0
1.641,0.786551059144104,0.75009172227037,-1.46176646132626,-2.07995452231768e-05,0.754457747982045,-1.3686493460179,-8.57817360745766e-17,-1.94953130502526,0,0
1.642,0.786930497772416,0.750453572618034,-1.46247162935642,-2.08095790929647e-05,0.754821704536022,-1.36930959359427,-8.58231178817612e-17,-1.95047177478324,0,0
1.643,0.787309108503211,0.750814633444067,-1.46317525877977,-2.08195910698422e-05,0.755184866972836,-1.36996840057581,-8.58644093979399e-17,-1.95141019252932,0,0
1.644,0.787686890046929,0.751174903518686,-1.46387734719971,-2.08295811197083e-05,0.755547234055545,-1.37062576471859,-8.59056104824727e-17,-1.95234655506724,0,0
1.645,0.788063841114011,0.751534381612107,-1.46457789221966,-2.08395492084617e-05,0.755908804547204,-1.3712816837787,-8.59467209947192e-17,-1.9532808592007,0,0
1.646,0.788439960414897,0.751893066494545,-1.46527689144304,-2.08494953020015e-05,0.756269577210873,-1.37193615551222,-8.59877407940393e-17,-1.95421310173344,0,0
1.647,0.788815246660026,0.752250956936215,-1.46597434247327,-2.08594193662266e-05,0.756629550809607,-1.37258917767524,-8.60286697397928e-17,-1.95514327946916,0,0
1.648,0.789189698559838,0.752608051707333,-1.46667024291376,-2.08693213670357e-05,0.756988724106466,-1.37324074802383,-8.60695076913396e-17,-1.95607138921159,0,0
1.649,0.789563314824774,0.752964349578115,-1.46736459036792,-2.08792012703278e-05,0.757347095864505,-1.37389086431409,-8.61102545080393e-17,-1.95699742776445,0,0
1.65,0.789936094165274,0.753319849318776,-1.46805738243919,-2.08890590420018e-05,0.757704664846783,-1.37453952430209,-8.61509100492518e-17,-1.95792139193145,0,0
1.651,0.790308035291777,0.753674549699531,-1.46874861673096,-2.08988946479566e-05,0.758061429816356,-1.37518672574391,-8.6191474174337e-17,-1.95884327851633,0,0
1.652,0.790679136914724,0.754028449490597,-1.46943829084666,-2.0908708054091e-05,0.758417389536283,-1.37583246639564,-8.62319467426545e-17,-1.95976308432279,0,0
1.653,0.791049397744554,0.754381547462188,-1.4701264023897,-2.09184992263041e-05,0.75877254276962,-1.37647674401337,-8.62723276135643e-17,-1.96068080615456,0,0
1.654,0.791418816491708,0.75473384238452,-1.4708129489635,-2.09282681304946e-05,0.759126888279425,-1.37711955635316,-8.63126166464261e-17,-1.96159644081536,0,0
1.655,0.791787391866626,0.755085333027809,-1.47149792817148,-2.09380147325614e-05,0.759480424828755,-1.37776090117112,-8.63528137005998e-17,-1.96250998510891,0,0
1.656,0.792155122579746,0.75543601816227,-1.47218133761704,-2.09477389984035e-05,0.759833151180668,-1.37840077622331,-8.63929186354451e-17,-1.96342143583892,0,0
1.657,0.792522007341511,0.755785896558119,-1.47286317490362,-2.09574408939198e-05,0.760185066098221,-1.37903917926583,-8.64329313103217e-17,-1.96433078980912,0,0
1.658,0.792888044862359,0.756134966985572,-1.47354343763462,-2.09671203850091e-05,0.760536168344471,-1.37967610805475,-8.64728515845897e-17,-1.96523804382322,0,0
1.659,0.793253233852731,0.756483228214843,-1.47422212341345,-2.09767774375703e-05,0.760886456682476,-1.38031156034616,-8.65126793176087e-17,-1.96614319468495,0,0
1.66,0.793617573023066,0.756830679016148,-1.47489922984355,-2.09864120175024e-05,0.761235929875293,-1.38094553389615,-8.65524143687386e-17,-1.96704623919803,0,0
1.661,0.793981061083805,0.757177318159704,-1.47557475452831,-2.09960240907041e-05,0.76158458668598,-1.38157802646078,-8.65920565973391e-17,-1.96794717416617,0,0
1.662,0.794343696745387,0.757523144415725,-1.47624869507117,-2.10056136230745e-05,0.761932425877593,-1.38220903579616,-8.663160586277e-17,-1.9688459963931,0,0
1.663,0.794705478718253,0.757868156554427,-1.47692104907553,-2.10151805805124e-05,0.762279446213191,-1.38283855965835,-8.66710620243913e-17,-1.96974270268254,0,0
1.664,0.795066405712843,0.758212353346025,-1.47759181414481,-2.10247249289167e-05,0.762625646455831,-1.38346659580344,-8.67104249415626e-17,-1.9706372898382,0,0
1.665,0.795426476439596,0.758555733560735,-1.47826098788242,-2.10342466341863e-05,0.762971025368569,-1.38409314198752,-8.67496944736437e-17,-1.9715297546638,0,0
1.666,0.795785689608953,0.758898295968773,-1.47892856789179,-2.104374566222e-05,0.763315581714464,-1.38471819596667,-8.67888704799945e-17,-1.97242009396307,0,0
1.667,0.796144043931354,0.759240039340354,-1.47959455177633,-2.10532219789169e-05,0.763659314256573,-1.38534175549697,-8.68279528199749e-17,-1.97330830453973,0,0
1.668,0.796501538117238,0.759580962445693,-1.48025893713945,-2.10626755501757e-05,0.764002221757953,-1.38596381833451,-8.68669413529445e-17,-1.97419438319749,0,0
1.669,0.796858170877046,0.759921064055007,-1.48092172158458,-2.10721063418954e-05,0.764344302981661,-1.38658438223535,-8.69058359382632e-17,-1.97507832674007,0,0
1.67,0.797213940921217,0.76026034293851,-1.48158290271512,-2.10815143199749e-05,0.764685556690756,-1.3872034449556,-8.69446364352907e-17,-1.9759601319712,0,0
1.671,0.797568846960192,0.760598797866419,-1.4822424781345,-2.1090899450313e-05,0.765025981648293,-1.38782100425133,-8.6983342703387e-17,-1.97683979569459,0,0
1.672,0.797922887704411,0.760936427608948,-1.48290044544612,-2.11002616988086e-05,0.765365576617332,-1.38843705787863,-8.70219546019117e-17,-1.97771731471397,0,0
1.673,0.798276061864313,0.761273230936313,-1.48355680225341,-2.11096010313607e-05,0.765704340360928,-1.38905160359357,-8.70604719902248e-17,-1.97859268583305,0,0
1.674,0.79862836815034,0.761609206618731,-1.48421154615979,-2.11189174138681e-05,0.76604227164214,-1.38966463915224,-8.7098894727686e-17,-1.97946590585555,0,0
1.675,0.798979805272929,0.761944353426415,-1.48486467476866,-2.11282108122298e-05,0.766379369224025,-1.39027616231073,-8.71372226736551e-17,-1.98033697158519,0,0
1.676,0.799330371942523,0.762278670129583,-1.48551618568345,-2.11374811923446e-05,0.76671563186964,-1.39088617082511,-8.71754556874919e-17,-1.9812058798257,0,0
1.677,0.79968006686956,0.762612155498449,-1.48616607650757,-2.11467285201114e-05,0.767051058342042,-1.39149466245148,-8.72135936285562e-17,-1.98207262738079,0,0
1.678,0.800028888764481,0.762944808303228,-1.48681434484444,-2.11559527614291e-05,0.76738564740429,-1.3921016349459,-8.72516363562078e-17,-1.98293721105419,0,0
1.679,0.800376836337725,0.763276627314138,-1.48746098829746,-2.11651538821966e-05,0.76771939781944,-1.39270708606447,-8.72895837298066e-17,-1.9837996276496,0,0
1.68,0.800723908299733,0.763607611301392,-1.48810600447007,-2.11743318483128e-05,0.768052308350549,-1.39331101356326,-8.73274356087123e-17,-1.98465987397076,0,0
1.681,0.801070103360945,0.763937759035206,-1.48874939096568,-2.11834866256766e-05,0.768384377760676,-1.39391341519837,-8.73651918522847e-17,-1.98551794682138,0,0
1.682,0.801415420231801,0.764267069285797,-1.48939114538769,-2.11926181801868e-05,0.768715604812876,-1.39451428872587,-8.74028523198837e-17,-1.98637384300518,0,0
1.683,0.80175985762274,0.764595540823379,-1.49003126533954,-2.12017264777425e-05,0.769045988270209,-1.39511363190184,-8.7440416870869e-17,-1.98722755932588,0,0
1.684,0.802103414244203,0.764923172418168,-1.49066974842462,-2.12108114842424e-05,0.769375526895732,-1.39571144248237,-8.74778853646005e-17,-1.98807909258721,0,0
1.685,0.80244608880663,0.76524996284038,-1.49130659224637,-2.12198731655855e-05,0.7697042194525,-1.39630771822355,-8.75152576604379e-17,-1.98892843959287,0,0
1.686,0.80278788002046,0.76557591086023,-1.4919417944082,-2.12289114876706e-05,0.770032064703573,-1.39690245688144,-8.7552533617741e-17,-1.9897755971466,0,0
1.687,0.803128786596134,0.765901015247934,-1.49257535251351,-2.12379264163967e-05,0.770359061412007,-1.39749565621215,-8.75897130958698e-17,-1.99062056205211,0,0
1.688,0.803468807244092,0.766225274773707,-1.49320726416574,-2.12469179176626e-05,0.77068520834086,-1.39808731397174,-8.76267959541838e-17,-1.99146333111311,0,0
1.689,0.803807940674774,0.766548688207765,-1.49383752696829,-2.12558859573673e-05,0.771010504253189,-1.39867742791631,-8.76637820520431e-17,-1.99230390113334,0,0
1.69,0.804146185598619,0.766871254320322,-1.49446613852458,-2.12648305014096e-05,0.771334947912051,-1.39926599580194,-8.77006712488073e-17,-1.99314226891651,0,0
1.691,0.804483540726068,0.767192971881596,-1.49509309643803,-2.12737515156884e-05,0.771658538080504,-1.3998530153847,-8.77374634038363e-17,-1.99397843126633,0,0
1.692,0.804820004767561,0.767513839661801,-1.49571839831205,-2.12826489661027e-05,0.771981273521606,-1.40043848442068,-8.77741583764899e-17,-1.99481238498654,0,0
1.693,0.805155576433538,0.767833856431153,-1.49634204175006,-2.12915228185512e-05,0.772303152998413,-1.40102240066596,-8.78107560261279e-17,-1.99564412688085,0,0
1.694,0.805490254434439,0.768153020959867,-1.49696402435548,-2.1300373038933e-05,0.772624175273983,-1.40160476187664,-8.784725621211e-17,-1.99647365375297,0,0
1.695,0.805824037480703,0.76847133201816,-1.49758434373172,-2.13091995931468e-05,0.772944339111373,-1.40218556580878,-8.78836587937961e-17,-1.99730096240664,0,0
1.696,0.806156924282771,0.768788788376245,-1.49820299748219,-2.13180024470917e-05,0.773263643273642,-1.40276481021847,-8.7919963630546e-17,-1.99812604964556,0,0
1.697,0.806488913551083,0.76910538880434,-1.49881998321033,-2.13267815666664e-05,0.773582086523845,-1.4033424928618,-8.79561705817196e-17,-1.99894891227346,0,0
1.698,0.806820003996078,0.769421132072659,-1.49943529851953,-2.13355369177699e-05,0.773899667625041,-1.40391861149485,-8.79922795066765e-17,-1.99976954709406,0,0
1.699,0.807150194328198,0.769736016951418,-1.50004894101322,-2.13442684663011e-05,0.774216385340287,-1.4044931638737,-8.80282902647767e-17,-2.00058795091108,0,0
1.7,0.807479483257881,0.770050042210833,-1.50066090829481,-2.13529761781589e-05,0.77453223843264,-1.40506614775443,-8.80642027153798e-17,-2.00140412052824,0,0
1.701,0.807807869495568,0.770363206621119,-1.50127119796772,-2.13616600192421e-05,0.774847225665157,-1.40563756089313,-8.81000167178458e-17,-2.00221805274925,0,0
1.702,0.808135351751699,0.770675508952491,-1.50187980763536,-2.13703199554497e-05,0.775161345800897,-1.40620740104588,-8.81357321315343e-17,-2.00302974437784,0,0
1.703,0.808461928736714,0.770986947975166,-1.50248673490116,-2.13789559526805e-05,0.775474597602916,-1.40677566596875,-8.81713488158053e-17,-2.00383919221773,0,0
1.704,0.808787599161052,0.771297522459358,-1.50309197736852,-2.13875679768334e-05,0.775786979834272,-1.40734235341785,-8.82068666300186e-17,-2.00464639307264,0,0
1.705,0.809112361735154,0.771607231175284,-1.50369553264087,-2.13961559938074e-05,0.776098491258022,-1.40790746114924,-8.82422854335339e-17,-2.00545134374628,0,0
1.706,0.809436215169461,0.771916072893158,-1.50429739832162,-2.14047199695013e-05,0.776409130637224,-1.40847098691901,-8.8277605085711e-17,-2.00625404104238,0,0
1.707,0.809759158174411,0.772224046383197,-1.50489757201418,-2.14132598698141e-05,0.776718896734934,-1.40903292848325,-8.83128254459097e-17,-2.00705448176466,0,0
1.708,0.810081189460444,0.772531150415615,-1.50549605132197,-2.14217756606445e-05,0.777027788314211,-1.40959328359803,-8.83479463734899e-17,-2.00785266271683,0,0
1.709,0.810402307738002,0.772837383760629,-1.50609283384842,-2.14302673078916e-05,0.777335804138112,-1.41015205001944,-8.83829677278113e-17,-2.00864858070262,0,0
1.71,0.810722511717524,0.773142745188453,-1.50668791719693,-2.14387347774541e-05,0.777642942969693,-1.41070922550356,-8.84178893682338e-17,-2.00944223252575,0,0
1.711,0.811041800109449,0.773447233469304,-1.50728129897091,-2.14471780352311e-05,0.777949203572013,-1.41126480780647,-8.84527111541171e-17,-2.01023361498993,0,0
1.712,0.811360171624219,0.773750847373397,-1.5078729767738,-2.14555970471213e-05,0.778254584708129,-1.41181879468426,-8.84874329448211e-17,-2.01102272489889,0,0
1.713,0.811677624972272,0.774053585670948,-1.508462948209,-2.14639917790237e-05,0.778559085141098,-1.41237118389302,-8.85220545997056e-17,-2.01180955905634,0,0
1.714,0.811994158864049,0.774355447132171,-1.50905121087992,-2.14723621968372e-05,0.778862703633977,-1.41292197318881,-8.85565759781303e-17,-2.01259411426601,0,0
1.715,0.81230977200999,0.774656430527283,-1.50963776239,-2.14807082664607e-05,0.779165438949825,-1.41347116032773,-8.85909969394551e-17,-2.01337638733161,0,0
1.716,0.812624463120535,0.774956534626499,-1.51022260034263,-2.1489029953793e-05,0.779467289851698,-1.41401874306586,-8.86253173430397e-17,-2.01415637505687,0,0
1.717,0.812938230906123,0.775255758200034,-1.51080572234124,-2.14973272247331e-05,0.779768255102653,-1.41456471915928,-8.86595370482441e-17,-2.0149340742455,0,0
1.718,0.813251074077196,0.775554100018105,-1.51138712598925,-2.15056000451799e-05,0.780068333465749,-1.41510908636408,-8.86936559144279e-17,-2.01570948170122,0,0
1.719,0.813562991344193,0.775851558850926,-1.51196680889006,-2.15138483810321e-05,0.780367523704042,-1.41565184243633,-8.8727673800951e-17,-2.01648259422777,0,0
1.72,0.813873981417553,0.776148133468713,-1.51254476864711,-2.15220721981889e-05,0.78066582458059,-1.41619298513212,-8.87615905671733e-17,-2.01725340862884,0,0
1.721,0.814184043007718,0.776443822641682,-1.51312100286379,-2.15302714625489e-05,0.78096323485845,-1.41673251220754,-8.87954060724544e-17,-2.01802192170817,0,0
1.722,0.814493174825126,0.776738625140049,-1.51369550914353,-2.15384461400112e-05,0.781259753300679,-1.41727042141866,-8.88291201761542e-17,-2.01878813026947,0,0
1.723,0.814801375580218,0.777032539734028,-1.51426828508975,-2.15465961964745e-05,0.781555378670336,-1.41780671052156,-8.88627327376325e-17,-2.01955203111646,0,0
1.724,0.815108643983434,0.777325565193835,-1.51483932830586,-2.15547215978379e-05,0.781850109730477,-1.41834137727234,-8.88962436162491e-17,-2.02031362105287,0,0
1.725,0.815414978745215,0.777617700289687,-1.51540863639527,-2.15628223100002e-05,0.78214394524416,-1.41887441942707,-8.89296526713638e-17,-2.02107289688241,0,0
1.726,0.815720378575999,0.777908943791797,-1.51597620696141,-2.15708982988603e-05,0.782436883974441,-1.41940583474184,-8.89629597623365e-17,-2.0218298554088,0,0
1.727,0.816024842186227,0.778199294470383,-1.51654203760769,-2.15789495303171e-05,0.78272892468438,-1.41993562097273,-8.89961647485268e-17,-2.02258449343577,0,0
1.728,0.816328368286339,0.778488751095659,-1.51710612593752,-2.15869759702695e-05,0.783020066137032,-1.42046377587582,-8.90292674892947e-17,-2.02333680776703,0,0
1.729,0.816630955586775,0.77877731243784,-1.51766846955432,-2.15949775846163e-05,0.783310307095455,-1.4209902972072,-8.90622678439999e-17,-2.0240867952063,0,0
1.73,0.816932602797975,0.779064977267144,-1.51822906606152,-2.16029543392566e-05,0.783599646322707,-1.42151518272294,-8.90951656720023e-17,-2.0248344525573,0,0
1.731,0.817233308630379,0.779351744353784,-1.51878791306251,-2.1610906200089e-05,0.783888082581845,-1.42203843017913,-8.91279608326615e-17,-2.02557977662376,0,0
1.732,0.817533071794426,0.779637612467977,-1.51934500816073,-2.16188331330127e-05,0.784175614635926,-1.42256003733186,-8.91606531853375e-17,-2.02632276420938,0,0
1.733,0.817831891000558,0.779922580379938,-1.51990034895958,-2.16267351039264e-05,0.784462241248008,-1.4230800019372,-8.91932425893901e-17,-2.0270634121179,0,0
1.734,0.818129764959214,0.780206646859882,-1.52045393306249,-2.1634612078729e-05,0.784747961181148,-1.42359832175124,-8.9225728904179e-17,-2.02780171715303,0,0
1.735,0.818426692380834,0.780489810678026,-1.52100575807286,-2.16424640233195e-05,0.785032773198404,-1.42411499453007,-8.92581119890641e-17,-2.02853767611849,0,0
1.736,0.818722671975858,0.780772070604584,-1.52155582159412,-2.16502909035967e-05,0.785316676062833,-1.42463001802975,-8.92903917034051e-17,-2.029271285818,0,0
1.737,0.819017702454726,0.781053425409772,-1.52210412122968,-2.16580926854596e-05,0.785599668537492,-1.42514339000639,-8.93225679065619e-17,-2.03000254305528,0,0
1.738,0.819311782527878,0.781333873863806,-1.52265065458296,-2.16658693348069e-05,0.785881749385438,-1.42565510821606,-8.93546404578942e-17,-2.03073144463405,0,0
1.739,0.819604910905753,0.781613414736902,-1.52319541925737,-2.16736208175377e-05,0.786162917369729,-1.42616517041484,-8.93866092167619e-17,-2.03145798735803,0,0
1.74,0.819897086298793,0.781892046799274,-1.52373841285633,-2.16813470995508e-05,0.786443171253423,-1.42667357435881,-8.94184740425248e-17,-2.03218216803094,0,0
1.741,0.820188307417437,0.782169768821139,-1.52427963298326,-2.1689048146745e-05,0.786722509799577,-1.42718031780407,-8.94502347945427e-17,-2.0329039834565,0,0
1.742,0.820478572972125,0.782446579572711,-1.52481907724156,-2.16967239250194e-05,0.787000931771248,-1.42768539850668,-8.94818913321753e-17,-2.03362343043843,0,0
1.743,0.820767881673297,0.782722477824207,-1.52535674323467,-2.17043744002728e-05,0.787278435931493,-1.42818881422274,-8.95134435147825e-17,-2.03434050578045,0,0
1.744,0.821056232231393,0.782997462345841,-1.52589262856599,-2.1711999538404e-05,0.78755502104337,-1.42869056270833,-8.95448912017241e-17,-2.03505520628627,0,0
1.745,0.821343623356853,0.78327153190783,-1.52642673083894,-2.1719599305312e-05,0.787830685869937,-1.42919064171952,-8.95762342523599e-17,-2.03576752875963,0,0
1.746,0.821630053760118,0.783544685280389,-1.52695904765694,-2.17271736668957e-05,0.78810542917425,-1.42968904901241,-8.96074725260497e-17,-2.03647747000424,0,0
1.747,0.821915522151626,0.783816921233733,-1.5274895766234,-2.1734722589054e-05,0.788379249719367,-1.43018578234308,-8.96386058821533e-17,-2.03718502682381,0,0
1.748,0.822200027241818,0.784088238538079,-1.52801831534173,-2.17422460376857e-05,0.788652146268346,-1.4306808394676,-8.96696341800305e-17,-2.03789019602207,0,0
1.749,0.822483567741134,0.784358635963641,-1.52854526141537,-2.17497439786897e-05,0.788924117584243,-1.43117421814206,-8.97005572790411e-17,-2.03859297440274,0,0
1.75,0.822766142360015,0.784628112280635,-1.52907041244771,-2.1757216377965e-05,0.789195162430117,-1.43166591612255,-8.97313750385449e-17,-2.03929335876954,0,0
1.751,0.823047749808899,0.784896666259276,-1.52959376604218,-2.17646632014104e-05,0.789465279569024,-1.43215593116515,-8.97620873179018e-17,-2.03999134592619,0,0
1.752,0.823328388798228,0.785164296669781,-1.5301153198022,-2.17720844149249e-05,0.789734467764022,-1.43264426102593,-8.97926939764714e-17,-2.0406869326764,0,0
1.753,0.823608058038441,0.785431002282365,-1.53063507133118,-2.17794799844072e-05,0.790002725778168,-1.43313090346099,-8.98231948736137e-17,-2.0413801158239,0,0
1.754,0.823886756239978,0.785696781867242,-1.53115301823253,-2.17868498757564e-05,0.79027005237452,-1.4336158562264,-8.98535898686884e-17,-2.04207089217241,0,0
1.755,0.824164482113278,0.78596163419463,-1.53166915810967,-2.17941940548713e-05,0.790536446316136,-1.43409911707825,-8.98838788210553e-17,-2.04275925852564,0,0
1.756,0.824441234368783,0.786225558034742,-1.53218348856602,-2.18015124876508e-05,0.790801906366071,-1.43458068377262,-8.99140615900743e-17,-2.04344521168732,0,0
1.757,0.824717011716933,0.786488552157796,-1.532696007205,-2.18088051399938e-05,0.791066431287385,-1.4350605540656,-8.99441380351051e-17,-2.04412874846117,0,0
1.758,0.824991812868166,0.786750615334005,-1.53320671163002,-2.18160719777992e-05,0.791330019843133,-1.43553872571326,-8.99741080155076e-17,-2.0448098656509,0,0
1.759,0.825265636532923,0.787011746333587,-1.53371559944449,-2.18233129669659e-05,0.791592670796374,-1.43601519647169,-9.00039713906415e-17,-2.04548856006024,0,0
1.76,0.825538481421645,0.787271943926756,-1.53422266825184,-2.18305280733927e-05,0.791854382910165,-1.43648996409697,-9.00337280198667e-17,-2.04616482849291,0,0
1.761,0.82581034624477,0.787531206883728,-1.53472791565547,-2.18377172629787e-05,0.792115154947564,-1.43696302634519,-9.00633777625429e-17,-2.04683866775262,0,0
1.762,0.82608122971274,0.787789533974718,-1.53523133925881,-2.18448805016226e-05,0.792374985671627,-1.43743438097242,-9.00929204780299e-17,-2.0475100746431,0,0
1.763,0.826351130535994,0.788046923969943,-1.53573293666528,-2.18520177552233e-05,0.792633873845412,-1.43790402573476,-9.01223560256877e-17,-2.04817904596806,0,0
1.764,0.826620047424972,0.788303375639616,-1.53623270547828,-2.18591289896798e-05,0.792891818231977,-1.43837195838827,-9.01516842648759e-17,-2.04884557853122,0,0
1.765,0.826887979090114,0.788558887753955,-1.53673064330123,-2.18662141708909e-05,0.793148817594379,-1.43883817668906,-9.01809050549544e-17,-2.04950966913632,0,0
1.766,0.827154924241861,0.788813459083174,-1.53722674773755,-2.18732732647556e-05,0.793404870695674,-1.43930267839319,-9.02100182552829e-17,-2.05017131458705,0,0
1.767,0.827420881590652,0.78906708839749,-1.53772101639066,-2.18803062371727e-05,0.793659976298922,-1.43976546125676,-9.02390237252214e-17,-2.05083051168715,0,0
1.768,0.827685849846926,0.789319774467117,-1.53821344686398,-2.18873130540411e-05,0.793914133167178,-1.44022652303584,-9.02679213241295e-17,-2.05148725724034,0,0
1.769,0.827949827721125,0.789571516062271,-1.53870403676091,-2.18942936812598e-05,0.794167340063501,-1.44068586148651,-9.02967109113671e-17,-2.05214154805033,0,0
1.77,0.828212813923688,0.789822311953168,-1.53919278368487,-2.19012480847275e-05,0.794419595750947,-1.44114347436487,-9.0325392346294e-17,-2.05279338092084,0,0
1.771,0.828474807165056,0.790072160910023,-1.53967968523929,-2.19081762303433e-05,0.794670898992575,-1.44159935942699,-9.035396548827e-17,-2.05344275265559,0,0
1.772,0.828735806155667,0.790321061703052,-1.54016473902757,-2.1915078084006e-05,0.794921248551441,-1.44205351442896,-9.03824301966549e-17,-2.05408966005831,0,0
1.773,0.828995809605963,0.79056901310247,-1.54064794265314,-2.19219536116144e-05,0.795170643190603,-1.44250593712685,-9.04107863308085e-17,-2.05473409993272,0,0
1.774,0.829254816226383,0.790816013878493,-1.5411292937194,-2.19288027790676e-05,0.795419081673118,-1.44295662527676,-9.04390337500906e-17,-2.05537606908252,0,0
1.775,0.829512824727367,0.791062062801336,-1.54160878982978,-2.19356255522643e-05,0.795666562762044,-1.44340557663476,-9.0467172313861e-17,-2.05601556431145,0,0
1.776,0.829769833819355,0.791307158641215,-1.5420864285877,-2.19424218971035e-05,0.795913085220437,-1.44385278895693,-9.04952018814795e-17,-2.05665258242322,0,0
1.777,0.830025842212788,0.791551300168346,-1.54256220759656,-2.19491917794841e-05,0.796158647811357,-1.44429825999937,-9.0523122312306e-17,-2.05728712022156,0,0
1.778,0.830280848618105,0.791794486152943,-1.54303612445978,-2.19559351653049e-05,0.796403249297859,-1.44474198751815,-9.05509334657002e-17,-2.05791917451017,0,0
1.779,0.830534851745746,0.792036715365223,-1.54350817678079,-2.19626520204649e-05,0.796646888443001,-1.44518396926935,-9.05786352010219e-17,-2.05854874209279,0,0
1.78,0.830787850306151,0.792277986575401,-1.54397836216299,-2.19693423108629e-05,0.79688956400984,-1.44562420300907,-9.06062273776309e-17,-2.05917581977313,0,0
1.781,0.831039843009761,0.792518298553692,-1.5444466782098,-2.19760060023979e-05,0.797131274761435,-1.44606268649337,-9.06337098548871e-17,-2.05980040435491,0,0
1.782,0.831290828567015,0.792757650070312,-1.54491312252464,-2.19826430609687e-05,0.797372019460842,-1.44649941747835,-9.06610824921502e-17,-2.06042249264185,0,0
1.783,0.831540805688353,0.792996039895477,-1.54537769271093,-2.19892534524742e-05,0.797611796871118,-1.44693439372008,-9.06883451487801e-17,-2.06104208143767,0,0
1.784,0.831789773084215,0.793233466799402,-1.54584038637208,-2.19958371428133e-05,0.797850605755321,-1.44736761297466,-9.07154976841365e-17,-2.0616591675461,0,0
1.785,0.832037729465042,0.793469929552303,-1.5463012011115,-2.2002394097885e-05,0.798088444876509,-1.44779907299815,-9.07425399575793e-17,-2.06227374777084,0,0
1.786,0.832284673541272,0.793705426924395,-1.54676013453262,-2.20089242835881e-05,0.798325312997739,-1.44822877154666,-9.07694718284682e-17,-2.06288581891563,0,0
1.787,0.832530604023347,0.793939957685893,-1.54721718423885,-2.20154276658215e-05,0.798561208882068,-1.44865670637624,-9.07962931561631e-17,-2.06349537778417,0,0
1.788,0.832775519621707,0.794173520607014,-1.5476723478336,-2.2021904210484e-05,0.798796131292553,-1.449082875243,-9.08230038000238e-17,-2.0641024211802,0,0
1.789,0.833019419046791,0.794406114457972,-1.5481256229203,-2.20283538834747e-05,0.799030078992252,-1.44950727590302,-9.084960361941e-17,-2.06470694590743,0,0
1.79,0.833262301009039,0.794637738008984,-1.54857700710235,-2.20347766506923e-05,0.799263050744223,-1.44992990611237,-9.08760924736816e-17,-2.06530894876957,0,0
1.791,0.833504164218891,0.794868390030265,-1.54902649798318,-2.20411724780358e-05,0.799495045311522,-1.45035076362714,-9.09024702221983e-17,-2.06590842657036,0,0
1.792,0.833745007386787,0.79509806929203,-1.5494740931662,-2.20475413314041e-05,0.799726061457207,-1.45076984620341,-9.09287367243201e-17,-2.0665053761135,0,0
1.793,0.833984829223168,0.795326774564494,-1.54991979025482,-2.20538831766961e-05,0.799956097944336,-1.45118715159726,-9.09548918394066e-17,-2.06709979420272,0,0
1.794,0.834223628438474,0.795554504617874,-1.55036358685247,-2.20601979798106e-05,0.800185153535965,-1.45160267756479,-9.09809354268177e-17,-2.06769167764175,0,0
1.795,0.834461403743143,0.795781258222386,-1.55080548056256,-2.20664857066465e-05,0.800413226995153,-1.45201642186206,-9.10068673459132e-17,-2.06828102323429,0,0
1.796,0.834698153847617,0.796007034148243,-1.5512454689885,-2.20727463231028e-05,0.800640317084957,-1.45242838224517,-9.1032687456053e-17,-2.06886782778407,0,0
1.797,0.834933877462335,0.796231831165663,-1.55168354973371,-2.20789797950784e-05,0.800866422568433,-1.45283855647019,-9.10583956165966e-17,-2.06945208809481,0,0
1.798,0.835168573297738,0.79645564804486,-1.55211972040161,-2.2085186088472e-05,0.801091542208639,-1.45324694229321,-9.10839916869042e-17,-2.07003380097022,0,0
1.799,0.835402240064265,0.79667848355605,-1.55255397859562,-2.20913651691827e-05,0.801315674768634,-1.45365353747031,-9.11094755263353e-17,-2.07061296321404,0,0
1.8,0.835634876472356,0.796900336469449,-1.55298632191914,-2.20975170031093e-05,0.801538819011473,-1.45405833975758,-9.11348469942499e-17,-2.07118957162997,0,0
1.801,0.835866481232451,0.797121205555271,-1.5534167479756,-2.21036415561507e-05,0.801760973700214,-1.45446134691109,-9.11601059500076e-17,-2.07176362302174,0,0
1.802,0.836097053054992,0.797341089583734,-1.55384525436841,-2.21097387942059e-05,0.801982137597916,-1.45486255668694,-9.11852522529684e-17,-2.07233511419306,0,0
1.803,0.836326590650416,0.797559987325052,-1.55427183870099,-2.21158086831736e-05,0.802202309467635,-1.4552619668412,-9.1210285762492e-17,-2.07290404194767,0,0
1.804,0.836555092729165,0.79777789754944,-1.55469649857675,-2.21218511889528e-05,0.802421488072428,-1.45565957512995,-9.12352063379382e-17,-2.07347040308927,0,0
1.805,0.836782558001678,0.797994819027115,-1.55511923159912,-2.21278662774424e-05,0.802639672175354,-1.45605537930928,-9.12600138386669e-17,-2.07403419442158,0,0
1.806,0.837008985178395,0.798210750528291,-1.5555400353715,-2.21338539145413e-05,0.802856860539468,-1.45644937713527,-9.12847081240378e-17,-2.07459541274834,0,0
1.807,0.837234372969757,0.798425690823184,-1.55595890749731,-2.21398140661483e-05,0.80307305192783,-1.45684156636401,-9.13092890534107e-17,-2.07515405487325,0,0
1.808,0.837458720086203,0.798639638682011,-1.55637584557998,-2.21457466981624e-05,0.803288245103495,-1.45723194475157,-9.13337564861455e-17,-2.07571011760003,0,0
1.809,0.837682025238174,0.798852592874986,-1.55679084722291,-2.21516517764825e-05,0.803502438829522,-1.45762051005405,-9.1358110281602e-17,-2.07626359773242,0,0
1.81,0.837904287136109,0.799064552172324,-1.55720391002952,-2.21575292670074e-05,0.803715631868968,-1.45800726002751,-9.13823502991398e-17,-2.07681449207411,0,0
1.811,0.838125504490448,0.799275515344242,-1.55761503160322,-2.21633791356361e-05,0.80392782298489,-1.45839219242805,-9.1406476398119e-17,-2.07736279742885,0,0
1.812,0.838345676011632,0.799485481160956,-1.55802420954745,-2.21692013482674e-05,0.804139010940346,-1.45877530501175,-9.14304884378992e-17,-2.07790851060034,0,0
1.813,0.838564800410101,0.799694448392679,-1.5584314414656,-2.21749958708003e-05,0.804349194498393,-1.45915659553469,-9.14543862778403e-17,-2.0784516283923,0,0
1.814,0.838782876396293,0.799902415809628,-1.55883672496109,-2.21807626691335e-05,0.804558372422088,-1.45953606175296,-9.1478169777302e-17,-2.07899214760846,0,0
1.815,0.838999902680651,0.80010938218202,-1.55924005763735,-2.21865017091661e-05,0.804766543474489,-1.45991370142263,-9.15018387956442e-17,-2.07953006505253,0,0
1.816,0.839215877973612,0.800315346280068,-1.55964143709779,-2.21922129567969e-05,0.804973706418653,-1.46028951229979,-9.15253931922267e-17,-2.08006537752824,0,0
1.817,0.839430800985618,0.800520306873988,-1.56004086094582,-2.21978963779248e-05,0.805179860017637,-1.46066349214052,-9.15488328264093e-17,-2.0805980818393,0,0
1.818,0.839644670427109,0.800724262733997,-1.56043832678487,-2.22035519384488e-05,0.805385003034499,-1.46103563870091,-9.15721575575518e-17,-2.08112817478943,0,0
1.819,0.839857485008523,0.80092721263031,-1.56083383221834,-2.22091796042676e-05,0.805589134232297,-1.46140594973703,-9.15953672450139e-17,-2.08165565318236,0,0
1.82,0.840069243440303,0.801129155333142,-1.56122737484965,-2.22147793412802e-05,0.805792252374087,-1.46177442300498,-9.16184617481555e-17,-2.08218051382181,0,0
1.821,0.840279944432887,0.801330089612708,-1.56161895228223,-2.22203511153854e-05,0.805994356222927,-1.46214105626082,-9.16414409263365e-17,-2.08270275351148,0,0
1.822,0.840489586696715,0.801530014239224,-1.56200856211947,-2.22258948924823e-05,0.806195444541875,-1.46250584726066,-9.16643046389165e-17,-2.08322236905511,0,0
1.823,0.840698168942228,0.801728927982907,-1.56239620196481,-2.22314106384696e-05,0.806395516093987,-1.46286879376056,-9.16870527452555e-17,-2.08373935725642,0,0
1.824,0.840905689879865,0.801926829613971,-1.56278186942166,-2.22368983192463e-05,0.806594569642322,-1.46322989351662,-9.17096851047131e-17,-2.08425371491911,0,0
1.825,0.841112148220067,0.802123717902631,-1.56316556209343,-2.22423579007112e-05,0.806792603949936,-1.46358914428491,-9.17322015766493e-17,-2.08476543884692,0,0
1.826,0.841317542673273,0.802319591619104,-1.56354727758355,-2.22477893487633e-05,0.806989617779887,-1.46394654382152,-9.17546020204238e-17,-2.08527452584356,0,0
1.827,0.841521871949924,0.802514449533605,-1.56392701349541,-2.22531926293014e-05,0.807185609895232,-1.46430208988252,-9.17768862953964e-17,-2.08578097271275,0,0
1.828,0.841725134760459,0.802708290416349,-1.56430476743246,-2.22585677082245e-05,0.807380579059029,-1.46465578022402,-9.17990542609269e-17,-2.08628477625822,0,0
1.829,0.841927329815319,0.802901113037552,-1.56468053699809,-2.22639145514314e-05,0.807574524034335,-1.46500761260207,-9.18211057763752e-17,-2.08678593328367,0,0
1.83,0.842128455824943,0.80309291616743,-1.56505431979572,-2.2269233124821e-05,0.807767443584208,-1.46535758477278,-9.1843040701101e-17,-2.08728444059284,0,0
1.831,0.842328511499772,0.803283698576198,-1.56542611342878,-2.22745233942922e-05,0.807959336471704,-1.46570569449222,-9.18648588944641e-17,-2.08778029498944,0,0
1.832,0.842527495550245,0.803473459034071,-1.56579591550067,-2.2279785325744e-05,0.808150201459881,-1.46605193951647,-9.18865602158244e-17,-2.08827349327719,0,0
1.833,0.842725406686803,0.803662196311265,-1.56616372361481,-2.22850188850751e-05,0.808340037311797,-1.46639631760162,-9.19081445245416e-17,-2.08876403225981,0,0
1.834,0.842922243619886,0.803849909177996,-1.56652953537463,-2.22902240381845e-05,0.808528842790509,-1.46673882650374,-9.19296116799756e-17,-2.08925190874103,0,0
1.835,0.843118005059933,0.804036596404479,-1.56689334838353,-2.22954007509712e-05,0.808716616659074,-1.46707946397893,-9.19509615414861e-17,-2.08973711952455,0,0
1.836,0.843312689717384,0.80422225676093,-1.56725516024493,-2.23005489893339e-05,0.80890335768055,-1.46741822778327,-9.1972193968433e-17,-2.0902196614141,0,0
1.837,0.84350629630268,0.804406889017564,-1.56761496856225,-2.23056687191716e-05,0.809089064617994,-1.46775511567284,-9.19933088201761e-17,-2.09069953121341,0,0
1.838,0.843698823526261,0.804590491944597,-1.56797277093891,-2.23107599063832e-05,0.809273736234463,-1.46809012540371,-9.20143059560751e-17,-2.09117672572618,0,0
1.839,0.843890270098566,0.804773064312243,-1.56832856497831,-2.23158225168675e-05,0.809457371293016,-1.46842325473198,-9.20351852354899e-17,-2.09165124175615,0,0
1.84,0.844080634730035,0.80495460489072,-1.56868234828389,-2.23208565165235e-05,0.809639968556708,-1.46875450141373,-9.20559465177802e-17,-2.09212307610702,0,0
1.841,0.84426991613111,0.805135112450242,-1.56903411845904,-2.232586187125e-05,0.809821526788598,-1.46908386320504,-9.2076589662306e-17,-2.09259222558252,0,0
1.842,0.844458113012229,0.805314585761025,-1.56938387310719,-2.2330838546946e-05,0.810002044751743,-1.46941133786199,-9.20971145284268e-17,-2.09305868698637,0,0
1.843,0.844645224083832,0.805493023593284,-1.56973160983176,-2.23357865095103e-05,0.8101815212092,-1.46973692314066,-9.21175209755028e-17,-2.09352245712229,0,0
1.844,0.84483124805636,0.805670424717235,-1.57007732623616,-2.23407057248419e-05,0.810359954924027,-1.47006061679714,-9.21378088628934e-17,-2.093983532794,0,0
1.845,0.845016183640253,0.805846787903094,-1.57042101992381,-2.23455961588395e-05,0.810537344659281,-1.47038241658751,-9.21579780499587e-17,-2.09444191080522,0,0
1.846,0.84520002954595,0.806022111921076,-1.57076268849812,-2.23504577774022e-05,0.81071368917802,-1.47070232026786,-9.21780283960584e-17,-2.09489758795967,0,0
1.847,0.845382784483892,0.806196395541396,-1.57110232956251,-2.23552905464289e-05,0.8108889872433,-1.47102032559426,-9.21979597605523e-17,-2.09535056106106,0,0
1.848,0.845564447164518,0.80636963753427,-1.5714399407204,-2.23600944318183e-05,0.81106323761818,-1.47133643032281,-9.22177720028002e-17,-2.09580082691312,0,0
1.849,0.845745016298269,0.806541836669913,-1.5717755195752,-2.23648693994694e-05,0.811236439065716,-1.47165063220957,-9.22374649821619e-17,-2.09624838231957,0,0
1.85,0.845924490595585,0.806712991718542,-1.57210906373032,-2.23696154152811e-05,0.811408590348966,-1.47196292901064,-9.22570385579972e-17,-2.09669322408413,0,0
1.851,0.846102868766905,0.806883101450371,-1.57244057078919,-2.23743324451523e-05,0.811579690230988,-1.4722733184821,-9.22764925896659e-17,-2.09713534901052,0,0
1.852,0.84628014952267,0.807052164635617,-1.57277003835522,-2.23790204549819e-05,0.811749737474838,-1.47258179838002,-9.22958269365279e-17,-2.09757475390245,0,0
1.853,0.84645633157332,0.807220180044494,-1.57309746403183,-2.23836794106687e-05,0.811918730843574,-1.4728883664605,-9.23150414579429e-17,-2.09801143556365,0,0
1.854,0.846631413629294,0.807387146447218,-1.57342284542243,-2.23883092781117e-05,0.812086669100254,-1.47319302047962,-9.23341360132707e-17,-2.09844539079783,0,0
1.855,0.846805394401033,0.807553062614005,-1.57374618013045,-2.23929100232098e-05,0.812253551007935,-1.47349575819345,-9.23531104618711e-17,-2.09887661640873,0,0
1.856,0.846978272598976,0.807717927315071,-1.57406746575928,-2.23974816118619e-05,0.812419375329674,-1.47379657735809,-9.2371964663104e-17,-2.09930510920004,0,0
1.857,0.847150046933565,0.80788173932063,-1.57438669991236,-2.24020240099667e-05,0.812584140828529,-1.47409547572961,-9.23906984763291e-17,-2.09973086597551,0,0
1.858,0.847320716115237,0.808044497400899,-1.57470388019309,-2.24065371834234e-05,0.812747846267556,-1.4743924510641,-9.24093117609063e-17,-2.10015388353884,0,0
1.859,0.847490278854435,0.808206200326092,-1.5750190042049,-2.24110210981306e-05,0.812910490409814,-1.47468750111764,-9.24278043761953e-17,-2.10057415869376,0,0
1.86,0.847658733861597,0.808366846866426,-1.5753320695512,-2.24154757199874e-05,0.81307207201836,-1.47498062364631,-9.2446176181556e-17,-2.10099168824398,0,0
1.861,0.847826079847164,0.808526435792115,-1.5756430738354,-2.24199010148926e-05,0.813232589856251,-1.4752718164062,-9.24644270363481e-17,-2.10140646899322,0,0
1.862,0.847992315521576,0.808684965873376,-1.57595201466093,-2.24242969487451e-05,0.813392042686544,-1.47556107715339,-9.24825567999315e-17,-2.10181849774522,0,0
1.863,0.848157439595272,0.808842435880425,-1.57625888963119,-2.24286634874439e-05,0.813550429272298,-1.47584840364395,-9.2500565331666e-17,-2.10222777130367,0,0
1.864,0.848321450778693,0.808998844583475,-1.57656369634961,-2.24330005968877e-05,0.813707748376568,-1.47613379363399,-9.25184524909113e-17,-2.10263428647232,0,0
1.865,0.848484347782279,0.809154190752744,-1.5768664324196,-2.24373082429755e-05,0.813863998762414,-1.47641724487957,-9.25362181370273e-17,-2.10303804005486,0,0
1.866,0.848646129316469,0.809308473158446,-1.57716709544458,-2.24415863916062e-05,0.814019179192891,-1.47669875513677,-9.25538621293738e-17,-2.10343902885503,0,0
1.867,0.848806794091704,0.809461690570798,-1.57746568302796,-2.24458350086787e-05,0.814173288431058,-1.4769783221617,-9.25713843273106e-17,-2.10383724967655,0,0
1.868,0.848966340818424,0.809613841760013,-1.57776219277316,-2.24500540600919e-05,0.814326325239971,-1.47725594371041,-9.25887845901974e-17,-2.10423269932313,0,0
1.869,0.849124768207068,0.80976492549631,-1.5780566222836,-2.24542435117447e-05,0.814478288382689,-1.47753161753901,-9.26060627773942e-17,-2.10462537459849,0,0
1.87,0.849282074968077,0.809914940549901,-1.57834896916268,-2.24584033295359e-05,0.814629176622268,-1.47780534140356,-9.26232187482606e-17,-2.10501527230635,0,0
1.871,0.849438259811891,0.810063885691004,-1.57863923101384,-2.24625334793644e-05,0.814778988721766,-1.47807711306016,-9.26402523621565e-17,-2.10540238925044,0,0
1.872,0.84959332144895,0.810211759689834,-1.57892740544048,-2.24666339271293e-05,0.81492772344424,-1.47834693026489,-9.26571634784418e-17,-2.10578672223448,0,0
1.873,0.849747258589694,0.810358561316606,-1.57921349004602,-2.24707046387292e-05,0.815075379552748,-1.47861479077383,-9.26739519564761e-17,-2.10616826806217,0,0
1.874,0.849900069944562,0.810504289341536,-1.57949748243387,-2.24747455800632e-05,0.815221955810348,-1.47888069234305,-9.26906176556194e-17,-2.10654702353725,0,0
1.875,0.850051754223995,0.810648942534839,-1.57977938020746,-2.24787567170302e-05,0.815367450980095,-1.47914463272866,-9.27071604352314e-17,-2.10692298546343,0,0
1.876,0.850202310138433,0.810792519666732,-1.58005918097019,-2.24827380155289e-05,0.815511863825049,-1.47940660968672,-9.27235801546719e-17,-2.10729615064443,0,0
1.877,0.850351736398315,0.810935019507428,-1.5803368823255,-2.24866894414584e-05,0.815655193108265,-1.47966662097332,-9.27398766733007e-17,-2.10766651588397,0,0
1.878,0.850500031714083,0.811076440827144,-1.58061248187678,-2.24906109607175e-05,0.815797437592802,-1.47992466434455,-9.27560498504776e-17,-2.10803407798578,0,0
1.879,0.850647194796175,0.811216782396096,-1.58088597722746,-2.24945025392051e-05,0.815938596041717,-1.48018073755648,-9.27720995455625e-17,-2.10839883375357,0,0
1.88,0.850793224355031,0.811356042984499,-1.58115736598095,-2.24983641428201e-05,0.816078667218068,-1.4804348383652,-9.27880256179151e-17,-2.10876077999106,0,0
1.881,0.850938119101093,0.811494221362569,-1.58142664574067,-2.25021957374613e-05,0.816217649884911,-1.48068696452679,-9.28038279268952e-17,-2.10911991350197,0,0
1.882,0.8510818777448,0.81163131630052,-1.58169381411004,-2.25059972890278e-05,0.816355542805304,-1.48093711379734,-9.28195063318627e-17,-2.10947623109002,0,0
1.883,0.851224498996591,0.811767326568569,-1.58195886869247,-2.25097687634183e-05,0.816492344742305,-1.48118528393292,-9.28350606921774e-17,-2.10982972955893,0,0
1.884,0.851365981566907,0.811902250936932,-1.58222180709137,-2.25135101265319e-05,0.81662805445897,-1.48143147268963,-9.28504908671989e-17,-2.11018040571243,0,0
1.885,0.851506324166188,0.812036088175822,-1.58248262691018,-2.25172213442673e-05,0.816762670718358,-1.48167567782354,-9.28657967162873e-17,-2.11052825635422,0,0
1.886,0.851645525504873,0.812168837055457,-1.58274132575229,-2.25209023825234e-05,0.816896192283525,-1.48191789709073,-9.28809780988022e-17,-2.11087327828803,0,0
1.887,0.851783584293404,0.812300496346052,-1.58299790122113,-2.25245532071992e-05,0.817028617917529,-1.4821581282473,-9.28960348741034e-17,-2.11121546831759,0,0
1.888,0.851920499242219,0.812431064817822,-1.58325235092011,-2.25281737841935e-05,0.817159946383428,-1.48239636904931,-9.29109669015509e-17,-2.1115548232466,0,0
1.889,0.852056269061759,0.812560541240983,-1.58350467245265,-2.25317640794053e-05,0.817290176444278,-1.48263261725286,-9.29257740405043e-17,-2.11189133987879,0,0
1.89,0.852190892462465,0.81268892438575,-1.58375486342216,-2.25353240587334e-05,0.817419306863137,-1.48286687061403,-9.29404561503234e-17,-2.11222501501789,0,0
1.891,0.852324368154774,0.812816213022338,-1.58400292143207,-2.25388536880768e-05,0.817547336403063,-1.48309912688889,-9.29550130903682e-17,-2.1125558454676,0,0
1.892,0.852456694849129,0.812942405920965,-1.58424884408578,-2.25423529333342e-05,0.817674263827113,-1.48332938383354,-9.29694447199983e-17,-2.11288382803165,0,0
1.893,0.852587871255969,0.813067501851844,-1.58449262898672,-2.25458217604047e-05,0.817800087898344,-1.48355763920406,-9.29837508985736e-17,-2.11320895951376,0,0
1.894,0.852717896085733,0.813191499585191,-1.5847342737383,-2.25492601351871e-05,0.817924807379814,-1.48378389075652,-9.29979314854539e-17,-2.11353123671765,0,0
1.895,0.852846768048862,0.813314397891222,-1.58497377594393,-2.25526680235803e-05,0.818048421034579,-1.48400813624702,-9.30119863399991e-17,-2.11385065644703,0,0
1.896,0.852974485855797,0.813436195540153,-1.58521113320703,-2.25560453914832e-05,0.818170927625698,-1.48423037343162,-9.30259153215687e-17,-2.11416721550564,0,0
1.897,0.853101048216976,0.813556891302199,-1.58544634313103,-2.25593922047947e-05,0.818292325916228,-1.48445060006643,-9.30397182895229e-17,-2.11448091069718,0,0
1.898,0.85322645384284,0.813676483947576,-1.58567940331932,-2.25627084294136e-05,0.818412614669226,-1.48466881390752,-9.30533951032212e-17,-2.11479173882538,0,0
1.899,0.853350701443828,0.813794972246498,-1.58591031137534,-2.25659940312389e-05,0.818531792647749,-1.48488501271096,-9.30669456220235e-17,-2.11509969669396,0,0
1.9,0.853473789730382,0.813912354969182,-1.5861390649025,-2.25692489761695e-05,0.818649858614856,-1.48509919423286,-9.30803697052897e-17,-2.11540478110664,0,0
1.901,0.853595717412941,0.814028630885844,-1.5863656615042,-2.25724732301043e-05,0.818766811333602,-1.48531135622928,-9.30936672123794e-17,-2.11570698886713,0,0
1.902,0.853716483201944,0.814143798766697,-1.58659009878388,-2.25756667589421e-05,0.818882649567046,-1.48552149645631,-9.31068380026526e-17,-2.11600631677916,0,0
1.903,0.853836085807833,0.814257857381959,-1.58681237434494,-2.25788295285819e-05,0.818997372078245,-1.48572961267004,-9.3119881935469e-17,-2.11630276164645,0,0
1.904,0.853954523941046,0.814370805501845,-1.5870324857908,-2.25819615049225e-05,0.819110977630257,-1.48593570262654,-9.31327988701884e-17,-2.11659632027271,0,0
1.905,0.854071796312024,0.81448264189657,-1.58725043072489,-2.25850626538628e-05,0.819223464986138,-1.4861397640819,-9.31455886661707e-17,-2.11688698946167,0,0
1.906,0.854187901631208,0.81459336533635,-1.5874662067506,-2.25881329413018e-05,0.819334832908947,-1.4863417947922,-9.31582511827756e-17,-2.11717476601704,0,0
1.907,0.854302838609036,0.8147029745914,-1.58767981147136,-2.25911723331383e-05,0.81944508016174,-1.48654179251353,-9.3170786279363e-17,-2.11745964674256,0,0
1.908,0.854416605955949,0.814811468431936,-1.58789124249059,-2.25941807952712e-05,0.819554205507575,-1.48673975500197,-9.31831938152926e-17,-2.11774162844192,0,0
1.909,0.854529202382387,0.814918845628173,-1.58810049741171,-2.25971582935994e-05,0.819662207709509,-1.4869356800136,-9.31954736499243e-17,-2.11802070791887,0,0
1.91,0.85464062659879,0.815025104950327,-1.58830757383812,-2.26001047940219e-05,0.8197690855306,-1.4871295653045,-9.32076256426178e-17,-2.1182968819771,0,0
1.911,0.854750877315598,0.815130245168614,-1.58851246937324,-2.26030202624374e-05,0.819874837733904,-1.48732140863076,-9.3219649652733e-17,-2.11857014742036,0,0
1.912,0.85485995324325,0.815234265053249,-1.5887151816205,-2.26059046647449e-05,0.819979463082481,-1.48751120774845,-9.32315455396296e-17,-2.11884050105235,0,0
1.913,0.854967853092188,0.815337163374447,-1.5889157081833,-2.26087579668433e-05,0.820082960339386,-1.48769896041367,-9.32433131626675e-17,-2.11910793967679,0,0
1.914,0.855074575572851,0.815438938902424,-1.58911404666507,-2.26115801346315e-05,0.820185328267677,-1.48788466438249,-9.32549523812065e-17,-2.11937246009741,0,0
1.915,0.855180119395679,0.815539590407395,-1.58931019466922,-2.26143711340083e-05,0.820286565630412,-1.488068317411,-9.32664630546063e-17,-2.11963405911792,0,0
1.916,0.855284483271112,0.815639116659577,-1.58950414979916,-2.26171309308728e-05,0.820386671190648,-1.48824991725528,-9.32778450422268e-17,-2.11989273354205,0,0
1.917,0.855387665909589,0.815737516429185,-1.58969590965831,-2.26198594911236e-05,0.820485643711442,-1.48842946167142,-9.32890982034279e-17,-2.12014848017351,0,0
1.918,0.855489666021552,0.815834788486433,-1.58988547185009,-2.26225567806599e-05,0.820583481955852,-1.48860694841548,-9.33002223975692e-17,-2.12040129581602,0,0
1.919,0.85559048231744,0.815930931601538,-1.59007283397791,-2.26252227653803e-05,0.820680184686935,-1.48878237524357,-9.33112174840106e-17,-2.12065117727331,0,0
1.92,0.855690113507693,0.816025944544715,-1.5902579936452,-2.2627857411184e-05,0.820775750667748,-1.48895573991176,-9.33220833221118e-17,-2.12089812134909,0,0
1.921,0.85578855830275,0.81611982608618,-1.59044094845536,-2.26304606839696e-05,0.820870178661349,-1.48912704017613,-9.33328197712328e-17,-2.12114212484708,0,0
1.922,0.855885815413053,0.816212574996149,-1.59062169601181,-2.26330325496362e-05,0.820963467430796,-1.48929627379278,-9.33434266907333e-17,-2.12138318457101,0,0
1.923,0.855981883549041,0.816304190044836,-1.59080023391797,-2.26355729740826e-05,0.821055615739144,-1.48946343851777,-9.33539039399731e-17,-2.12162129732459,0,0
1.924,0.856076761421154,0.816394670002457,-1.59097655977726,-2.26380819232077e-05,0.821146622349453,-1.48962853210719,-9.3364251378312e-17,-2.12185645991154,0,0
1.925,0.856170447739831,0.816484013639229,-1.59115067119309,-2.26405593629104e-05,0.82123648602478,-1.48979155231713,-9.33744688651099e-17,-2.12208866913558,0,0
1.926,0.856262941215514,0.816572219725365,-1.59132256576887,-2.26430052590896e-05,0.82132520552818,-1.48995249690366,-9.33845562597264e-17,-2.12231792180044,0,0
1.927,0.856354240558642,0.816659287031083,-1.59149224110803,-2.26454195776442e-05,0.821412779622713,-1.49011136362288,-9.33945134215215e-17,-2.12254421470983,0,0
1.928,0.856444344479655,0.816745214326597,-1.59165969481398,-2.26478022844731e-05,0.821499207071436,-1.49026815023087,-9.34043402098549e-17,-2.12276754466747,0,0
1.929,0.856533251688993,0.816830000382123,-1.59182492449013,-2.26501533454752e-05,0.821584486637405,-1.49042285448369,-9.34140364840864e-17,-2.12298790847708,0,0
1.93,0.856620960897096,0.816913643967876,-1.59198792773991,-2.26524727265493e-05,0.821668617083679,-1.49057547413745,-9.34236021035759e-17,-2.12320530294238,0,0
1.931,0.856707470814404,0.816996143854073,-1.59214870216672,-2.26547603935944e-05,0.821751597173314,-1.49072600694822,-9.34330369276831e-17,-2.1234197248671,0,0
1.932,0.856792780151358,0.817077498810928,-1.59230724537399,-2.26570163125094e-05,0.821833425669368,-1.49087445067209,-9.34423408157678e-17,-2.12363117105494,0,0
1.933,0.856876887618396,0.817157707608657,-1.59246355496513,-2.26592404491931e-05,0.821914101334899,-1.49102080306513,-9.34515136271899e-17,-2.12383963830964,0,0
1.934,0.856959791925959,0.817236769017476,-1.59261762854355,-2.26614327695445e-05,0.821993622932963,-1.49116506188344,-9.34605552213092e-17,-2.1240451234349,0,0
1.935,0.857041491784488,0.817314681807599,-1.59276946371268,-2.26635932394624e-05,0.822071989226618,-1.49130722488309,-9.34694654574854e-17,-2.12424762323446,0,0
1.936,0.857121985904421,0.817391444749244,-1.59291905807592,-2.26657218248458e-05,0.822149198978922,-1.49144728982016,-9.34782441950783e-17,-2.12444713451202,0,0
1.937,0.8572012729962,0.817467056612625,-1.5930664092367,-2.26678184915935e-05,0.822225250952932,-1.49158525445075,-9.34868912934479e-17,-2.12464365407132,0,0
1.938,0.857279351770263,0.817541516167957,-1.59321151479844,-2.26698832056044e-05,0.822300143911705,-1.49172111653092,-9.34954066119537e-17,-2.12483717871607,0,0
1.939,0.857356220937052,0.817614822185457,-1.59335437236453,-2.26719159327774e-05,0.822373876618298,-1.49185487381677,-9.35037900099558e-17,-2.12502770524998,0,0
1.94,0.857431879207006,0.81768697343534,-1.59349497953842,-2.26739166390114e-05,0.82244644783577,-1.49198652406438,-9.35120413468138e-17,-2.12521523047679,0,0
1.941,0.857506325290565,0.817757968687821,-1.5936333339235,-2.26758852902054e-05,0.822517856327177,-1.49211606502983,-9.35201604818877e-17,-2.1253997512002,0,0
1.942,0.85757955789817,0.817827806713116,-1.5937694331232,-2.26778218522581e-05,0.822588100855577,-1.49224349446921,-9.35281472745371e-17,-2.12558126422394,0,0
1.943,0.857651575740259,0.81789648628144,-1.59390327474093,-2.26797262910685e-05,0.822657180184027,-1.49236881013858,-9.35360015841219e-17,-2.12575976635173,0,0
1.944,0.857722377527273,0.817964006163009,-1.59403485638011,-2.26815985725355e-05,0.822725093075584,-1.49249200979405,-9.35437232700019e-17,-2.12593525438729,0,0
1.945,0.857791961969653,0.818030365128039,-1.59416417564415,-2.2683438662558e-05,0.822791838293306,-1.49261309119169,-9.35513121915368e-17,-2.12610772513434,0,0
1.946,0.857860327777838,0.818095561946744,-1.59429123013647,-2.26852465270349e-05,0.822857414600251,-1.49273205208758,-9.35587682080866e-17,-2.12627717539659,0,0
1.947,0.857927473662267,0.818159595389341,-1.59441601746049,-2.2687022131865e-05,0.822921820759475,-1.49284889023782,-9.3566091179011e-17,-2.12644360197778,0,0
1.948,0.857993398333383,0.818222464226045,-1.59453853521963,-2.26887654429472e-05,0.822985055534036,-1.49296360339847,-9.35732809636698e-17,-2.12660700168161,0,0
1.949,0.858058100501623,0.818284167227072,-1.59465878101729,-2.26904764261806e-05,0.823047117686992,-1.49307618932562,-9.35803374214228e-17,-2.12676737131181,0,0
1.95,0.858121578877428,0.818344703162637,-1.59477675245689,-2.26921550474638e-05,0.8231080059814,-1.49318664577536,-9.35872604116298e-17,-2.12692470767209,0,0
1.951,0.858183832171239,0.818404070802956,-1.59489244714186,-2.26938012726959e-05,0.823167719180316,-1.49329497050377,-9.35940497936507e-17,-2.12707900756619,0,0
1.952,0.858244859093494,0.818462268918243,-1.59500586267561,-2.26954150677758e-05,0.823226256046799,-1.49340116126693,-9.36007054268451e-17,-2.12723026779781,0,0
1.953,0.858304658354635,0.818519296278715,-1.59511699666155,-2.26969963986022e-05,0.823283615343906,-1.49350521582092,-9.3607227170573e-17,-2.12737848517067,0,0
1.954,0.858363228665101,0.818575151654588,-1.5952258467031,-2.26985452310742e-05,0.823339795834695,-1.49360713192183,-9.36136148841942e-17,-2.12752365648851,0,0
1.955,0.858420568735333,0.818629833816076,-1.59533241040367,-2.27000615310906e-05,0.823394796282222,-1.49370690732575,-9.36198684270683e-17,-2.12766577855502,0,0
1.956,0.858476677275769,0.818683341533396,-1.59543668536669,-2.27015452645503e-05,0.823448615449545,-1.49380453978874,-9.36259876585553e-17,-2.12780484817395,0,0
1.957,0.858531552996851,0.818735673576762,-1.59553866919557,-2.27029963973522e-05,0.823501252099721,-1.4939000270669,-9.3631972438015e-17,-2.127940862149,0,0
1.958,0.858585194609018,0.81878682871639,-1.59563835949372,-2.27044148953952e-05,0.823552704995809,-1.49399336691631,-9.36378226248071e-17,-2.1280738172839,0,0
1.959,0.85863760082271,0.818836805722497,-1.59573575386456,-2.27058007245782e-05,0.823602972900864,-1.49408455709304,-9.36435380782914e-17,-2.12820371038236,0,0
1.96,0.858688770348367,0.818885603365297,-1.59583084991151,-2.27071538508001e-05,0.823652054577946,-1.4941735953532,-9.36491186578278e-17,-2.12833053824811,0,0
1.961,0.85873870189643,0.818933220415006,-1.59592364523798,-2.27084742399597e-05,0.82369994879011,-1.49426047945284,-9.36545642227761e-17,-2.12845429768486,0,0
1.962,0.858787394177337,0.818979655641839,-1.59601413744739,-2.2709761857956e-05,0.823746654300414,-1.49434520714807,-9.3659874632496e-17,-2.12857498549633,0,0
1.963,0.85883484590153,0.819024907816013,-1.59610232414316,-2.27110166706878e-05,0.823792169871916,-1.49442777619496,-9.36650497463474e-17,-2.12869259848625,0,0
1.964,0.858881055779449,0.819068975707742,-1.5961882029287,-2.27122386440541e-05,0.823836494267673,-1.4945081843496,-9.36700894236901e-17,-2.12880713345834,0,0
1.965,0.858926022521532,0.819111858087242,-1.59627177140742,-2.27134277439538e-05,0.823879626250743,-1.49458642936806,-9.36749935238839e-17,-2.12891858721631,0,0
1.966,0.858969744838221,0.819153553724728,-1.59635302718275,-2.27145839362857e-05,0.823921564584183,-1.49466250900644,-9.36797619062885e-17,-2.12902695656389,0,0
1.967,0.859012221439955,0.819194061390417,-1.5964319678581,-2.27157071869487e-05,0.823962308031049,-1.4947364210208,-9.36843944302638e-17,-2.12913223830478,0,0
1.968,0.859053451037174,0.819233379854523,-1.59650859103689,-2.27167974618418e-05,0.8240018553544,-1.49480816316725,-9.36888909551696e-17,-2.12923442924272,0,0
1.969,0.859093432340319,0.819271507887262,-1.59658289432253,-2.27178547268638e-05,0.824040205317294,-1.49487773320185,-9.36932513403657e-17,-2.12933352618143,0,0
1.97,0.859132164059829,0.819308444258851,-1.59665487531843,-2.27188789479136e-05,0.824077356682786,-1.4949451288807,-9.36974754452119e-17,-2.12942952592462,0,0
1.971,0.859169644906144,0.819344187739503,-1.59672453162802,-2.27198700908901e-05,0.824113308213935,-1.49501034795987,-9.3701563129068e-17,-2.12952242527601,0,0
1.972,0.859205873589704,0.819378737099435,-1.59679186085472,-2.27208281216922e-05,0.824148058673799,-1.49507338819544,-9.37055142512938e-17,-2.12961222103932,0,0
1.973,0.85924084882095,0.819412091108863,-1.59685686060193,-2.27217530062188e-05,0.824181606825434,-1.49513424734351,-9.37093286712491e-17,-2.12969891001828,0,0
1.974,0.859274569310321,0.819444248538001,-1.59691952847307,-2.27226447103688e-05,0.824213951431898,-1.49519292316015,-9.37130062482937e-17,-2.12978248901659,0,0
1.975,0.859307033768257,0.819475208157066,-1.59697986207156,-2.27235032000411e-05,0.824245091256248,-1.49524941340145,-9.37165468417874e-17,-2.12986295483799,0,0
1.976,0.859338240905199,0.819504968736272,-1.59703785900082,-2.27243284411345e-05,0.824275025061541,-1.49530371582348,-9.37199503110901e-17,-2.1299403042862,0,0
1.977,0.859368189431586,0.819533529045836,-1.59709351686426,-2.2725120399548e-05,0.824303751610836,-1.49535582818234,-9.37232165155614e-17,-2.13001453416492,0,0
1.978,0.859396878057858,0.819560887855973,-1.5971468332653,-2.27258790411805e-05,0.824331269667189,-1.4954057482341,-9.37263453145614e-17,-2.13008564127789,0,0
1.979,0.859424305494455,0.819587043936898,-1.59719780580735,-2.27266043319309e-05,0.824357577993658,-1.49545347373485,-9.37293365674496e-17,-2.13015362242881,0,0
1.98,0.859450470451818,0.819611996058828,-1.59724643209384,-2.27272962376979e-05,0.8243826753533,-1.49549900244067,-9.3732190133586e-17,-2.13021847442142,0,0
1.981,0.859475371640386,0.819635742991977,-1.59729270972816,-2.27279547243807e-05,0.824406560509172,-1.49554233210764,-9.37349058723303e-17,-2.13028019405943,0,0
1.982,0.8594990077706,0.819658283506561,-1.59733663631376,-2.27285797578779e-05,0.824429232224332,-1.49558346049185,-9.37374836430423e-17,-2.13033877814656,0,0
1.983,0.859521377552899,0.819679616372795,-1.59737820945403,-2.27291713040886e-05,0.824450689261838,-1.49562238534938,-9.37399233050819e-17,-2.13039422348653,0,0
1.984,0.859542479697723,0.819699740360896,-1.59741742675239,-2.27297293289117e-05,0.824470930384746,-1.4956591044363,-9.37422247178089e-17,-2.13044652688306,0,0
1.985,0.859562312915513,0.819718654241079,-1.59745428581227,-2.27302537982459e-05,0.824489954356114,-1.49569361550871,-9.3744387740583e-17,-2.13049568513987,0,0
1.986,0.859580875916708,0.819736356783558,-1.59748878423707,-2.27307446779903e-05,0.824507759939,-1.49572591632269,-9.37464122327641e-17,-2.13054169506068,0,0
1.987,0.859598167411748,0.81975284675855,-1.59752091963022,-2.27312019340436e-05,0.82452434589646,-1.49575600463432,-9.3748298053712e-17,-2.13058455344921,0,0
1.988,0.859614186111074,0.819768122936271,-1.59755068959513,-2.27316255323049e-05,0.824539710991553,-1.49578387819968,-9.37500450627864e-17,-2.13062425710918,0,0
1.989,0.859628930725125,0.819782184086935,-1.59757809173521,-2.27320154386729e-05,0.824553853987335,-1.49580953477485,-9.37516531193472e-17,-2.13066080284431,0,0
1.99,0.859642399964341,0.819795028980759,-1.59760312365389,-2.27323716190467e-05,0.824566773646864,-1.49583297211593,-9.37531220827541e-17,-2.13069418745832,0,0
1.991,0.859654592539163,0.819806656387957,-1.59762578295457,-2.2732694039325e-05,0.824578468733197,-1.49585418797898,-9.37544518123671e-17,-2.13072440775493,0,0
1.992,0.85966550716003,0.819817065078746,-1.59764606724068,-2.27329826654067e-05,0.824588938009392,-1.4958731801201,-9.37556421675458e-17,-2.13075146053786,0,0
1.993,0.859675142537383,0.819826253823341,-1.59766397411562,-2.27332374631909e-05,0.824598180238506,-1.49588994629537,-9.37566930076501e-17,-2.13077534261082,0,0
1.994,0.859683497381661,0.819834221391957,-1.59767950118283,-2.27334583985763e-05,0.824606194183596,-1.49590448426086,-9.37576041920399e-17,-2.13079605077754,0,0
1.995,0.859690570403304,0.81984096655481,-1.59769264604571,-2.27336454374619e-05,0.824612978607721,-1.49591679177267,-9.37583755800748e-17,-2.13081358184174,0,0
1.996,0.859696360312753,0.819846488082116,-1.59770340630767,-2.27337985457465e-05,0.824618532273936,-1.49592686658687,-9.37590070311147e-17,-2.13082793260714,0,0
1.997,0.859700865820448,0.819850784744089,-1.59771177957214,-2.2733917689329e-05,0.8246228539453,-1.49593470645955,-9.37594984045194e-17,-2.13083909987746,0,0
1.998,0.859704085636827,0.819853855310946,-1.59771776344254,-2.27340028341084e-05,0.82462594238487,-1.49594030914679,-9.37598495596487e-17,-2.13084708045641,0,0
1.999,0.859706018472333,0.819855698552903,-1.59772135552227,-2.27340539459835e-05,0.824627796355703,-1.49594367240467,-9.37600603558625e-17,-2.13085187114772,0,0
2,0.859706663037403,0.819856313240173,-1.59772255341475,-2.27340709908532e-05,0.824628414620857,-1.49594479398928,-9.37601306525204e-17,-2.13085346875511,0,0
2.001,0.859706018472333,0.819855698552903,-1.59772135552227,-2.27340539459835e-05,0.824627796355703,-1.49594367240467,-9.37600603558625e-17,-2.13085187114772,0,0
2.002,0.859704085636828,0.819853855310946,-1.59771776344254,-2.27340028341084e-05,0.82462594238487,-1.49594030914679,-9.37598495596487e-17,-2.13084708045641,0,0
2.003,0.859700865820448,0.819850784744089,-1.59771177957214,-2.2733917689329e-05,0.8246228539453,-1.49593470645955,-9.37594984045194e-17,-2.13083909987746,0,0
2.004,0.859696360312753,0.819846488082116,-1.59770340630767,-2.27337985457465e-05,0.824618532273936,-1.49592686658687,-9.37590070311147e-17,-2.13082793260714,0,0
2.005,0.859690570403305,0.81984096655481,-1.59769264604571,-2.27336454374619e-05,0.824612978607721,-1.49591679177267,-9.37583755800748e-17,-2.13081358184174,0,0
2.006,0.859683497381661,0.819834221391957,-1.59767950118283,-2.27334583985763e-05,0.824606194183596,-1.49590448426086,-9.37576041920399e-17,-2.13079605077754,0,0
2.007,0.859675142537383,0.819826253823341,-1.59766397411562,-2.27332374631909e-05,0.824598180238506,-1.49588994629537,-9.37566930076502e-17,-2.13077534261082,0,0
2.008,0.85966550716003,0.819817065078746,-1.59764606724068,-2.27329826654067e-05,0.824588938009392,-1.4958731801201,-9.37556421675458e-17,-2.13075146053786,0,0
2.009,0.859654592539163,0.819806656387957,-1.59762578295457,-2.2732694039325e-05,0.824578468733197,-1.49585418797898,-9.37544518123671e-17,-2.13072440775493,0,0
2.01,0.859642399964341,0.819795028980759,-1.59760312365388,-2.27323716190467e-05,0.824566773646864,-1.49583297211593,-9.37531220827542e-17,-2.13069418745832,0,0
2.011,0.859628930725125,0.819782184086935,-1.59757809173521,-2.27320154386729e-05,0.824553853987335,-1.49580953477485,-9.37516531193472e-17,-2.13066080284431,0,0
2.012,0.859614186111074,0.819768122936271,-1.59755068959513,-2.27316255323049e-05,0.824539710991553,-1.49578387819968,-9.37500450627864e-17,-2.13062425710918,0,0
2.013,0.859598167411748,0.81975284675855,-1.59752091963022,-2.27312019340436e-05,0.82452434589646,-1.49575600463432,-9.3748298053712e-17,-2.13058455344921,0,0
2.014,0.859580875916708,0.819736356783558,-1.59748878423707,-2.27307446779903e-05,0.824507759939,-1.49572591632269,-9.37464122327641e-17,-2.13054169506068,0,0
2.015,0.859562312915513,0.819718654241078,-1.59745428581227,-2.27302537982459e-05,0.824489954356114,-1.49569361550871,-9.37443877405831e-17,-2.13049568513987,0,0
2.016,0.859542479697723,0.819699740360896,-1.59741742675239,-2.27297293289117e-05,0.824470930384746,-1.4956591044363,-9.37422247178089e-17,-2.13044652688306,0,0
2.017,0.859521377552899,0.819679616372795,-1.59737820945403,-2.27291713040886e-05,0.824450689261838,-1.49562238534937,-9.3739923305082e-17,-2.13039422348653,0,0
2.018,0.8594990077706,0.819658283506561,-1.59733663631376,-2.27285797578779e-05,0.824429232224332,-1.49558346049185,-9.37374836430424e-17,-2.13033877814656,0,0
2.019,0.859475371640386,0.819635742991977,-1.59729270972816,-2.27279547243807e-05,0.824406560509172,-1.49554233210764,-9.37349058723303e-17,-2.13028019405943,0,0
2.02,0.859450470451818,0.819611996058828,-1.59724643209383,-2.27272962376979e-05,0.8243826753533,-1.49549900244067,-9.3732190133586e-17,-2.13021847442142,0,0
2.021,0.859424305494455,0.819587043936899,-1.59719780580735,-2.27266043319309e-05,0.824357577993658,-1.49545347373485,-9.37293365674496e-17,-2.13015362242881,0,0
2.022,0.859396878057858,0.819560887855973,-1.5971468332653,-2.27258790411805e-05,0.824331269667189,-1.4954057482341,-9.37263453145614e-17,-2.13008564127789,0,0
2.023,0.859368189431586,0.819533529045836,-1.59709351686426,-2.2725120399548e-05,0.824303751610836,-1.49535582818234,-9.37232165155615e-17,-2.13001453416492,0,0
2.024,0.859338240905199,0.819504968736272,-1.59703785900082,-2.27243284411345e-05,0.824275025061541,-1.49530371582348,-9.37199503110901e-17,-2.1299403042862,0,0
2.025,0.859307033768257,0.819475208157066,-1.59697986207156,-2.27235032000411e-05,0.824245091256248,-1.49524941340145,-9.37165468417874e-17,-2.12986295483799,0,0
2.026,0.859274569310321,0.819444248538001,-1.59691952847307,-2.27226447103688e-05,0.824213951431898,-1.49519292316015,-9.37130062482937e-17,-2.12978248901659,0,0
2.027,0.85924084882095,0.819412091108863,-1.59685686060193,-2.27217530062188e-05,0.824181606825434,-1.49513424734351,-9.37093286712491e-17,-2.12969891001828,0,0
2.028,0.859205873589704,0.819378737099435,-1.59679186085472,-2.27208281216922e-05,0.824148058673799,-1.49507338819544,-9.37055142512938e-17,-2.12961222103932,0,0
2.029,0.859169644906144,0.819344187739503,-1.59672453162802,-2.27198700908901e-05,0.824113308213936,-1.49501034795987,-9.3701563129068e-17,-2.12952242527601,0,0
2.03,0.859132164059829,0.819308444258851,-1.59665487531843,-2.27188789479136e-05,0.824077356682786,-1.4949451288807,-9.36974754452119e-17,-2.12942952592462,0,0
2.031,0.859093432340319,0.819271507887263,-1.59658289432253,-2.27178547268638e-05,0.824040205317294,-1.49487773320185,-9.36932513403657e-17,-2.12933352618143,0,0
2.032,0.859053451037174,0.819233379854523,-1.59650859103689,-2.27167974618418e-05,0.824001855354401,-1.49480816316725,-9.36888909551696e-17,-2.12923442924272,0,0
2.033,0.859012221439955,0.819194061390417,-1.5964319678581,-2.27157071869487e-05,0.823962308031049,-1.4947364210208,-9.36843944302638e-17,-2.12913223830478,0,0
2.034,0.858969744838221,0.819153553724728,-1.59635302718275,-2.27145839362857e-05,0.823921564584183,-1.49466250900644,-9.36797619062885e-17,-2.12902695656388,0,0
2.035,0.858926022521532,0.819111858087242,-1.59627177140742,-2.27134277439538e-05,0.823879626250743,-1.49458642936806,-9.36749935238839e-17,-2.12891858721631,0,0
2.036,0.858881055779449,0.819068975707742,-1.5961882029287,-2.27122386440541e-05,0.823836494267673,-1.4945081843496,-9.36700894236901e-17,-2.12880713345834,0,0
2.037,0.85883484590153,0.819024907816013,-1.59610232414316,-2.27110166706878e-05,0.823792169871916,-1.49442777619496,-9.36650497463474e-17,-2.12869259848626,0,0
2.038,0.858787394177337,0.818979655641839,-1.59601413744739,-2.2709761857956e-05,0.823746654300414,-1.49434520714807,-9.3659874632496e-17,-2.12857498549633,0,0
2.039,0.85873870189643,0.818933220415006,-1.59592364523798,-2.27084742399597e-05,0.82369994879011,-1.49426047945284,-9.36545642227761e-17,-2.12845429768486,0,0
2.04,0.858688770348367,0.818885603365297,-1.59583084991151,-2.27071538508e-05,0.823652054577946,-1.4941735953532,-9.36491186578278e-17,-2.12833053824811,0,0
2.041,0.85863760082271,0.818836805722497,-1.59573575386456,-2.27058007245782e-05,0.823602972900865,-1.49408455709304,-9.36435380782914e-17,-2.12820371038236,0,0
2.042,0.858585194609018,0.818786828716391,-1.59563835949372,-2.27044148953952e-05,0.823552704995809,-1.49399336691631,-9.36378226248071e-17,-2.1280738172839,0,0
2.043,0.858531552996851,0.818735673576762,-1.59553866919557,-2.27029963973522e-05,0.823501252099722,-1.4939000270669,-9.3631972438015e-17,-2.127940862149,0,0
2.044,0.858476677275769,0.818683341533396,-1.59543668536669,-2.27015452645503e-05,0.823448615449545,-1.49380453978874,-9.36259876585553e-17,-2.12780484817395,0,0
2.045,0.858420568735333,0.818629833816076,-1.59533241040367,-2.27000615310906e-05,0.823394796282222,-1.49370690732575,-9.36198684270683e-17,-2.12766577855502,0,0
2.046,0.858363228665101,0.818575151654588,-1.5952258467031,-2.26985452310742e-05,0.823339795834695,-1.49360713192183,-9.36136148841942e-17,-2.12752365648851,0,0
2.047,0.858304658354635,0.818519296278715,-1.59511699666155,-2.26969963986022e-05,0.823283615343906,-1.49350521582092,-9.36072271705731e-17,-2.12737848517067,0,0
2.048,0.858244859093494,0.818462268918243,-1.59500586267561,-2.26954150677758e-05,0.823226256046799,-1.49340116126693,-9.36007054268452e-17,-2.12723026779781,0,0
2.049,0.858183832171239,0.818404070802955,-1.59489244714186,-2.26938012726959e-05,0.823167719180316,-1.49329497050377,-9.35940497936507e-17,-2.12707900756619,0,0
2.05,0.858121578877428,0.818344703162637,-1.59477675245689,-2.26921550474638e-05,0.8231080059814,-1.49318664577536,-9.35872604116298e-17,-2.12692470767209,0,0
2.051,0.858058100501623,0.818284167227072,-1.59465878101729,-2.26904764261806e-05,0.823047117686992,-1.49307618932562,-9.35803374214228e-17,-2.12676737131181,0,0
2.052,0.857993398333383,0.818222464226045,-1.59453853521963,-2.26887654429472e-05,0.822985055534036,-1.49296360339847,-9.35732809636698e-17,-2.12660700168161,0,0
2.053,0.857927473662268,0.818159595389341,-1.59441601746049,-2.2687022131865e-05,0.822921820759475,-1.49284889023782,-9.3566091179011e-17,-2.12644360197778,0,0
2.054,0.857860327777838,0.818095561946744,-1.59429123013647,-2.26852465270348e-05,0.822857414600251,-1.49273205208758,-9.35587682080866e-17,-2.12627717539659,0,0
2.055,0.857791961969653,0.818030365128039,-1.59416417564415,-2.2683438662558e-05,0.822791838293306,-1.49261309119169,-9.35513121915369e-17,-2.12610772513434,0,0
2.056,0.857722377527273,0.817964006163009,-1.59403485638011,-2.26815985725355e-05,0.822725093075584,-1.49249200979405,-9.35437232700019e-17,-2.12593525438729,0,0
2.057,0.857651575740259,0.81789648628144,-1.59390327474093,-2.26797262910685e-05,0.822657180184027,-1.49236881013858,-9.35360015841219e-17,-2.12575976635173,0,0
2.058,0.85757955789817,0.817827806713116,-1.5937694331232,-2.26778218522581e-05,0.822588100855577,-1.4922434944692,-9.35281472745371e-17,-2.12558126422394,0,0
2.059,0.857506325290565,0.817757968687821,-1.5936333339235,-2.26758852902054e-05,0.822517856327177,-1.49211606502983,-9.35201604818877e-17,-2.1253997512002,0,0
2.06,0.857431879207006,0.81768697343534,-1.59349497953842,-2.26739166390114e-05,0.82244644783577,-1.49198652406438,-9.35120413468139e-17,-2.12521523047679,0,0
2.061,0.857356220937052,0.817614822185457,-1.59335437236453,-2.26719159327774e-05,0.822373876618298,-1.49185487381677,-9.35037900099558e-17,-2.12502770524998,0,0
2.062,0.857279351770263,0.817541516167958,-1.59321151479844,-2.26698832056044e-05,0.822300143911705,-1.49172111653092,-9.34954066119538e-17,-2.12483717871607,0,0
2.063,0.8572012729962,0.817467056612625,-1.5930664092367,-2.26678184915935e-05,0.822225250952932,-1.49158525445075,-9.34868912934479e-17,-2.12464365407132,0,0
2.064,0.857121985904421,0.817391444749244,-1.59291905807592,-2.26657218248458e-05,0.822149198978922,-1.49144728982016,-9.34782441950783e-17,-2.12444713451202,0,0
2.065,0.857041491784488,0.8173146818076,-1.59276946371268,-2.26635932394624e-05,0.822071989226618,-1.49130722488309,-9.34694654574854e-17,-2.12424762323446,0,0
2.066,0.856959791925959,0.817236769017476,-1.59261762854355,-2.26614327695445e-05,0.821993622932963,-1.49116506188344,-9.34605552213092e-17,-2.1240451234349,0,0
2.067,0.856876887618396,0.817157707608657,-1.59246355496513,-2.26592404491931e-05,0.821914101334899,-1.49102080306513,-9.34515136271899e-17,-2.12383963830964,0,0
2.068,0.856792780151358,0.817077498810928,-1.59230724537399,-2.26570163125094e-05,0.821833425669368,-1.49087445067209,-9.34423408157678e-17,-2.12363117105494,0,0
2.069,0.856707470814404,0.816996143854073,-1.59214870216672,-2.26547603935944e-05,0.821751597173314,-1.49072600694822,-9.34330369276831e-17,-2.1234197248671,0,0
2.07,0.856620960897096,0.816913643967876,-1.59198792773991,-2.26524727265493e-05,0.821668617083679,-1.49057547413745,-9.34236021035759e-17,-2.12320530294238,0,0
2.071,0.856533251688993,0.816830000382123,-1.59182492449013,-2.26501533454752e-05,0.821584486637405,-1.49042285448369,-9.34140364840864e-17,-2.12298790847708,0,0
2.072,0.856444344479655,0.816745214326597,-1.59165969481398,-2.26478022844731e-05,0.821499207071436,-1.49026815023087,-9.34043402098549e-17,-2.12276754466747,0,0
2.073,0.856354240558642,0.816659287031083,-1.59149224110803,-2.26454195776442e-05,0.821412779622714,-1.49011136362288,-9.33945134215215e-17,-2.12254421470983,0,0
2.074,0.856262941215514,0.816572219725365,-1.59132256576887,-2.26430052590896e-05,0.821325205528181,-1.48995249690366,-9.33845562597264e-17,-2.12231792180044,0,0
2.075,0.856170447739831,0.816484013639229,-1.59115067119309,-2.26405593629104e-05,0.82123648602478,-1.48979155231713,-9.33744688651099e-17,-2.12208866913558,0,0
2.076,0.856076761421154,0.816394670002457,-1.59097655977726,-2.26380819232077e-05,0.821146622349453,-1.48962853210719,-9.3364251378312e-17,-2.12185645991154,0,0
2.077,0.855981883549041,0.816304190044836,-1.59080023391797,-2.26355729740826e-05,0.821055615739145,-1.48946343851777,-9.33539039399731e-17,-2.12162129732459,0,0
2.078,0.855885815413053,0.816212574996149,-1.59062169601181,-2.26330325496362e-05,0.820963467430796,-1.48929627379277,-9.33434266907333e-17,-2.12138318457101,0,0
2.079,0.85578855830275,0.81611982608618,-1.59044094845536,-2.26304606839696e-05,0.820870178661349,-1.48912704017613,-9.33328197712328e-17,-2.12114212484708,0,0
2.08,0.855690113507693,0.816025944544715,-1.5902579936452,-2.2627857411184e-05,0.820775750667748,-1.48895573991176,-9.33220833221118e-17,-2.12089812134909,0,0
2.081,0.85559048231744,0.815930931601538,-1.59007283397791,-2.26252227653803e-05,0.820680184686935,-1.48878237524357,-9.33112174840106e-17,-2.12065117727331,0,0
2.082,0.855489666021552,0.815834788486433,-1.58988547185009,-2.26225567806599e-05,0.820583481955852,-1.48860694841548,-9.33002223975692e-17,-2.12040129581602,0,0
2.083,0.855387665909589,0.815737516429184,-1.58969590965831,-2.26198594911236e-05,0.820485643711442,-1.48842946167141,-9.32890982034279e-17,-2.12014848017351,0,0
2.084,0.855284483271112,0.815639116659577,-1.58950414979916,-2.26171309308728e-05,0.820386671190648,-1.48824991725528,-9.32778450422269e-17,-2.11989273354205,0,0
2.085,0.855180119395679,0.815539590407395,-1.58931019466922,-2.26143711340083e-05,0.820286565630412,-1.488068317411,-9.32664630546063e-17,-2.11963405911792,0,0
2.086,0.855074575572851,0.815438938902424,-1.58911404666507,-2.26115801346315e-05,0.820185328267677,-1.48788466438249,-9.32549523812065e-17,-2.11937246009741,0,0
2.087,0.854967853092188,0.815337163374447,-1.5889157081833,-2.26087579668433e-05,0.820082960339386,-1.48769896041367,-9.32433131626675e-17,-2.11910793967679,0,0
2.088,0.85485995324325,0.815234265053249,-1.5887151816205,-2.26059046647449e-05,0.819979463082481,-1.48751120774845,-9.32315455396296e-17,-2.11884050105235,0,0
2.089,0.854750877315598,0.815130245168614,-1.58851246937324,-2.26030202624374e-05,0.819874837733905,-1.48732140863076,-9.3219649652733e-17,-2.11857014742036,0,0
2.09,0.85464062659879,0.815025104950327,-1.58830757383812,-2.26001047940219e-05,0.8197690855306,-1.4871295653045,-9.32076256426178e-17,-2.1182968819771,0,0
2.091,0.854529202382387,0.814918845628173,-1.58810049741171,-2.25971582935994e-05,0.819662207709509,-1.4869356800136,-9.31954736499243e-17,-2.11802070791887,0,0
2.092,0.854416605955949,0.814811468431936,-1.58789124249059,-2.25941807952712e-05,0.819554205507575,-1.48673975500197,-9.31831938152926e-17,-2.11774162844192,0,0
2.093,0.854302838609036,0.8147029745914,-1.58767981147136,-2.25911723331383e-05,0.81944508016174,-1.48654179251353,-9.3170786279363e-17,-2.11745964674256,0,0
2.094,0.854187901631208,0.81459336533635,-1.5874662067506,-2.25881329413018e-05,0.819334832908947,-1.4863417947922,-9.31582511827757e-17,-2.11717476601704,0,0
2.095,0.854071796312024,0.81448264189657,-1.58725043072488,-2.25850626538628e-05,0.819223464986138,-1.4861397640819,-9.31455886661707e-17,-2.11688698946167,0,0
2.096,0.853954523941046,0.814370805501845,-1.5870324857908,-2.25819615049225e-05,0.819110977630257,-1.48593570262654,-9.31327988701885e-17,-2.11659632027271,0,0
2.097,0.853836085807833,0.814257857381959,-1.58681237434494,-2.25788295285819e-05,0.818997372078245,-1.48572961267004,-9.3119881935469e-17,-2.11630276164645,0,0
2.098,0.853716483201944,0.814143798766697,-1.58659009878388,-2.25756667589421e-05,0.818882649567046,-1.48552149645631,-9.31068380026526e-17,-2.11600631677916,0,0
2.099,0.853595717412941,0.814028630885843,-1.5863656615042,-2.25724732301043e-05,0.818766811333602,-1.48531135622928,-9.30936672123794e-17,-2.11570698886713,0,0
2.1,0.853473789730382,0.813912354969182,-1.5861390649025,-2.25692489761695e-05,0.818649858614856,-1.48509919423286,-9.30803697052897e-17,-2.11540478110664,0,0
2.101,0.853350701443828,0.813794972246498,-1.58591031137534,-2.25659940312389e-05,0.818531792647749,-1.48488501271096,-9.30669456220235e-17,-2.11509969669396,0,0
2.102,0.85322645384284,0.813676483947576,-1.58567940331932,-2.25627084294136e-05,0.818412614669226,-1.48466881390752,-9.30533951032212e-17,-2.11479173882538,0,0
2.103,0.853101048216976,0.813556891302199,-1.58544634313103,-2.25593922047947e-05,0.818292325916228,-1.48445060006643,-9.30397182895229e-17,-2.11448091069718,0,0
2.104,0.852974485855797,0.813436195540153,-1.58521113320703,-2.25560453914832e-05,0.818170927625698,-1.48423037343162,-9.30259153215688e-17,-2.11416721550564,0,0
2.105,0.852846768048862,0.813314397891223,-1.58497377594393,-2.25526680235803e-05,0.818048421034579,-1.48400813624702,-9.30119863399991e-17,-2.11385065644703,0,0
2.106,0.852717896085733,0.813191499585191,-1.5847342737383,-2.25492601351871e-05,0.817924807379814,-1.48378389075652,-9.29979314854539e-17,-2.11353123671765,0,0
2.107,0.852587871255969,0.813067501851844,-1.58449262898672,-2.25458217604047e-05,0.817800087898344,-1.48355763920406,-9.29837508985736e-17,-2.11320895951376,0,0
2.108,0.852456694849129,0.812942405920965,-1.58424884408578,-2.25423529333342e-05,0.817674263827113,-1.48332938383354,-9.29694447199983e-17,-2.11288382803165,0,0
2.109,0.852324368154774,0.812816213022338,-1.58400292143207,-2.25388536880768e-05,0.817547336403064,-1.48309912688889,-9.29550130903682e-17,-2.1125558454676,0,0
2.11,0.852190892462465,0.81268892438575,-1.58375486342216,-2.25353240587334e-05,0.817419306863138,-1.48286687061403,-9.29404561503234e-17,-2.11222501501789,0,0
2.111,0.85205626906176,0.812560541240983,-1.58350467245265,-2.25317640794053e-05,0.817290176444278,-1.48263261725286,-9.29257740405043e-17,-2.11189133987879,0,0
2.112,0.851920499242219,0.812431064817822,-1.58325235092011,-2.25281737841935e-05,0.817159946383428,-1.48239636904931,-9.29109669015509e-17,-2.1115548232466,0,0
2.113,0.851783584293404,0.812300496346052,-1.58299790122113,-2.25245532071992e-05,0.817028617917529,-1.4821581282473,-9.28960348741034e-17,-2.11121546831759,0,0
2.114,0.851645525504873,0.812168837055457,-1.58274132575229,-2.25209023825234e-05,0.816896192283525,-1.48191789709073,-9.28809780988022e-17,-2.11087327828803,0,0
2.115,0.851506324166188,0.812036088175822,-1.58248262691018,-2.25172213442672e-05,0.816762670718358,-1.48167567782354,-9.28657967162873e-17,-2.11052825635422,0,0
2.116,0.851365981566907,0.811902250936932,-1.58222180709137,-2.25135101265319e-05,0.81662805445897,-1.48143147268963,-9.2850490867199e-17,-2.11018040571243,0,0
2.117,0.851224498996591,0.811767326568569,-1.58195886869247,-2.25097687634183e-05,0.816492344742305,-1.48118528393292,-9.28350606921774e-17,-2.10982972955893,0,0
2.118,0.8510818777448,0.81163131630052,-1.58169381411004,-2.25059972890278e-05,0.816355542805304,-1.48093711379734,-9.28195063318627e-17,-2.10947623109002,0,0
2.119,0.850938119101093,0.811494221362569,-1.58142664574067,-2.25021957374613e-05,0.816217649884911,-1.48068696452679,-9.28038279268952e-17,-2.10911991350197,0,0
2.12,0.850793224355031,0.811356042984499,-1.58115736598095,-2.24983641428201e-05,0.816078667218068,-1.4804348383652,-9.27880256179151e-17,-2.10876077999106,0,0
2.121,0.850647194796175,0.811216782396097,-1.58088597722746,-2.24945025392051e-05,0.815938596041717,-1.48018073755648,-9.27720995455625e-17,-2.10839883375357,0,0
2.122,0.850500031714083,0.811076440827145,-1.58061248187678,-2.24906109607175e-05,0.815797437592802,-1.47992466434455,-9.27560498504776e-17,-2.10803407798578,0,0
2.123,0.850351736398315,0.810935019507428,-1.58033688232549,-2.24866894414584e-05,0.815655193108265,-1.47966662097332,-9.27398766733007e-17,-2.10766651588397,0,0
2.124,0.850202310138433,0.810792519666732,-1.58005918097019,-2.24827380155289e-05,0.815511863825049,-1.47940660968672,-9.27235801546719e-17,-2.10729615064443,0,0
2.125,0.850051754223995,0.81064894253484,-1.57977938020746,-2.24787567170302e-05,0.815367450980095,-1.47914463272866,-9.27071604352314e-17,-2.10692298546343,0,0
2.126,0.849900069944562,0.810504289341536,-1.57949748243387,-2.24747455800632e-05,0.815221955810348,-1.47888069234305,-9.26906176556194e-17,-2.10654702353725,0,0
2.127,0.849747258589694,0.810358561316606,-1.57921349004602,-2.24707046387292e-05,0.815075379552749,-1.47861479077383,-9.26739519564762e-17,-2.10616826806217,0,0
2.128,0.84959332144895,0.810211759689834,-1.57892740544048,-2.24666339271293e-05,0.81492772344424,-1.47834693026489,-9.26571634784418e-17,-2.10578672223448,0,0
2.129,0.849438259811891,0.810063885691005,-1.57863923101384,-2.24625334793644e-05,0.814778988721766,-1.47807711306016,-9.26402523621566e-17,-2.10540238925044,0,0
2.13,0.849282074968078,0.809914940549901,-1.57834896916268,-2.24584033295359e-05,0.814629176622268,-1.47780534140356,-9.26232187482606e-17,-2.10501527230635,0,0
2.131,0.849124768207068,0.80976492549631,-1.5780566222836,-2.24542435117447e-05,0.814478288382689,-1.47753161753901,-9.26060627773942e-17,-2.10462537459849,0,0
2.132,0.848966340818424,0.809613841760013,-1.57776219277316,-2.24500540600919e-05,0.814326325239971,-1.47725594371041,-9.25887845901975e-17,-2.10423269932313,0,0
2.133,0.848806794091704,0.809461690570798,-1.57746568302796,-2.24458350086787e-05,0.814173288431058,-1.4769783221617,-9.25713843273106e-17,-2.10383724967655,0,0
2.134,0.848646129316469,0.809308473158446,-1.57716709544458,-2.24415863916062e-05,0.814019179192891,-1.47669875513677,-9.25538621293738e-17,-2.10343902885503,0,0
2.135,0.848484347782278,0.809154190752744,-1.5768664324196,-2.24373082429755e-05,0.813863998762414,-1.47641724487957,-9.25362181370273e-17,-2.10303804005486,0,0
2.136,0.848321450778693,0.808998844583475,-1.57656369634961,-2.24330005968877e-05,0.813707748376568,-1.47613379363399,-9.25184524909113e-17,-2.10263428647232,0,0
2.137,0.848157439595272,0.808842435880425,-1.57625888963119,-2.24286634874439e-05,0.813550429272298,-1.47584840364395,-9.2500565331666e-17,-2.10222777130367,0,0
2.138,0.847992315521576,0.808684965873377,-1.57595201466093,-2.24242969487451e-05,0.813392042686545,-1.47556107715339,-9.24825567999315e-17,-2.10181849774522,0,0
2.139,0.847826079847164,0.808526435792115,-1.5756430738354,-2.24199010148926e-05,0.813232589856251,-1.4752718164062,-9.24644270363481e-17,-2.10140646899322,0,0
2.14,0.847658733861597,0.808366846866426,-1.5753320695512,-2.24154757199874e-05,0.81307207201836,-1.47498062364631,-9.2446176181556e-17,-2.10099168824398,0,0
2.141,0.847490278854435,0.808206200326092,-1.5750190042049,-2.24110210981306e-05,0.812910490409814,-1.47468750111764,-9.24278043761953e-17,-2.10057415869376,0,0
2.142,0.847320716115237,0.808044497400899,-1.57470388019309,-2.24065371834234e-05,0.812747846267556,-1.4743924510641,-9.24093117609063e-17,-2.10015388353884,0,0
2.143,0.847150046933565,0.80788173932063,-1.57438669991236,-2.24020240099667e-05,0.812584140828529,-1.47409547572961,-9.23906984763291e-17,-2.09973086597551,0,0
2.144,0.846978272598976,0.807717927315071,-1.57406746575928,-2.23974816118619e-05,0.812419375329674,-1.47379657735809,-9.2371964663104e-17,-2.09930510920004,0,0
2.145,0.846805394401033,0.807553062614006,-1.57374618013044,-2.23929100232098e-05,0.812253551007935,-1.47349575819345,-9.23531104618711e-17,-2.09887661640873,0,0
2.146,0.846631413629294,0.807387146447218,-1.57342284542243,-2.23883092781117e-05,0.812086669100254,-1.47319302047962,-9.23341360132707e-17,-2.09844539079783,0,0
2.147,0.84645633157332,0.807220180044494,-1.57309746403183,-2.23836794106687e-05,0.811918730843574,-1.4728883664605,-9.23150414579429e-17,-2.09801143556365,0,0
2.148,0.84628014952267,0.807052164635617,-1.57277003835522,-2.23790204549819e-05,0.811749737474838,-1.47258179838002,-9.22958269365279e-17,-2.09757475390245,0,0
2.149,0.846102868766905,0.806883101450371,-1.57244057078919,-2.23743324451523e-05,0.811579690230988,-1.47227331848209,-9.22764925896659e-17,-2.09713534901052,0,0
2.15,0.845924490595585,0.806712991718542,-1.57210906373032,-2.23696154152811e-05,0.811408590348966,-1.47196292901064,-9.22570385579972e-17,-2.09669322408413,0,0
2.151,0.845745016298269,0.806541836669913,-1.5717755195752,-2.23648693994694e-05,0.811236439065716,-1.47165063220957,-9.22374649821619e-17,-2.09624838231957,0,0
2.152,0.845564447164518,0.80636963753427,-1.5714399407204,-2.23600944318183e-05,0.81106323761818,-1.4713364303228,-9.22177720028002e-17,-2.09580082691312,0,0
2.153,0.845382784483892,0.806196395541396,-1.57110232956251,-2.23552905464289e-05,0.8108889872433,-1.47102032559426,-9.21979597605523e-17,-2.09535056106106,0,0
2.154,0.84520002954595,0.806022111921076,-1.57076268849812,-2.23504577774022e-05,0.81071368917802,-1.47070232026786,-9.21780283960584e-17,-2.09489758795967,0,0
2.155,0.845016183640253,0.805846787903094,-1.57042101992381,-2.23455961588395e-05,0.810537344659281,-1.47038241658751,-9.21579780499587e-17,-2.09444191080522,0,0
2.156,0.84483124805636,0.805670424717235,-1.57007732623616,-2.23407057248419e-05,0.810359954924027,-1.47006061679714,-9.21378088628935e-17,-2.093983532794,0,0
2.157,0.844645224083832,0.805493023593284,-1.56973160983176,-2.23357865095103e-05,0.8101815212092,-1.46973692314066,-9.21175209755028e-17,-2.09352245712229,0,0
2.158,0.844458113012229,0.805314585761025,-1.56938387310719,-2.2330838546946e-05,0.810002044751743,-1.46941133786198,-9.20971145284269e-17,-2.09305868698637,0,0
2.159,0.84426991613111,0.805135112450242,-1.56903411845904,-2.232586187125e-05,0.809821526788598,-1.46908386320504,-9.2076589662306e-17,-2.09259222558252,0,0
2.16,0.844080634730035,0.80495460489072,-1.56868234828389,-2.23208565165235e-05,0.809639968556708,-1.46875450141373,-9.20559465177802e-17,-2.09212307610702,0,0
2.161,0.843890270098566,0.804773064312243,-1.56832856497831,-2.23158225168675e-05,0.809457371293016,-1.46842325473198,-9.20351852354899e-17,-2.09165124175615,0,0
2.162,0.843698823526261,0.804590491944597,-1.56797277093891,-2.23107599063832e-05,0.809273736234464,-1.46809012540371,-9.20143059560751e-17,-2.09117672572618,0,0
2.163,0.84350629630268,0.804406889017564,-1.56761496856225,-2.23056687191716e-05,0.809089064617994,-1.46775511567284,-9.19933088201761e-17,-2.09069953121341,0,0
2.164,0.843312689717384,0.80422225676093,-1.56725516024493,-2.23005489893339e-05,0.80890335768055,-1.46741822778327,-9.1972193968433e-17,-2.0902196614141,0,0
2.165,0.843118005059933,0.804036596404479,-1.56689334838353,-2.22954007509712e-05,0.808716616659074,-1.46707946397893,-9.19509615414861e-17,-2.08973711952455,0,0
2.166,0.842922243619886,0.803849909177996,-1.56652953537463,-2.22902240381845e-05,0.808528842790509,-1.46673882650374,-9.19296116799756e-17,-2.08925190874103,0,0
2.167,0.842725406686803,0.803662196311265,-1.56616372361481,-2.22850188850751e-05,0.808340037311797,-1.46639631760162,-9.19081445245416e-17,-2.08876403225982,0,0
2.168,0.842527495550245,0.803473459034071,-1.56579591550067,-2.2279785325744e-05,0.808150201459881,-1.46605193951647,-9.18865602158244e-17,-2.08827349327719,0,0
2.169,0.842328511499772,0.803283698576198,-1.56542611342877,-2.22745233942922e-05,0.807959336471704,-1.46570569449222,-9.18648588944641e-17,-2.08778029498944,0,0
2.17,0.842128455824943,0.80309291616743,-1.56505431979572,-2.2269233124821e-05,0.807767443584208,-1.46535758477278,-9.1843040701101e-17,-2.08728444059284,0,0
2.171,0.841927329815319,0.802901113037552,-1.56468053699808,-2.22639145514314e-05,0.807574524034335,-1.46500761260207,-9.18211057763752e-17,-2.08678593328367,0,0
2.172,0.841725134760459,0.802708290416349,-1.56430476743246,-2.22585677082245e-05,0.807380579059029,-1.46465578022402,-9.1799054260927e-17,-2.08628477625822,0,0
2.173,0.841521871949924,0.802514449533605,-1.56392701349541,-2.22531926293014e-05,0.807185609895232,-1.46430208988252,-9.17768862953964e-17,-2.08578097271275,0,0
2.174,0.841317542673273,0.802319591619104,-1.56354727758355,-2.22477893487633e-05,0.806989617779887,-1.46394654382152,-9.17546020204238e-17,-2.08527452584356,0,0
2.175,0.841112148220067,0.802123717902631,-1.56316556209343,-2.22423579007112e-05,0.806792603949936,-1.46358914428491,-9.17322015766493e-17,-2.08476543884692,0,0
2.176,0.840905689879865,0.801926829613971,-1.56278186942166,-2.22368983192463e-05,0.806594569642322,-1.46322989351662,-9.17096851047131e-17,-2.08425371491911,0,0
2.177,0.840698168942228,0.801728927982907,-1.56239620196481,-2.22314106384696e-05,0.806395516093988,-1.46286879376056,-9.16870527452555e-17,-2.08373935725642,0,0
2.178,0.840489586696715,0.801530014239225,-1.56200856211947,-2.22258948924823e-05,0.806195444541875,-1.46250584726066,-9.16643046389165e-17,-2.08322236905511,0,0
2.179,0.840279944432887,0.801330089612708,-1.56161895228223,-2.22203511153854e-05,0.805994356222927,-1.46214105626082,-9.16414409263365e-17,-2.08270275351148,0,0
2.18,0.840069243440303,0.801129155333142,-1.56122737484965,-2.22147793412802e-05,0.805792252374087,-1.46177442300498,-9.16184617481556e-17,-2.08218051382181,0,0
2.181,0.839857485008524,0.80092721263031,-1.56083383221834,-2.22091796042676e-05,0.805589134232297,-1.46140594973703,-9.15953672450139e-17,-2.08165565318236,0,0
2.182,0.839644670427109,0.800724262733997,-1.56043832678487,-2.22035519384487e-05,0.805385003034499,-1.46103563870091,-9.15721575575518e-17,-2.08112817478943,0,0
2.183,0.839430800985618,0.800520306873988,-1.56004086094582,-2.21978963779248e-05,0.805179860017637,-1.46066349214052,-9.15488328264093e-17,-2.0805980818393,0,0
2.184,0.839215877973612,0.800315346280068,-1.55964143709779,-2.21922129567969e-05,0.804973706418653,-1.46028951229979,-9.15253931922267e-17,-2.08006537752824,0,0
2.185,0.838999902680651,0.80010938218202,-1.55924005763735,-2.21865017091661e-05,0.804766543474489,-1.45991370142263,-9.15018387956442e-17,-2.07953006505253,0,0
2.186,0.838782876396293,0.799902415809629,-1.55883672496109,-2.21807626691335e-05,0.804558372422088,-1.45953606175296,-9.1478169777302e-17,-2.07899214760846,0,0
2.187,0.838564800410101,0.799694448392679,-1.5584314414656,-2.21749958708003e-05,0.804349194498393,-1.45915659553469,-9.14543862778403e-17,-2.0784516283923,0,0
2.188,0.838345676011632,0.799485481160956,-1.55802420954745,-2.21692013482674e-05,0.804139010940346,-1.45877530501175,-9.14304884378992e-17,-2.07790851060034,0,0
2.189,0.838125504490448,0.799275515344242,-1.55761503160322,-2.21633791356361e-05,0.80392782298489,-1.45839219242805,-9.1406476398119e-17,-2.07736279742885,0,0
2.19,0.837904287136109,0.799064552172324,-1.55720391002952,-2.21575292670074e-05,0.803715631868968,-1.45800726002751,-9.13823502991399e-17,-2.07681449207411,0,0
2.191,0.837682025238174,0.798852592874986,-1.55679084722291,-2.21516517764825e-05,0.803502438829522,-1.45762051005405,-9.1358110281602e-17,-2.07626359773242,0,0
2.192,0.837458720086203,0.798639638682011,-1.55637584557998,-2.21457466981624e-05,0.803288245103495,-1.45723194475157,-9.13337564861455e-17,-2.07571011760003,0,0
2.193,0.837234372969757,0.798425690823184,-1.55595890749731,-2.21398140661483e-05,0.80307305192783,-1.45684156636401,-9.13092890534107e-17,-2.07515405487325,0,0
2.194,0.837008985178395,0.798210750528291,-1.5555400353715,-2.21338539145413e-05,0.802856860539468,-1.45644937713527,-9.12847081240378e-17,-2.07459541274834,0,0
2.195,0.836782558001678,0.797994819027114,-1.55511923159912,-2.21278662774424e-05,0.802639672175354,-1.45605537930928,-9.12600138386669e-17,-2.07403419442159,0,0
2.196,0.836555092729165,0.79777789754944,-1.55469649857675,-2.21218511889528e-05,0.802421488072428,-1.45565957512995,-9.12352063379382e-17,-2.07347040308927,0,0
2.197,0.836326590650416,0.797559987325052,-1.55427183870099,-2.21158086831736e-05,0.802202309467635,-1.4552619668412,-9.1210285762492e-17,-2.07290404194767,0,0
2.198,0.836097053054992,0.797341089583734,-1.55384525436841,-2.21097387942059e-05,0.801982137597916,-1.45486255668694,-9.11852522529684e-17,-2.07233511419306,0,0
2.199,0.835866481232452,0.797121205555272,-1.5534167479756,-2.21036415561507e-05,0.801760973700215,-1.45446134691109,-9.11601059500076e-17,-2.07176362302174,0,0
2.2,0.835634876472356,0.796900336469449,-1.55298632191914,-2.20975170031093e-05,0.801538819011473,-1.45405833975758,-9.11348469942499e-17,-2.07118957162997,0,0
2.201,0.835402240064265,0.79667848355605,-1.55255397859562,-2.20913651691827e-05,0.801315674768634,-1.45365353747031,-9.11094755263353e-17,-2.07061296321404,0,0
2.202,0.835168573297738,0.79645564804486,-1.55211972040161,-2.2085186088472e-05,0.801091542208639,-1.45324694229321,-9.10839916869042e-17,-2.07003380097022,0,0
2.203,0.834933877462335,0.796231831165663,-1.55168354973371,-2.20789797950784e-05,0.800866422568433,-1.45283855647019,-9.10583956165967e-17,-2.06945208809481,0,0
2.204,0.834698153847617,0.796007034148243,-1.5512454689885,-2.20727463231028e-05,0.800640317084957,-1.45242838224516,-9.1032687456053e-17,-2.06886782778407,0,0
2.205,0.834461403743143,0.795781258222386,-1.55080548056256,-2.20664857066465e-05,0.800413226995153,-1.45201642186206,-9.10068673459132e-17,-2.06828102323429,0,0
2.206,0.834223628438474,0.795554504617874,-1.55036358685247,-2.20601979798106e-05,0.800185153535966,-1.45160267756479,-9.09809354268177e-17,-2.06769167764175,0,0
2.207,0.833984829223168,0.795326774564494,-1.54991979025482,-2.20538831766961e-05,0.799956097944336,-1.45118715159726,-9.09548918394066e-17,-2.06709979420272,0,0
2.208,0.833745007386787,0.79509806929203,-1.5494740931662,-2.20475413314041e-05,0.799726061457207,-1.45076984620341,-9.09287367243201e-17,-2.0665053761135,0,0
2.209,0.833504164218891,0.794868390030265,-1.54902649798318,-2.20411724780358e-05,0.799495045311522,-1.45035076362714,-9.09024702221983e-17,-2.06590842657036,0,0
2.21,0.833262301009039,0.794637738008984,-1.54857700710235,-2.20347766506923e-05,0.799263050744223,-1.44992990611237,-9.08760924736816e-17,-2.06530894876957,0,0
2.211,0.833019419046791,0.794406114457972,-1.5481256229203,-2.20283538834747e-05,0.799030078992252,-1.44950727590302,-9.084960361941e-17,-2.06470694590743,0,0
2.212,0.832775519621707,0.794173520607014,-1.5476723478336,-2.2021904210484e-05,0.798796131292553,-1.449082875243,-9.08230038000238e-17,-2.0641024211802,0,0
2.213,0.832530604023347,0.793939957685893,-1.54721718423885,-2.20154276658214e-05,0.798561208882068,-1.44865670637624,-9.07962931561631e-17,-2.06349537778417,0,0
2.214,0.832284673541272,0.793705426924395,-1.54676013453262,-2.20089242835881e-05,0.798325312997739,-1.44822877154666,-9.07694718284682e-17,-2.06288581891563,0,0
2.215,0.832037729465041,0.793469929552303,-1.5463012011115,-2.2002394097885e-05,0.798088444876509,-1.44779907299815,-9.07425399575793e-17,-2.06227374777084,0,0
2.216,0.831789773084215,0.793233466799402,-1.54584038637208,-2.19958371428133e-05,0.797850605755321,-1.44736761297466,-9.07154976841365e-17,-2.0616591675461,0,0
2.217,0.831540805688353,0.792996039895477,-1.54537769271093,-2.19892534524742e-05,0.797611796871118,-1.44693439372008,-9.06883451487801e-17,-2.06104208143767,0,0
2.218,0.831290828567014,0.792757650070312,-1.54491312252464,-2.19826430609687e-05,0.797372019460842,-1.44649941747835,-9.06610824921502e-17,-2.06042249264185,0,0
2.219,0.831039843009761,0.792518298553692,-1.5444466782098,-2.19760060023979e-05,0.797131274761435,-1.44606268649337,-9.06337098548871e-17,-2.05980040435491,0,0
2.22,0.830787850306151,0.792277986575401,-1.54397836216299,-2.19693423108629e-05,0.79688956400984,-1.44562420300907,-9.0606227377631e-17,-2.05917581977313,0,0
2.221,0.830534851745746,0.792036715365223,-1.54350817678079,-2.19626520204649e-05,0.796646888443001,-1.44518396926935,-9.05786352010219e-17,-2.05854874209279,0,0
2.222,0.830280848618105,0.791794486152943,-1.54303612445978,-2.19559351653049e-05,0.796403249297859,-1.44474198751815,-9.05509334657002e-17,-2.05791917451017,0,0
2.223,0.830025842212788,0.791551300168346,-1.54256220759656,-2.19491917794841e-05,0.796158647811357,-1.44429825999937,-9.0523122312306e-17,-2.05728712022155,0,0
2.224,0.829769833819355,0.791307158641215,-1.5420864285877,-2.19424218971035e-05,0.795913085220438,-1.44385278895693,-9.04952018814795e-17,-2.05665258242322,0,0
2.225,0.829512824727367,0.791062062801336,-1.54160878982978,-2.19356255522643e-05,0.795666562762044,-1.44340557663476,-9.0467172313861e-17,-2.05601556431145,0,0
2.226,0.829254816226383,0.790816013878493,-1.5411292937194,-2.19288027790676e-05,0.795419081673118,-1.44295662527676,-9.04390337500906e-17,-2.05537606908252,0,0
2.227,0.828995809605963,0.79056901310247,-1.54064794265314,-2.19219536116144e-05,0.795170643190603,-1.44250593712685,-9.04107863308085e-17,-2.05473409993272,0,0
2.228,0.828735806155667,0.790321061703052,-1.54016473902757,-2.1915078084006e-05,0.794921248551441,-1.44205351442896,-9.03824301966549e-17,-2.05408966005831,0,0
2.229,0.828474807165056,0.790072160910023,-1.53967968523929,-2.19081762303433e-05,0.794670898992575,-1.44159935942699,-9.035396548827e-17,-2.05344275265559,0,0
2.23,0.828212813923688,0.789822311953168,-1.53919278368487,-2.19012480847275e-05,0.794419595750947,-1.44114347436487,-9.0325392346294e-17,-2.05279338092084,0,0
2.231,0.827949827721125,0.789571516062271,-1.53870403676091,-2.18942936812598e-05,0.794167340063501,-1.44068586148651,-9.02967109113671e-17,-2.05214154805033,0,0
2.232,0.827685849846926,0.789319774467117,-1.53821344686398,-2.18873130540411e-05,0.793914133167178,-1.44022652303584,-9.02679213241295e-17,-2.05148725724034,0,0
2.233,0.827420881590652,0.78906708839749,-1.53772101639066,-2.18803062371727e-05,0.793659976298922,-1.43976546125676,-9.02390237252214e-17,-2.05083051168715,0,0
2.234,0.827154924241861,0.788813459083174,-1.53722674773755,-2.18732732647556e-05,0.793404870695674,-1.43930267839319,-9.02100182552829e-17,-2.05017131458705,0,0
2.235,0.826887979090114,0.788558887753955,-1.53673064330123,-2.18662141708909e-05,0.793148817594379,-1.43883817668906,-9.01809050549544e-17,-2.04950966913632,0,0
2.236,0.826620047424972,0.788303375639616,-1.53623270547828,-2.18591289896798e-05,0.792891818231977,-1.43837195838827,-9.01516842648759e-17,-2.04884557853122,0,0
2.237,0.826351130535994,0.788046923969942,-1.53573293666528,-2.18520177552233e-05,0.792633873845412,-1.43790402573476,-9.01223560256877e-17,-2.04817904596806,0,0
2.238,0.82608122971274,0.787789533974718,-1.53523133925881,-2.18448805016226e-05,0.792374985671627,-1.43743438097242,-9.00929204780299e-17,-2.0475100746431,0,0
2.239,0.82581034624477,0.787531206883728,-1.53472791565547,-2.18377172629787e-05,0.792115154947564,-1.43696302634519,-9.00633777625429e-17,-2.04683866775262,0,0
2.24,0.825538481421645,0.787271943926756,-1.53422266825184,-2.18305280733927e-05,0.791854382910165,-1.43648996409697,-9.00337280198667e-17,-2.04616482849291,0,0
2.241,0.825265636532923,0.787011746333587,-1.53371559944449,-2.18233129669659e-05,0.791592670796374,-1.43601519647169,-9.00039713906415e-17,-2.04548856006024,0,0
2.242,0.824991812868166,0.786750615334005,-1.53320671163002,-2.18160719777992e-05,0.791330019843133,-1.43553872571326,-8.99741080155076e-17,-2.0448098656509,0,0
2.243,0.824717011716933,0.786488552157796,-1.532696007205,-2.18088051399938e-05,0.791066431287385,-1.4350605540656,-8.99441380351051e-17,-2.04412874846117,0,0
2.244,0.824441234368783,0.786225558034742,-1.53218348856602,-2.18015124876508e-05,0.790801906366071,-1.43458068377262,-8.99140615900743e-17,-2.04344521168732,0,0
2.245,0.824164482113278,0.78596163419463,-1.53166915810967,-2.17941940548713e-05,0.790536446316136,-1.43409911707825,-8.98838788210553e-17,-2.04275925852564,0,0
2.246,0.823886756239978,0.785696781867242,-1.53115301823253,-2.17868498757564e-05,0.790270052374521,-1.4336158562264,-8.98535898686884e-17,-2.04207089217241,0,0
2.247,0.823608058038441,0.785431002282365,-1.53063507133118,-2.17794799844072e-05,0.790002725778168,-1.43313090346099,-8.98231948736137e-17,-2.0413801158239,0,0
2.248,0.823328388798228,0.785164296669781,-1.5301153198022,-2.17720844149249e-05,0.789734467764022,-1.43264426102593,-8.97926939764714e-17,-2.0406869326764,0,0
2.249,0.823047749808899,0.784896666259277,-1.52959376604218,-2.17646632014104e-05,0.789465279569024,-1.43215593116515,-8.97620873179018e-17,-2.03999134592619,0,0
2.25,0.822766142360015,0.784628112280635,-1.52907041244771,-2.1757216377965e-05,0.789195162430117,-1.43166591612255,-8.97313750385449e-17,-2.03929335876954,0,0
2.251,0.822483567741134,0.784358635963641,-1.52854526141537,-2.17497439786897e-05,0.788924117584243,-1.43117421814206,-8.97005572790411e-17,-2.03859297440274,0,0
2.252,0.822200027241818,0.784088238538079,-1.52801831534173,-2.17422460376857e-05,0.788652146268346,-1.4306808394676,-8.96696341800305e-17,-2.03789019602207,0,0
2.253,0.821915522151626,0.783816921233733,-1.5274895766234,-2.1734722589054e-05,0.788379249719367,-1.43018578234308,-8.96386058821533e-17,-2.03718502682381,0,0
2.254,0.821630053760118,0.783544685280389,-1.52695904765694,-2.17271736668957e-05,0.78810542917425,-1.42968904901241,-8.96074725260497e-17,-2.03647747000424,0,0
2.255,0.821343623356853,0.78327153190783,-1.52642673083894,-2.1719599305312e-05,0.787830685869937,-1.42919064171952,-8.95762342523599e-17,-2.03576752875963,0,0
2.256,0.821056232231393,0.782997462345841,-1.52589262856599,-2.1711999538404e-05,0.78755502104337,-1.42869056270833,-8.95448912017241e-17,-2.03505520628627,0,0
2.257,0.820767881673297,0.782722477824207,-1.52535674323467,-2.17043744002728e-05,0.787278435931493,-1.42818881422274,-8.95134435147825e-17,-2.03434050578045,0,0
2.258,0.820478572972125,0.782446579572711,-1.52481907724156,-2.16967239250194e-05,0.787000931771248,-1.42768539850668,-8.94818913321753e-17,-2.03362343043843,0,0
2.259,0.820188307417437,0.782169768821139,-1.52427963298325,-2.1689048146745e-05,0.786722509799577,-1.42718031780406,-8.94502347945427e-17,-2.0329039834565,0,0
2.26,0.819897086298793,0.781892046799274,-1.52373841285633,-2.16813470995508e-05,0.786443171253423,-1.42667357435881,-8.94184740425248e-17,-2.03218216803094,0,0
2.261,0.819604910905753,0.781613414736902,-1.52319541925737,-2.16736208175377e-05,0.78616291736973,-1.42616517041484,-8.93866092167619e-17,-2.03145798735803,0,0
2.262,0.819311782527878,0.781333873863806,-1.52265065458296,-2.16658693348069e-05,0.785881749385438,-1.42565510821606,-8.93546404578942e-17,-2.03073144463405,0,0
2.263,0.819017702454726,0.781053425409772,-1.52210412122968,-2.16580926854596e-05,0.785599668537492,-1.42514339000639,-8.93225679065619e-17,-2.03000254305528,0,0
2.264,0.818722671975858,0.780772070604584,-1.52155582159412,-2.16502909035967e-05,0.785316676062833,-1.42463001802975,-8.92903917034051e-17,-2.029271285818,0,0
2.265,0.818426692380834,0.780489810678026,-1.52100575807286,-2.16424640233195e-05,0.785032773198404,-1.42411499453007,-8.92581119890641e-17,-2.02853767611849,0,0
2.266,0.818129764959214,0.780206646859882,-1.52045393306249,-2.1634612078729e-05,0.784747961181149,-1.42359832175124,-8.9225728904179e-17,-2.02780171715303,0,0
2.267,0.817831891000558,0.779922580379938,-1.51990034895958,-2.16267351039264e-05,0.784462241248008,-1.4230800019372,-8.91932425893901e-17,-2.0270634121179,0,0
2.268,0.817533071794426,0.779637612467977,-1.51934500816073,-2.16188331330127e-05,0.784175614635926,-1.42256003733186,-8.91606531853376e-17,-2.02632276420938,0,0
2.269,0.817233308630378,0.779351744353784,-1.51878791306251,-2.1610906200089e-05,0.783888082581845,-1.42203843017913,-8.91279608326615e-17,-2.02557977662376,0,0
2.27,0.816932602797975,0.779064977267144,-1.51822906606152,-2.16029543392566e-05,0.783599646322707,-1.42151518272294,-8.90951656720023e-17,-2.0248344525573,0,0
2.271,0.816630955586775,0.77877731243784,-1.51766846955432,-2.15949775846163e-05,0.783310307095455,-1.42099029720719,-8.90622678439999e-17,-2.0240867952063,0,0
2.272,0.816328368286339,0.778488751095658,-1.51710612593752,-2.15869759702695e-05,0.783020066137032,-1.42046377587582,-8.90292674892947e-17,-2.02333680776703,0,0
2.273,0.816024842186227,0.778199294470383,-1.51654203760769,-2.15789495303171e-05,0.78272892468438,-1.41993562097273,-8.89961647485268e-17,-2.02258449343577,0,0
2.274,0.815720378575999,0.777908943791797,-1.51597620696141,-2.15708982988603e-05,0.782436883974441,-1.41940583474184,-8.89629597623365e-17,-2.0218298554088,0,0
2.275,0.815414978745215,0.777617700289687,-1.51540863639527,-2.15628223100002e-05,0.78214394524416,-1.41887441942707,-8.89296526713638e-17,-2.02107289688241,0,0
2.276,0.815108643983435,0.777325565193835,-1.51483932830586,-2.15547215978379e-05,0.781850109730477,-1.41834137727234,-8.88962436162491e-17,-2.02031362105287,0,0
2.277,0.814801375580218,0.777032539734028,-1.51426828508975,-2.15465961964745e-05,0.781555378670336,-1.41780671052156,-8.88627327376325e-17,-2.01955203111646,0,0
2.278,0.814493174825126,0.776738625140049,-1.51369550914353,-2.15384461400112e-05,0.781259753300679,-1.41727042141866,-8.88291201761542e-17,-2.01878813026947,0,0
2.279,0.814184043007718,0.776443822641683,-1.51312100286379,-2.15302714625489e-05,0.78096323485845,-1.41673251220754,-8.87954060724544e-17,-2.01802192170817,0,0
2.28,0.813873981417553,0.776148133468713,-1.51254476864711,-2.15220721981888e-05,0.78066582458059,-1.41619298513212,-8.87615905671733e-17,-2.01725340862884,0,0
2.281,0.813562991344193,0.775851558850926,-1.51196680889006,-2.15138483810321e-05,0.780367523704042,-1.41565184243633,-8.87276738009511e-17,-2.01648259422777,0,0
2.282,0.813251074077196,0.775554100018105,-1.51138712598925,-2.15056000451799e-05,0.780068333465749,-1.41510908636408,-8.86936559144279e-17,-2.01570948170122,0,0
2.283,0.812938230906123,0.775255758200034,-1.51080572234124,-2.14973272247331e-05,0.779768255102653,-1.41456471915928,-8.86595370482441e-17,-2.0149340742455,0,0
2.284,0.812624463120535,0.774956534626499,-1.51022260034263,-2.1489029953793e-05,0.779467289851698,-1.41401874306586,-8.86253173430398e-17,-2.01415637505687,0,0
2.285,0.81230977200999,0.774656430527283,-1.50963776239,-2.14807082664607e-05,0.779165438949825,-1.41347116032773,-8.85909969394551e-17,-2.01337638733161,0,0
2.286,0.811994158864049,0.774355447132171,-1.50905121087992,-2.14723621968372e-05,0.778862703633977,-1.41292197318881,-8.85565759781303e-17,-2.01259411426601,0,0
2.287,0.811677624972272,0.774053585670948,-1.508462948209,-2.14639917790237e-05,0.778559085141098,-1.41237118389302,-8.85220545997056e-17,-2.01180955905634,0,0
2.288,0.811360171624219,0.773750847373397,-1.5078729767738,-2.14555970471213e-05,0.778254584708129,-1.41181879468426,-8.84874329448211e-17,-2.01102272489889,0,0
2.289,0.811041800109449,0.773447233469304,-1.50728129897091,-2.14471780352311e-05,0.777949203572013,-1.41126480780647,-8.84527111541171e-17,-2.01023361498993,0,0
2.29,0.810722511717524,0.773142745188453,-1.50668791719693,-2.14387347774541e-05,0.777642942969693,-1.41070922550356,-8.84178893682338e-17,-2.00944223252575,0,0
2.291,0.810402307738002,0.772837383760629,-1.50609283384842,-2.14302673078916e-05,0.777335804138112,-1.41015205001944,-8.83829677278113e-17,-2.00864858070262,0,0
2.292,0.810081189460445,0.772531150415615,-1.50549605132197,-2.14217756606445e-05,0.777027788314211,-1.40959328359803,-8.83479463734899e-17,-2.00785266271683,0,0
2.293,0.809759158174411,0.772224046383197,-1.50489757201418,-2.14132598698141e-05,0.776718896734934,-1.40903292848324,-8.83128254459097e-17,-2.00705448176466,0,0
2.294,0.809436215169461,0.771916072893158,-1.50429739832162,-2.14047199695013e-05,0.776409130637224,-1.40847098691901,-8.8277605085711e-17,-2.00625404104238,0,0
2.295,0.809112361735155,0.771607231175284,-1.50369553264087,-2.13961559938074e-05,0.776098491258022,-1.40790746114924,-8.82422854335339e-17,-2.00545134374628,0,0
2.296,0.808787599161052,0.771297522459358,-1.50309197736852,-2.13875679768334e-05,0.775786979834272,-1.40734235341785,-8.82068666300186e-17,-2.00464639307264,0,0
2.297,0.808461928736714,0.770986947975166,-1.50248673490116,-2.13789559526805e-05,0.775474597602916,-1.40677566596875,-8.81713488158054e-17,-2.00383919221773,0,0
2.298,0.808135351751699,0.770675508952491,-1.50187980763536,-2.13703199554497e-05,0.775161345800897,-1.40620740104587,-8.81357321315344e-17,-2.00302974437784,0,0
2.299,0.807807869495568,0.770363206621119,-1.50127119796772,-2.13616600192421e-05,0.774847225665158,-1.40563756089313,-8.81000167178458e-17,-2.00221805274925,0,0
2.3,0.807479483257881,0.770050042210833,-1.50066090829481,-2.13529761781589e-05,0.77453223843264,-1.40506614775443,-8.80642027153798e-17,-2.00140412052824,0,0
2.301,0.807150194328198,0.769736016951418,-1.50004894101322,-2.13442684663011e-05,0.774216385340287,-1.4044931638737,-8.80282902647767e-17,-2.00058795091108,0,0
2.302,0.806820003996078,0.769421132072659,-1.49943529851953,-2.13355369177699e-05,0.773899667625041,-1.40391861149485,-8.79922795066765e-17,-1.99976954709406,0,0
2.303,0.806488913551083,0.76910538880434,-1.49881998321033,-2.13267815666664e-05,0.773582086523845,-1.4033424928618,-8.79561705817196e-17,-1.99894891227346,0,0
2.304,0.806156924282771,0.768788788376245,-1.49820299748219,-2.13180024470917e-05,0.773263643273642,-1.40276481021847,-8.79199636305461e-17,-1.99812604964556,0,0
2.305,0.805824037480703,0.76847133201816,-1.49758434373172,-2.13091995931468e-05,0.772944339111374,-1.40218556580878,-8.78836587937961e-17,-1.99730096240664,0,0
2.306,0.805490254434439,0.768153020959867,-1.49696402435548,-2.1300373038933e-05,0.772624175273983,-1.40160476187664,-8.784725621211e-17,-1.99647365375297,0,0
2.307,0.805155576433538,0.767833856431153,-1.49634204175006,-2.12915228185512e-05,0.772303152998413,-1.40102240066596,-8.78107560261279e-17,-1.99564412688085,0,0
2.308,0.804820004767561,0.767513839661801,-1.49571839831205,-2.12826489661027e-05,0.771981273521606,-1.40043848442068,-8.77741583764899e-17,-1.99481238498654,0,0
2.309,0.804483540726068,0.767192971881596,-1.49509309643803,-2.12737515156884e-05,0.771658538080504,-1.3998530153847,-8.77374634038363e-17,-1.99397843126633,0,0
2.31,0.804146185598619,0.766871254320322,-1.49446613852458,-2.12648305014096e-05,0.771334947912051,-1.39926599580194,-8.77006712488073e-17,-1.99314226891651,0,0
2.311,0.803807940674774,0.766548688207765,-1.49383752696829,-2.12558859573673e-05,0.771010504253189,-1.39867742791631,-8.76637820520431e-17,-1.99230390113334,0,0
2.312,0.803468807244092,0.766225274773707,-1.49320726416574,-2.12469179176626e-05,0.77068520834086,-1.39808731397174,-8.76267959541838e-17,-1.99146333111311,0,0
2.313,0.803128786596134,0.765901015247934,-1.49257535251351,-2.12379264163967e-05,0.770359061412007,-1.39749565621215,-8.75897130958698e-17,-1.99062056205211,0,0
2.314,0.80278788002046,0.76557591086023,-1.4919417944082,-2.12289114876706e-05,0.770032064703573,-1.39690245688144,-8.7552533617741e-17,-1.9897755971466,0,0
2.315,0.80244608880663,0.76524996284038,-1.49130659224637,-2.12198731655855e-05,0.7697042194525,-1.39630771822355,-8.75152576604379e-17,-1.98892843959287,0,0
2.316,0.802103414244203,0.764923172418168,-1.49066974842462,-2.12108114842424e-05,0.769375526895732,-1.39571144248237,-8.74778853646005e-17,-1.98807909258721,0,0
2.317,0.80175985762274,0.764595540823379,-1.49003126533954,-2.12017264777425e-05,0.769045988270209,-1.39511363190184,-8.7440416870869e-17,-1.98722755932588,0,0
2.318,0.801415420231801,0.764267069285797,-1.48939114538769,-2.11926181801868e-05,0.768715604812877,-1.39451428872587,-8.74028523198837e-17,-1.98637384300518,0,0
2.319,0.801070103360945,0.763937759035206,-1.48874939096568,-2.11834866256765e-05,0.768384377760676,-1.39391341519837,-8.73651918522847e-17,-1.98551794682138,0,0
2.32,0.800723908299733,0.763607611301392,-1.48810600447007,-2.11743318483128e-05,0.768052308350549,-1.39331101356326,-8.73274356087123e-17,-1.98465987397076,0,0
2.321,0.800376836337725,0.763276627314138,-1.48746098829746,-2.11651538821966e-05,0.76771939781944,-1.39270708606447,-8.72895837298066e-17,-1.9837996276496,0,0
2.322,0.80002888876448,0.762944808303228,-1.48681434484444,-2.11559527614291e-05,0.76738564740429,-1.3921016349459,-8.72516363562078e-17,-1.98293721105419,0,0
2.323,0.79968006686956,0.762612155498449,-1.48616607650757,-2.11467285201114e-05,0.767051058342042,-1.39149466245148,-8.72135936285562e-17,-1.98207262738079,0,0
2.324,0.799330371942523,0.762278670129583,-1.48551618568345,-2.11374811923446e-05,0.76671563186964,-1.39088617082511,-8.71754556874919e-17,-1.9812058798257,0,0
2.325,0.798979805272929,0.761944353426415,-1.48486467476866,-2.11282108122298e-05,0.766379369224025,-1.39027616231073,-8.71372226736551e-17,-1.98033697158519,0,0
2.326,0.798628368150339,0.761609206618731,-1.48421154615979,-2.11189174138681e-05,0.76604227164214,-1.38966463915224,-8.7098894727686e-17,-1.97946590585555,0,0
2.327,0.798276061864313,0.761273230936314,-1.48355680225341,-2.11096010313607e-05,0.765704340360928,-1.38905160359357,-8.70604719902248e-17,-1.97859268583305,0,0
2.328,0.797922887704411,0.760936427608948,-1.48290044544612,-2.11002616988086e-05,0.765365576617332,-1.38843705787863,-8.70219546019117e-17,-1.97771731471397,0,0
2.329,0.797568846960192,0.760598797866419,-1.4822424781345,-2.1090899450313e-05,0.765025981648294,-1.38782100425133,-8.6983342703387e-17,-1.97683979569459,0,0
2.33,0.797213940921217,0.76026034293851,-1.48158290271512,-2.10815143199749e-05,0.764685556690756,-1.3872034449556,-8.69446364352907e-17,-1.9759601319712,0,0
2.331,0.796858170877046,0.759921064055007,-1.48092172158458,-2.10721063418954e-05,0.764344302981661,-1.38658438223535,-8.69058359382632e-17,-1.97507832674007,0,0
2.332,0.796501538117238,0.759580962445693,-1.48025893713945,-2.10626755501757e-05,0.764002221757953,-1.38596381833451,-8.68669413529445e-17,-1.97419438319749,0,0
2.333,0.796144043931354,0.759240039340354,-1.47959455177633,-2.10532219789169e-05,0.763659314256573,-1.38534175549697,-8.68279528199749e-17,-1.97330830453973,0,0
2.334,0.795785689608953,0.758898295968773,-1.47892856789179,-2.104374566222e-05,0.763315581714464,-1.38471819596667,-8.67888704799946e-17,-1.97242009396307,0,0
2.335,0.795426476439596,0.758555733560735,-1.47826098788242,-2.10342466341863e-05,0.762971025368569,-1.38409314198752,-8.67496944736437e-17,-1.9715297546638,0,0
2.336,0.795066405712843,0.758212353346025,-1.47759181414481,-2.10247249289167e-05,0.762625646455831,-1.38346659580344,-8.67104249415626e-17,-1.9706372898382,0,0
2.337,0.794705478718253,0.757868156554427,-1.47692104907553,-2.10151805805124e-05,0.762279446213191,-1.38283855965835,-8.66710620243913e-17,-1.96974270268254,0,0
2.338,0.794343696745387,0.757523144415725,-1.47624869507117,-2.10056136230745e-05,0.761932425877593,-1.38220903579616,-8.663160586277e-17,-1.9688459963931,0,0
2.339,0.793981061083805,0.757177318159704,-1.47557475452831,-2.09960240907041e-05,0.76158458668598,-1.38157802646078,-8.65920565973391e-17,-1.96794717416617,0,0
2.34,0.793617573023066,0.756830679016148,-1.47489922984355,-2.09864120175024e-05,0.761235929875293,-1.38094553389615,-8.65524143687386e-17,-1.96704623919803,0,0
2.341,0.793253233852731,0.756483228214843,-1.47422212341345,-2.09767774375703e-05,0.760886456682476,-1.38031156034616,-8.65126793176087e-17,-1.96614319468495,0,0
2.342,0.792888044862359,0.756134966985572,-1.47354343763462,-2.09671203850091e-05,0.760536168344471,-1.37967610805475,-8.64728515845897e-17,-1.96523804382322,0,0
2.343,0.792522007341511,0.755785896558119,-1.47286317490362,-2.09574408939198e-05,0.760185066098221,-1.37903917926583,-8.64329313103218e-17,-1.96433078980912,0,0
2.344,0.792155122579746,0.75543601816227,-1.47218133761704,-2.09477389984035e-05,0.759833151180668,-1.37840077622331,-8.63929186354451e-17,-1.96342143583892,0,0
2.345,0.791787391866626,0.755085333027809,-1.47149792817148,-2.09380147325614e-05,0.759480424828755,-1.37776090117112,-8.63528137005998e-17,-1.96250998510891,0,0
2.346,0.791418816491708,0.75473384238452,-1.4708129489635,-2.09282681304946e-05,0.759126888279425,-1.37711955635316,-8.63126166464261e-17,-1.96159644081536,0,0
2.347,0.791049397744554,0.754381547462188,-1.4701264023897,-2.09184992263041e-05,0.75877254276962,-1.37647674401337,-8.62723276135643e-17,-1.96068080615456,0,0
2.348,0.790679136914724,0.754028449490597,-1.46943829084666,-2.0908708054091e-05,0.758417389536283,-1.37583246639564,-8.62319467426545e-17,-1.95976308432279,0,0
2.349,0.790308035291777,0.753674549699531,-1.46874861673096,-2.08988946479566e-05,0.758061429816356,-1.37518672574391,-8.6191474174337e-17,-1.95884327851633,0,0
2.35,0.789936094165274,0.753319849318776,-1.46805738243919,-2.08890590420018e-05,0.757704664846783,-1.37453952430209,-8.61509100492518e-17,-1.95792139193145,0,0
2.351,0.789563314824774,0.752964349578115,-1.46736459036792,-2.08792012703278e-05,0.757347095864505,-1.37389086431409,-8.61102545080393e-17,-1.95699742776445,0,0
2.352,0.789189698559838,0.752608051707333,-1.46667024291376,-2.08693213670357e-05,0.756988724106466,-1.37324074802383,-8.60695076913396e-17,-1.95607138921159,0,0
2.353,0.788815246660026,0.752250956936215,-1.46597434247327,-2.08594193662266e-05,0.756629550809608,-1.37258917767524,-8.60286697397929e-17,-1.95514327946916,0,0
2.354,0.788439960414897,0.751893066494545,-1.46527689144304,-2.08494953020015e-05,0.756269577210873,-1.37193615551222,-8.59877407940393e-17,-1.95421310173344,0,0
2.355,0.788063841114011,0.751534381612107,-1.46457789221966,-2.08395492084617e-05,0.755908804547204,-1.3712816837787,-8.59467209947192e-17,-1.9532808592007,0,0
2.356,0.787686890046929,0.751174903518686,-1.46387734719971,-2.08295811197083e-05,0.755547234055545,-1.37062576471859,-8.59056104824727e-17,-1.95234655506724,0,0
2.357,0.78730910850321,0.750814633444067,-1.46317525877977,-2.08195910698422e-05,0.755184866972836,-1.36996840057581,-8.58644093979399e-17,-1.95141019252932,0,0
2.358,0.786930497772416,0.750453572618034,-1.46247162935643,-2.08095790929647e-05,0.754821704536023,-1.36930959359427,-8.58231178817612e-17,-1.95047177478324,0,0
2.359,0.786551059144104,0.75009172227037,-1.46176646132626,-2.07995452231768e-05,0.754457747982045,-1.3686493460179,-8.57817360745766e-17,-1.94953130502526,0,0
2.36,0.786170793907836,0.749729083630862,-1.46105975708587,-2.07894894945796e-05,0.754092998547847,-1.36798766009061,-8.57402641170265e-17,-1.94858878645167,0,0
2.361,0.785789703353172,0.749365657929293,-1.46035151903182,-2.07794119412743e-05,0.753727457470371,-1.36732453805632,-8.56987021497508e-17,-1.94764422225876,0,0
2.362,0.78540778876967,0.749001446395448,-1.45964174956071,-2.07693125973619e-05,0.75336112598656,-1.36665998215894,-8.565705031339e-17,-1.94669761564279,0,0
2.363,0.785025051446893,0.748636450259111,-1.45893045106911,-2.07591914969436e-05,0.752994005333355,-1.36599399464239,-8.56153087485841e-17,-1.94574896980006,0,0
2.364,0.784641492674399,0.748270670750066,-1.45821762595361,-2.07490486741205e-05,0.752626096747701,-1.3653265777506,-8.55734775959734e-17,-1.94479828792683,0,0
2.365,0.784257113741748,0.747904109098099,-1.4575032766108,-2.07388841629937e-05,0.752257401466539,-1.36465773372747,-8.5531556996198e-17,-1.9438455732194,0,0
2.366,0.783871915938501,0.747536766532994,-1.45678740543725,-2.07286979976642e-05,0.751887920726812,-1.36398746481692,-8.54895470898982e-17,-1.94289082887403,0,0
2.367,0.783485900554217,0.747168644284534,-1.45607001482956,-2.07184902122332e-05,0.751517655765463,-1.36331577326287,-8.54474480177141e-17,-1.94193405808702,0,0
2.368,0.783099068878457,0.746799743582505,-1.4553511071843,-2.07082608408018e-05,0.751146607819434,-1.36264266130925,-8.5405259920286e-17,-1.94097526405464,0,0
2.369,0.78271142220078,0.746430065656692,-1.45463068489806,-2.06980099174712e-05,0.750774778125668,-1.36196813119995,-8.53629829382541e-17,-1.94001444997317,0,0
2.37,0.782322961810746,0.746059611736877,-1.45390875036742,-2.06877374763423e-05,0.750402167921108,-1.36129218517891,-8.53206172122584e-17,-1.93905161903889,0,0
2.371,0.781933688997916,0.745688383052847,-1.45318530598897,-2.06774435515163e-05,0.750028778442696,-1.36061482549004,-8.52781628829393e-17,-1.93808677444809,0,0
2.372,0.78154360505185,0.745316380834385,-1.45246035415929,-2.06671281770944e-05,0.749654610927374,-1.35993605437726,-8.5235620090937e-17,-1.93711991939704,0,0
2.373,0.781152711262106,0.744943606311276,-1.45173389727497,-2.06567913871776e-05,0.749279666612086,-1.35925587408448,-8.51929889768915e-17,-1.93615105708201,0,0
2.374,0.780761008918247,0.744570060713305,-1.45100593773259,-2.0646433215867e-05,0.748903946733775,-1.35857428685562,-8.51502696814432e-17,-1.93518019069931,0,0
2.375,0.78036849930983,0.744195745270255,-1.45027647792872,-2.06360536972637e-05,0.748527452529381,-1.3578912949346,-8.51074623452322e-17,-1.93420732344519,0,0
2.376,0.779975183726417,0.743820661211912,-1.44954552025997,-2.06256528654689e-05,0.748150185235849,-1.35720690056534,-8.50645671088987e-17,-1.93323245851595,0,0
2.377,0.779581063457568,0.743444809768059,-1.4488130671229,-2.06152307545837e-05,0.747772146090121,-1.35652110599175,-8.50215841130829e-17,-1.93225559910786,0,0
2.378,0.779186139792842,0.743068192168482,-1.44807912091411,-2.06047873987091e-05,0.74739333632914,-1.35583391345775,-8.4978513498425e-17,-1.9312767484172,0,0
2.379,0.778790414021799,0.742690809642965,-1.44734368403017,-2.05943228319463e-05,0.747013757189847,-1.35514532520725,-8.49353554055652e-17,-1.93029590964026,0,0
2.38,0.778393887434,0.742312663421291,-1.44660675886768,-2.05838370883963e-05,0.746633409909187,-1.35445534348418,-8.48921099751437e-17,-1.92931308597332,0,0
2.381,0.777996561319004,0.741933754733247,-1.44586834782321,-2.05733302021604e-05,0.746252295724101,-1.35376397053246,-8.48487773478007e-17,-1.92832828061264,0,0
2.382,0.777598436966371,0.741554084808616,-1.44512845329335,-2.05628022073395e-05,0.745870415871532,-1.35307120859599,-8.48053576641765e-17,-1.92734149675452,0,0
2.383,0.777199515665662,0.741173654877182,-1.44438707767468,-2.05522531380348e-05,0.745487771588422,-1.35237705991869,-8.4761851064911e-17,-1.92635273759524,0,0
2.384,0.776799798706436,0.74079246616873,-1.4436442233638,-2.05416830283474e-05,0.745104364111715,-1.35168152674449,-8.47182576906447e-17,-1.92536200633107,0,0
2.385,0.776399287378253,0.740410519913045,-1.44289989275727,-2.05310919123784e-05,0.744720194678353,-1.35098461131731,-8.46745776820177e-17,-1.92436930615829,0,0
2.386,0.775997982970674,0.740027817339911,-1.44215408825168,-2.05204798242289e-05,0.744335264525278,-1.35028631588104,-8.46308111796701e-17,-1.92337464027319,0,0
2.387,0.775595886773258,0.739644359679112,-1.44140681224363,-2.05098467980001e-05,0.743949574889433,-1.34958664267963,-8.45869583242421e-17,-1.92237801187205,0,0
2.388,0.775193000075566,0.739260148160434,-1.44065806712968,-2.04991928677929e-05,0.743563127007761,-1.34888559395697,-8.45430192563741e-17,-1.92137942415114,0,0
2.389,0.774789324167156,0.738875184013659,-1.43990785530643,-2.04885180677086e-05,0.743175922117205,-1.34818317195699,-8.44989941167061e-17,-1.92037888030674,0,0
2.39,0.774384860337591,0.738489468468574,-1.43915617917047,-2.04778224318482e-05,0.742787961454706,-1.34747937892361,-8.44548830458784e-17,-1.91937638353514,0,0
2.391,0.773979609876428,0.738103002754962,-1.43840304111836,-2.04671059943129e-05,0.742399246257208,-1.34677421710075,-8.44106861845311e-17,-1.91837193703262,0,0
2.392,0.773573574073229,0.737715788102608,-1.43764844354671,-2.04563687892037e-05,0.742009777761654,-1.34606768873231,-8.43664036733045e-17,-1.91736554399546,0,0
2.393,0.773166754217553,0.737327825741297,-1.43689238885208,-2.04456108506218e-05,0.741619557204985,-1.34535979606222,-8.43220356528387e-17,-1.91635720761993,0,0
2.394,0.77275915159896,0.736939116900812,-1.43613487943107,-2.04348322126683e-05,0.741228585824144,-1.3446505413344,-8.42775822637739e-17,-1.91534693110231,0,0
2.395,0.772350767507011,0.736549662810938,-1.43537591768026,-2.04240329094442e-05,0.740836864856075,-1.34393992679276,-8.42330436467504e-17,-1.9143347176389,0,0
2.396,0.771941603231265,0.73615946470146,-1.43461550599623,-2.04132129750506e-05,0.74044439553772,-1.34322795468122,-8.41884199424084e-17,-1.91332057042596,0,0
2.397,0.771531660061282,0.735768523802163,-1.43385364677557,-2.04023724435888e-05,0.740051179106021,-1.3425146272437,-8.41437112913879e-17,-1.91230449265978,0,0
2.398,0.771120939286623,0.73537684134283,-1.43309034241486,-2.03915113491598e-05,0.739657216797921,-1.3417999467241,-8.40989178343293e-17,-1.91128648753663,0,0
2.399,0.770709442196846,0.734984418553246,-1.43232559531068,-2.03806297258646e-05,0.739262509850362,-1.34108391536637,-8.40540397118727e-17,-1.91026655825281,0,0
2.4,0.770297170081513,0.734591256663195,-1.43155940785962,-2.03697276078045e-05,0.738867059500288,-1.34036653541439,-8.40090770646583e-17,-1.90924470800458,0,0
2.401,0.769884124230184,0.734197356902463,-1.43079178245826,-2.03588050290804e-05,0.73847086698464,-1.33964780911211,-8.39640300333263e-17,-1.90822093998823,0,0
2.402,0.769470305932417,0.733802720500834,-1.43002272150319,-2.03478620237936e-05,0.738073933540362,-1.33892773870342,-8.3918898758517e-17,-1.90719525740004,0,0
2.403,0.769055716477774,0.733407348688091,-1.42925222739099,-2.03368986260451e-05,0.737676260404396,-1.33820632643226,-8.38736833808704e-17,-1.90616766343628,0,0
2.404,0.768640357155814,0.73301124269402,-1.42848030251824,-2.0325914869936e-05,0.737277848813685,-1.33748357454253,-8.38283840410269e-17,-1.90513816129325,0,0
2.405,0.768224229256098,0.732614403748405,-1.42770694928153,-2.03149107895675e-05,0.736878700005171,-1.33675948527816,-8.37830008796265e-17,-1.90410675416721,0,0
2.406,0.767807334068184,0.73221683308103,-1.42693217007744,-2.03038864190406e-05,0.736478815215797,-1.33603406088306,-8.37375340373095e-17,-1.90307344525446,0,0
2.407,0.767389672881634,0.73181853192168,-1.42615596730255,-2.02928417924565e-05,0.736078195682506,-1.33530730360115,-8.36919836547162e-17,-1.90203823775126,0,0
2.408,0.766971246986007,0.73141950150014,-1.42537834335345,-2.02817769439162e-05,0.73567684264224,-1.33457921567634,-8.36463498724866e-17,-1.9010011348539,0,0
2.409,0.766552057670863,0.731019743046193,-1.42459930062673,-2.02706919075208e-05,0.735274757331941,-1.33384979935256,-8.3600632831261e-17,-1.89996213975867,0,0
2.41,0.766132106225763,0.730619257789625,-1.42381884151896,-2.02595867173715e-05,0.734871940988553,-1.33311905687371,-8.35548326716795e-17,-1.89892125566183,0,0
2.411,0.765711393940266,0.73021804696022,-1.42303696842673,-2.02484614075694e-05,0.734468394849018,-1.33238699048373,-8.35089495343824e-17,-1.89787848575967,0,0
2.412,0.765289922103932,0.729816111787761,-1.42225368374663,-2.02373160122156e-05,0.734064120150279,-1.33165360242652,-8.34629835600099e-17,-1.89683383324847,0,0
2.413,0.764867692006321,0.729413453502035,-1.42146898987524,-2.02261505654112e-05,0.733659118129278,-1.330918894946,-8.34169348892022e-17,-1.89578730132452,0,0
2.414,0.764444704936993,0.729010073332825,-1.42068288920913,-2.02149651012573e-05,0.733253390022959,-1.33018287028608,-8.33708036625995e-17,-1.89473889318408,0,0
2.415,0.764020962185508,0.728605972509915,-1.4198953841449,-2.02037596538549e-05,0.732846937068262,-1.3294455306907,-8.33245900208418e-17,-1.89368861202345,0,0
2.416,0.763596465041427,0.72820115226309,-1.41910647707913,-2.01925342573053e-05,0.732439760502132,-1.32870687840376,-8.32782941045696e-17,-1.89263646103889,0,0
2.417,0.763171214794309,0.727795613822136,-1.41831617040841,-2.01812889457095e-05,0.73203186156151,-1.32796691566918,-8.32319160544229e-17,-1.8915824434267,0,0
2.418,0.762745212733714,0.727389358416835,-1.41752446652931,-2.01700237531685e-05,0.73162324148334,-1.32722564473087,-8.31854560110419e-17,-1.89052656238315,0,0
2.419,0.762318460149202,0.726982387276972,-1.41673136783842,-2.01587387137837e-05,0.731213901504564,-1.32648306783276,-8.31389141150668e-17,-1.88946882110452,0,0
2.42,0.761890958330334,0.726574701632333,-1.41593687673233,-2.01474338616559e-05,0.730803842862125,-1.32573918721877,-8.3092290507138e-17,-1.88840922278709,0,0
2.421,0.761462708566668,0.726166302712701,-1.41514099560761,-2.01361092308864e-05,0.730393066792965,-1.3249940051328,-8.30455853278954e-17,-1.88734777062715,0,0
2.422,0.761033712147766,0.725757191747861,-1.41434372686086,-2.01247648555762e-05,0.729981574534027,-1.32424752381878,-8.29987987179794e-17,-1.88628446782096,0,0
2.423,0.760603970363187,0.725347369967598,-1.41354507288866,-2.01134007698265e-05,0.729569367322253,-1.32349974552062,-8.29519308180301e-17,-1.88521931756482,0,0
2.424,0.760173484502491,0.724936838601695,-1.41274503608758,-2.01020170077384e-05,0.729156446394587,-1.32275067248224,-8.29049817686877e-17,-1.88415232305501,0,0
2.425,0.759742255855238,0.724525598879938,-1.41194361885422,-2.00906136034129e-05,0.72874281298797,-1.32200030694756,-8.28579517105924e-17,-1.88308348748779,0,0
2.426,0.759310285710988,0.724113652032111,-1.41114082358515,-2.00791905909511e-05,0.728328468339346,-1.3212486511605,-8.28108407843844e-17,-1.88201281405946,0,0
2.427,0.758877575359301,0.723700999287998,-1.41033665267697,-2.00677480044543e-05,0.727913413685656,-1.32049570736497,-8.2763649130704e-17,-1.88094030596629,0,0
2.428,0.758444126089738,0.723287641877383,-1.40953110852625,-2.00562858780234e-05,0.727497650263845,-1.31974147780489,-8.27163768901912e-17,-1.87986596640457,0,0
2.429,0.758009939191857,0.722873581030052,-1.40872419352958,-2.00448042457597e-05,0.727081179310853,-1.31898596472417,-8.26690242034864e-17,-1.87878979857057,0,0
2.43,0.75757501595522,0.722458817975789,-1.40791591008355,-2.00333031417641e-05,0.726664002063625,-1.31822917036674,-8.26215912112297e-17,-1.87771180566057,0,0
2.431,0.757139357669386,0.722043353944378,-1.40710626058473,-2.00217826001378e-05,0.726246119759101,-1.31747109697651,-8.25740780540612e-17,-1.87663199087086,0,0
2.432,0.756702965623915,0.721627190165603,-1.40629524742971,-2.0010242654982e-05,0.725827533634227,-1.3167117467974,-8.25264848726212e-17,-1.87555035739772,0,0
2.433,0.756265841108367,0.72121032786925,-1.40548287301508,-1.99986833403976e-05,0.725408244925942,-1.31595112207332,-8.24788118075499e-17,-1.87446690843741,0,0
2.434,0.755827985412302,0.720792768285102,-1.40466913973741,-1.99871046904859e-05,0.724988254871192,-1.3151892250482,-8.24310589994875e-17,-1.87338164718623,0,0
2.435,0.75538939982528,0.720374512642944,-1.4038540499933,-1.99755067393479e-05,0.724567564706917,-1.31442605796595,-8.23832265890742e-17,-1.87229457684046,0,0
2.436,0.754950085636861,0.719955562172561,-1.40303760617932,-1.99638895210847e-05,0.724146175670061,-1.31366162307048,-8.23353147169501e-17,-1.87120570059637,0,0
2.437,0.754510044136605,0.719535918103737,-1.40221981069207,-1.99522530697975e-05,0.723724088997565,-1.31289592260572,-8.22873235237555e-17,-1.87011502165025,0,0
2.438,0.754069276614073,0.719115581666256,-1.40140066592811,-1.99405974195873e-05,0.723301305926375,-1.31212895881558,-8.22392531501306e-17,-1.86902254319837,0,0
2.439,0.753627784358823,0.718694554089903,-1.40058017428405,-1.99289226045553e-05,0.72287782769343,-1.31136073394398,-8.21911037367155e-17,-1.86792826843702,0,0
2.44,0.753185568660417,0.718272836604463,-1.39975833815645,-1.99172286588025e-05,0.722453655535674,-1.31059125023483,-8.21428754241505e-17,-1.86683220056248,0,0
2.441,0.752742630808414,0.71785043043972,-1.39893515994191,-1.99055156164302e-05,0.72202879069005,-1.30982050993206,-8.20945683530758e-17,-1.86573434277102,0,0
2.442,0.752298972092373,0.717427336825457,-1.39811064203701,-1.98937835115392e-05,0.721603234393501,-1.30904851527958,-8.20461826641315e-17,-1.86463469825893,0,0
2.443,0.751854593801856,0.717003556991461,-1.39728478683833,-1.98820323782309e-05,0.721176987882968,-1.3082752685213,-8.19977184979578e-17,-1.86353327022248,0,0
2.444,0.751409497226421,0.716579092167515,-1.39645759674246,-1.98702622506063e-05,0.720750052395395,-1.30750077190115,-8.1949175995195e-17,-1.86243006185796,0,0
2.445,0.75096368365563,0.716153943583403,-1.39562907414598,-1.98584731627664e-05,0.720322429167724,-1.30672502766304,-8.19005552964832e-17,-1.86132507636165,0,0
2.446,0.750517154379042,0.715728112468912,-1.39479922144547,-1.98466651488124e-05,0.719894119436899,-1.30594803805089,-8.18518565424626e-17,-1.86021831692983,0,0
2.447,0.750069910686216,0.715301600053823,-1.39396804103753,-1.98348382428455e-05,0.71946512443986,-1.30516980530862,-8.18030798737735e-17,-1.85910978675877,0,0
2.448,0.749621953866714,0.714874407567923,-1.39313553531872,-1.98229924789667e-05,0.719035445413552,-1.30439033168014,-8.1754225431056e-17,-1.85799948904476,0,0
2.449,0.749173285210095,0.714446536240995,-1.39230170668564,-1.98111278912771e-05,0.718605083594916,-1.30360961940937,-8.17052933549503e-17,-1.85688742698408,0,0
2.45,0.748723906005918,0.714017987302825,-1.39146655753487,-1.97992445138778e-05,0.718174040220895,-1.30282767074023,-8.16562837860966e-17,-1.85577360377301,0,0
2.451,0.748273817543745,0.713588761983196,-1.39063009026299,-1.97873423808699e-05,0.717742316528433,-1.30204448791663,-8.16071968651352e-17,-1.85465802260782,0,0
2.452,0.747823021113135,0.713158861511893,-1.38979230726659,-1.97754215263546e-05,0.717309913754471,-1.30126007318249,-8.15580327327061e-17,-1.8535406866848,0,0
2.453,0.747371518003648,0.712728287118701,-1.38895321094225,-1.97634819844329e-05,0.716876833135952,-1.30047442878174,-8.15087915294496e-17,-1.85242159920024,0,0
2.454,0.746919309504843,0.712297040033404,-1.38811280368656,-1.9751523789206e-05,0.71644307590982,-1.29968755695828,-8.1459473396006e-17,-1.8513007633504,0,0
2.455,0.746466396906282,0.711865121485786,-1.38727108789609,-1.97395469747749e-05,0.716008643313015,-1.29889945995603,-8.14100784730154e-17,-1.85017818233157,0,0
2.456,0.746012781497524,0.711432532705632,-1.38642806596744,-1.97275515752408e-05,0.715573536582482,-1.29811014001892,-8.13606069011179e-17,-1.84905385934003,0,0
2.457,0.745558464568128,0.710999274922726,-1.38558374029718,-1.97155376247048e-05,0.715137756955162,-1.29731959939085,-8.13110588209538e-17,-1.84792779757206,0,0
2.458,0.745103447407656,0.710565349366853,-1.3847381132819,-1.9703505157268e-05,0.714701305667998,-1.29652784031575,-8.12614343731633e-17,-1.84680000022393,0,0
2.459,0.744647731305666,0.710130757267798,-1.38389118731819,-1.96914542070314e-05,0.714264183957934,-1.29573486503753,-8.12117336983866e-17,-1.84567047049194,0,0
2.46,0.74419131755172,0.709695499855344,-1.38304296480263,-1.96793848080962e-05,0.713826393061911,-1.29494067580012,-8.11619569372639e-17,-1.84453921157236,0,0
2.461,0.743734207435376,0.709259578359277,-1.38219344813179,-1.96672969945636e-05,0.713387934216872,-1.29414527484741,-8.11121042304353e-17,-1.84340622666147,0,0
2.462,0.743276402246195,0.708822994009381,-1.38134263970228,-1.96551908005345e-05,0.71294880865976,-1.29334866442335,-8.10621757185411e-17,-1.84227151895555,0,0
2.463,0.742817903273737,0.708385748035439,-1.38049054191066,-1.96430662601101e-05,0.712509017627517,-1.29255084677183,-8.10121715422215e-17,-1.84113509165088,0,0
2.464,0.742358711807563,0.707947841667238,-1.37963715715352,-1.96309234073916e-05,0.712068562357086,-1.29175182413678,-8.09620918421166e-17,-1.83999694794374,0,0
2.465,0.741898829137231,0.70750927613456,-1.37878248782746,-1.961876227648e-05,0.71162744408541,-1.29095159876212,-8.09119367588667e-17,-1.83885709103041,0,0
2.466,0.741438256552302,0.707070052667191,-1.37792653632904,-1.96065829014764e-05,0.711185664049432,-1.29015017289176,-8.08617064331119e-17,-1.83771552410718,0,0
2.467,0.740976995342336,0.706630172494916,-1.37706930505486,-1.95943853164819e-05,0.710743223486093,-1.28934754876962,-8.08114010054925e-17,-1.83657225037031,0,0
2.468,0.740515046796892,0.706189636847517,-1.37621079640149,-1.95821695555977e-05,0.710300123632336,-1.28854372863962,-8.07610206166486e-17,-1.8354272730161,0,0
2.469,0.740052412205532,0.705748446954781,-1.37535101276553,-1.95699356529249e-05,0.709856365725105,-1.28773871474567,-8.07105654072205e-17,-1.83428059524082,0,0
2.47,0.739589092857815,0.705306604046491,-1.37448995654356,-1.95576836425644e-05,0.709411951001342,-1.28693250933169,-8.06600355178483e-17,-1.83313222024075,0,0
2.471,0.7391250900433,0.704864109352433,-1.37362763013215,-1.95454135586176e-05,0.708966880697989,-1.2861251146416,-8.06094310891722e-17,-1.83198215121217,0,0
2.472,0.738660405051548,0.704420964102389,-1.3727640359279,-1.95331254351854e-05,0.708521156051989,-1.28531653291932,-8.05587522618325e-17,-1.83083039135137,0,0
2.473,0.73819503917212,0.703977169526146,-1.37189917632739,-1.9520819306369e-05,0.708074778300284,-1.28450676640876,-8.05079991764692e-17,-1.82967694385462,0,0
2.474,0.737728993694574,0.703532726853487,-1.3710330537272,-1.95084952062695e-05,0.707627748679818,-1.28369581735385,-8.04571719737227e-17,-1.8285218119182,0,0
2.475,0.737262269908471,0.703087637314197,-1.37016567052391,-1.9496153168988e-05,0.707180068427532,-1.28288368799849,-8.04062707942332e-17,-1.82736499873839,0,0
2.476,0.73679486910337,0.70264190213806,-1.36929702911411,-1.94837932286256e-05,0.70673173878037,-1.2820703805866,-8.03552957786407e-17,-1.82620650751148,0,0
2.477,0.736326792568833,0.702195522554861,-1.36842713189439,-1.94714154192833e-05,0.706282760975275,-1.28125589736211,-8.03042470675855e-17,-1.82504634143374,0,0
2.478,0.735858041594419,0.701748499794385,-1.36755598126132,-1.94590197750624e-05,0.705833136249188,-1.28044024056892,-8.02531248017078e-17,-1.82388450370146,0,0
2.479,0.735388617469687,0.701300835086415,-1.3666835796115,-1.94466063300639e-05,0.705382865839052,-1.27962341245096,-8.02019291216479e-17,-1.82272099751091,0,0
2.48,0.734918521484198,0.700852529660736,-1.36580992934149,-1.94341751183889e-05,0.70493195098181,-1.27880541525215,-8.01506601680458e-17,-1.82155582605837,0,0
2.481,0.734447754927512,0.700403584747133,-1.3649350328479,-1.94217261741385e-05,0.704480392914405,-1.27798625121639,-8.00993180815418e-17,-1.82038899254013,0,0
2.482,0.733976319089189,0.69995400157539,-1.3640588925273,-1.94092595314139e-05,0.704028192873779,-1.27716592258762,-8.00479030027761e-17,-1.81922050015246,0,0
2.483,0.733504215258789,0.699503781375292,-1.36318151077627,-1.93967752243161e-05,0.703575352096875,-1.27634443160973,-7.99964150723889e-17,-1.81805035209165,0,0
2.484,0.733031444725871,0.699052925376622,-1.36230288999141,-1.93842732869463e-05,0.703121871820635,-1.27552178052667,-7.99448544310204e-17,-1.81687855155397,0,0
2.485,0.732558008779996,0.698601434809166,-1.36142303256929,-1.93717537534055e-05,0.702667753282003,-1.27469797158233,-7.98932212193107e-17,-1.81570510173571,0,0
2.486,0.732083908710725,0.698149310902709,-1.36054194090649,-1.93592166577948e-05,0.70221299771792,-1.27387300702063,-7.98415155779001e-17,-1.81453000583314,0,0
2.487,0.731609145807615,0.697696554887034,-1.35965961739961,-1.93466620342155e-05,0.70175760636533,-1.2730468890855,-7.97897376474288e-17,-1.81335326704255,0,0
2.488,0.731133721360229,0.697243167991925,-1.35877606444522,-1.93340899167685e-05,0.701301580461174,-1.27221962002086,-7.9737887568537e-17,-1.81217488856021,0,0
2.489,0.730657636658126,0.696789151447168,-1.35789128443991,-1.9321500339555e-05,0.700844921242396,-1.27139120207061,-7.96859654818648e-17,-1.81099487358241,0,0
2.49,0.730180892990865,0.696334506482547,-1.35700527978026,-1.9308893336676e-05,0.700387629945938,-1.27056163747867,-7.96339715280524e-17,-1.80981322530543,0,0
2.491,0.729703491648007,0.695879234327847,-1.35611805286286,-1.92962689422328e-05,0.699929707808744,-1.26973092848897,-7.95819058477401e-17,-1.80862994692554,0,0
2.492,0.729225433919112,0.695423336212851,-1.35522960608429,-1.92836271903264e-05,0.699471156067754,-1.26889907734542,-7.95297685815681e-17,-1.80744504163903,0,0
2.493,0.728746721093739,0.694966813367345,-1.35433994184114,-1.92709681150578e-05,0.699011975959912,-1.26806608629193,-7.94775598701765e-17,-1.80625851264218,0,0
2.494,0.72826735446145,0.694509667021112,-1.35344906252998,-1.92582917505283e-05,0.698552168722162,-1.26723195757243,-7.94252798542055e-17,-1.80507036313126,0,0
2.495,0.727787335311803,0.694051898403938,-1.35255697054741,-1.92455981308389e-05,0.698091735591444,-1.26639669343083,-7.93729286742954e-17,-1.80388059630256,0,0
2.496,0.727306664934358,0.693593508745606,-1.35166366829,-1.92328872900907e-05,0.697630677804702,-1.26556029611105,-7.93205064710863e-17,-1.80268921535236,0,0
2.497,0.726825344618677,0.693134499275902,-1.35076915815434,-1.92201592623849e-05,0.69716899659888,-1.264722767857,-7.92680133852184e-17,-1.80149622347693,0,0
2.498,0.726343375654318,0.692674871224609,-1.34987344253701,-1.92074140818225e-05,0.696706693210917,-1.26388411091261,-7.92154495573319e-17,-1.80030162387256,0,0
2.499,0.725860759330842,0.692214625821513,-1.34897652383461,-1.91946517825046e-05,0.69624376887776,-1.26304432752179,-7.91628151280672e-17,-1.79910541973554,0,0
2.5,0.725377496937809,0.691753764296396,-1.3480784044437,-1.91818723985324e-05,0.695780224836348,-1.26220341992845,-7.91101102380641e-17,-1.79790761426213,0,0
2.501,0.724893589764779,0.691292287879045,-1.34717908676087,-1.91690759640069e-05,0.695316062323625,-1.26136139037652,-7.90573350279631e-17,-1.79670821064861,0,0
2.502,0.724409039101311,0.690830197799244,-1.34627857318272,-1.91562625130294e-05,0.694851282576535,-1.26051824110991,-7.90044896384043e-17,-1.79550721209128,0,0
2.503,0.723923846236966,0.690367495286776,-1.34537686610582,-1.91434320797007e-05,0.694385886832018,-1.25967397437254,-7.89515742100279e-17,-1.7943046217864,0,0
2.504,0.723438012461303,0.689904181571428,-1.34447396792675,-1.91305846981222e-05,0.693919876327018,-1.25882859240833,-7.88985888834741e-17,-1.79310044293027,0,0
2.505,0.722951539063884,0.689440257882982,-1.34356988104211,-1.91177204023948e-05,0.693453252298478,-1.25798209746119,-7.88455337993831e-17,-1.79189467871915,0,0
2.506,0.722464427334266,0.688975725451223,-1.34266460784847,-1.91048392266197e-05,0.692986015983339,-1.25713449177504,-7.87924090983951e-17,-1.79068733234934,0,0
2.507,0.721976678562012,0.688510585505936,-1.34175815074242,-1.90919412048981e-05,0.692518168618546,-1.2562857775938,-7.87392149211503e-17,-1.7894784070171,0,0
2.508,0.721488294036681,0.688044839276906,-1.34085051212054,-1.90790263713309e-05,0.69204971144104,-1.25543595716138,-7.86859514082888e-17,-1.78826790591872,0,0
2.509,0.720999275047832,0.687578487993916,-1.33994169437941,-1.90660947600193e-05,0.691580645687764,-1.2545850327217,-7.8632618700451e-17,-1.78705583225048,0,0
2.51,0.720509622885026,0.687111532886752,-1.33903169991562,-1.90531464050644e-05,0.691110972595661,-1.25373300651869,-7.85792169382769e-17,-1.78584218920867,0,0
2.511,0.720019338837822,0.686643975185198,-1.33812053112576,-1.90401813405674e-05,0.690640693401673,-1.25287988079625,-7.85257462624068e-17,-1.78462697998955,0,0
2.512,0.719528424195781,0.686175816119038,-1.33720819040641,-1.90271996006293e-05,0.690169809342743,-1.2520256577983,-7.84722068134808e-17,-1.78341020778941,0,0
2.513,0.719036880248463,0.685707056918056,-1.33629468015414,-1.90142012193512e-05,0.689698321655813,-1.25117033976877,-7.84185987321392e-17,-1.78219187580454,0,0
2.514,0.718544708285427,0.685237698812038,-1.33538000276555,-1.90011862308343e-05,0.689226231577826,-1.25031392895156,-7.83649221590222e-17,-1.7809719872312,0,0
2.515,0.718051909596234,0.684767743030767,-1.33446416063722,-1.89881546691796e-05,0.688753540345726,-1.2494564275906,-7.83111772347699e-17,-1.77975054526569,0,0
2.516,0.717558485470444,0.684297190804029,-1.33354715616573,-1.89751065684883e-05,0.688280249196453,-1.2485978379298,-7.82573641000226e-17,-1.77852755310428,0,0
2.517,0.717064437197616,0.683826043361607,-1.33262899174767,-1.89620419628614e-05,0.687806359366952,-1.24773816221308,-7.82034828954204e-17,-1.77730301394325,0,0
2.518,0.716569766067311,0.683354301933286,-1.33170966977962,-1.89489608864001e-05,0.687331872094164,-1.24687740268435,-7.81495337616036e-17,-1.77607693097888,0,0
2.519,0.716074473369088,0.68288196774885,-1.33078919265816,-1.89358633732055e-05,0.686856788615032,-1.24601556158754,-7.80955168392122e-17,-1.77484930740746,0,0
2.52,0.715578560392509,0.682409042038085,-1.32986756277988,-1.89227494573787e-05,0.686381110166499,-1.24515264116656,-7.80414322688867e-17,-1.77362014642525,0,0
2.521,0.715082028427132,0.681935526030774,-1.32894478254136,-1.89096191730207e-05,0.685904837985508,-1.24428864366533,-7.79872801912671e-17,-1.77238945122855,0,0
2.522,0.714584878762517,0.681461420956702,-1.32802085433918,-1.88964725542327e-05,0.685427973309001,-1.24342357132777,-7.79330607469935e-17,-1.77115722501364,0,0
2.523,0.714087112688225,0.680986728045654,-1.32709578056994,-1.88833096351159e-05,0.684950517373921,-1.24255742639779,-7.78787740767064e-17,-1.76992347097678,0,0
2.524,0.713588731493815,0.680511448527413,-1.32616956363021,-1.88701304497712e-05,0.684472471417209,-1.2416902111193,-7.78244203210457e-17,-1.76868819231427,0,0
2.525,0.713089736468849,0.680035583631764,-1.32524220591657,-1.88569350322999e-05,0.68399383667581,-1.24082192773624,-7.77699996206517e-17,-1.76745139222238,0,0
2.526,0.712590128902885,0.679559134588493,-1.32431370982562,-1.88437234168029e-05,0.683514614386665,-1.23995257849251,-7.77155121161647e-17,-1.76621307389739,0,0
2.527,0.712089910085483,0.679082102627383,-1.32338407775393,-1.88304956373815e-05,0.683034805786718,-1.23908216563203,-7.76609579482247e-17,-1.76497324053559,0,0
2.528,0.711589081306204,0.678604488978218,-1.32245331209808,-1.88172517281368e-05,0.68255441211291,-1.23821069139872,-7.76063372574721e-17,-1.76373189533325,0,0
2.529,0.711087643854607,0.678126294870784,-1.32152141525468,-1.88039917231697e-05,0.682073434602185,-1.23733815803649,-7.7551650184547e-17,-1.76248904148666,0,0
2.53,0.710585599020253,0.677647521534864,-1.32058838962028,-1.87907156565815e-05,0.681591874491485,-1.23646456778927,-7.74968968700895e-17,-1.76124468219209,0,0
2.531,0.710082948092702,0.677168170200244,-1.31965423759149,-1.87774235624733e-05,0.681109733017753,-1.23558992290097,-7.744207745474e-17,-1.75999882064583,0,0
2.532,0.709579692361513,0.676688242096707,-1.31871896156488,-1.87641154749461e-05,0.680627011417931,-1.23471422561551,-7.73871920791385e-17,-1.75875146004415,0,0
2.533,0.709075833116247,0.676207738454038,-1.31778256393704,-1.87507914281011e-05,0.680143710928962,-1.2338374781768,-7.73322408839253e-17,-1.75750260358333,0,0
2.534,0.708571371646463,0.675726660502022,-1.31684504710454,-1.87374514560394e-05,0.679659832787788,-1.23295968282876,-7.72772240097406e-17,-1.75625225445966,0,0
2.535,0.708066309241722,0.675245009470443,-1.31590641346399,-1.8724095592862e-05,0.679175378231353,-1.23208084181531,-7.72221415972245e-17,-1.75500041586942,0,0
2.536,0.707560647191583,0.674762786589086,-1.31496666541195,-1.87107238726701e-05,0.678690348496598,-1.23120095738037,-7.71669937870174e-17,-1.75374709100888,0,0
2.537,0.707054386785607,0.674279993087734,-1.31402580534502,-1.86973363295648e-05,0.678204744820467,-1.23032003176785,-7.71117807197593e-17,-1.75249228307433,0,0
2.538,0.706547529313353,0.673796630196173,-1.31308383565977,-1.86839329976472e-05,0.677718568439902,-1.22943806722167,-7.70565025360904e-17,-1.75123599526204,0,0
2.539,0.706040076064382,0.673312699144187,-1.31214075875279,-1.86705139110184e-05,0.677231820591845,-1.22855506598575,-7.70011593766511e-17,-1.7499782307683,0,0
2.54,0.705532028328254,0.67282820116156,-1.31119657702067,-1.86570791037795e-05,0.67674450251324,-1.22767103030401,-7.69457513820813e-17,-1.74871899278938,0,0
2.541,0.705023387394528,0.672343137478077,-1.31025129285999,-1.86436286100317e-05,0.676256615441029,-1.22678596242035,-7.68902786930215e-17,-1.74745828452157,0,0
2.542,0.704514154552764,0.671857509323523,-1.30930490866732,-1.86301624638759e-05,0.675768160612154,-1.22589986457871,-7.68347414501116e-17,-1.74619610916115,0,0
2.543,0.704004331092523,0.671371317927681,-1.30835742683927,-1.86166806994134e-05,0.675279139263558,-1.22501273902299,-7.6779139793992e-17,-1.7449324699044,0,0
2.544,0.703493918303364,0.670884564520337,-1.3074088497724,-1.86031833507452e-05,0.674789552632185,-1.22412458799712,-7.67234738653029e-17,-1.74366736994759,0,0
2.545,0.702982917474848,0.670397250331274,-1.30645917986331,-1.85896704519725e-05,0.674299401954975,-1.223235413745,-7.66677438046844e-17,-1.74240081248701,0,0
2.546,0.702471329896534,0.669909376590277,-1.30550841950857,-1.85761420371963e-05,0.673808688468873,-1.22234521851057,-7.66119497527767e-17,-1.74113280071894,0,0
2.547,0.701959156857983,0.669420944527132,-1.30455657110478,-1.85625981405178e-05,0.67331741341082,-1.22145400453773,-7.655609185022e-17,-1.73986333783965,0,0
2.548,0.701446399648754,0.668931955371621,-1.30360363704851,-1.8549038796038e-05,0.67282557801776,-1.2205617740704,-7.65001702376546e-17,-1.73859242704544,0,0
2.549,0.700933059558408,0.66844241035353,-1.30264961973634,-1.85354640378581e-05,0.672333183526634,-1.2196685293525,-7.64441850557206e-17,-1.73732007153257,0,0
2.55,0.700419137876505,0.667952310702643,-1.30169452156488,-1.85218739000792e-05,0.671840231174386,-1.21877427262795,-7.63881364450581e-17,-1.73604627449733,0,0
2.551,0.699904635892603,0.667461657648744,-1.30073834493068,-1.85082684168023e-05,0.671346722197958,-1.21787900614067,-7.63320245463075e-17,-1.734771039136,0,0
2.552,0.699389554896264,0.666970452421619,-1.29978109223035,-1.84946476221287e-05,0.670852657834293,-1.21698273213456,-7.62758495001089e-17,-1.73349436864485,0,0
2.553,0.698873896177048,0.666478696251051,-1.29882276586046,-1.84810115501593e-05,0.670358039320333,-1.21608545285355,-7.62196114471025e-17,-1.73221626622018,0,0
2.554,0.698357661024513,0.665986390366825,-1.2978633682176,-1.84673602349954e-05,0.669862867893021,-1.21518717054156,-7.61633105279285e-17,-1.73093673505826,0,0
2.555,0.697840850728222,0.665493535998726,-1.29690290169836,-1.84536937107379e-05,0.6693671447893,-1.2142878874425,-7.61069468832272e-17,-1.72965577835536,0,0
2.556,0.697323466577733,0.665000134376537,-1.2959413686993,-1.84400120114881e-05,0.668870871246112,-1.2133876058003,-7.60505206536385e-17,-1.72837339930778,0,0
2.557,0.696805509862606,0.664506186730044,-1.29497877161703,-1.84263151713469e-05,0.6683740485004,-1.21248632785885,-7.59940319798029e-17,-1.72708960111178,0,0
2.558,0.696286981872402,0.664011694289031,-1.29401511284812,-1.84126032244156e-05,0.667876677789107,-1.2115840558621,-7.59374810023605e-17,-1.72580438696365,0,0
2.559,0.69576788389668,0.663516658283281,-1.29305039478916,-1.83988762047953e-05,0.667378760349174,-1.21068079205394,-7.58808678619514e-17,-1.72451776005968,0,0
2.56,0.695248217225,0.663021079942581,-1.29208461983672,-1.8385134146587e-05,0.666880297417545,-1.20977653867831,-7.58241926992159e-17,-1.72322972359613,0,0
2.561,0.694727983146923,0.662524960496714,-1.29111779038741,-1.83713770838918e-05,0.666381290231163,-1.20887129797911,-7.57674556547942e-17,-1.7219402807693,0,0
2.562,0.694207182952008,0.662028301175465,-1.29014990883779,-1.83576050508109e-05,0.665881740026969,-1.20796507220026,-7.57106568693264e-17,-1.72064943477546,0,0
2.563,0.693685817929816,0.661531103208618,-1.28918097758445,-1.83438180814453e-05,0.665381648041908,-1.20705786358568,-7.56537964834528e-17,-1.71935718881088,0,0
2.564,0.693163889369906,0.661033367825958,-1.28821099902398,-1.83300162098962e-05,0.66488101551292,-1.20614967437929,-7.55968746378136e-17,-1.71806354607186,0,0
2.565,0.692641398561838,0.660535096257269,-1.28723997555296,-1.83161994702647e-05,0.664379843676949,-1.20524050682501,-7.55398914730489e-17,-1.71676850975467,0,0
2.566,0.692118346795173,0.660036289732335,-1.28626790956798,-1.83023678966518e-05,0.663878133770938,-1.20433036316674,-7.54828471297989e-17,-1.71547208305559,0,0
2.567,0.69159473535947,0.659536949480941,-1.28529480346561,-1.82885215231587e-05,0.663375887031829,-1.20341924564842,-7.54257417487039e-17,-1.71417426917091,0,0
2.568,0.691070565544289,0.659037076732872,-1.28432065964244,-1.82746603838866e-05,0.662873104696564,-1.20250715651395,-7.53685754704041e-17,-1.71287507129689,0,0
2.569,0.690545838639191,0.658536672717912,-1.28334548049506,-1.82607845129364e-05,0.662369788002087,-1.20159409800726,-7.53113484355396e-17,-1.71157449262983,0,0
2.57,0.690020555933735,0.658035738665846,-1.28236926842005,-1.82468939444093e-05,0.661865938185339,-1.20068007237226,-7.52540607847506e-17,-1.710272536366,0,0
2.571,0.689494718717482,0.657534275806458,-1.28139202581399,-1.82329887124065e-05,0.661361556483265,-1.19976508185286,-7.51967126586773e-17,-1.70896920570168,0,0
2.572,0.688968328279991,0.657032285369532,-1.28041375507347,-1.82190688510289e-05,0.660856644132805,-1.19884912869299,-7.513930419796e-17,-1.70766450383316,0,0
2.573,0.688441385910822,0.656529768584852,-1.27943445859506,-1.82051343943778e-05,0.660351202370904,-1.19793221513656,-7.50818355432388e-17,-1.70635843395671,0,0
2.574,0.687913892899536,0.656026726682205,-1.27845413877537,-1.81911853765542e-05,0.659845232434503,-1.19701434342749,-7.50243068351539e-17,-1.70505099926861,0,0
2.575,0.687385850535691,0.655523160891373,-1.27747279801096,-1.81772218316593e-05,0.659338735560544,-1.1960955158097,-7.49667182143455e-17,-1.70374220296515,0,0
2.576,0.686857260108849,0.655019072442141,-1.27649043869842,-1.81632437937941e-05,0.658831712985972,-1.1951757345271,-7.49090698214538e-17,-1.7024320482426,0,0
2.577,0.68632812290857,0.654514462564294,-1.27550706323434,-1.81492512970597e-05,0.658324165947727,-1.19425500182362,-7.48513617971191e-17,-1.70112053829724,0,0
2.578,0.685798440224412,0.654009332487616,-1.2745226740153,-1.81352443755573e-05,0.657816095682754,-1.19333331994316,-7.47935942819814e-17,-1.69980767632536,0,0
2.579,0.685268213345938,0.653503683441893,-1.27353727343788,-1.8121223063388e-05,0.657307503427994,-1.19241069112964,-7.47357674166811e-17,-1.69849346552323,0,0
2.58,0.684737443562705,0.652997516656907,-1.27255086389868,-1.81071873946528e-05,0.656798390420391,-1.19148711762699,-7.46778813418582e-17,-1.69717790908713,0,0
2.581,0.684206132164275,0.652490833362444,-1.27156344779426,-1.80931374034529e-05,0.656288757896886,-1.19056260167912,-7.4619936198153e-17,-1.69586101021335,0,0
2.582,0.683674280440207,0.651983634788288,-1.27057502752121,-1.80790731238894e-05,0.655778607094423,-1.18963714552995,-7.45619321262057e-17,-1.69454277209817,0,0
2.583,0.683141889680061,0.651475922164223,-1.26958560547613,-1.80649945900634e-05,0.655267939249943,-1.18871075142339,-7.45038692666565e-17,-1.69322319793786,0,0
2.584,0.682608961173397,0.650967696720035,-1.26859518405559,-1.80509018360759e-05,0.65475675560039,-1.18778342160336,-7.44457477601455e-17,-1.69190229092871,0,0
2.585,0.682075496209776,0.650458959685508,-1.26760376565618,-1.80367948960282e-05,0.654245057382707,-1.18685515831378,-7.43875677473131e-17,-1.69058005426699,0,0
2.586,0.681541496078756,0.649949712290425,-1.26661135267447,-1.80226738040213e-05,0.653732845833835,-1.18592596379856,-7.43293293687992e-17,-1.68925649114898,0,0
2.587,0.6810069620699,0.649439955764572,-1.26561794750706,-1.80085385941563e-05,0.653220122190719,-1.18499584030163,-7.42710327652443e-17,-1.68793160477098,0,0
2.588,0.680471895472765,0.648929691337732,-1.26462355255053,-1.79943893005343e-05,0.652706887690299,-1.1840647900669,-7.42126780772884e-17,-1.68660539832925,0,0
2.589,0.679936297576913,0.648418920239692,-1.26362817020146,-1.79802259572564e-05,0.652193143569519,-1.18313281533829,-7.41542654455718e-17,-1.68527787502007,0,0
2.59,0.679400169671903,0.647907643700234,-1.26263180285644,-1.79660485984238e-05,0.651678891065321,-1.18219991835971,-7.40957950107347e-17,-1.68394903803973,0,0
2.591,0.678863513047295,0.647395862949143,-1.26163445291204,-1.79518572581375e-05,0.651164131414648,-1.18126610137508,-7.40372669134171e-17,-1.68261889058451,0,0
2.592,0.678326328992649,0.646883579216204,-1.26063612276486,-1.79376519704987e-05,0.650648865854443,-1.18033136662832,-7.39786812942595e-17,-1.68128743585069,0,0
2.593,0.677788618797526,0.646370793731202,-1.25963681481148,-1.79234327696084e-05,0.650133095621648,-1.17939571636335,-7.39200382939018e-17,-1.67995467703454,0,0
2.594,0.677250383751485,0.64585750772392,-1.25863653144848,-1.79091996895678e-05,0.649616821953206,-1.17845915282408,-7.38613380529845e-17,-1.67862061733235,0,0
2.595,0.676711625144086,0.645343722424144,-1.25763527507244,-1.7894952764478e-05,0.64910004608606,-1.17752167825443,-7.38025807121475e-17,-1.6772852599404,0,0
2.596,0.676172344264889,0.644829439061657,-1.25663304807995,-1.788069202844e-05,0.648582769257151,-1.17658329489832,-7.37437664120311e-17,-1.67594860805496,0,0
2.597,0.675632542403455,0.644314658866244,-1.2556298528676,-1.7866417515555e-05,0.648064992703424,-1.17564400499966,-7.36848952932756e-17,-1.67461066487233,0,0
2.598,0.675092220849342,0.64379938306769,-1.25462569183196,-1.78521292599241e-05,0.64754671766182,-1.17470381080238,-7.36259674965212e-17,-1.67327143358877,0,0
2.599,0.674551380892112,0.643283612895779,-1.25362056736962,-1.78378272956483e-05,0.647027945369281,-1.17376271455038,-7.35669831624079e-17,-1.67193091740057,0,0
2.6,0.674010023821324,0.642767349580296,-1.25261448187717,-1.78235116568289e-05,0.646508677062752,-1.17282071848759,-7.3507942431576e-17,-1.67058911950401,0,0
2.601,0.673468150926538,0.642250594351025,-1.25160743775118,-1.78091823775669e-05,0.645988913979173,-1.17187782485793,-7.34488454446658e-17,-1.66924604309536,0,0
2.602,0.672925763497315,0.64173334843775,-1.25059943738824,-1.77948394919634e-05,0.645468657355489,-1.1709340359053,-7.33896923423173e-17,-1.66790169137092,0,0
2.603,0.672382862823213,0.641215613070257,-1.24959048318495,-1.77804830341195e-05,0.644947908428641,-1.16998935387364,-7.33304832651709e-17,-1.66655606752696,0,0
2.604,0.671839450193794,0.640697389478328,-1.24858057753787,-1.77661130381364e-05,0.644426668435572,-1.16904378100685,-7.32712183538666e-17,-1.66520917475975,0,0
2.605,0.671295526898617,0.64017867889175,-1.24756972284359,-1.7751729538115e-05,0.643904938613224,-1.16809731954885,-7.32118977490448e-17,-1.66386101626558,0,0
2.606,0.670751094227242,0.639659482540306,-1.2465579214987,-1.77373325681566e-05,0.643382720198541,-1.16714997174356,-7.31525215913455e-17,-1.66251159524074,0,0
2.607,0.670206153469229,0.639139801653781,-1.24554517589978,-1.77229221623623e-05,0.642860014428465,-1.1662017398349,-7.3093090021409e-17,-1.66116091488149,0,0
2.608,0.669660705914138,0.63861963746196,-1.24453148844342,-1.77084983548331e-05,0.642336822539939,-1.16525262606678,-7.30336031798755e-17,-1.65980897838413,0,0
2.609,0.66911475285153,0.638098991194626,-1.24351686152619,-1.76940611796701e-05,0.641813145769905,-1.16430263268312,-7.29740612073852e-17,-1.65845578894492,0,0
2.61,0.668568295570963,0.637577864081564,-1.24250129754469,-1.76796106709746e-05,0.641288985355305,-1.16335176192784,-7.29144642445782e-17,-1.65710134976015,0,0
2.611,0.668021335361999,0.637056257352559,-1.24148479889549,-1.76651468628475e-05,0.640764342533084,-1.16240001604486,-7.28548124320949e-17,-1.65574566402611,0,0
2.612,0.667473873514197,0.636534172237396,-1.24046736797519,-1.76506697893899e-05,0.640239218540182,-1.16144739727809,-7.27951059105752e-17,-1.65438873493907,0,0
2.613,0.666925911317117,0.636011609965858,-1.23944900718035,-1.76361794847031e-05,0.639713614613542,-1.16049390787145,-7.27353448206595e-17,-1.6530305656953,0,0
2.614,0.666377450060319,0.63548857176773,-1.23842971890758,-1.7621675982888e-05,0.639187531990109,-1.15953955006885,-7.26755293029881e-17,-1.6516711594911,0,0
2.615,0.665828491033363,0.634965058872797,-1.23740950555345,-1.76071593180459e-05,0.638660971906822,-1.15858432611422,-7.26156594982009e-17,-1.65031051952274,0,0
2.616,0.665279035525809,0.634441072510843,-1.23638836951454,-1.75926295242777e-05,0.638133935600627,-1.15762823825147,-7.25557355469383e-17,-1.64894864898651,0,0
2.617,0.664729084827217,0.633916613911653,-1.23536631318744,-1.75780866356847e-05,0.637606424308465,-1.15667128872452,-7.24957575898404e-17,-1.64758555107867,0,0
2.618,0.664178640227148,0.63339168430501,-1.23434333896873,-1.75635306863678e-05,0.637078439267279,-1.15571347977729,-7.24357257675475e-17,-1.64622122899552,0,0
2.619,0.66362770301516,0.632866284920701,-1.23331944925501,-1.75489617104283e-05,0.636549981714011,-1.15475481365369,-7.23756402206997e-17,-1.64485568593333,0,0
2.62,0.663076274480814,0.632340416988507,-1.23229464644284,-1.75343797419672e-05,0.636021052885604,-1.15379529259764,-7.23155010899373e-17,-1.64348892508838,0,0
2.621,0.662524355913671,0.631814081738216,-1.23126893292881,-1.75197848150857e-05,0.635491654019,-1.15283491885306,-7.22553085159003e-17,-1.64212094965695,0,0
2.622,0.66197194860329,0.631287280399611,-1.23024231110952,-1.75051769638848e-05,0.634961786351143,-1.15187369466386,-7.21950626392291e-17,-1.64075176283533,0,0
2.623,0.66141905383923,0.630760014202475,-1.22921478338154,-1.74905562224656e-05,0.634431451118975,-1.15091162227396,-7.21347636005638e-17,-1.63938136781979,0,0
2.624,0.660865672911053,0.630232284376595,-1.22818635214145,-1.74759226249294e-05,0.633900649559439,-1.14994870392728,-7.20744115405447e-17,-1.63800976780662,0,0
2.625,0.660311807108318,0.629704092151754,-1.22715701978584,-1.7461276205377e-05,0.633369382909476,-1.14898494186774,-7.20140065998118e-17,-1.63663696599208,0,0
2.626,0.659757457720585,0.629175438757737,-1.2261267887113,-1.74466169979097e-05,0.632837652406031,-1.14802033833925,-7.19535489190055e-17,-1.63526296557248,0,0
2.627,0.659202626037414,0.628646325424329,-1.2250956613144,-1.74319450366286e-05,0.632305459286045,-1.14705489558574,-7.18930386387659e-17,-1.63388776974407,0,0
2.628,0.658647313348365,0.628116753381312,-1.22406363999174,-1.74172603556348e-05,0.63177280478646,-1.14608861585111,-7.18324758997331e-17,-1.63251138170315,0,0
2.629,0.658091520942998,0.627586723858473,-1.22303072713989,-1.74025629890294e-05,0.631239690144221,-1.14512150137928,-7.17718608425475e-17,-1.631133804646,0,0
2.63,0.657535250110873,0.627056238085596,-1.22199692515544,-1.73878529709135e-05,0.630706116596269,-1.14415355441418,-7.17111936078491e-17,-1.62975504176889,0,0
2.631,0.65697850214155,0.626525297292465,-1.22096223643497,-1.73731303353881e-05,0.630172085379546,-1.14318477719972,-7.16504743362782e-17,-1.6283750962681,0,0
2.632,0.656421278324589,0.625993902708865,-1.21992666337507,-1.73583951165545e-05,0.629637597730996,-1.14221517197981,-7.15897031684751e-17,-1.62699397133992,0,0
2.633,0.65586357994955,0.625462055564579,-1.21889020837232,-1.73436473485137e-05,0.629102654887562,-1.14124474099838,-7.15288802450798e-17,-1.62561167018062,0,0
2.634,0.655305408305993,0.624929757089394,-1.21785287382331,-1.73288870653668e-05,0.628567258086185,-1.14027348649933,-7.14680057067325e-17,-1.62422819598649,0,0
2.635,0.654746764683478,0.624397008513092,-1.21681466212461,-1.73141143012149e-05,0.628031408563808,-1.1393014107266,-7.14070796940736e-17,-1.62284355195381,0,0
2.636,0.654187650371565,0.623863811065459,-1.21577557567281,-1.72993290901592e-05,0.627495107557374,-1.13832851592409,-7.13461023477431e-17,-1.62145774127885,0,0
2.637,0.653628066659814,0.623330165976278,-1.21473561686451,-1.72845314663007e-05,0.626958356303826,-1.13735480433573,-7.12850738083813e-17,-1.6200707671579,0,0
2.638,0.653068014837785,0.622796074475336,-1.21369478809627,-1.72697214637405e-05,0.626421156040107,-1.13638027820542,-7.12239942166283e-17,-1.61868263278723,0,0
2.639,0.652507496195037,0.622261537792415,-1.21265309176468,-1.72548991165798e-05,0.625883508003157,-1.13540493977709,-7.11628637131244e-17,-1.61729334136313,0,0
2.64,0.651946512021132,0.6217265571573,-1.21161053026633,-1.72400644589197e-05,0.625345413429922,-1.13442879129465,-7.11016824385098e-17,-1.61590289608188,0,0
2.641,0.651385063605629,0.621191133799777,-1.2105671059978,-1.72252175248612e-05,0.624806873557343,-1.13345183500203,-7.10404505334245e-17,-1.61451130013975,0,0
2.642,0.650823152238088,0.620655268949628,-1.20952282135568,-1.72103583485055e-05,0.624267889622362,-1.13247407314313,-7.0979168138509e-17,-1.61311855673303,0,0
2.643,0.650260779208069,0.62011896383664,-1.20847767873654,-1.71954869639537e-05,0.623728462861923,-1.13149550796188,-7.09178353944032e-17,-1.611724669058,0,0
2.644,0.649697945805131,0.619582219690595,-1.20743168053698,-1.71806034053068e-05,0.623188594512967,-1.1305161417022,-7.08564524417475e-17,-1.61032964031093,0,0
2.645,0.649134653318836,0.61904503774128,-1.20638482915358,-1.7165707706666e-05,0.622648285812439,-1.12953597660799,-7.07950194211821e-17,-1.60893347368812,0,0
2.646,0.648570903038742,0.618507419218477,-1.20533712698291,-1.71507999021325e-05,0.622107537997279,-1.12855501492318,-7.07335364733471e-17,-1.60753617238583,0,0
2.647,0.648006696254411,0.617969365351972,-1.20428857642157,-1.71358800258072e-05,0.621566352304432,-1.12757325889168,-7.06720037388826e-17,-1.60613773960035,0,0
2.648,0.647442034255401,0.61743087737155,-1.20323917986614,-1.71209481117914e-05,0.621024729970839,-1.12659071075742,-7.06104213584291e-17,-1.60473817852795,0,0
2.649,0.646876918331274,0.616891956506994,-1.2021889397132,-1.71060041941861e-05,0.620482672233442,-1.1256073727643,-7.05487894726265e-17,-1.60333749236493,0,0
2.65,0.646311349771588,0.616352603988089,-1.20113785835933,-1.70910483070924e-05,0.619940180329186,-1.12462324715625,-7.04871082221151e-17,-1.60193568430755,0,0
2.651,0.645745329865904,0.61581282104462,-1.20008593820113,-1.70760804846114e-05,0.619397255495012,-1.12363833617719,-7.04253777475352e-17,-1.60053275755211,0,0
2.652,0.645178859903782,0.61527260890637,-1.19903318163517,-1.70611007608443e-05,0.618853898967863,-1.12265264207102,-7.03635981895268e-17,-1.59912871529487,0,0
2.653,0.644611941174782,0.614731968803126,-1.19797959105803,-1.70461091698921e-05,0.618310111984681,-1.12166616708167,-7.03017696887303e-17,-1.59772356073212,0,0
2.654,0.644044574968464,0.61419090196467,-1.19692516886631,-1.70311057458559e-05,0.61776589578241,-1.12067891345306,-7.02398923857857e-17,-1.59631729706014,0,0
2.655,0.643476762574387,0.613649409620787,-1.19586991745658,-1.70160905228369e-05,0.617221251597991,-1.1196908834291,-7.01779664213333e-17,-1.59490992747521,0,0
2.656,0.642908505282113,0.613107493001263,-1.19481383922543,-1.70010635349362e-05,0.616676180668368,-1.1187020792537,-7.01159919360134e-17,-1.59350145517361,0,0
2.657,0.6423398043812,0.612565153335881,-1.19375693656944,-1.69860248162549e-05,0.616130684230483,-1.1177125031708,-7.0053969070466e-17,-1.59209188335163,0,0
2.658,0.64177066116121,0.612022391854425,-1.1926992118852,-1.6970974400894e-05,0.615584763521279,-1.11672215742429,-6.99918979653314e-17,-1.59068121520553,0,0
2.659,0.641201076911701,0.611479209786681,-1.19164066756928,-1.69559123229547e-05,0.615038419777698,-1.11573104425811,-6.99297787612497e-17,-1.5892694539316,0,0
2.66,0.640631052922234,0.610935608362433,-1.19058130601828,-1.69408386165381e-05,0.614491654236682,-1.11473916591617,-6.98676115988613e-17,-1.58785660272612,0,0
2.661,0.640060590482369,0.610391588811465,-1.18952112962878,-1.69257533157452e-05,0.613944468135176,-1.11374652464238,-6.98053966188062e-17,-1.58644266478537,0,0
2.662,0.639489690881666,0.609847152363562,-1.18846014079737,-1.69106564546773e-05,0.61339686271012,-1.11275312268066,-6.97431339617246e-17,-1.58502764330564,0,0
2.663,0.638918355409684,0.609302300248508,-1.18739834192061,-1.68955480674354e-05,0.612848839198458,-1.11175896227493,-6.96808237682568e-17,-1.5836115414832,0,0
2.664,0.638346585355985,0.608757033696087,-1.18633573539511,-1.68804281881206e-05,0.612300398837133,-1.11076404566911,-6.9618466179043e-17,-1.58219436251432,0,0
2.665,0.637774382010127,0.608211353936085,-1.18527232361744,-1.6865296850834e-05,0.611751542863087,-1.10976837510711,-6.95560613347234e-17,-1.5807761095953,0,0
2.666,0.637201746661671,0.607665262198285,-1.18420810898418,-1.68501540896768e-05,0.611202272513262,-1.10877195283286,-6.9493609375938e-17,-1.57935678592241,0,0
2.667,0.636628680600177,0.607118759712473,-1.18314309389193,-1.683499993875e-05,0.610652589024602,-1.10777478109026,-6.94311104433273e-17,-1.57793639469194,0,0
2.668,0.636055185115204,0.606571847708431,-1.18207728073726,-1.68198344321547e-05,0.610102493634049,-1.10677686212324,-6.93685646775312e-17,-1.57651493910015,0,0
2.669,0.635481261496314,0.606024527415946,-1.18101067191676,-1.68046576039921e-05,0.609551987578545,-1.10577819817571,-6.93059722191901e-17,-1.57509242234334,0,0
2.67,0.634906911033065,0.605476800064802,-1.17994326982701,-1.67894694883632e-05,0.609001072095033,-1.10477879149159,-6.92433332089441e-17,-1.57366884761778,0,0
2.671,0.634332135015018,0.604928666884782,-1.1788750768646,-1.67742701193692e-05,0.608449748420456,-1.10377864431479,-6.91806477874334e-17,-1.57224421811976,0,0
2.672,0.633756934731733,0.604380129105672,-1.17780609542611,-1.67590595311111e-05,0.607898017791757,-1.10277775888925,-6.91179160952984e-17,-1.57081853704554,0,0
2.673,0.63318131147277,0.603831187957255,-1.17673632790812,-1.67438377576902e-05,0.607345881445877,-1.10177613745886,-6.90551382731789e-17,-1.56939180759142,0,0
2.674,0.632605266527688,0.603281844669317,-1.17566577670722,-1.67286048332074e-05,0.60679334061976,-1.10077378226755,-6.89923144617155e-17,-1.56796403295368,0,0
2.675,0.632028801186049,0.602732100471642,-1.17459444421999,-1.67133607917639e-05,0.606240396550348,-1.09977069555924,-6.89294448015481e-17,-1.56653521632859,0,0
2.676,0.63145191673741,0.602181956594014,-1.17352233284301,-1.66981056674607e-05,0.605687050474584,-1.09876687957783,-6.8866529433317e-17,-1.56510536091243,0,0
2.677,0.630874614471334,0.601631414266218,-1.17244944497288,-1.66828394943991e-05,0.605133303629411,-1.09776233656726,-6.88035684976624e-17,-1.56367446990148,0,0
2.678,0.63029689567738,0.601080474718038,-1.17137578300616,-1.66675623066801e-05,0.604579157251771,-1.09675706877144,-6.87405621352245e-17,-1.56224254649204,0,0
2.679,0.629718761645107,0.600529139179259,-1.17030134933946,-1.66522741384048e-05,0.604024612578606,-1.09575107843428,-6.86775104866435e-17,-1.56080959388036,0,0
2.68,0.629140213664076,0.599977408879665,-1.16922614636934,-1.66369750236743e-05,0.60346967084686,-1.09474436779971,-6.86144136925597e-17,-1.55937561526274,0,0
2.681,0.628561253023847,0.59942528504904,-1.1681501764924,-1.66216649965897e-05,0.602914333293475,-1.09373693911163,-6.85512718936131e-17,-1.55794061383546,0,0
2.682,0.627981881013979,0.59887276891717,-1.16707344210522,-1.66063440912522e-05,0.602358601155393,-1.09272879461397,-6.8488085230444e-17,-1.55650459279479,0,0
2.683,0.627402098924034,0.598319861713839,-1.16599594560438,-1.65910123417628e-05,0.601802475669558,-1.09171993655064,-6.84248538436925e-17,-1.55506755533701,0,0
2.684,0.626821908043569,0.59776656466883,-1.16491768938646,-1.65756697822227e-05,0.601245958072911,-1.09071036716556,-6.83615778739989e-17,-1.55362950465841,0,0
2.685,0.626241309662147,0.597212879011929,-1.16383867584806,-1.65603164467329e-05,0.600689049602396,-1.08970008870265,-6.82982574620035e-17,-1.55219044395527,0,0
2.686,0.625660305069327,0.59665880597292,-1.16275890738575,-1.65449523693945e-05,0.600131751494955,-1.08868910340582,-6.82348927483462e-17,-1.55075037642386,0,0
2.687,0.625078895554667,0.596104346781587,-1.16167838639611,-1.65295775843087e-05,0.599574064987531,-1.087677413519,-6.81714838736674e-17,-1.54930930526047,0,0
2.688,0.62449708240773,0.595549502667715,-1.16059711527574,-1.65141921255766e-05,0.599015991317067,-1.0866650212861,-6.81080309786074e-17,-1.54786723366138,0,0
2.689,0.623914866918075,0.594994274861089,-1.15951509642121,-1.64987960272993e-05,0.598457531720503,-1.08565192895103,-6.80445342038061e-17,-1.54642416482286,0,0
2.69,0.623332250375261,0.594438664591493,-1.15843233222911,-1.64833893235779e-05,0.597898687434785,-1.08463813875771,-6.79809936899039e-17,-1.5449801019412,0,0
2.691,0.622749234068849,0.593882673088711,-1.15734882509602,-1.64679720485134e-05,0.597339459696854,-1.08362365295007,-6.7917409577541e-17,-1.54353504821267,0,0
2.692,0.622165819288398,0.593326301582527,-1.15626457741853,-1.6452544236207e-05,0.596779849743653,-1.08260847377201,-6.78537820073574e-17,-1.54208900683357,0,0
2.693,0.62158200732347,0.592769551302727,-1.15517959159322,-1.64371059207599e-05,0.596219858812124,-1.08159260346746,-6.77901111199936e-17,-1.54064198100016,0,0
2.694,0.620997799463623,0.592212423479095,-1.15409387001668,-1.6421657136273e-05,0.59565948813921,-1.08057604428034,-6.77263970560895e-17,-1.53919397390873,0,0
2.695,0.620413196998417,0.591654919341415,-1.15300741508548,-1.64061979168476e-05,0.595098738961854,-1.07955879845455,-6.76626399562855e-17,-1.53774498875555,0,0
2.696,0.619828201217414,0.591097040119472,-1.15192022919622,-1.63907282965847e-05,0.594537612516998,-1.07854086823402,-6.75988399612218e-17,-1.53629502873692,0,0
2.697,0.619242813410171,0.590538787043049,-1.15083231474546,-1.63752483095854e-05,0.593976110041585,-1.07752225586266,-6.75349972115384e-17,-1.5348440970491,0,0
2.698,0.618657034866251,0.589980161341933,-1.14974367412981,-1.63597579899508e-05,0.593414232772558,-1.07650296358439,-6.74711118478756e-17,-1.53339219688838,0,0
2.699,0.618070866875212,0.589421164245907,-1.14865430974585,-1.63442573717821e-05,0.592851981946859,-1.07548299364313,-6.74071840108737e-17,-1.53193933145104,0,0
2.7,0.617484310726615,0.588861796984754,-1.14756422399015,-1.63287464891803e-05,0.59228935880143,-1.0744623482828,-6.73432138411728e-17,-1.53048550393336,0,0
2.701,0.616897367710019,0.588302060788262,-1.1464734192593,-1.63132253762466e-05,0.591726364573215,-1.07344102974731,-6.72792014794131e-17,-1.52903071753162,0,0
2.702,0.616310039114985,0.587741956886212,-1.14538189794988,-1.62976940670821e-05,0.591163000499157,-1.07241904028058,-6.72151470662348e-17,-1.52757497544209,0,0
2.703,0.615722326231073,0.587181486508391,-1.14428966245849,-1.62821525957878e-05,0.590599267816196,-1.07139638212653,-6.71510507422781e-17,-1.52611828086107,0,0
2.704,0.615134230347843,0.586620650884582,-1.14319671518169,-1.62666009964649e-05,0.590035167761278,-1.07037305752907,-6.70869126481832e-17,-1.52466063698483,0,0
2.705,0.614545752754853,0.58605945124457,-1.14210305851608,-1.62510393032144e-05,0.589470701571342,-1.06934906873212,-6.70227329245902e-17,-1.52320204700964,0,0
2.706,0.613956894741666,0.58549788881814,-1.14100869485825,-1.62354675501376e-05,0.588905870483334,-1.0683244179796,-6.69585117121395e-17,-1.5217425141318,0,0
2.707,0.61336765759784,0.584935964835075,-1.13991362660476,-1.62198857713354e-05,0.588340675734195,-1.06729910751543,-6.68942491514711e-17,-1.52028204154757,0,0
2.708,0.612778042612936,0.584373680525161,-1.13881785615222,-1.62042940009091e-05,0.587775118560867,-1.06627313958352,-6.68299453832254e-17,-1.51882063245325,0,0
2.709,0.612188051076513,0.583811037118181,-1.1377213858972,-1.61886922729596e-05,0.587209200200294,-1.06524651642779,-6.67656005480424e-17,-1.51735829004511,0,0
2.71,0.611597684278132,0.583248035843921,-1.13662421823628,-1.61730806215882e-05,0.586642921889418,-1.06421924029216,-6.67012147865623e-17,-1.51589501751943,0,0
2.711,0.611006943507352,0.582684677932164,-1.13552635556605,-1.61574590808959e-05,0.586076284865181,-1.06319131342054,-6.66367882394254e-17,-1.51443081807248,0,0
2.712,0.610415830053735,0.582120964612696,-1.13442780028309,-1.61418276849838e-05,0.585509290364527,-1.06216273805685,-6.6572321047272e-17,-1.51296569490057,0,0
2.713,0.609824345206838,0.5815568971153,-1.13332855478399,-1.6126186467953e-05,0.584941939624398,-1.06113351644502,-6.6507813350742e-17,-1.51149965119995,0,0
2.714,0.609232490256223,0.580992476669762,-1.13222862146533,-1.61105354639047e-05,0.584374233881736,-1.06010365082895,-6.64432652904758e-17,-1.51003269016691,0,0
2.715,0.60864026649145,0.580427704505865,-1.1311280027237,-1.609487470694e-05,0.583806174373484,-1.05907314345256,-6.63786770071136e-17,-1.50856481499774,0,0
2.716,0.608047675202078,0.579862581853394,-1.13002670095567,-1.60792042311598e-05,0.583237762336585,-1.05804199655977,-6.63140486412955e-17,-1.5070960288887,0,0
2.717,0.607454717677668,0.579297109942134,-1.12892471855784,-1.60635240706655e-05,0.582668999007981,-1.0570102123945,-6.62493803336617e-17,-1.50562633503609,0,0
2.718,0.60686139520778,0.578731290001869,-1.12782205792678,-1.6047834259558e-05,0.582099885624616,-1.05597779320067,-6.61846722248525e-17,-1.50415573663619,0,0
2.719,0.606267709081972,0.578165123262383,-1.12671872145909,-1.60321348319384e-05,0.581530423423431,-1.05494474122219,-6.6119924455508e-17,-1.50268423688526,0,0
2.72,0.605673660589807,0.577598610953461,-1.12561471155133,-1.6016425821908e-05,0.580960613641369,-1.05391105870297,-6.60551371662685e-17,-1.5012118389796,0,0
2.721,0.605079251020843,0.577031754304888,-1.12451003060011,-1.60007072635677e-05,0.580390457515373,-1.05287674788695,-6.5990310497774e-17,-1.49973854611548,0,0
2.722,0.604484481664641,0.576464554546447,-1.12340468100199,-1.59849791910187e-05,0.579819956282386,-1.05184181101803,-6.59254445906649e-17,-1.49826436148919,0,0
2.723,0.60388935381076,0.575897012907924,-1.12229866515357,-1.59692416383622e-05,0.57924911117935,-1.05080625034013,-6.58605395855814e-17,-1.496789288297,0,0
2.724,0.60329386874876,0.575329130619103,-1.12119198545143,-1.59534946396991e-05,0.578677923443207,-1.04977006809716,-6.57955956231635e-17,-1.49531332973519,0,0
2.725,0.602698027768202,0.574760908909769,-1.12008464429216,-1.59377382291306e-05,0.578106394310901,-1.04873326653305,-6.57306128440516e-17,-1.49383648900004,0,0
2.726,0.602101832158646,0.574192349009704,-1.11897664407233,-1.59219724407579e-05,0.577534525019373,-1.04769584789172,-6.56655913888857e-17,-1.49235876928784,0,0
2.727,0.601505283209651,0.573623452148696,-1.11786798718853,-1.59061973086819e-05,0.576962316805568,-1.04665781441707,-6.56005313983061e-17,-1.49088017379487,0,0
2.728,0.600908382210777,0.573054219556526,-1.11675867603734,-1.58904128670039e-05,0.576389770906426,-1.04561916835303,-6.55354330129531e-17,-1.4894007057174,0,0
2.729,0.600311130451585,0.572484652462981,-1.11564871301535,-1.5874619149825e-05,0.575816888558891,-1.04457991194352,-6.54702963734667e-17,-1.48792036825171,0,0
2.73,0.599713529221634,0.571914752097845,-1.11453810051915,-1.58588161912461e-05,0.575243670999906,-1.04354004743245,-6.54051216204872e-17,-1.48643916459409,0,0
2.731,0.599115579810485,0.571344519690902,-1.11342684094531,-1.58430040253686e-05,0.574670119466413,-1.04249957706373,-6.53399088946548e-17,-1.48495709794081,0,0
2.732,0.598517283507698,0.570773956471937,-1.11231493669042,-1.58271826862933e-05,0.574096235195355,-1.04145850308129,-6.52746583366097e-17,-1.48347417148816,0,0
2.733,0.597918641602832,0.570203063670734,-1.11120239015106,-1.58113522081216e-05,0.573522019423674,-1.04041682772904,-6.52093700869921e-17,-1.48199038843242,0,0
2.734,0.597319655385447,0.569631842517077,-1.11008920372382,-1.57955126249544e-05,0.572947473388313,-1.03937455325091,-6.51440442864421e-17,-1.48050575196986,0,0
2.735,0.596720326145104,0.569060294240751,-1.10897537980529,-1.57796639708929e-05,0.572372598326214,-1.0383316818908,-6.50786810756001e-17,-1.47902026529676,0,0
2.736,0.596120655171362,0.568488420071541,-1.10786092079203,-1.57638062800382e-05,0.571797395474321,-1.03728821589263,-6.5013280595106e-17,-1.47753393160942,0,0
2.737,0.595520643753781,0.56791622123923,-1.10674582908065,-1.57479395864913e-05,0.571221866069575,-1.03624415750033,-6.49478429856003e-17,-1.47604675410409,0,0
2.738,0.594920293181923,0.567343698973604,-1.10563010706772,-1.57320639243535e-05,0.57064601134892,-1.0351995089578,-6.4882368387723e-17,-1.47455873597708,0,0
2.739,0.594319604745345,0.566770854504447,-1.10451375714982,-1.57161793277257e-05,0.570069832549298,-1.03415427250898,-6.48168569421143e-17,-1.47306988042465,0,0
2.74,0.593718579733609,0.566197689061543,-1.10339678172355,-1.57002858307092e-05,0.569493330907651,-1.03310845039776,-6.47513087894145e-17,-1.47158019064309,0,0
2.741,0.593117219436274,0.565624203874678,-1.10227918318548,-1.5684383467405e-05,0.568916507660923,-1.03206204486807,-6.46857240702638e-17,-1.47008966982868,0,0
2.742,0.592515525142901,0.565050400173634,-1.1011609639322,-1.56684722719141e-05,0.568339364046056,-1.03101505816384,-6.46201029253023e-17,-1.46859832117769,0,0
2.743,0.591913498143049,0.564476279188197,-1.10004212636029,-1.56525522783379e-05,0.567761901299993,-1.02996749252896,-6.45544454951702e-17,-1.46710614788641,0,0
2.744,0.591311139726279,0.563901842148152,-1.09892267286633,-1.56366235207772e-05,0.567184120659675,-1.02891935020737,-6.44887519205078e-17,-1.46561315315112,0,0
2.745,0.590708451182149,0.563327090283282,-1.09780260584692,-1.56206860333333e-05,0.566606023362046,-1.02787063344298,-6.44230223419551e-17,-1.4641193401681,0,0
2.746,0.590105433800222,0.562752024823372,-1.09668192769862,-1.56047398501072e-05,0.566027610644049,-1.0268213444797,-6.43572569001526e-17,-1.46262471213363,0,0
2.747,0.589502088870056,0.562176646998207,-1.09556064081804,-1.55887850052001e-05,0.565448883742626,-1.02577148556146,-6.42914557357402e-17,-1.46112927224398,0,0
2.748,0.588898417681211,0.561600958037571,-1.09443874760174,-1.55728215327131e-05,0.564869843894719,-1.02472105893217,-6.42256189893582e-17,-1.45963302369544,0,0
2.749,0.588294421523247,0.561024959171249,-1.09331625044633,-1.55568494667472e-05,0.564290492337272,-1.02367006683575,-6.41597468016469e-17,-1.45813596968429,0,0
2.75,0.587690101685725,0.560448651629025,-1.09219315174837,-1.55408688414036e-05,0.563710830307226,-1.02261851151611,-6.40938393132464e-17,-1.45663811340681,0,0
2.751,0.587085459458204,0.559872036640683,-1.09106945390445,-1.55248796907833e-05,0.563130859041525,-1.02156639521717,-6.40278966647969e-17,-1.45513945805928,0,0
2.752,0.586480496130245,0.559295115436009,-1.08994515931116,-1.55088820489876e-05,0.562550579777112,-1.02051372018286,-6.39619189969386e-17,-1.45364000683798,0,0
2.753,0.585875212991406,0.558717889244785,-1.08882027036507,-1.54928759501174e-05,0.561969993750927,-1.01946048865707,-6.38959064503116e-17,-1.45213976293919,0,0
2.754,0.58526961133125,0.558140359296798,-1.08769478946279,-1.5476861428274e-05,0.561389102199916,-1.01840670288375,-6.38298591655563e-17,-1.45063872955919,0,0
2.755,0.584663692439334,0.557562526821831,-1.08656871900088,-1.54608385175583e-05,0.560807906361019,-1.01735236510679,-6.37637772833128e-17,-1.44913690989426,0,0
2.756,0.58405745760522,0.556984393049669,-1.08544206137593,-1.54448072520715e-05,0.56022640747118,-1.01629747757013,-6.36976609442212e-17,-1.44763430714068,0,0
2.757,0.583450908118468,0.556405959210097,-1.08431481898453,-1.54287676659148e-05,0.559644606767342,-1.01524204251766,-6.36315102889219e-17,-1.44613092449473,0,0
2.758,0.582844045268636,0.555827226532898,-1.08318699422325,-1.54127197931892e-05,0.559062505486446,-1.01418606219332,-6.35653254580549e-17,-1.44462676515269,0,0
2.759,0.582236870345286,0.555248196247858,-1.08205858948869,-1.53966636679958e-05,0.558480104865435,-1.01312953884103,-6.34991065922604e-17,-1.44312183231084,0,0
2.76,0.581629384637977,0.55466886958476,-1.08092960717743,-1.53805993244358e-05,0.557897406141253,-1.01207247470468,-6.34328538321788e-17,-1.44161612916546,0,0
2.761,0.581021589436269,0.554089247773389,-1.07980004968605,-1.53645267966102e-05,0.557314410550841,-1.01101487202821,-6.33665673184501e-17,-1.44010965891283,0,0
2.762,0.580413486029723,0.553509332043531,-1.07866991941113,-1.53484461186202e-05,0.556731119331143,-1.00995673305554,-6.33002471917146e-17,-1.43860242474924,0,0
2.763,0.579805075707898,0.552929123624968,-1.07753921874926,-1.53323573245668e-05,0.556147533719101,-1.00889806003057,-6.32338935926124e-17,-1.43709442987095,0,0
2.764,0.579196359760355,0.552348623747486,-1.07640795009702,-1.53162604485511e-05,0.555563654951657,-1.00783885519723,-6.31675066617838e-17,-1.43558567747426,0,0
2.765,0.578587339476653,0.55176783364087,-1.075276115851,-1.53001555246744e-05,0.554979484265755,-1.00677912079943,-6.31010865398689e-17,-1.43407617075544,0,0
2.766,0.577978016146351,0.551186754534902,-1.07414371840778,-1.52840425870376e-05,0.554395022898337,-1.00571885908109,-6.3034633367508e-17,-1.43256591291077,0,0
2.767,0.577368391059011,0.550605387659369,-1.07301076016394,-1.52679216697419e-05,0.553810272086344,-1.00465807228612,-6.29681472853412e-17,-1.43105490713654,0,0
2.768,0.576758465504193,0.550023734244054,-1.07187724351607,-1.52517928068884e-05,0.553225233066722,-1.00359676265846,-6.29016284340088e-17,-1.42954315662901,0,0
2.769,0.576148240771456,0.549441795518743,-1.07074317086075,-1.52356560325782e-05,0.55263990707641,-1.002534932442,-6.28350769541509e-17,-1.42803066458448,0,0
2.77,0.57553771815036,0.548859572713218,-1.06960854459457,-1.52195113809124e-05,0.552054295352353,-1.00147258388067,-6.27684929864077e-17,-1.42651743419923,0,0
2.771,0.574926898930465,0.548277067057266,-1.06847336711411,-1.52033588859921e-05,0.551468399131493,-1.00040971921839,-6.27018766714194e-17,-1.42500346866952,0,0
2.772,0.574315784401331,0.54769427978067,-1.06733764081595,-1.51871985819184e-05,0.550882219650773,-0.999346340699074,-6.26352281498263e-17,-1.42348877119165,0,0
2.773,0.573704375852519,0.547111212113215,-1.06620136809667,-1.51710305027924e-05,0.550295758147135,-0.998282450566637,-6.25685475622685e-17,-1.4219733449619,0,0
2.774,0.573092674573588,0.546527865284686,-1.06506455135287,-1.51548546827152e-05,0.549709015857521,-0.997218051064997,-6.25018350493862e-17,-1.42045719317653,0,0
2.775,0.572480681854098,0.545944240524866,-1.06392719298112,-1.5138671155788e-05,0.549121994018875,-0.996153144438072,-6.24350907518196e-17,-1.41894031903185,0,0
2.776,0.57186839898361,0.54536033906354,-1.06278929537801,-1.51224799561119e-05,0.54853469386814,-0.995087732929779,-6.23683148102089e-17,-1.41742272572411,0,0
2.777,0.571255827251682,0.544776162130493,-1.06165086094012,-1.51062811177879e-05,0.547947116642256,-0.994021818784035,-6.23015073651943e-17,-1.41590441644961,0,0
2.778,0.570642967947876,0.54419171095551,-1.06051189206403,-1.50900746749171e-05,0.547359263578168,-0.992955404244757,-6.2234668557416e-17,-1.41438539440463,0,0
2.779,0.570029822361751,0.543606986768374,-1.05937239114634,-1.50738606616007e-05,0.546771135912818,-0.991888491555864,-6.21677985275142e-17,-1.41286566278544,0,0
2.78,0.569416391782867,0.54302199079887,-1.05823236058362,-1.50576391119397e-05,0.546182734883149,-0.990821082961271,-6.21008974161291e-17,-1.41134522478832,0,0
2.781,0.568802677500785,0.542436724276783,-1.05709180277246,-1.50414100600354e-05,0.545594061726103,-0.989753180704896,-6.20339653639009e-17,-1.40982408360956,0,0
2.782,0.568188680805064,0.541851188431897,-1.05595072010944,-1.50251735399887e-05,0.545005117678622,-0.988684787030656,-6.19670025114697e-17,-1.40830224244544,0,0
2.783,0.567574402985264,0.541265384493997,-1.05480911499114,-1.50089295859008e-05,0.54441590397765,-0.987615904182469,-6.19000089994758e-17,-1.40677970449223,0,0
2.784,0.566959845330945,0.540679313692866,-1.05366698981415,-1.49926782318728e-05,0.54382642186013,-0.986546534404251,-6.18329849685594e-17,-1.40525647294622,0,0
2.785,0.566345009131667,0.54009297725829,-1.05252434697506,-1.49764195120058e-05,0.543236672563002,-0.985476679939919,-6.17659305593607e-17,-1.40373255100368,0,0
2.786,0.56572989567699,0.539506376420053,-1.05138118887044,-1.49601534604009e-05,0.542646657323211,-0.984406343033393,-6.16988459125198e-17,-1.4022079418609,0,0
2.787,0.565114506256475,0.53891951240794,-1.05023751789688,-1.49438801111592e-05,0.542056377377699,-0.983335525928587,-6.1631731168677e-17,-1.40068264871416,0,0
2.788,0.56449884215968,0.538332386451734,-1.04909333645097,-1.49275994983818e-05,0.541465833963408,-0.982264230869418,-6.15645864684725e-17,-1.39915667475973,0,0
2.789,0.563882904676168,0.537744999781221,-1.04794864692928,-1.49113116561698e-05,0.540875028317282,-0.981192460099807,-6.14974119525464e-17,-1.3976300231939,0,0
2.79,0.563266695095495,0.537157353626185,-1.04680345172841,-1.48950166186244e-05,0.540283961676262,-0.980120215863667,-6.14302077615389e-17,-1.39610269721295,0,0
2.791,0.562650214707225,0.53656944921641,-1.04565775324493,-1.48787144198466e-05,0.539692635277292,-0.979047500404918,-6.13629740360903e-17,-1.39457470001316,0,0
2.792,0.562033464800915,0.535981287781681,-1.04451155387543,-1.48624050939376e-05,0.539101050357314,-0.977974315967475,-6.12957109168408e-17,-1.3930460347908,0,0
2.793,0.561416446666126,0.535392870551782,-1.04336485601649,-1.48460886749984e-05,0.53850920815327,-0.976900664795257,-6.12284185444304e-17,-1.39151670474216,0,0
2.794,0.560799161592419,0.534804198756498,-1.0422176620647,-1.48297651971302e-05,0.537917109902104,-0.97582654913218,-6.11610970594995e-17,-1.38998671306352,0,0
2.795,0.560181610869352,0.534215273625613,-1.04106997441665,-1.4813434694434e-05,0.537324756840758,-0.974751971222162,-6.10937466026883e-17,-1.38845606295115,0,0
2.796,0.559563795786487,0.533626096388911,-1.0399217954689,-1.4797097201011e-05,0.536732150206173,-0.973676933309119,-6.10263673146368e-17,-1.38692475760135,0,0
2.797,0.558945717633383,0.533036668276178,-1.03877312761806,-1.47807527509623e-05,0.536139291235295,-0.97260143763697,-6.09589593359854e-17,-1.38539280021038,0,0
2.798,0.5583273776996,0.532446990517198,-1.0376239732607,-1.4764401378389e-05,0.535546181165064,-0.971525486449631,-6.08915228073742e-17,-1.38386019397453,0,0
2.799,0.557708777274698,0.531857064341754,-1.0364743347934,-1.47480431173921e-05,0.534952821232423,-0.97044908199102,-6.08240578694434e-17,-1.38232694209008,0,0
2.8,0.557089917648237,0.531266890979633,-1.03532421461276,-1.47316780020729e-05,0.534359212674315,-0.969372226505053,-6.07565646628332e-17,-1.38079304775331,0,0
2.801,0.556470800109778,0.530676471660616,-1.03417361511535,-1.47153060665323e-05,0.533765356727683,-0.968294922235647,-6.06890433281839e-17,-1.3792585141605,0,0
2.802,0.555851425948879,0.530085807614491,-1.03302253869776,-1.46989273448716e-05,0.533171254629469,-0.967217171426721,-6.06214940061355e-17,-1.37772334450793,0,0
2.803,0.555231796455101,0.529494900071041,-1.03187098775656,-1.46825418711918e-05,0.532576907616616,-0.966138976322191,-6.05539168373283e-17,-1.37618754199188,0,0
2.804,0.554611912918005,0.52890375026005,-1.03071896468836,-1.4666149679594e-05,0.531982316926066,-0.965060339165974,-6.04863119624025e-17,-1.37465110980863,0,0
2.805,0.55399177662715,0.528312359411303,-1.02956647188972,-1.46497508041793e-05,0.531387483794763,-0.963981262201989,-6.04186795219983e-17,-1.37311405115446,0,0
2.806,0.553371388872095,0.527720728754584,-1.02841351175724,-1.46333452790489e-05,0.530792409459649,-0.96290174767415,-6.03510196567559e-17,-1.37157636922565,0,0
2.807,0.552750750942402,0.527128859519679,-1.02726008668749,-1.46169331383038e-05,0.530197095157665,-0.961821797826377,-6.02833325073155e-17,-1.37003806721848,0,0
2.808,0.55212986412763,0.52653675293637,-1.02610619907707,-1.46005144160451e-05,0.529601542125756,-0.960741414902586,-6.02156182143172e-17,-1.36849914832923,0,0
2.809,0.551508729717338,0.525944410234443,-1.02495185132254,-1.45840891463741e-05,0.529005751600863,-0.959660601146694,-6.01478769184013e-17,-1.36695961575418,0,0
2.81,0.550887349001088,0.525351832643683,-1.02379704582051,-1.45676573633916e-05,0.528409724819929,-0.958579358802618,-6.0080108760208e-17,-1.36541947268961,0,0
2.811,0.550265723268439,0.524759021393873,-1.02264178496755,-1.4551219101199e-05,0.527813463019898,-0.957497690114277,-6.00123138803774e-17,-1.36387872233181,0,0
2.812,0.549643853808951,0.524165977714798,-1.02148607116025,-1.45347743938972e-05,0.52721696743771,-0.956415597325586,-5.99444924195498e-17,-1.36233736787704,0,0
2.813,0.549021741912184,0.523572702836244,-1.02032990679518,-1.45183232755874e-05,0.52662023931031,-0.955333082680464,-5.98766445183654e-17,-1.3607954125216,0,0
2.814,0.548399388867698,0.522979197987993,-1.01917329426894,-1.45018657803707e-05,0.52602327987464,-0.954250148422826,-5.98087703174643e-17,-1.35925285946176,0,0
2.815,0.547776795965053,0.522385464399831,-1.01801623597811,-1.44854019423481e-05,0.525426090367641,-0.953166796796591,-5.97408699574867e-17,-1.3577097118938,0,0
2.816,0.547153964493809,0.521791503301542,-1.01685873431927,-1.44689317956209e-05,0.524828672026258,-0.952083030045676,-5.9672943579073e-17,-1.35616597301401,0,0
2.817,0.546530895743526,0.52119731592291,-1.015700791689,-1.44524553742901e-05,0.524231026087432,-0.950998850413997,-5.96049913228631e-17,-1.35462164601865,0,0
2.818,0.545907591003764,0.520602903493721,-1.01454241048389,-1.44359727124568e-05,0.523633153788107,-0.949914260145473,-5.95370133294973e-17,-1.35307673410402,0,0
2.819,0.545284051564083,0.520008267243758,-1.01338359310053,-1.44194838442221e-05,0.523035056365224,-0.94882926148402,-5.9469009739616e-17,-1.35153124046639,0,0
2.82,0.544660278714042,0.519413408402806,-1.01222434193549,-1.44029888036871e-05,0.522436735055727,-0.947743856673555,-5.94009806938591e-17,-1.34998516830205,0,0
2.821,0.544036273743204,0.51881832820065,-1.01106465938536,-1.4386487624953e-05,0.521838191096558,-0.946658047957997,-5.9332926332867e-17,-1.34843852080727,0,0
2.822,0.543412037941125,0.518223027867073,-1.00990454784673,-1.43699803421208e-05,0.521239425724659,-0.94557183758126,-5.92648467972797e-17,-1.34689130117833,0,0
2.823,0.542787572597368,0.51762750863186,-1.00874400971617,-1.43534669892917e-05,0.520640440176974,-0.944485227787264,-5.91967422277377e-17,-1.34534351261152,0,0
2.824,0.542162879001492,0.517031771724797,-1.00758304739028,-1.43369476005667e-05,0.520041235690445,-0.943398220819925,-5.91286127648809e-17,-1.34379515830311,0,0
2.825,0.541537958443057,0.516435818375667,-1.00642166326564,-1.43204222100469e-05,0.519441813502014,-0.94231081892316,-5.90604585493496e-17,-1.34224624144939,0,0
2.826,0.540912812211622,0.515839649814254,-1.00525985973882,-1.43038908518336e-05,0.518842174848624,-0.941223024340887,-5.8992279721784e-17,-1.34069676524663,0,0
2.827,0.540287441596749,0.515243267270344,-1.00409763920642,-1.42873535600277e-05,0.518242320967218,-0.940134839317023,-5.89240764228243e-17,-1.33914673289111,0,0
2.828,0.539661847887997,0.51464667197372,-1.00293500406501,-1.42708103687304e-05,0.517642253094739,-0.939046266095485,-5.88558487931107e-17,-1.33759614757912,0,0
2.829,0.539036032374925,0.514049865154168,-1.00177195671119,-1.42542613120427e-05,0.517041972468129,-0.93795730692019,-5.87875969732834e-17,-1.33604501250693,0,0
2.83,0.538409996347095,0.513452848041472,-1.00060849954153,-1.42377064240659e-05,0.51644148032433,-0.936867964035055,-5.87193211039826e-17,-1.33449333087083,0,0
2.831,0.537783741094065,0.512855621865415,-0.999444634952615,-1.42211457389009e-05,0.515840777900285,-0.935778239683998,-5.86510213258485e-17,-1.3329411058671,0,0
2.832,0.537157267905397,0.512258187855783,-0.998280365341037,-1.4204579290649e-05,0.515239866432938,-0.934688136110935,-5.85826977795213e-17,-1.33138834069201,0,0
2.833,0.536530578070649,0.51166054724236,-0.997115693103375,-1.41880071134112e-05,0.514638747159229,-0.933597655559784,-5.85143506056411e-17,-1.32983503854185,0,0
2.834,0.535903672879382,0.511062701254931,-0.995950620636214,-1.41714292412885e-05,0.514037421316103,-0.932506800274463,-5.84459799448482e-17,-1.32828120261289,0,0
2.835,0.535276553621156,0.51046465112328,-0.994785150336137,-1.41548457083822e-05,0.513435890140502,-0.931415572498888,-5.83775859377828e-17,-1.32672683610142,0,0
2.836,0.534649221585531,0.509866398077191,-0.993619284599728,-1.41382565487934e-05,0.512834154869368,-0.930323974476976,-5.8309168725085e-17,-1.32517194220371,0,0
2.837,0.534021678062067,0.509267943346449,-0.992453025823572,-1.41216617966231e-05,0.512232216739645,-0.929232008452645,-5.82407284473951e-17,-1.32361652411606,0,0
2.838,0.533393924340324,0.508669288160838,-0.99128637640425,-1.41050614859724e-05,0.511630076988273,-0.928139676669812,-5.81722652453532e-17,-1.32206058503472,0,0
2.839,0.532765961709861,0.508070433750144,-0.990119338738348,-1.40884556509424e-05,0.511027736852198,-0.927046981372394,-5.81037792595996e-17,-1.320504128156,0,0
2.84,0.53213779146024,0.50747138134415,-0.98895191522245,-1.40718443256344e-05,0.51042519756836,-0.925953924804308,-5.80352706307745e-17,-1.31894715667616,0,0
2.841,0.531509414881019,0.50687213217264,-0.987784108253138,-1.40552275441492e-05,0.509822460373702,-0.924860509209471,-5.7966739499518e-17,-1.31738967379149,0,0
2.842,0.530880833261759,0.5062726874654,-0.986615920226998,-1.40386053405882e-05,0.509219526505167,-0.923766736831801,-5.78981860064703e-17,-1.31583168269827,0,0
2.843,0.530252047892021,0.505673048452214,-0.985447353540613,-1.40219777490523e-05,0.508616397199699,-0.922672609915216,-5.78296102922717e-17,-1.31427318659278,0,0
2.844,0.529623060061362,0.505073216362865,-0.984278410590566,-1.40053448036427e-05,0.508013073694238,-0.92157813070363,-5.77610124975623e-17,-1.31271418867129,0,0
2.845,0.528993871059345,0.50447319242714,-0.983109093773442,-1.39887065384605e-05,0.507409557225729,-0.920483301440964,-5.76923927629823e-17,-1.3111546921301,0,0
2.846,0.528364482175529,0.503872977874822,-0.981939405485824,-1.39720629876068e-05,0.506805849031113,-0.919388124371132,-5.76237512291719e-17,-1.30959470016547,0,0
2.847,0.527734894699473,0.503272573935695,-0.980769348124296,-1.39554141851827e-05,0.506201950347334,-0.918292601738054,-5.75550880367714e-17,-1.30803421597369,0,0
2.848,0.527105109920739,0.502671981839545,-0.979598924085443,-1.39387601652893e-05,0.505597862411333,-0.917196735785645,-5.74864033264209e-17,-1.30647324275104,0,0
2.849,0.526475129128885,0.502071202816155,-0.978428135765846,-1.39221009620277e-05,0.504993586460053,-0.916100528757822,-5.74176972387606e-17,-1.3049117836938,0,0
2.85,0.525844953613472,0.50147023809531,-0.977256985562093,-1.39054366094991e-05,0.504389123730439,-0.915003982898505,-5.73489699144307e-17,-1.30334984199824,0,0
2.851,0.525214584664059,0.500869088906794,-0.976085475870763,-1.38887671418044e-05,0.50378447545943,-0.913907100451608,-5.72802214940714e-17,-1.30178742086066,0,0
2.852,0.524584023570208,0.500267756480393,-0.974913609088444,-1.38720925930449e-05,0.503179642883971,-0.91280988366105,-5.72114521183229e-17,-1.30022452347733,0,0
2.853,0.523953271621478,0.49966624204589,-0.973741387611718,-1.38554129973217e-05,0.502574627241004,-0.911712334770748,-5.71426619278254e-17,-1.29866115304452,0,0
2.854,0.523322330107428,0.49906454683307,-0.972568813837168,-1.38387283887357e-05,0.501969429767471,-0.910614456024619,-5.70738510632191e-17,-1.29709731275853,0,0
2.855,0.522691200317619,0.498462672071718,-0.97139589016138,-1.38220388013883e-05,0.501364051700316,-0.90951624966658,-5.70050196651442e-17,-1.29553300581563,0,0
2.856,0.522059883541611,0.497860618991617,-0.970222618980936,-1.38053442693804e-05,0.50075849427648,-0.908417717940548,-5.69361678742408e-17,-1.2939682354121,0,0
2.857,0.521428381068963,0.497258388822552,-0.96904900269242,-1.37886448268131e-05,0.500152758732907,-0.90731886309044,-5.68672958311493e-17,-1.29240300474421,0,0
2.858,0.520796694189237,0.496655982794309,-0.967875043692417,-1.37719405077877e-05,0.499546846306539,-0.906219687360175,-5.67984036765097e-17,-1.29083731700826,0,0
2.859,0.520164824191991,0.496053402136671,-0.96670074437751,-1.37552313464051e-05,0.498940758234319,-0.905120192993668,-5.67294915509623e-17,-1.28927117540052,0,0
2.86,0.519532772366785,0.495450648079422,-0.965526107144283,-1.37385173767665e-05,0.498334495753189,-0.904020382234837,-5.66605595951472e-17,-1.28770458311728,0,0
2.861,0.518900540003181,0.494847721852348,-0.96435113438932,-1.3721798632973e-05,0.497728060100091,-0.9029202573276,-5.65916079497048e-17,-1.2861375433548,0,0
2.862,0.518268128390737,0.494244624685232,-0.963175828509204,-1.37050751491256e-05,0.49712145251197,-0.901819820515872,-5.6522636755275e-17,-1.28457005930938,0,0
2.863,0.517635538819015,0.49364135780786,-0.962000191900519,-1.36883469593256e-05,0.496514674225766,-0.900719074043573,-5.64536461524983e-17,-1.28300213417728,0,0
2.864,0.517002772577573,0.493037922450015,-0.960824226959851,-1.3671614097674e-05,0.495907726478424,-0.899618020154619,-5.63846362820146e-17,-1.2814337711548,0,0
2.865,0.516369830955971,0.492434319841482,-0.95964793608378,-1.3654876598272e-05,0.495300610506884,-0.898516661092926,-5.63156072844643e-17,-1.27986497343821,0,0
2.866,0.515736715243771,0.491830551212046,-0.958471321668894,-1.36381344952205e-05,0.494693327548092,-0.897414999102413,-5.62465593004877e-17,-1.2782957442238,0,0
2.867,0.515103426730531,0.491226617791491,-0.957294386111773,-1.36213878226208e-05,0.494085878838987,-0.896313036426996,-5.61774924707246e-17,-1.27672608670784,0,0
2.868,0.514469966705811,0.490622520809601,-0.956117131809004,-1.36046366145739e-05,0.493478265616514,-0.895210775310593,-5.61084069358156e-17,-1.27515600408661,0,0
2.869,0.513836336459173,0.490018261496162,-0.954939561157169,-1.3587880905181e-05,0.492870489117614,-0.89410821799712,-5.60393028364007e-17,-1.27358549955639,0,0
2.87,0.513202537280175,0.489413841080956,-0.953761676552851,-1.35711207285431e-05,0.492262550579231,-0.893005366730495,-5.59701803131201e-17,-1.27201457631346,0,0
2.871,0.512568570458378,0.48880926079377,-0.952583480392637,-1.35543561187613e-05,0.491654451238308,-0.891902223754636,-5.5901039506614e-17,-1.27044323755412,0,0
2.872,0.511934437283342,0.488204521864387,-0.951404975073108,-1.35375871099369e-05,0.491046192331786,-0.890798791313459,-5.58318805575226e-17,-1.26887148647462,0,0
2.873,0.511300139044626,0.487599625522592,-0.950226162990848,-1.35208137361708e-05,0.490437775096608,-0.889695071650881,-5.57627036064862e-17,-1.26729932627126,0,0
2.874,0.510665677031791,0.48699457299817,-0.949047046542443,-1.35040360315641e-05,0.489829200769718,-0.888591067010821,-5.56935087941449e-17,-1.26572676014031,0,0
2.875,0.510031052534397,0.486389365520904,-0.947867628124475,-1.34872540302181e-05,0.489220470588057,-0.887486779637194,-5.56242962611388e-17,-1.26415379127806,0,0
2.876,0.509396266842003,0.485784004320579,-0.946687910133528,-1.34704677662337e-05,0.488611585788569,-0.886382211773919,-5.55550661481083e-17,-1.26258042288078,0,0
2.877,0.508761321244171,0.48517849062698,-0.945507894966186,-1.34536772737122e-05,0.488002547608195,-0.885277365664911,-5.54858185956935e-17,-1.26100665814475,0,0
2.878,0.508126217030458,0.484572825669891,-0.944327585019033,-1.34368825867545e-05,0.487393357283879,-0.884172243554089,-5.54165537445346e-17,-1.25943250026627,0,0
2.879,0.507490955490427,0.483967010679097,-0.943146982688653,-1.34200837394619e-05,0.486784016052563,-0.88306684768537,-5.53472717352717e-17,-1.25785795244159,0,0
2.88,0.506855537913636,0.483361046884383,-0.941966090371629,-1.34032807659354e-05,0.486174525151189,-0.881961180302671,-5.52779727085452e-17,-1.25628301786701,0,0
2.881,0.506219965589645,0.482754935515531,-0.940784910464545,-1.3386473700276e-05,0.485564885816701,-0.880855243649909,-5.52086568049951e-17,-1.25470769973881,0,0
2.882,0.505584239808016,0.482148677802328,-0.939603445363987,-1.33696625765851e-05,0.484955099286042,-0.879749039971002,-5.51393241652617e-17,-1.25313200125326,0,0
2.883,0.504948361858307,0.481542274974558,-0.938421697466535,-1.33528474289635e-05,0.484345166796152,-0.878642571509865,-5.50699749299852e-17,-1.25155592560665,0,0
2.884,0.504312333030079,0.480935728262004,-0.937239669168776,-1.33360282915125e-05,0.483735089583976,-0.877535840510417,-5.50006092398058e-17,-1.24997947599526,0,0
2.885,0.503676154612891,0.480329038894452,-0.936057362867293,-1.33192051983331e-05,0.483124868886456,-0.876428849216575,-5.49312272353636e-17,-1.24840265561536,0,0
2.886,0.503039827896304,0.479722208101686,-0.934874780958668,-1.33023781835265e-05,0.482514505940534,-0.875321599872256,-5.48618290572988e-17,-1.24682546766324,0,0
2.887,0.502403354169877,0.47911523711349,-0.933691925839488,-1.32855472811938e-05,0.481904001983153,-0.874214094721378,-5.47924148462518e-17,-1.24524791533517,0,0
2.888,0.501766734723172,0.478508127159649,-0.932508799906335,-1.3268712525436e-05,0.481293358251256,-0.873106336007856,-5.47229847428626e-17,-1.24367000182745,0,0
2.889,0.501129970845746,0.477900879469948,-0.931325405555792,-1.32518739503543e-05,0.480682575981786,-0.871998325975609,-5.46535388877714e-17,-1.24209173033634,0,0
2.89,0.500493063827162,0.477293495274171,-0.930141745184445,-1.32350315900498e-05,0.480071656411684,-0.870890066868555,-5.45840774216185e-17,-1.24051310405812,0,0
2.891,0.499856014956978,0.476685975802101,-0.928957821188876,-1.32181854786236e-05,0.479460600777894,-0.869781560930609,-5.45146004850441e-17,-1.23893412618909,0,0
2.892,0.499218825524754,0.476078322283525,-0.92777363596567,-1.32013356501767e-05,0.478849410317358,-0.86867281040569,-5.44451082186882e-17,-1.23735479992551,0,0
2.893,0.498581496820052,0.475470535948226,-0.92658919191141,-1.31844821388104e-05,0.478238086267019,-0.867563817537713,-5.43756007631913e-17,-1.23577512846367,0,0
2.894,0.497944030132429,0.474862618025988,-0.92540449142268,-1.31676249786256e-05,0.477626629863819,-0.866454584570597,-5.43060782591933e-17,-1.23419511499985,0,0
2.895,0.497306426751447,0.474254569746597,-0.924219536896064,-1.31507642037236e-05,0.477015042344702,-0.86534511374826,-5.42365408473345e-17,-1.23261476273033,0,0
2.896,0.496668687966666,0.473646392339836,-0.923034330728146,-1.31338998482054e-05,0.476403324946609,-0.864235407314617,-5.41669886682552e-17,-1.23103407485139,0,0
2.897,0.496030815067646,0.47303808703549,-0.921848875315509,-1.31170319461721e-05,0.475791478906484,-0.863125467513585,-5.40974218625955e-17,-1.2294530545593,0,0
2.898,0.495392809343946,0.472429655063345,-0.920663173054739,-1.31001605317249e-05,0.475179505461268,-0.862015296589084,-5.40278405709957e-17,-1.22787170505035,0,0
2.899,0.494754672085126,0.471821097653183,-0.919477226342417,-1.30832856389648e-05,0.474567405847905,-0.860904896785029,-5.39582449340958e-17,-1.22629002952083,0,0
2.9,0.494116404580748,0.47121241603479,-0.918291037575129,-1.30664073019929e-05,0.473955181303338,-0.859794270345338,-5.38886350925361e-17,-1.224708031167,0,0
2.901,0.493478008120369,0.47060361143795,-0.917104609149458,-1.30495255549104e-05,0.473342833064508,-0.858683419513928,-5.38190111869569e-17,-1.22312571318515,0,0
2.902,0.492839483993551,0.469994685092447,-0.915917943461987,-1.30326404318183e-05,0.472730362368358,-0.857572346534715,-5.37493733579982e-17,-1.22154307877157,0,0
2.903,0.492200833489854,0.469385638228066,-0.914731042909301,-1.30157519668178e-05,0.472117770451831,-0.856461053651618,-5.36797217463003e-17,-1.21996013112252,0,0
2.904,0.491562057898837,0.468776472074592,-0.913543909887984,-1.299886019401e-05,0.471505058551871,-0.855349543108554,-5.36100564925034e-17,-1.21837687343429,0,0
2.905,0.490923158510061,0.468167187861808,-0.912356546794619,-1.29819651474959e-05,0.470892227905418,-0.854237817149438,-5.35403777372477e-17,-1.21679330890316,0,0
2.906,0.490284136613086,0.4675577868195,-0.91116895602579,-1.29650668613768e-05,0.470279279749417,-0.853125878018191,-5.34706856211735e-17,-1.21520944072542,0,0
2.907,0.48964499349747,0.466948270177452,-0.909981139978081,-1.29481653697536e-05,0.469666215320808,-0.852013727958727,-5.34009802849207e-17,-1.21362527209733,0,0
2.908,0.489005730452776,0.466338639165448,-0.908793101048076,-1.29312607067276e-05,0.469053035856537,-0.850901369214964,-5.33312618691297e-17,-1.21204080621519,0,0
2.909,0.488366348768562,0.465728895013273,-0.907604841632358,-1.29143529063997e-05,0.468439742593543,-0.84978880403082,-5.32615305144408e-17,-1.21045604627527,0,0
2.91,0.487726849734388,0.46511903895071,-0.906416364127512,-1.28974420028711e-05,0.467826336768772,-0.848676034650211,-5.31917863614939e-17,-1.20887099547384,0,0
2.911,0.487087234639815,0.464509072207546,-0.905227670930121,-1.2880528030243e-05,0.467212819619164,-0.847563063317055,-5.31220295509295e-17,-1.20728565700721,0,0
2.912,0.486447504774402,0.463898996013564,-0.90403876443677,-1.28636110226164e-05,0.466599192381663,-0.846449892275269,-5.30522602233876e-17,-1.20570003407163,0,0
2.913,0.485807661427709,0.463288811598549,-0.902849647044041,-1.28466910140924e-05,0.465985456293211,-0.84533652376877,-5.29824785195084e-17,-1.20411412986339,0,0
2.914,0.485167705889298,0.462678520192285,-0.901660321148519,-1.28297680387721e-05,0.465371612590751,-0.844222960041477,-5.29126845799322e-17,-1.20252794757878,0,0
2.915,0.484527639448727,0.462068123024556,-0.900470789146788,-1.28128421307567e-05,0.464757662511226,-0.843109203337304,-5.28428785452991e-17,-1.20094149041407,0,0
2.916,0.483887463395556,0.461457621325147,-0.899281053435431,-1.27959133241472e-05,0.464143607291578,-0.84199525590017,-5.27730605562494e-17,-1.19935476156554,0,0
2.917,0.483247179019346,0.460847016323843,-0.898091116411032,-1.27789816530448e-05,0.463529448168749,-0.840881119973992,-5.27032307534233e-17,-1.19776776422948,0,0
2.918,0.482606787609655,0.460236309250428,-0.896900980470176,-1.27620471515506e-05,0.462915186379683,-0.839766797802687,-5.26333892774608e-17,-1.19618050160215,0,0
2.919,0.481966290456046,0.459625501334686,-0.895710648009445,-1.27451098537656e-05,0.462300823161322,-0.838652291630172,-5.25635362690023e-17,-1.19459297687986,0,0
2.92,0.481325688848077,0.459014593806402,-0.894520121425424,-1.2728169793791e-05,0.461686359750608,-0.837537603700365,-5.24936718686879e-17,-1.19300519325886,0,0
2.921,0.480684984075308,0.458403587895361,-0.893329403114697,-1.27112270057278e-05,0.461071797384485,-0.836422736257183,-5.24237962171578e-17,-1.19141715393545,0,0
2.922,0.4800441774273,0.457792484831347,-0.892138495473848,-1.26942815236773e-05,0.460457137299895,-0.835307691544543,-5.23539094550523e-17,-1.1898288621059,0,0
2.923,0.479403270193613,0.457181285844144,-0.890947400899459,-1.26773333817405e-05,0.45984238073378,-0.834192471806361,-5.22840117230115e-17,-1.1882403209665,0,0
2.924,0.478762263663805,0.456569992163536,-0.889756121788115,-1.26603826140184e-05,0.459227528923083,-0.833077079286557,-5.22141031616756e-17,-1.18665153371352,0,0
2.925,0.478121159127438,0.45595860501931,-0.888564660536401,-1.26434292546123e-05,0.458612583104747,-0.831961516229045,-5.21441839116847e-17,-1.18506250354325,0,0
2.926,0.477479957874072,0.455347125641247,-0.887373019540898,-1.26264733376232e-05,0.457997544515714,-0.830845784877744,-5.20742541136792e-17,-1.18347323365196,0,0
2.927,0.476838661193266,0.454735555259134,-0.886181201198193,-1.26095148971522e-05,0.457382414392928,-0.829729887476571,-5.20043139082992e-17,-1.18188372723593,0,0
2.928,0.47619727037458,0.454123895102755,-0.884989207904869,-1.25925539673004e-05,0.45676719397333,-0.828613826269444,-5.19343634361849e-17,-1.18029398749146,0,0
2.929,0.475555786707575,0.453512146401894,-0.883797042057508,-1.25755905821689e-05,0.456151884493863,-0.827497603500278,-5.18644028379764e-17,-1.1787040176148,0,0
2.93,0.47491421148181,0.452900310386336,-0.882604706052696,-1.25586247758589e-05,0.45553648719147,-0.826381221412992,-5.17944322543141e-17,-1.17711382080225,0,0
2.931,0.474272545986845,0.452288388285864,-0.881412202287015,-1.25416565824715e-05,0.454921003303093,-0.825264682251502,-5.1724451825838e-17,-1.17552340025009,0,0
2.932,0.473630791512241,0.451676381330264,-0.88021953315705,-1.25246860361077e-05,0.454305434065676,-0.824147988259727,-5.16544616931884e-17,-1.17393275915459,0,0
2.933,0.472988949347557,0.451064290749321,-0.879026701059385,-1.25077131708686e-05,0.45368978071616,-0.823031141681582,-5.15844619970055e-17,-1.17234190071204,0,0
2.934,0.472347020782354,0.450452117772817,-0.877833708390602,-1.24907380208554e-05,0.453074044491488,-0.821914144760985,-5.15144528779294e-17,-1.17075082811872,0,0
2.935,0.471705007106191,0.449839863630539,-0.876640557547288,-1.24737606201692e-05,0.452458226628604,-0.820796999741854,-5.14444344766005e-17,-1.1691595445709,0,0
2.936,0.471062909608628,0.449227529552271,-0.875447250926024,-1.24567810029111e-05,0.451842328364449,-0.819679708868106,-5.13744069336588e-17,-1.16756805326487,0,0
2.937,0.470420729579226,0.448615116767796,-0.874253790923395,-1.24397992031822e-05,0.451226350935966,-0.818562274383657,-5.13043703897445e-17,-1.16597635739691,0,0
2.938,0.469778468307544,0.4480026265069,-0.873060179935985,-1.24228152550835e-05,0.450610295580098,-0.817444698532426,-5.12343249854979e-17,-1.16438446016329,0,0
2.939,0.469136127083142,0.447390059999366,-0.871866420360377,-1.24058291927162e-05,0.449994163533788,-0.816326983558328,-5.11642708615591e-17,-1.1627923647603,0,0
2.94,0.468493707195581,0.44677741847498,-0.870672514593156,-1.23888410501815e-05,0.449377956033977,-0.815209131705282,-5.10942081585684e-17,-1.16120007438422,0,0
2.941,0.46785120993442,0.446164703163525,-0.869478465030905,-1.23718508615804e-05,0.44876167431761,-0.814091145217204,-5.10241370171659e-17,-1.15960759223133,0,0
2.942,0.467208636589219,0.445551915294787,-0.868284274070207,-1.23548586610139e-05,0.448145319621627,-0.812973026338012,-5.09540575779919e-17,-1.1580149214979,0,0
2.943,0.466565988449539,0.44493905609855,-0.867089944107648,-1.23378644825833e-05,0.447528893182973,-0.811854777311623,-5.08839699816865e-17,-1.15642206538023,0,0
2.944,0.465923266804939,0.444326126804598,-0.865895477539811,-1.23208683603897e-05,0.446912396238589,-0.810736400381954,-5.08138743688899e-17,-1.15482902707458,0,0
2.945,0.465280472944979,0.443713128642715,-0.864700876763278,-1.2303870328534e-05,0.446295830025418,-0.809617897792922,-5.07437708802423e-17,-1.15323580977724,0,0
2.946,0.46463760815922,0.443100062842687,-0.863506144174636,-1.22868704211175e-05,0.445679195780403,-0.808499271788445,-5.0673659656384e-17,-1.15164241668449,0,0
2.947,0.46399467373722,0.442486930634297,-0.862311282170466,-1.22698686722413e-05,0.445062494740487,-0.807380524612439,-5.06035408379551e-17,-1.1500488509926,0,0
2.948,0.463351670968541,0.44187373324733,-0.861116293147354,-1.22528651160064e-05,0.444445728142611,-0.806261658508823,-5.05334145655958e-17,-1.14845511589787,0,0
2.949,0.462708601142743,0.441260471911572,-0.859921179501882,-1.2235859786514e-05,0.443828897223719,-0.805142675721513,-5.04632809799463e-17,-1.14686121459657,0,0
2.95,0.462065465549384,0.440647147856804,-0.858725943630635,-1.22188527178651e-05,0.443212003220754,-0.804023578494425,-5.03931402216468e-17,-1.14526715028497,0,0
2.951,0.461422265478026,0.440033762312814,-0.857530587930197,-1.2201843944161e-05,0.442595047370657,-0.802904369071478,-5.03229924313376e-17,-1.14367292615937,0,0
2.952,0.460779002218228,0.439420316509385,-0.856335114797151,-1.21848334995026e-05,0.441978030910372,-0.801785049696589,-5.02528377496587e-17,-1.14207854541604,0,0
2.953,0.460135677059551,0.4388068116763,-0.85513952662808,-1.21678214179911e-05,0.441360955076841,-0.800665622613674,-5.01826763172504e-17,-1.14048401125125,0,0
2.954,0.459492291291554,0.438193249043346,-0.853943825819571,-1.21508077337276e-05,0.440743821107007,-0.799546090066653,-5.01125082747529e-17,-1.1388893268613,0,0
2.955,0.458848846203797,0.437579629840307,-0.852748014768204,-1.21337924808131e-05,0.440126630237812,-0.798426454299439,-5.00423337628064e-17,-1.13729449544246,0,0
2.956,0.45820534308584,0.436965955296966,-0.851552095870566,-1.21167756933489e-05,0.439509383706199,-0.797306717555953,-4.9972152922051e-17,-1.135699520191,0,0
2.957,0.457561783227243,0.436352226643108,-0.850356071523239,-1.20997574054361e-05,0.438892082749111,-0.79618688208011,-4.99019658931271e-17,-1.13410440430322,0,0
2.958,0.456918167917567,0.435738445108518,-0.849159944122806,-1.20827376511756e-05,0.43827472860349,-0.795066950115827,-4.98317728166747e-17,-1.13250915097539,0,0
2.959,0.456274498446371,0.435124611922981,-0.847963716065854,-1.20657164646687e-05,0.437657322506279,-0.793946923907023,-4.9761573833334e-17,-1.1309137634038,0,0
2.96,0.455630776103215,0.43451072831628,-0.846767389748964,-1.20486938800164e-05,0.43703986569442,-0.792826805697614,-4.96913690837454e-17,-1.12931824478471,0,0
2.961,0.454987002177659,0.4338967955182,-0.845570967568721,-1.20316699313198e-05,0.436422359404857,-0.791706597731517,-4.96211587085489e-17,-1.12772259831441,0,0
2.962,0.454343177959264,0.433282814758527,-0.844374451921709,-1.20146446526801e-05,0.435804804874531,-0.79058630225265,-4.95509428483848e-17,-1.12612682718919,0,0
2.963,0.453699304737589,0.432668787267043,-0.843177845204511,-1.19976180781983e-05,0.435187203340386,-0.789465921504929,-4.94807216438932e-17,-1.12453093460532,0,0
2.964,0.453055383802194,0.432054714273534,-0.841981149813712,-1.19805902419756e-05,0.434569556039363,-0.788345457732273,-4.94104952357143e-17,-1.12293492375908,0,0
2.965,0.452411416442639,0.431440597007784,-0.840784368145894,-1.19635611781131e-05,0.433951864208407,-0.787224913178598,-4.93402637644885e-17,-1.12133879784676,0,0
2.966,0.451767403948484,0.430826436699577,-0.839587502597642,-1.19465309207118e-05,0.433334129084458,-0.78610429008782,-4.92700273708557e-17,-1.11974256006463,0,0
2.967,0.45112334760929,0.430212234578699,-0.838390555565541,-1.19294995038729e-05,0.432716351904461,-0.784983590703858,-4.91997861954563e-17,-1.11814621360897,0,0
2.968,0.450479248714616,0.429597991874933,-0.837193529446173,-1.19124669616975e-05,0.432098533905356,-0.78386281727063,-4.91295403789304e-17,-1.11654976167606,0,0
2.969,0.449835108554021,0.428983709818064,-0.835996426636122,-1.18954333282867e-05,0.431480676324088,-0.78274197203205,-4.90592900619182e-17,-1.11495320746219,0,0
2.97,0.449190928417068,0.428369389637876,-0.834799249531973,-1.18783986377416e-05,0.430862780397599,-0.781621057232039,-4.898903538506e-17,-1.11335655416363,0,0
2.971,0.448546709593314,0.427755032564155,-0.833602000530308,-1.18613629241633e-05,0.430244847362831,-0.780500075114511,-4.89187764889959e-17,-1.11175980497667,0,0
2.972,0.44790245337232,0.427140639826683,-0.832404682027713,-1.18443262216529e-05,0.429626878456727,-0.779379027923385,-4.88485135143661e-17,-1.11016296309758,0,0
2.973,0.447258161043647,0.426526212655247,-0.83120729642077,-1.18272885643116e-05,0.42900887491623,-0.778257917902577,-4.87782466018109e-17,-1.10856603172264,0,0
2.974,0.446613833896853,0.42591175227963,-0.830009846106064,-1.18102499862403e-05,0.428390837978281,-0.777136747296005,-4.87079758919703e-17,-1.10696901404814,0,0
2.975,0.4459694732215,0.425297259929616,-0.828812333480179,-1.17932105215403e-05,0.427772768879825,-0.776015518347587,-4.86377015254846e-17,-1.10537191327035,0,0
2.976,0.445325080307148,0.424682736834991,-0.827614760939697,-1.17761702043126e-05,0.427154668857803,-0.774894233301238,-4.85674236429941e-17,-1.10377473258556,0,0
2.977,0.444680656443355,0.424068184225539,-0.826417130881204,-1.17591290686584e-05,0.426536539149158,-0.773772894400877,-4.84971423851388e-17,-1.10217747519004,0,0
2.978,0.444036202919682,0.423453603331044,-0.825219445701283,-1.17420871486787e-05,0.425918380990833,-0.772651503890421,-4.8426857892559e-17,-1.10058014428008,0,0
2.979,0.443391721025689,0.42283899538129,-0.824021707796517,-1.17250444784747e-05,0.42530019561977,-0.771530064013786,-4.83565703058949e-17,-1.09898274305195,0,0
2.98,0.442747212050937,0.422224361606063,-0.822823919563491,-1.17080010921474e-05,0.424681984272912,-0.770408577014891,-4.82862797657867e-17,-1.09738527470194,0,0
2.981,0.442102677284984,0.421609703235146,-0.821626083398788,-1.1690957023798e-05,0.424063748187202,-0.769287045137651,-4.82159864128746e-17,-1.09578774242633,0,0
2.982,0.441458118017392,0.420995021498324,-0.820428201698992,-1.16739123075276e-05,0.423445488599581,-0.768165470625985,-4.81456903877987e-17,-1.09419014942139,0,0
2.983,0.44081353553772,0.420380317625382,-0.819230276860688,-1.16568669774373e-05,0.422827206746994,-0.76704385572381,-4.80753918311994e-17,-1.09259249888341,0,0
2.984,0.440168931135528,0.419765592846104,-0.818032311280459,-1.16398210676282e-05,0.422208903866382,-0.765922202675042,-4.80050908837167e-17,-1.09099479400867,0,0
2.985,0.439524306100376,0.419150848390274,-0.816834307354888,-1.16227746122013e-05,0.421590581194688,-0.764800513723599,-4.79347876859908e-17,-1.08939703799344,0,0
2.986,0.438879661721824,0.418536085487678,-0.81563626748056,-1.16057276452579e-05,0.420972239968855,-0.763678791113398,-4.78644823786621e-17,-1.08779923403401,0,0
2.987,0.438234999289432,0.417921305368098,-0.814438194054057,-1.15886802008989e-05,0.420353881425825,-0.762557037088356,-4.77941751023705e-17,-1.08620138532665,0,0
2.988,0.43759032009276,0.417306509261321,-0.813240089471966,-1.15716323132256e-05,0.419735506802541,-0.761435253892392,-4.77238659977565e-17,-1.08460349506765,0,0
2.989,0.436945625421368,0.41669169839713,-0.812041956130868,-1.1554584016339e-05,0.419117117335946,-0.760313443769421,-4.765355520546e-17,-1.08300556645329,0,0
2.99,0.436300916564816,0.41607687400531,-0.810843796427348,-1.15375353443403e-05,0.418498714262981,-0.75919160896336,-4.75832428661214e-17,-1.08140760267985,0,0
2.991,0.435656194812665,0.415462037315645,-0.809645612757991,-1.15204863313304e-05,0.417880298820591,-0.758069751718129,-4.75129291203809e-17,-1.07980960694361,0,0
2.992,0.435011461454473,0.41484718955792,-0.808447407519378,-1.15034370114106e-05,0.417261872245716,-0.756947874277641,-4.74426141088786e-17,-1.07821158244084,0,0
2.993,0.434366717779802,0.414232331961919,-0.807249183108095,-1.1486387418682e-05,0.416643435775301,-0.755825978885817,-4.73722979722548e-17,-1.07661353236784,0,0
2.994,0.43372196507821,0.413617465757427,-0.806050941920725,-1.14693375872456e-05,0.416024990646288,-0.754704067786572,-4.73019808511495e-17,-1.07501545992087,0,0
2.995,0.433077204639259,0.413002592174228,-0.804852686353852,-1.14522875512026e-05,0.415406538095619,-0.753582143223824,-4.72316628862031e-17,-1.07341736829622,0,0
2.996,0.432432437752507,0.412387712442106,-0.80365441880406,-1.1435237344654e-05,0.414788079360236,-0.75246020744149,-4.71613442180557e-17,-1.07181926069017,0,0
2.997,0.431787665707516,0.411772827790847,-0.802456141667932,-1.1418187001701e-05,0.414169615677084,-0.751338262683488,-4.70910249873475e-17,-1.07022114029899,0,0
2.998,0.431142889793844,0.411157939450234,-0.801257857342053,-1.14011365564447e-05,0.413551148283103,-0.750216311193733,-4.70207053347187e-17,-1.06862301031898,0,0
2.999,0.430498111301053,0.410543048650053,-0.800059568223007,-1.13840860429862e-05,0.412932678415237,-0.749094355216146,-4.69503854008096e-17,-1.06702487394641,0,0
3,0.429853331518702,0.409928156620087,-0.798861276707376,-1.13670354954266e-05,0.412314207310428,-0.747972396994639,-4.68800653262602e-17,-1.06542673437756,0,0
3.001,0.42920855173635,0.409313264590121,-0.797662985191746,-1.1349984947867e-05,0.41169573620562,-0.746850438773134,-4.68097452517109e-17,-1.0638285948087,0,0
3.002,0.428563773243559,0.408698373789939,-0.7964646960727,-1.13329344344085e-05,0.411077266337754,-0.745728482795545,-4.67394253178017e-17,-1.06223045843613,0,0
3.003,0.427918997329887,0.408083485449326,-0.79526641174682,-1.13158839891522e-05,0.410458798943773,-0.744606531305791,-4.66691056651729e-17,-1.06063232845612,0,0
3.004,0.427274225284896,0.407468600798067,-0.794068134610693,-1.12988336461992e-05,0.40984033526062,-0.743484586547788,-4.65987864344647e-17,-1.05903420806495,0,0
3.005,0.426629458398145,0.406853721065946,-0.792869867060901,-1.12817834396506e-05,0.409221876525238,-0.742362650765454,-4.65284677663174e-17,-1.0574361004589,0,0
3.006,0.425984697959193,0.406238847482747,-0.791671611494027,-1.12647334036076e-05,0.408603423974569,-0.741240726202706,-4.64581498013709e-17,-1.05583800883424,0,0
3.007,0.425339945257601,0.405623981278255,-0.790473370306658,-1.12476835721712e-05,0.407984978845555,-0.740118815103462,-4.63878326802657e-17,-1.05423993638728,0,0
3.008,0.42469520158293,0.405009123682254,-0.789275145895375,-1.12306339794426e-05,0.40736654237514,-0.738996919711637,-4.63175165436418e-17,-1.05264188631427,0,0
3.009,0.424050468224739,0.404394275924529,-0.788076940656762,-1.12135846595228e-05,0.406748115800266,-0.737875042271151,-4.62472015321395e-17,-1.0510438618115,0,0
3.01,0.423405746472587,0.403779439234864,-0.786878756987404,-1.1196535646513e-05,0.406129700357876,-0.736753185025918,-4.6176887786399e-17,-1.04944586607526,0,0
3.011,0.422761037616035,0.403164614843043,-0.785680597283884,-1.11794869745142e-05,0.405511297284911,-0.735631350219858,-4.61065754470604e-17,-1.04784790230182,0,0
3.012,0.422116342944643,0.402549803978853,-0.784482463942787,-1.11624386776276e-05,0.404892907818316,-0.734509540096887,-4.6036264654764e-17,-1.04624997368746,0,0
3.013,0.421471663747972,0.401935007872075,-0.783284359360695,-1.11453907899543e-05,0.404274533195032,-0.733387756900922,-4.59659555501499e-17,-1.04465208342846,0,0
3.014,0.42082700131558,0.401320227752496,-0.782086285934193,-1.11283433455953e-05,0.403656174652002,-0.73226600287588,-4.58956482738584e-17,-1.04305423472111,0,0
3.015,0.420182356937028,0.400705464849899,-0.780888246059865,-1.11112963786519e-05,0.403037833426169,-0.73114428026568,-4.58253429665296e-17,-1.04145643076167,0,0
3.016,0.419537731901876,0.400090720394069,-0.779690242134294,-1.10942499232251e-05,0.402419510754475,-0.730022591314237,-4.57550397688038e-17,-1.03985867474645,0,0
3.017,0.418893127499684,0.399475995614791,-0.778492276554064,-1.10772040134159e-05,0.401801207873863,-0.728900938265469,-4.56847388213211e-17,-1.0382609698717,0,0
3.018,0.418248545020012,0.398861291741849,-0.77729435171576,-1.10601586833256e-05,0.401182926021275,-0.727779323363294,-4.56144402647217e-17,-1.03666331933372,0,0
3.019,0.417603985752419,0.398246610005027,-0.776096470015964,-1.10431139670552e-05,0.400564666433655,-0.726657748851627,-4.55441442396458e-17,-1.03506572632878,0,0
3.02,0.416959450986467,0.397631951634111,-0.774898633851262,-1.10260698987058e-05,0.399946430347945,-0.725536216974388,-4.54738508867337e-17,-1.03346819405317,0,0
3.021,0.416314942011714,0.397017317858883,-0.773700845618236,-1.10090265123785e-05,0.399328219001087,-0.724414729975492,-4.54035603466255e-17,-1.03187072570316,0,0
3.022,0.415670460117721,0.39640270990913,-0.77250310771347,-1.09919838421745e-05,0.398710033630024,-0.723293290098858,-4.53332727599614e-17,-1.03027332447503,0,0
3.023,0.415026006594049,0.395788129014635,-0.771305422533548,-1.09749419221948e-05,0.398091875471699,-0.722171899588401,-4.52629882673816e-17,-1.02867599356507,0,0
3.024,0.414381582730256,0.395173576405182,-0.770107792475055,-1.09579007865406e-05,0.397473745763054,-0.72105056068804,-4.51927070095264e-17,-1.02707873616955,0,0
3.025,0.413737189815903,0.394559053310557,-0.768910219934574,-1.09408604693129e-05,0.396855645741032,-0.719929275641692,-4.51224291270358e-17,-1.02548155548476,0,0
3.026,0.41309282914055,0.393944560960544,-0.767712707308689,-1.09238210046129e-05,0.396237576642576,-0.718808046693273,-4.50521547605502e-17,-1.02388445470697,0,0
3.027,0.412448501993756,0.393330100584927,-0.766515256993982,-1.09067824265417e-05,0.395619539704627,-0.717686876086701,-4.49818840507096e-17,-1.02228743703247,0,0
3.028,0.411804209665083,0.39271567341349,-0.76531787138704,-1.08897447692003e-05,0.39500153616413,-0.716565766065894,-4.49116171381543e-17,-1.02069050565753,0,0
3.029,0.411159953444089,0.392101280676019,-0.764120552884444,-1.08727080666899e-05,0.394383567258026,-0.715444718874768,-4.48413541635245e-17,-1.01909366377844,0,0
3.03,0.410515734620335,0.391486923602297,-0.76292330388278,-1.08556723531116e-05,0.393765634223258,-0.71432373675724,-4.47710952674604e-17,-1.01749691459148,0,0
3.031,0.409871554483382,0.39087260342211,-0.76172612677863,-1.08386376625665e-05,0.393147738296768,-0.713202821957228,-4.47008405906022e-17,-1.01590026129292,0,0
3.032,0.409227414322788,0.390258321365241,-0.76052902396858,-1.08216040291557e-05,0.3925298807155,-0.712081976718649,-4.463059027359e-17,-1.01430370707905,0,0
3.033,0.408583315428113,0.389644078661475,-0.759331997849212,-1.08045714869803e-05,0.391912062716396,-0.71096120328542,-4.45603444570642e-17,-1.01270725514614,0,0
3.034,0.407939259088919,0.389029876540596,-0.75813505081711,-1.07875400701414e-05,0.391294285536399,-0.709840503901459,-4.44901032816648e-17,-1.01111090869048,0,0
3.035,0.407295246594764,0.38841571623239,-0.756938185268858,-1.07705098127401e-05,0.39067655041245,-0.708719880810681,-4.4419866888032e-17,-1.00951467090835,0,0
3.036,0.406651279235209,0.38780159896664,-0.755741403601041,-1.07534807488776e-05,0.390058858581493,-0.707599336257006,-4.43496354168061e-17,-1.00791854499603,0,0
3.037,0.406007358299814,0.387187525973131,-0.754544708210241,-1.07364529126549e-05,0.389441211280471,-0.706478872484349,-4.42794090086273e-17,-1.00632253414979,0,0
3.038,0.405363485078139,0.386573498481647,-0.753348101493043,-1.07194263381731e-05,0.388823609746326,-0.705358491736629,-4.42091878041357e-17,-1.00472664156592,0,0
3.039,0.404719660859744,0.385959517721973,-0.752151585846031,-1.07024010595334e-05,0.388206055216,-0.704238196257762,-4.41389719439715e-17,-1.0031308704407,0,0
3.04,0.404075886934188,0.385345584923893,-0.750955163665788,-1.06853771108369e-05,0.387588548926437,-0.703117988291665,-4.4068761568775e-17,-1.0015352239704,0,0
3.041,0.403432164591032,0.384731701317193,-0.749758837348899,-1.06683545261846e-05,0.386971092114578,-0.701997870082256,-4.39985568191864e-17,-0.999939705351316,0,0
3.042,0.402788495119836,0.384117868131655,-0.748562609291946,-1.06513333396776e-05,0.386353686017367,-0.700877843873452,-4.39283578358458e-17,-0.998344317779718,0,0
3.043,0.40214487981016,0.383504086597065,-0.747366481891514,-1.06343135854172e-05,0.385736331871746,-0.699757911909169,-4.38581647593934e-17,-0.996749064451888,0,0
3.044,0.401501319951563,0.382890357943208,-0.746170457544187,-1.06172952975043e-05,0.385119030914658,-0.698638076433326,-4.37879777304694e-17,-0.995153948564107,0,0
3.045,0.400857816833607,0.382276683399867,-0.744974538646548,-1.06002785100401e-05,0.384501784383045,-0.697518339689839,-4.37177968897141e-17,-0.993558973312656,0,0
3.046,0.40021437174585,0.381663064196827,-0.743778727595182,-1.05832632571257e-05,0.38388459351385,-0.696398703922626,-4.36476223777676e-17,-0.991964141893813,0,0
3.047,0.399570985977853,0.381049501563873,-0.742583026786672,-1.05662495728622e-05,0.383267459544016,-0.695279171375604,-4.35774543352701e-17,-0.99036945750386,0,0
3.048,0.398927660819175,0.380435996730789,-0.741387438617602,-1.05492374913506e-05,0.382650383710485,-0.694159744292689,-4.35072929028618e-17,-0.988774923339076,0,0
3.049,0.398284397559377,0.37982255092736,-0.740191965484556,-1.05322270466923e-05,0.3820333672502,-0.6930404249178,-4.34371382211829e-17,-0.987180542595742,0,0
3.05,0.397641197488019,0.379209165383369,-0.738996609784117,-1.05152182729881e-05,0.381416411400103,-0.691921215494854,-4.33669904308736e-17,-0.985586318470138,0,0
3.051,0.396998061894661,0.378595841328602,-0.73780137391287,-1.04982112043392e-05,0.380799517397138,-0.690802118267766,-4.32968496725741e-17,-0.983992254158543,0,0
3.052,0.396354992068862,0.377982579992843,-0.736606260267399,-1.04812058748468e-05,0.380182686478246,-0.689683135480456,-4.32267160869246e-17,-0.98239835285724,0,0
3.053,0.395711989300183,0.377369382605876,-0.735411271244286,-1.04642023186119e-05,0.37956591988037,-0.688564269376839,-4.31565898145653e-17,-0.980804617762507,0,0
3.054,0.395069054878184,0.376756250397487,-0.734216409240117,-1.04472005697357e-05,0.378949218840454,-0.687445522200834,-4.30864709961364e-17,-0.979211052070625,0,0
3.055,0.394426190092425,0.376143184597459,-0.733021676651474,-1.04302006623192e-05,0.378332584595439,-0.686326896196357,-4.30163597722781e-17,-0.977617658977874,0,0
3.056,0.393783396232465,0.375530186435576,-0.731827075874942,-1.04132026304636e-05,0.377716018382268,-0.685208393607325,-4.29462562836305e-17,-0.976024441680533,0,0
3.057,0.393140674587865,0.374917257141624,-0.730632609307104,-1.03962065082699e-05,0.377099521437884,-0.684090016677656,-4.2876160670834e-17,-0.974431403374885,0,0
3.058,0.392498026448184,0.374304397945387,-0.729438279344545,-1.03792123298393e-05,0.37648309499923,-0.682971767651267,-4.28060730745286e-17,-0.972838547257208,0,0
3.059,0.391855453102983,0.373691610076648,-0.728244088383848,-1.03622201292729e-05,0.375866740303247,-0.681853648772075,-4.27359936353545e-17,-0.971245876523782,0,0
3.06,0.391212955841822,0.373078894765194,-0.727050038821597,-1.03452299406717e-05,0.375250458586879,-0.680735662283997,-4.2665922493952e-17,-0.969653394370888,0,0
3.061,0.390570535954261,0.372466253240808,-0.725856133054376,-1.0328241798137e-05,0.374634251087069,-0.679617810430951,-4.25958597909613e-17,-0.968061103994807,0,0
3.062,0.38992819472986,0.371853686733274,-0.724662373478768,-1.03112557357697e-05,0.374018119040759,-0.678500095456854,-4.25258056670226e-17,-0.966469008591818,0,0
3.063,0.389285933458178,0.371241196472378,-0.723468762491358,-1.02942717876711e-05,0.373402063684891,-0.677382519605622,-4.2455760262776e-17,-0.964877111358203,0,0
3.064,0.388643753428775,0.370628783687903,-0.722275302488729,-1.02772899879421e-05,0.372786086256408,-0.676265085121173,-4.23857237188617e-17,-0.963285415490238,0,0
3.065,0.388001655931212,0.370016449609634,-0.721081995867465,-1.0260310370684e-05,0.372170187992253,-0.675147794247424,-4.231569617592e-17,-0.961693924184208,0,0
3.066,0.387359642255049,0.369404195467356,-0.71988884502415,-1.02433329699978e-05,0.371554370129369,-0.674030649228293,-4.2245677774591e-17,-0.960102640636391,0,0
3.067,0.386717713689846,0.368792022490853,-0.718695852355368,-1.02263578199846e-05,0.370938633904697,-0.672913652307697,-4.21756686555149e-17,-0.958511568043067,0,0
3.068,0.386075871525162,0.368179931909909,-0.717503020257703,-1.02093849547455e-05,0.370322980555181,-0.671796805729552,-4.2105668959332e-17,-0.956920709600517,0,0
3.069,0.385434117050558,0.367567924954309,-0.716310351127738,-1.01924144083817e-05,0.369707411317764,-0.670680111737776,-4.20356788266824e-17,-0.955330068505021,0,0
3.07,0.384792451555593,0.366956002853838,-0.715117847362057,-1.01754462149943e-05,0.369091927429387,-0.669563572576287,-4.19656983982064e-17,-0.953739647952858,0,0
3.071,0.384150876329829,0.36634416683828,-0.713925511357245,-1.01584804086843e-05,0.368476530126994,-0.668447190489001,-4.1895727814544e-17,-0.95214945114031,0,0
3.072,0.383509392662823,0.365732418137418,-0.712733345509884,-1.01415170235528e-05,0.367861220647527,-0.667330967719835,-4.18257672163356e-17,-0.950559481263656,0,0
3.073,0.382868001844137,0.365120757981039,-0.711541352216559,-1.01245560937011e-05,0.367246000227929,-0.666214906512707,-4.17558167442212e-17,-0.948969741519177,0,0
3.074,0.382226705163332,0.364509187598926,-0.710349533873854,-1.01075976532301e-05,0.366630870105143,-0.665099009111534,-4.16858765388412e-17,-0.947380235103153,0,0
3.075,0.381585503909965,0.363897708220864,-0.709157892878352,-1.00906417362409e-05,0.36601583151611,-0.663983277760233,-4.16159467408357e-17,-0.945790965211863,0,0
3.076,0.380944399373598,0.363286321076637,-0.707966431626637,-1.00736883768348e-05,0.365400885697774,-0.662867714702722,-4.15460274908449e-17,-0.944201935041589,0,0
3.077,0.380303392843791,0.36267502739603,-0.706775152515294,-1.00567376091128e-05,0.364786033887077,-0.661752322182917,-4.1476118929509e-17,-0.942613147788611,0,0
3.078,0.379662485610103,0.362063828408827,-0.705584057940905,-1.00397894671759e-05,0.364171277320962,-0.660637102444736,-4.14062211974681e-17,-0.941024606649208,0,0
3.079,0.379021678962095,0.361452725344813,-0.704393150300056,-1.00228439851254e-05,0.363556617236372,-0.659522057732096,-4.13363344353626e-17,-0.939436314819661,0,0
3.08,0.378380974189326,0.360841719433771,-0.703202431989328,-1.00059011970622e-05,0.362942054870248,-0.658407190288913,-4.12664587838325e-17,-0.937848275496249,0,0
3.081,0.377740372581357,0.360230811905487,-0.702011905405307,-9.98896113708764e-06,0.362327591459535,-0.657292502359106,-4.11965943835181e-17,-0.936260491875255,0,0
3.082,0.377099875427748,0.359620003989746,-0.700821572944577,-9.97202383930266e-06,0.361713228241174,-0.656177996186592,-4.11267413750596e-17,-0.934672967152957,0,0
3.083,0.376459484018058,0.359009296916331,-0.69963143700372,-9.95508933780841e-06,0.361098966452108,-0.655063674015287,-4.10568998990972e-17,-0.933085704525635,0,0
3.084,0.375819199641847,0.358398691915026,-0.698441499979322,-9.938157666706e-06,0.360484807329279,-0.653949538089109,-4.0987070096271e-17,-0.93149870718957,0,0
3.085,0.375179023588677,0.357788190215618,-0.697251764267965,-9.92122886009653e-06,0.359870752109631,-0.652835590651975,-4.09172521072213e-17,-0.929911978341042,0,0
3.086,0.374538957148105,0.357177793047889,-0.696062232266234,-9.90430295208112e-06,0.359256802030106,-0.651721833947802,-4.08474460725882e-17,-0.928325521176332,0,0
3.087,0.373899001609694,0.356567501641625,-0.694872906370712,-9.88737997676086e-06,0.358642958327646,-0.650608270220508,-4.0777652133012e-17,-0.926739338891719,0,0
3.088,0.373259158263001,0.355957317226609,-0.693683788977983,-9.87045996823686e-06,0.358029222239194,-0.649494901714009,-4.07078704291329e-17,-0.925153434683483,0,0
3.089,0.372619428397589,0.355347241032627,-0.692494882484631,-9.85354296061024e-06,0.357415595001693,-0.648381730672223,-4.0638101101591e-17,-0.923567811747906,0,0
3.09,0.371979813303016,0.354737274289463,-0.691306189287241,-9.8366289879821e-06,0.356802077852085,-0.647268759339068,-4.05683442910265e-17,-0.921982473281266,0,0
3.091,0.371340314268842,0.354127418226901,-0.690117711782394,-9.81971808445353e-06,0.356188672027313,-0.646155989958459,-4.04986001380797e-17,-0.920397422479845,0,0
3.092,0.370700932584628,0.353517674074726,-0.688929452366677,-9.80281028412566e-06,0.35557537876432,-0.645043424774314,-4.04288687833907e-17,-0.918812662539922,0,0
3.093,0.370061669539933,0.352908043062722,-0.687741413436672,-9.78590562109959e-06,0.354962199300049,-0.643931066030552,-4.03591503675997e-17,-0.917228196657779,0,0
3.094,0.369422526424318,0.352298526420674,-0.686553597388963,-9.76900412947642e-06,0.35434913487144,-0.642818915971088,-4.0289445031347e-17,-0.915644028029694,0,0
3.095,0.368783504527342,0.351689125378366,-0.685366006620134,-9.75210584335726e-06,0.353736186715439,-0.64170697683984,-4.02197529152727e-17,-0.914060159851948,0,0
3.096,0.368144605138566,0.351079841165582,-0.684178643526768,-9.73521079684321e-06,0.353123356068986,-0.640595250880725,-4.0150074160017e-17,-0.912476595320821,0,0
3.097,0.367505829547549,0.350470675012108,-0.682991510505451,-9.7183190240354e-06,0.352510644169025,-0.63948374033766,-4.00804089062201e-17,-0.910893337632594,0,0
3.098,0.366867179043852,0.349861628147727,-0.681804609952765,-9.7014305590349e-06,0.351898052252499,-0.638372447454564,-4.00107572945223e-17,-0.909310389983546,0,0
3.099,0.366228654917034,0.349252701802224,-0.680617944265295,-9.68454543594284e-06,0.351285581556349,-0.637261374475351,-3.99411194655636e-17,-0.907727755569958,0,0
3.1,0.365590258456656,0.348643897205384,-0.679431515839623,-9.66766368886033e-06,0.350673233317519,-0.636150523643941,-3.98714955599843e-17,-0.906145437588111,0,0
3.101,0.364951990952277,0.348035215586991,-0.678245327072335,-9.65078535188846e-06,0.350061008772952,-0.635039897204249,-3.98018857184246e-17,-0.904563439234284,0,0
3.102,0.364313853693458,0.347426658176829,-0.677059380360014,-9.63391045912835e-06,0.349448909159589,-0.633929497400195,-3.97322900815248e-17,-0.902981763704757,0,0
3.103,0.363675847969758,0.346818226204683,-0.675873678099243,-9.6170390446811e-06,0.348836935714373,-0.632819326475693,-3.96627087899249e-17,-0.901400414195812,0,0
3.104,0.363037975070737,0.346209920900337,-0.674688222686606,-9.60017114264782e-06,0.348225089674248,-0.631709386674662,-3.95931419842652e-17,-0.899819393903726,0,0
3.105,0.362400236285956,0.345601743493577,-0.673503016518689,-9.58330678712961e-06,0.347613372276155,-0.630599680241019,-3.95235898051859e-17,-0.898238706024783,0,0
3.106,0.361762632904974,0.344993695214186,-0.672318061992073,-9.56644601222759e-06,0.347001784757037,-0.629490209418681,-3.94540523933272e-17,-0.89665835375526,0,0
3.107,0.361125166217352,0.344385777291948,-0.671133361503343,-9.54958885204285e-06,0.346390328353838,-0.628380976451565,-3.93845298893292e-17,-0.895078340291439,0,0
3.108,0.360487837512649,0.343777990956649,-0.669948917449083,-9.5327353406765e-06,0.345779004303499,-0.627271983583589,-3.93150224338322e-17,-0.8934986688296,0,0
3.109,0.359850648080426,0.343170337438072,-0.668764732225877,-9.51588551222966e-06,0.345167813842963,-0.626163233058669,-3.92455301674764e-17,-0.891919342566023,0,0
3.11,0.359213599210242,0.342562817966003,-0.667580808230308,-9.49903940080343e-06,0.344556758209173,-0.625054727120724,-3.91760532309019e-17,-0.890340364696987,0,0
3.111,0.358576692191657,0.341955433770226,-0.666397147858961,-9.4821970404989e-06,0.343945838639071,-0.623946468013669,-3.9106591764749e-17,-0.888761738418775,0,0
3.112,0.357939928314232,0.341348186080524,-0.665213753508418,-9.4653584654172e-06,0.3433350563696,-0.622838457981422,-3.90371459096578e-17,-0.887183466927664,0,0
3.113,0.357303308867526,0.340741076126683,-0.664030627575265,-9.44852370965942e-06,0.342724412637704,-0.621730699267901,-3.89677158062686e-17,-0.885605553419937,0,0
3.114,0.356666835141099,0.340134105138488,-0.662847772456084,-9.43169280732668e-06,0.342113908680323,-0.620623194117023,-3.88983015952216e-17,-0.884028001091872,0,0
3.115,0.356030508424512,0.339527274345721,-0.66166519054746,-9.41486579252007e-06,0.341503545734401,-0.619515944772703,-3.88289034171569e-17,-0.88245081313975,0,0
3.116,0.355394330007325,0.338920584978169,-0.660482884245976,-9.39804269934071e-06,0.340893325036881,-0.618408953478862,-3.87595214127147e-17,-0.880873992759852,0,0
3.117,0.354758301179096,0.338314038265616,-0.659300855948217,-9.38122356188971e-06,0.340283247824705,-0.617302222479414,-3.86901557225353e-17,-0.879297543148458,0,0
3.118,0.354122423229387,0.337707635437845,-0.658119108050766,-9.36440841426816e-06,0.339673315334816,-0.616195754018278,-3.86208064872587e-17,-0.877721467501847,0,0
3.119,0.353486697447758,0.337101377724642,-0.656937642950207,-9.34759729057718e-06,0.339063528804156,-0.61508955033937,-3.85514738475254e-17,-0.876145769016301,0,0
3.12,0.352851125123767,0.336495266355791,-0.655756463043124,-9.33079022491786e-06,0.338453889469667,-0.613983613686607,-3.84821579439753e-17,-0.874570450888098,0,0
3.121,0.352215707546977,0.335889302561076,-0.6545755707261,-9.31398725139133e-06,0.337844398568294,-0.612877946303908,-3.84128589172487e-17,-0.87299551631352,0,0
3.122,0.351580446006945,0.335283487570282,-0.65339496839572,-9.29718840409869e-06,0.337235057336978,-0.611772550435189,-3.83435769079859e-17,-0.871420968488846,0,0
3.123,0.350945341793233,0.334677822613193,-0.652214658448566,-9.28039371714103e-06,0.336625867012662,-0.610667428324367,-3.82743120568269e-17,-0.869846810610357,0,0
3.124,0.3503103961954,0.334072308919594,-0.651034643281225,-9.26360322461947e-06,0.336016828832288,-0.60956258221536,-3.82050645044121e-17,-0.868273045874333,0,0
3.125,0.349675610503006,0.33346694771927,-0.649854925290278,-9.24681696063512e-06,0.3354079440328,-0.608458014352084,-3.81358343913816e-17,-0.866699677477055,0,0
3.126,0.349040986005612,0.332861740242004,-0.64867550687231,-9.23003495928908e-06,0.334799213851139,-0.607353726978458,-3.80666218583756e-17,-0.865126708614801,0,0
3.127,0.348406523992777,0.332256687717581,-0.647496390423904,-9.21325725468246e-06,0.334190639524249,-0.606249722338397,-3.79974270460343e-17,-0.863554142483854,0,0
3.128,0.347772225754061,0.331651791375786,-0.646317578341644,-9.19648388091635e-06,0.333582222289071,-0.60514600267582,-3.79282500949978e-17,-0.861981982280491,0,0
3.129,0.347138092579025,0.331047052446403,-0.645139073022116,-9.17971487209188e-06,0.332973963382549,-0.604042570234643,-3.78590911459064e-17,-0.860410231200996,0,0
3.13,0.346504125757228,0.330442472159217,-0.643960876861901,-9.16295026231015e-06,0.332365864041625,-0.602939427258783,-3.77899503394004e-17,-0.858838892441646,0,0
3.131,0.34587032657823,0.329838051744012,-0.642782992257584,-9.14619008567225e-06,0.331757925503242,-0.601836575992159,-3.77208278161198e-17,-0.857267969198722,0,0
3.132,0.345236696331592,0.329233792430572,-0.641605421605749,-9.12943437627931e-06,0.331150149004343,-0.600734018678686,-3.76517237167048e-17,-0.855697464668506,0,0
3.133,0.344603236306873,0.328629695448682,-0.640428167302979,-9.11268316823243e-06,0.33054253578187,-0.599631757562283,-3.75826381817958e-17,-0.854127382047276,0,0
3.134,0.343969947793633,0.328025762028127,-0.639251231745859,-9.09593649563271e-06,0.329935087072766,-0.598529794886866,-3.75135713520328e-17,-0.852557724531314,0,0
3.135,0.343336832081432,0.327421993398691,-0.638074617330972,-9.07919439258125e-06,0.329327804113972,-0.597428132896353,-3.74445233680561e-17,-0.850988495316898,0,0
3.136,0.342703890459831,0.326818390790158,-0.636898326454902,-9.06245689317917e-06,0.328720688142433,-0.59632677383466,-3.73754943705058e-17,-0.849419697600309,0,0
3.137,0.342071124218389,0.326214955432314,-0.635722361514233,-9.04572403152757e-06,0.32811374039509,-0.595225719945706,-3.73064845000222e-17,-0.847851334577829,0,0
3.138,0.341438534646666,0.325611688554941,-0.634546724905549,-9.02899584172757e-06,0.327506962108887,-0.594124973473406,-3.72374938972454e-17,-0.846283409445736,0,0
3.139,0.340806123034222,0.325008591387825,-0.633371419025433,-9.01227235788025e-06,0.326900354520765,-0.593024536661679,-3.71685227028157e-17,-0.844715925400311,0,0
3.14,0.340173890670618,0.324405665160751,-0.63219644627047,-8.99555361408674e-06,0.326293918867668,-0.591924411754442,-3.70995710573732e-17,-0.843148885637835,0,0
3.141,0.339541838845413,0.323802911103503,-0.631021809037243,-8.97883964444814e-06,0.325687656386538,-0.590824600995611,-3.70306391015581e-17,-0.841582293354587,0,0
3.142,0.338909968848167,0.323200330445864,-0.629847509722335,-8.96213048306556e-06,0.325081568314318,-0.589725106629104,-3.69617269760108e-17,-0.840016151746848,0,0
3.143,0.33827828196844,0.322597924417621,-0.628673550722333,-8.94542616404009e-06,0.32447565588795,-0.588625930898839,-3.68928348213712e-17,-0.838450464010897,0,0
3.144,0.337646779495793,0.321995694248556,-0.627499934433817,-8.92872672147284e-06,0.323869920344377,-0.587527076048731,-3.68239627782796e-17,-0.836885233343015,0,0
3.145,0.337015462719785,0.321393641168456,-0.626326663253373,-8.91203218946494e-06,0.323264362920541,-0.586428544322699,-3.67551109873763e-17,-0.835320462939483,0,0
3.146,0.336384332929976,0.320791766407103,-0.625153739577584,-8.89534260211748e-06,0.322658984853386,-0.58533033796466,-3.66862795893014e-17,-0.83375615599658,0,0
3.147,0.335753391415926,0.320190071194283,-0.623981165803035,-8.87865799353156e-06,0.322053787379853,-0.58423245921853,-3.6617468724695e-17,-0.832192315710587,0,0
3.148,0.335122639467195,0.31958855675978,-0.622808944326309,-8.86197839780829e-06,0.321448771736886,-0.583134910328228,-3.65486785341975e-17,-0.830628945277784,0,0
3.149,0.334492078373344,0.318987224333379,-0.621637077543989,-8.84530384904879e-06,0.320843939161427,-0.58203769353767,-3.6479909158449e-17,-0.829066047894451,0,0
3.15,0.333861709423932,0.318386075144864,-0.62046556785266,-8.82863438135416e-06,0.320239290890418,-0.580940811090774,-3.64111607380897e-17,-0.827503626756868,0,0
3.151,0.333231533908519,0.317785110424019,-0.619294417648906,-8.81197002882549e-06,0.319634828160803,-0.579844265231456,-3.63424334137598e-17,-0.825941685061315,0,0
3.152,0.332601553116665,0.317184331400629,-0.61812362932931,-8.7953108255639e-06,0.319030552209524,-0.578748058203634,-3.62737273260995e-17,-0.824380226004073,0,0
3.153,0.33197176833793,0.316583739304478,-0.616953205290456,-8.7786568056705e-06,0.318426464273523,-0.577652192251225,-3.6205042615749e-17,-0.822819252781422,0,0
3.154,0.331342180861875,0.315983335365352,-0.615783147928929,-8.7620080032464e-06,0.317822565589744,-0.576556669618146,-3.61363794233485e-17,-0.821258768589643,0,0
3.155,0.330712791978058,0.315383120813033,-0.61461345964131,-8.74536445239268e-06,0.317218857395128,-0.575461492548315,-3.60677378895381e-17,-0.819698776625014,0,0
3.156,0.330083602976041,0.314783096877308,-0.613444142824186,-8.72872618721048e-06,0.316615340926618,-0.574366663285648,-3.59991181549581e-17,-0.818139280083817,0,0
3.157,0.329454615145383,0.31418326478796,-0.61227519987414,-8.71209324180089e-06,0.316012017421158,-0.573272184074063,-3.59305203602488e-17,-0.816580282162331,0,0
3.158,0.328825829775644,0.313583625774773,-0.611106633187754,-8.69546565026502e-06,0.315408888115689,-0.572178057157477,-3.58619446460501e-17,-0.815021786056838,0,0
3.159,0.328197248156384,0.312984181067533,-0.609938445161614,-8.67884344670398e-06,0.314805954247155,-0.571084284779808,-3.57933911530025e-17,-0.813463794963617,0,0
3.16,0.327568871577163,0.312384931896024,-0.608770638192302,-8.66222666521885e-06,0.314203217052497,-0.569990869184971,-3.57248600217459e-17,-0.811906312078947,0,0
3.161,0.326940701327542,0.31178587949003,-0.607603214676404,-8.64561533991078e-06,0.313600677768659,-0.568897812616885,-3.56563513929208e-17,-0.810349340599111,0,0
3.162,0.32631273869708,0.311187025079335,-0.606436177010502,-8.62900950488084e-06,0.312998337632583,-0.567805117319467,-3.55878654071672e-17,-0.808792883720387,0,0
3.163,0.325684984975336,0.310588369893724,-0.605269527591181,-8.61240919423015e-06,0.312396197881212,-0.566712785536633,-3.55194022051253e-17,-0.807236944639056,0,0
3.164,0.325057441451872,0.309989915162983,-0.604103268815024,-8.59581444205983e-06,0.311794259751488,-0.565620819512302,-3.54509619274354e-17,-0.805681526551398,0,0
3.165,0.324430109416247,0.309391662116894,-0.602937403078615,-8.57922528247097e-06,0.311192524480355,-0.564529221490391,-3.53825447147377e-17,-0.804126632653693,0,0
3.166,0.323802990158021,0.308793611985242,-0.601771932778538,-8.56264174956468e-06,0.310590993304753,-0.563437993714816,-3.53141507076723e-17,-0.802572266142222,0,0
3.167,0.323176084966755,0.308195765997813,-0.600606860311377,-8.54606387744206e-06,0.309989667461627,-0.562347138429494,-3.52457800468794e-17,-0.801018430213265,0,0
3.168,0.322549395132007,0.30759812538439,-0.599442188073715,-8.52949170020423e-06,0.309388548187919,-0.561256657878343,-3.51774328729992e-17,-0.799465128063102,0,0
3.169,0.321922921943338,0.307000691374758,-0.598277918462138,-8.51292525195228e-06,0.308787636720572,-0.560166554305281,-3.51091093266719e-17,-0.797912362888012,0,0
3.17,0.321296666690309,0.306403465198702,-0.597114053873227,-8.49636456678734e-06,0.308186934296527,-0.559076829954224,-3.50408095485378e-17,-0.796360137884278,0,0
3.171,0.320670630662478,0.305806448086005,-0.595950596703568,-8.4798096788105e-06,0.307586442152729,-0.557987487069089,-3.4972533679237e-17,-0.794808456248177,0,0
3.172,0.320044815149407,0.305209641266453,-0.594787549349743,-8.46326062212286e-06,0.306986161526118,-0.556898527893794,-3.49042818594097e-17,-0.793257321175992,0,0
3.173,0.319419221440654,0.304613045969829,-0.593624914208337,-8.44671743082554e-06,0.306386093653639,-0.555809954672255,-3.48360542296961e-17,-0.791706735864,0,0
3.174,0.318793850825781,0.304016663425919,-0.592462693675934,-8.43018013901964e-06,0.305786239772233,-0.554721769648391,-3.47678509307365e-17,-0.790156703508485,0,0
3.175,0.318168704594347,0.303420494864507,-0.591300890149117,-8.41364878080628e-06,0.305186601118843,-0.553633975066118,-3.46996721031709e-17,-0.788607227305725,0,0
3.176,0.317543784035911,0.302824541515377,-0.59013950602447,-8.39712339028654e-06,0.304587178930412,-0.552546573169353,-3.46315178876396e-17,-0.787058310452,0,0
3.177,0.316919090440035,0.302228804608313,-0.588978543698578,-8.38060400156155e-06,0.303987974443883,-0.551459566202014,-3.45633884247828e-17,-0.785509956143591,0,0
3.178,0.316294625096278,0.301633285373101,-0.587818005568023,-8.3640906487324e-06,0.303388988896198,-0.550372956408018,-3.44952838552407e-17,-0.783962167576778,0,0
3.179,0.3156703892942,0.301037985039524,-0.586657894029391,-8.34758336590022e-06,0.302790223524299,-0.549286746031282,-3.44272043196535e-17,-0.782414947947841,0,0
3.18,0.315046384323361,0.300442904837368,-0.585498211479264,-8.33108218716609e-06,0.30219167956513,-0.548200937315723,-3.43591499586614e-17,-0.780868300453061,0,0
3.181,0.314422611473321,0.299848045996415,-0.584338960314226,-8.31458714663112e-06,0.301593358255633,-0.547115532505258,-3.42911209129045e-17,-0.779322228288717,0,0
3.182,0.31379907203364,0.299253409746452,-0.583180142930861,-8.29809827839644e-06,0.30099526083275,-0.546030533843805,-3.42231173230231e-17,-0.77777673465109,0,0
3.183,0.313175767293878,0.298658997317263,-0.582021761725754,-8.28161561656314e-06,0.300397388533425,-0.544945943575281,-3.41551393296574e-17,-0.776231822736459,0,0
3.184,0.312552698543594,0.298064809938631,-0.580863819095487,-8.26513919523231e-06,0.299799742594599,-0.543861763943603,-3.40871870734475e-17,-0.774687495741106,0,0
3.185,0.31192986707235,0.297470848840342,-0.579706317436645,-8.24866904850509e-06,0.299202324253215,-0.542777997192687,-3.40192606950337e-17,-0.77314375686131,0,0
3.186,0.311307274169705,0.29687711525218,-0.578549259145812,-8.23220521048257e-06,0.298605134746217,-0.541694645566453,-3.39513603350562e-17,-0.771600609293353,0,0
3.187,0.31068492112522,0.29628361040393,-0.577392646619572,-8.21574771526585e-06,0.298008175310547,-0.540611711308815,-3.38834861341551e-17,-0.770058056233513,0,0
3.188,0.310062809228452,0.295690335525375,-0.576236482254507,-8.19929659695604e-06,0.297411447183147,-0.539529196663693,-3.38156382329706e-17,-0.768516100878071,0,0
3.189,0.309440939768964,0.2950972918463,-0.575080768447203,-8.18285188965425e-06,0.296814951600959,-0.538447103875002,-3.3747816772143e-17,-0.766974746423306,0,0
3.19,0.308819314036315,0.294504480596491,-0.573925507594242,-8.16641362746159e-06,0.296218689800927,-0.53736543518666,-3.36800218923125e-17,-0.7654339960655,0,0
3.191,0.308197933320065,0.29391190300573,-0.572770702092209,-8.14998184447917e-06,0.295622663019994,-0.536284192842585,-3.36122537341192e-17,-0.763893853000933,0,0
3.192,0.307576798909774,0.293319560303803,-0.571616354337688,-8.13355657480807e-06,0.295026872495101,-0.535203379086693,-3.35445124382032e-17,-0.762354320425884,0,0
3.193,0.306955912095001,0.292727453720495,-0.570462466727262,-8.11713785254942e-06,0.294431319463192,-0.534122996162902,-3.3476798145205e-17,-0.760815401536635,0,0
3.194,0.306335274165308,0.292135584485589,-0.569309041657515,-8.10072571180434e-06,0.293836005161208,-0.533043046315128,-3.34091109957646e-17,-0.759277099529465,0,0
3.195,0.305714886410254,0.291543953828871,-0.568156081525032,-8.0843201866739e-06,0.293240930826094,-0.53196353178729,-3.33414511305221e-17,-0.757739417600655,0,0
3.196,0.305094750119399,0.290952562980124,-0.567003588726395,-8.06792131125924e-06,0.29264609769479,-0.530884454823304,-3.32738186901179e-17,-0.756202358946484,0,0
3.197,0.304474866582302,0.290361413169133,-0.565851565658188,-8.05152911966143e-06,0.292051507004241,-0.529805817667087,-3.32062138151921e-17,-0.754665926763232,0,0
3.198,0.303855237088524,0.289770505625682,-0.564700014716997,-8.03514364598161e-06,0.291457159991388,-0.528727622562557,-3.31386366463849e-17,-0.753130124247181,0,0
3.199,0.303235862927626,0.289179841579557,-0.563548938299404,-8.01876492432088e-06,0.290863057893174,-0.527649871753631,-3.30710873243366e-17,-0.75159495459461,0,0
3.2,0.302616745389166,0.288589422260541,-0.562398338801993,-8.00239298878033e-06,0.290269201946541,-0.526572567484226,-3.30035659896872e-17,-0.750060421001799,0,0
3.201,0.301997885762705,0.287999248898419,-0.561248218621348,-7.98602787346108e-06,0.289675593388434,-0.525495711998259,-3.2936072783077e-17,-0.748526526665029,0,0
3.202,0.301379285337803,0.287409322722976,-0.560098580154053,-7.96966961246424e-06,0.289082233455793,-0.524419307539647,-3.28686078451462e-17,-0.74699327478058,0,0
3.203,0.30076094540402,0.286819644963995,-0.558949425796691,-7.95331823989091e-06,0.288489123385562,-0.523343356352309,-3.2801171316535e-17,-0.745460668544732,0,0
3.204,0.300142867250916,0.286230216851262,-0.557800757945848,-7.93697378984219e-06,0.287896264414684,-0.522267860680159,-3.27337633378836e-17,-0.743928711153765,0,0
3.205,0.299525052168051,0.285641039614561,-0.556652578998104,-7.92063629641919e-06,0.287303657780099,-0.521192822767117,-3.26663840498321e-17,-0.742397405803959,0,0
3.206,0.298907501444985,0.285052114483676,-0.555504891350047,-7.90430579372303e-06,0.286711304718753,-0.520118244857099,-3.25990335930209e-17,-0.740866755691596,0,0
3.207,0.298290216371277,0.284463442688392,-0.554357697398259,-7.88798231585481e-06,0.286119206467587,-0.519044129194022,-3.253171210809e-17,-0.739336764012954,0,0
3.208,0.297673198236488,0.283875025458493,-0.553210999539324,-7.87166589691561e-06,0.285527364263543,-0.517970478021804,-3.24644197356797e-17,-0.737807433964313,0,0
3.209,0.297056448330179,0.283286864023764,-0.552064800169825,-7.85535657100658e-06,0.284935779343565,-0.516897293584361,-3.23971566164301e-17,-0.736278768741956,0,0
3.21,0.296439967941908,0.282698959613989,-0.550919101686346,-7.8390543722288e-06,0.284344452944594,-0.515824578125612,-3.23299228909815e-17,-0.734750771542161,0,0
3.211,0.295823758361236,0.282111313458953,-0.549773906485472,-7.82275933468338e-06,0.283753386303575,-0.514752333889472,-3.22627186999741e-17,-0.733223445561209,0,0
3.212,0.295207820877723,0.28152392678844,-0.548629216963787,-7.80647149247143e-06,0.283162580657448,-0.51368056311986,-3.2195544184048e-17,-0.731696793995379,0,0
3.213,0.294592156780928,0.280936800832234,-0.547485035517872,-7.79019087969405e-06,0.282572037243158,-0.512609268060692,-3.21283994838434e-17,-0.730170820040952,0,0
3.214,0.293976767360413,0.28034993682012,-0.546341364544314,-7.77391753045236e-06,0.281981757297646,-0.511538450955886,-3.20612847400006e-17,-0.728645526894209,0,0
3.215,0.293361653905737,0.279763335981883,-0.545198206439696,-7.75765147884746e-06,0.281391742057855,-0.510468114049359,-3.19942000931598e-17,-0.727120917751429,0,0
3.216,0.292746817706458,0.279176999547307,-0.544055563600601,-7.74139275898044e-06,0.280801992760727,-0.509398259585028,-3.1927145683961e-17,-0.725596995808892,0,0
3.217,0.29213226005214,0.278590928746177,-0.542913438423613,-7.72514140495244e-06,0.280212510643206,-0.50832888980681,-3.18601216530446e-17,-0.72407376426288,0,0
3.218,0.29151798223234,0.278005124808277,-0.541771833305317,-7.70889745086454e-06,0.279623296942234,-0.507260006958623,-3.17931281410507e-17,-0.722551226309672,0,0
3.219,0.290903985536618,0.277419588963391,-0.540630750642295,-7.69266093081785e-06,0.279034352894754,-0.506191613284383,-3.17261652886196e-17,-0.721029385145548,0,0
3.22,0.290290271254536,0.276834322441304,-0.539490192831132,-7.67643187891348e-06,0.278445679737708,-0.505123711028008,-3.16592332363914e-17,-0.719508243966789,0,0
3.221,0.289676840675652,0.2762493264718,-0.538350162268412,-7.66021032925254e-06,0.277857278708038,-0.504056302433415,-3.15923321250062e-17,-0.717987805969673,0,0
3.222,0.289063695089527,0.275664602284664,-0.537210661350718,-7.64399631593613e-06,0.277269151042689,-0.502989389744521,-3.15254620951044e-17,-0.716468074350484,0,0
3.223,0.288450835785721,0.27508015110968,-0.536071692474635,-7.62778987306536e-06,0.276681297978601,-0.501922975205244,-3.14586232873262e-17,-0.714949052305499,0,0
3.224,0.287838264053793,0.274495974176633,-0.534933258036745,-7.61159103474134e-06,0.276093720752717,-0.5008570610595,-3.13918158423116e-17,-0.713430743030999,0,0
3.225,0.287225981183305,0.273912072715308,-0.533795360433634,-7.59539983506517e-06,0.275506420601981,-0.499791649551207,-3.13250399007009e-17,-0.711913149723265,0,0
3.226,0.286613988463815,0.273328447955488,-0.532658002061885,-7.57921630813797e-06,0.274919398763336,-0.498726742924282,-3.12582956031343e-17,-0.710396275578577,0,0
3.227,0.286002287184884,0.272745101126958,-0.531521185318081,-7.56304048806083e-06,0.274332656473722,-0.497662343422642,-3.1191583090252e-17,-0.708880123793215,0,0
3.228,0.285390878636072,0.272162033459503,-0.530384912598806,-7.54687240893486e-06,0.273746194970084,-0.496598453290205,-3.11249025026942e-17,-0.707364697563459,0,0
3.229,0.284779764106938,0.271579246182907,-0.529249186300645,-7.53071210486116e-06,0.273160015489364,-0.495535074770887,-3.1058253981101e-17,-0.705850000085588,0,0
3.23,0.284168944887044,0.270996740526955,-0.528114008820181,-7.51455960994086e-06,0.272574119268504,-0.494472210108606,-3.09916376661128e-17,-0.704336034555885,0,0
3.231,0.283558422265948,0.270414517721431,-0.526979382553998,-7.49841495827504e-06,0.271988507544447,-0.493409861547279,-3.09250536983696e-17,-0.702822804170628,0,0
3.232,0.28294819753321,0.269832578996119,-0.525845309898679,-7.48227818396482e-06,0.271403181554135,-0.492348031330822,-3.08585022185116e-17,-0.701310312126098,0,0
3.233,0.282338271978392,0.269250925580804,-0.524711793250809,-7.46614932111131e-06,0.270818142534512,-0.491286721703154,-3.07919833671792e-17,-0.699798561618576,0,0
3.234,0.281728646891052,0.268669558705271,-0.523578835006972,-7.45002840381561e-06,0.27023339172252,-0.490225934908192,-3.07254972850124e-17,-0.69828755584434,0,0
3.235,0.281119323560751,0.268088479599304,-0.522446437563751,-7.43391546617883e-06,0.269648930355102,-0.489165673189852,-3.06590441126515e-17,-0.696777297999673,0,0
3.236,0.280510303277049,0.267507689492687,-0.52131460331773,-7.41781054230208e-06,0.2690647596692,-0.488105938792053,-3.05926239907367e-17,-0.695267791280852,0,0
3.237,0.279901587329505,0.266927189615205,-0.520183334665492,-7.40171366628645e-06,0.268480880901756,-0.48704673395871,-3.0526237059908e-17,-0.69375903888416,0,0
3.238,0.27929317700768,0.266346981196643,-0.519052634003623,-7.38562487223306e-06,0.267897295289714,-0.485988060933741,-3.04598834608059e-17,-0.692251044005876,0,0
3.239,0.278685073601134,0.265767065466784,-0.517922503728705,-7.36954419424301e-06,0.267314004070015,-0.484929921961065,-3.03935633340703e-17,-0.690743809842281,0,0
3.24,0.278077278399426,0.265187443655413,-0.516792946237322,-7.35347166641742e-06,0.266731008479604,-0.483872319284596,-3.03272768203416e-17,-0.689237339589653,0,0
3.241,0.277469792692117,0.264608116992316,-0.515663963926059,-7.33740732285738e-06,0.266148309755422,-0.482815255148253,-3.026102406026e-17,-0.687731636444275,0,0
3.242,0.276862617768767,0.264029086707275,-0.514535559191498,-7.321351197664e-06,0.265565909134411,-0.481758731795954,-3.01948051944656e-17,-0.686226703602425,0,0
3.243,0.276255754918936,0.263450354030077,-0.513407734430225,-7.3053033249384e-06,0.264983807853515,-0.480702751471615,-3.01286203635986e-17,-0.684722544260385,0,0
3.244,0.275649205432183,0.262871920190504,-0.512280492038823,-7.28926373878167e-06,0.264402007149677,-0.479647316419153,-3.00624697082992e-17,-0.683219161614435,0,0
3.245,0.275042970598069,0.262293786418342,-0.511153834413874,-7.27323247329492e-06,0.263820508259837,-0.478592428882486,-2.99963533692077e-17,-0.681716558860853,0,0
3.246,0.274437051706154,0.261715953943375,-0.510027763951965,-7.25720956257926e-06,0.263239312420941,-0.47753809110553,-2.99302714869641e-17,-0.680214739195921,0,0
3.247,0.273831450045997,0.261138423995388,-0.508902283049677,-7.2411950407358e-06,0.262658420869929,-0.476484305332204,-2.98642242022088e-17,-0.67871370581592,0,0
3.248,0.273226166907159,0.260561197804165,-0.507777394103596,-7.22518894186563e-06,0.262077834843745,-0.475431073806423,-2.97982116555819e-17,-0.677213461917128,0,0
3.249,0.272621203579199,0.25998427659949,-0.506653099510304,-7.20919130006988e-06,0.261497555579331,-0.474378398772106,-2.97322339877236e-17,-0.675714010695827,0,0
3.25,0.272016561351678,0.259407661611149,-0.505529401666386,-7.19320214944965e-06,0.260917584313631,-0.47332628247317,-2.9666291339274e-17,-0.674215355348297,0,0
3.251,0.271412241514156,0.258831354068925,-0.504406302968426,-7.17722152410603e-06,0.260337922283585,-0.472274727153531,-2.96003838508735e-17,-0.672717499070818,0,0
3.252,0.270808245356193,0.258255355202602,-0.503283805813007,-7.16124945814015e-06,0.259758570726138,-0.471223735057108,-2.95345116631622e-17,-0.671220445059669,0,0
3.253,0.270204574167348,0.257679666241966,-0.502161912596713,-7.14528598565309e-06,0.259179530878231,-0.470173308427816,-2.94686749167802e-17,-0.669724196511131,0,0
3.254,0.269601229237181,0.257104288416801,-0.501040625716128,-7.12933114074598e-06,0.258600803976808,-0.469123449509574,-2.94028737523679e-17,-0.668228756621485,0,0
3.255,0.268998211855254,0.256529222956892,-0.499919947567837,-7.11338495751992e-06,0.258022391258811,-0.468074160546298,-2.93371083105653e-17,-0.666734128587011,0,0
3.256,0.268395523311124,0.255954471092022,-0.498799880548421,-7.097447470076e-06,0.257444293961182,-0.467025443781906,-2.92713787320127e-17,-0.665240315603987,0,0
3.257,0.267793164894354,0.255380034051976,-0.497680427054467,-7.08151871251536e-06,0.256866513320864,-0.465977301460315,-2.92056851573502e-17,-0.663747320868697,0,0
3.258,0.267191137894502,0.25480591306654,-0.496561589482556,-7.06559871893908e-06,0.256289050574801,-0.464929735825442,-2.91400277272182e-17,-0.662255147577419,0,0
3.259,0.266589443601129,0.254232109365496,-0.495443370229274,-7.04968752344827e-06,0.255711906959934,-0.463882749121204,-2.90744065822567e-17,-0.660763798926433,0,0
3.26,0.265988083303794,0.25365862417863,-0.494325771691204,-7.03378516014404e-06,0.255135083713205,-0.462836343591519,-2.90088218631059e-17,-0.659273278112019,0,0
3.261,0.265387058292058,0.253085458735727,-0.493208796264929,-7.01789166312749e-06,0.254558582071559,-0.461790521480303,-2.89432737104061e-17,-0.657783588330458,0,0
3.262,0.264786369855481,0.252512614266569,-0.492092446347035,-7.00200706649974e-06,0.253982403271937,-0.460745285031474,-2.88777622647975e-17,-0.656294732778031,0,0
3.263,0.264186019283622,0.251940092000944,-0.490976724334104,-6.9861314043619e-06,0.253406548551282,-0.45970063648895,-2.88122876669202e-17,-0.654806714651016,0,0
3.264,0.263586007866041,0.251367893168633,-0.489861632622719,-6.97026471081505e-06,0.252831019146536,-0.458656578096646,-2.87468500574144e-17,-0.653319537145695,0,0
3.265,0.2629863368923,0.250796018999423,-0.488747173609467,-6.95440701996032e-06,0.252255816294643,-0.457613112098481,-2.86814495769204e-17,-0.651833203458347,0,0
3.266,0.262387007651956,0.250224470723097,-0.487633349690929,-6.93855836589881e-06,0.251680941232544,-0.456570240738371,-2.86160863660783e-17,-0.650347716785254,0,0
3.267,0.261788021434572,0.24965324956944,-0.48652016326369,-6.92271878273162e-06,0.251106395197183,-0.455527966260235,-2.85507605655284e-17,-0.648863080322695,0,0
3.268,0.261189379529706,0.249082356768237,-0.485407616724334,-6.90688830455986e-06,0.250532179425502,-0.454486290907988,-2.84854723159107e-17,-0.64737929726695,0,0
3.269,0.260591083226918,0.248511793549271,-0.484295712469444,-6.89106696548464e-06,0.249958295154444,-0.453445216925548,-2.84202217578656e-17,-0.645896370814298,0,0
3.27,0.259993133815769,0.247941561142328,-0.483184452895604,-6.87525479960707e-06,0.249384743620951,-0.452404746556833,-2.83550090320332e-17,-0.644414304161022,0,0
3.271,0.259395532585818,0.247371660777192,-0.482073840399399,-6.85945184102825e-06,0.248811526061965,-0.45136488204576,-2.82898342790537e-17,-0.642933100503401,0,0
3.272,0.258798280826626,0.246802093683647,-0.480963877377411,-6.84365812384928e-06,0.248238643714431,-0.450325625636244,-2.82246976395674e-17,-0.641452763037714,0,0
3.273,0.258201379827753,0.246232861091478,-0.479854566226226,-6.82787368217128e-06,0.247666097815289,-0.449286979572205,-2.81595992542143e-17,-0.639973294960243,0,0
3.274,0.257604830878758,0.245663964230469,-0.478745909342426,-6.81209855009536e-06,0.247093889601484,-0.44824894609756,-2.80945392636348e-17,-0.638494699467268,0,0
3.275,0.257008635269201,0.245095404330405,-0.477637909122595,-6.79633276172261e-06,0.246522020309956,-0.447211527456225,-2.80295178084689e-17,-0.637016979755068,0,0
3.276,0.256412794288643,0.24452718262107,-0.476530567963318,-6.78057635115414e-06,0.24595049117765,-0.446174725892117,-2.7964535029357e-17,-0.635540139019924,0,0
3.277,0.255817309226644,0.243959300332249,-0.475423888261178,-6.76482935249106e-06,0.245379303441507,-0.445138543649153,-2.78995910669391e-17,-0.634064180458116,0,0
3.278,0.255222181372763,0.243391758693726,-0.474317872412759,-6.74909179983448e-06,0.244808458338471,-0.444102982971252,-2.78346860618555e-17,-0.632589107265924,0,0
3.279,0.25462741201656,0.242824558935286,-0.473212522814644,-6.7333637272855e-06,0.244237957105484,-0.44306804610233,-2.77698201547464e-17,-0.631114922639629,0,0
3.28,0.254033002447596,0.242257702286712,-0.472107841863418,-6.71764516894523e-06,0.243667800979488,-0.442033735286304,-2.77049934862519e-17,-0.62964162977551,0,0
3.281,0.253438953955431,0.241691189977791,-0.471003831955665,-6.70193615891478e-06,0.243097991197426,-0.441000052767091,-2.76402061970124e-17,-0.628169231869849,0,0
3.282,0.252845267829623,0.241125023238305,-0.469900495487968,-6.68623673129525e-06,0.242528528996241,-0.43996700078861,-2.75754584276679e-17,-0.626697732118924,0,0
3.283,0.252251945359735,0.24055920329804,-0.468797834856911,-6.67054692018775e-06,0.241959415612875,-0.438934581594776,-2.75107503188587e-17,-0.625227133719017,0,0
3.284,0.251658987835325,0.23999373138678,-0.467695852459078,-6.65486675969339e-06,0.241390652284272,-0.437902797429507,-2.7446082011225e-17,-0.623757439866407,0,0
3.285,0.251066396545953,0.239428608734309,-0.466594550691052,-6.63919628391326e-06,0.240822240247373,-0.43687165053672,-2.73814536454069e-17,-0.622288653757374,0,0
3.286,0.25047417278118,0.238863836570412,-0.465493931949418,-6.62353552694849e-06,0.240254180739121,-0.435841143160333,-2.73168653620446e-17,-0.6208207785882,0,0
3.287,0.249882317830565,0.238299416124873,-0.46439399863076,-6.60788452290018e-06,0.239686474996459,-0.434811277544262,-2.72523173017784e-17,-0.619353817555164,0,0
3.288,0.249290832983668,0.237735348627477,-0.46329475313166,-6.59224330586941e-06,0.23911912425633,-0.433782055932425,-2.71878096052485e-17,-0.617887773854546,0,0
3.289,0.248699719530051,0.237171635308009,-0.462196197848705,-6.57661190995732e-06,0.238552129755676,-0.43275348056874,-2.7123342413095e-17,-0.616422650682626,0,0
3.29,0.248108978759271,0.236608277396253,-0.461098335178476,-6.56099036926501e-06,0.237985492731439,-0.431725553697122,-2.70589158659581e-17,-0.614958451235686,0,0
3.291,0.24751861196089,0.236045276121992,-0.460001167517557,-6.54537871789358e-06,0.237419214420563,-0.43069827756149,-2.69945301044781e-17,-0.613495178710004,0,0
3.292,0.246928620424468,0.235482632715013,-0.458904697262533,-6.52977698994414e-06,0.23685329605999,-0.429671654405761,-2.69301852692951e-17,-0.612032836301862,0,0
3.293,0.246339005439563,0.234920348405098,-0.457808926809988,-6.51418521951778e-06,0.236287738886662,-0.42864568647385,-2.68658815010493e-17,-0.610571427207538,0,0
3.294,0.245749768295737,0.234358424422034,-0.456713858556505,-6.49860344071563e-06,0.235722544137523,-0.427620376009678,-2.68016189403809e-17,-0.609110954623314,0,0
3.295,0.24516091028255,0.233796861995603,-0.455619494898668,-6.48303168763879e-06,0.235157713049514,-0.426595725257159,-2.67373977279302e-17,-0.60765142174547,0,0
3.296,0.244572432689561,0.233235662355591,-0.45452583823306,-6.46746999438835e-06,0.234593246859579,-0.425571736460211,-2.66732180043373e-17,-0.606192831770286,0,0
3.297,0.24398433680633,0.232674826731783,-0.453432890956267,-6.45191839506545e-06,0.234029146804661,-0.424548411862753,-2.66090799102424e-17,-0.604735187894042,0,0
3.298,0.243396623922418,0.232114356353961,-0.45234065546487,-6.43637692377116e-06,0.2334654141217,-0.4235257537087,-2.65449835862856e-17,-0.603278493313018,0,0
3.299,0.242809295327384,0.231554252451912,-0.451249134155456,-6.42084561460661e-06,0.232902050047641,-0.422503764241969,-2.64809291731074e-17,-0.601822751223495,0,0
3.3,0.242222352310788,0.230994516255419,-0.450158329424607,-6.40532450167289e-06,0.232339055819426,-0.421482445706479,-2.64169168113476e-17,-0.600367964821753,0,0
3.301,0.241635796162191,0.230435148994267,-0.449068243668906,-6.38981361907112e-06,0.231776432673998,-0.420461800346146,-2.63529466416467e-17,-0.598914137304071,0,0
3.302,0.241049628171152,0.229876151898241,-0.447978879284938,-6.37431300090241e-06,0.231214181848299,-0.419441830404888,-2.62890188046448e-17,-0.59746127186673,0,0
3.303,0.240463849627232,0.229317526197124,-0.446890238669288,-6.35882268126786e-06,0.230652304579272,-0.418422538126621,-2.62251334409821e-17,-0.596009371706012,0,0
3.304,0.23987846181999,0.228759273120702,-0.445802324218538,-6.34334269426857e-06,0.230090802103859,-0.417403925755264,-2.61612906912987e-17,-0.594558440018194,0,0
3.305,0.239293466038986,0.228201393898759,-0.444715138329272,-6.32787307400565e-06,0.229529675659003,-0.416385995534732,-2.60974906962349e-17,-0.593108479999559,0,0
3.306,0.238708863573781,0.227643889761079,-0.443628683398074,-6.31241385458021e-06,0.228968926481647,-0.415368749708943,-2.60337335964309e-17,-0.591659494846384,0,0
3.307,0.238124655713934,0.227086761937446,-0.442542961821528,-6.29696507009335e-06,0.228408555808733,-0.414352190521815,-2.59700195325269e-17,-0.590211487754953,0,0
3.308,0.237540843749005,0.226530011657646,-0.441457975996218,-6.28152675464619e-06,0.227848564877204,-0.413336320217265,-2.5906348645163e-17,-0.588764461921544,0,0
3.309,0.236957428968554,0.225973640151463,-0.440373728318727,-6.26609894233982e-06,0.227288954924003,-0.412321141039209,-2.58427210749795e-17,-0.587318420542437,0,0
3.31,0.236374412662142,0.225417648648681,-0.439290221185641,-6.25068166727536e-06,0.226729727186072,-0.411306655231566,-2.57791369626165e-17,-0.585873366813913,0,0
3.311,0.235791796119328,0.224862038379085,-0.438207456993541,-6.23527496355391e-06,0.226170882900353,-0.410292865038251,-2.57155964487143e-17,-0.584429303932252,0,0
3.312,0.235209580629673,0.224306810572458,-0.437125438139014,-6.21987886527658e-06,0.22561242330379,-0.409279772703183,-2.56520996739131e-17,-0.582986235093734,0,0
3.313,0.234627767482736,0.223751966458587,-0.43604416701864,-6.20449340654447e-06,0.225054349633326,-0.408267380470279,-2.5588646778853e-17,-0.58154416349464,0,0
3.314,0.234046357968077,0.223197507267254,-0.434963646029006,-6.18911862145869e-06,0.224496663125901,-0.407255690583455,-2.55252379041742e-17,-0.580103092331249,0,0
3.315,0.233465353375256,0.222643434228245,-0.433883877566694,-6.17375454412034e-06,0.22393936501846,-0.40624470528663,-2.5461873190517e-17,-0.578663024799842,0,0
3.316,0.232884754993834,0.222089748571344,-0.432804864028289,-6.15840120863055e-06,0.223382456547946,-0.405234426823719,-2.53985527785215e-17,-0.577223964096699,0,0
3.317,0.23230456411337,0.221536451526335,-0.431726607810374,-6.14305864909039e-06,0.222825938951299,-0.404224857438641,-2.53352768088279e-17,-0.5757859134181,0,0
3.318,0.231724782023424,0.220983544323003,-0.430649111309533,-6.127726899601e-06,0.222269813465464,-0.403215999375312,-2.52720454220765e-17,-0.574348875960326,0,0
3.319,0.231145410013556,0.220431028191133,-0.42957237692235,-6.11240599426347e-06,0.221714081327382,-0.402207854877651,-2.52088587589074e-17,-0.572912854919656,0,0
3.32,0.230566449373327,0.219878904360509,-0.428496407045409,-6.09709596717891e-06,0.221158743773997,-0.401200426189573,-2.51457169599608e-17,-0.571477853492371,0,0
3.321,0.229987901392296,0.219327174060915,-0.427421204075294,-6.08179685244842e-06,0.220603802042251,-0.400193715554996,-2.50826201658769e-17,-0.570043874874751,0,0
3.322,0.229409767360023,0.218775838522135,-0.426346770408588,-6.06650868417311e-06,0.220049257369086,-0.399187725217837,-2.50195685172959e-17,-0.568610922263076,0,0
3.323,0.228832048566069,0.218224898973955,-0.425273108441875,-6.0512314964541e-06,0.219495110991446,-0.398182457422014,-2.4956562154858e-17,-0.567178998853626,0,0
3.324,0.228254746299993,0.217674356646159,-0.42420022057174,-6.03596532339248e-06,0.218941364146273,-0.397177914411444,-2.48936012192035e-17,-0.565748107842683,0,0
3.325,0.227677861851355,0.217124212768531,-0.423128109194765,-6.02071019908935e-06,0.218388018070509,-0.396174098430043,-2.48306858509724e-17,-0.564318252426524,0,0
3.326,0.227101396509715,0.216574468570856,-0.422056776707536,-6.00546615764584e-06,0.217835074001097,-0.39517101172173,-2.4767816190805e-17,-0.562889435801432,0,0
3.327,0.226525351564633,0.216025125282918,-0.420986225506635,-5.99023323316305e-06,0.21728253317498,-0.394168656530421,-2.47049923793415e-17,-0.561461661163687,0,0
3.328,0.22594972830567,0.215476184134502,-0.419916457988646,-5.97501145974208e-06,0.216730396829101,-0.393167035100033,-2.46422145572221e-17,-0.560034931709568,0,0
3.329,0.225374528022385,0.214927646355392,-0.418847476550154,-5.95980087148403e-06,0.216178666200401,-0.392166149674485,-2.4579482865087e-17,-0.558609250635355,0,0
3.33,0.224799752004338,0.214379513175372,-0.417779283587741,-5.94460150249001e-06,0.215627342525824,-0.391166002497691,-2.45167974435763e-17,-0.557184621137329,0,0
3.331,0.224225401541089,0.213831785824227,-0.416711881497993,-5.92941338686114e-06,0.215076427042312,-0.390166595813571,-2.44541584333303e-17,-0.55576104641177,0,0
3.332,0.223651477922199,0.213284465531742,-0.415645272677493,-5.91423655869851e-06,0.214525920986808,-0.389167931866041,-2.43915659749892e-17,-0.554338529654959,0,0
3.333,0.223077982437226,0.212737553527701,-0.414579459522823,-5.89907105210323e-06,0.213975825596255,-0.388170012899018,-2.43290202091932e-17,-0.552917074063174,0,0
3.334,0.222504916375732,0.212191051041888,-0.41351444443057,-5.88391690117642e-06,0.213426142107594,-0.38717284115642,-2.42665212765824e-17,-0.551496682832697,0,0
3.335,0.221932281027277,0.211644959304089,-0.412450229797316,-5.86877414001918e-06,0.21287687175777,-0.386176418882164,-2.42040693177971e-17,-0.550077359159809,0,0
3.336,0.221360077681419,0.211099279544086,-0.411386818019645,-5.8536428027326e-06,0.212328015783724,-0.385180748320167,-2.41416644734774e-17,-0.548659106240788,0,0
3.337,0.220788307627719,0.210554012991666,-0.410324211494141,-5.83852292341781e-06,0.211779575422398,-0.384185831714346,-2.40793068842636e-17,-0.547241927271916,0,0
3.338,0.220216972155738,0.210009160876612,-0.409262412617387,-5.8234145361759e-06,0.211231551910737,-0.383191671308618,-2.40169966907958e-17,-0.545825825449472,0,0
3.339,0.219646072555035,0.209464724428708,-0.408201423785968,-5.80831767510798e-06,0.210683946485681,-0.382198269346901,-2.39547340337143e-17,-0.544410803969737,0,0
3.34,0.219075610115169,0.208920704877741,-0.407141247396468,-5.79323237431516e-06,0.210136760384175,-0.381205628073112,-2.38925190536592e-17,-0.54299686602899,0,0
3.341,0.218505586125702,0.208377103453492,-0.406081885845469,-5.77815866789854e-06,0.209589994843159,-0.380213749731167,-2.38303518912707e-17,-0.541584014823512,0,0
3.342,0.217936001876194,0.207833921385748,-0.405023341529557,-5.76309658995925e-06,0.209043651099578,-0.379222636564985,-2.37682326871891e-17,-0.540172253549584,0,0
3.343,0.217366858656203,0.207291159904293,-0.403965616845315,-5.74804617459837e-06,0.208497730390374,-0.378232290818482,-2.37061615820545e-17,-0.538761585403486,0,0
3.344,0.21679815775529,0.206748820238911,-0.402908714189327,-5.73300745591701e-06,0.207952233952489,-0.377242714735576,-2.36441387165071e-17,-0.537352013581497,0,0
3.345,0.216229900463016,0.206206903619386,-0.401852635958176,-5.71798046801629e-06,0.207407163022866,-0.376253910560183,-2.35821642311871e-17,-0.535943541279898,0,0
3.346,0.215662088068939,0.205665411275504,-0.400797384548446,-5.70296524499729e-06,0.206862518838447,-0.375265880536221,-2.35202382667347e-17,-0.534536171694969,0,0
3.347,0.215094721862621,0.205124344437048,-0.399742962356721,-5.68796182096115e-06,0.206318302636176,-0.374278626907607,-2.34583609637902e-17,-0.53312990802299,0,0
3.348,0.214527803133621,0.204583704333803,-0.398689371779586,-5.67297023000896e-06,0.205774515652994,-0.373292151918259,-2.33965324629936e-17,-0.531724753460242,0,0
3.349,0.213961333171499,0.204043492195554,-0.397636615213623,-5.65799050624181e-06,0.205231159125845,-0.372306457812092,-2.33347529049853e-17,-0.530320711203004,0,0
3.35,0.213395313265815,0.203503709252084,-0.396584695055418,-5.64302268376084e-06,0.204688234291671,-0.371321546833026,-2.32730224304053e-17,-0.528917784447558,0,0
3.351,0.21282974470613,0.202964356733179,-0.395533613701553,-5.62806679666714e-06,0.204145742387414,-0.370337421224977,-2.32113411798939e-17,-0.527515976390182,0,0
3.352,0.212264628782002,0.202425435868624,-0.394483373548612,-5.61312287906182e-06,0.203603684650018,-0.369354083231861,-2.31497092940914e-17,-0.526115290227158,0,0
3.353,0.211699966782993,0.201886947888201,-0.39343397699318,-5.59819096504598e-06,0.203062062316425,-0.368371535097597,-2.30881269136378e-17,-0.524715729154765,0,0
3.354,0.211135759998661,0.201348894021696,-0.392385426431839,-5.58327108872072e-06,0.202520876623577,-0.367389779066101,-2.30265941791734e-17,-0.523317296369284,0,0
3.355,0.210572009718567,0.200811275498894,-0.391337724261174,-5.56836328418716e-06,0.201980128808418,-0.366408817381291,-2.29651112313384e-17,-0.521919995066995,0,0
3.356,0.210008717232272,0.200274093549578,-0.390290872877769,-5.55346758554641e-06,0.201439820107889,-0.365428652287083,-2.29036782107729e-17,-0.520523828444178,0,0
3.357,0.209445883829335,0.199737349403534,-0.389244874678207,-5.53858402689956e-06,0.200899951758934,-0.364449286027396,-2.28422952581172e-17,-0.519128799697113,0,0
3.358,0.208883510799315,0.199201044290545,-0.388199732059073,-5.52371264234774e-06,0.200360524998495,-0.363470720846145,-2.27809625140115e-17,-0.517734912022081,0,0
3.359,0.208321599431774,0.198665179440397,-0.387155447416951,-5.50885346599203e-06,0.199821541063514,-0.362492958987249,-2.27196801190959e-17,-0.516342168615362,0,0
3.36,0.207760151016271,0.198129756082873,-0.386112023148423,-5.49400653193355e-06,0.199283001190935,-0.361516002694625,-2.26584482140107e-17,-0.514950572673235,0,0
3.361,0.207199166842366,0.197594775447759,-0.385069461650074,-5.47917187427341e-06,0.1987449066177,-0.36053985421219,-2.25972669393961e-17,-0.513560127391982,0,0
3.362,0.206638648199619,0.197060238764838,-0.384027765318487,-5.4643495271127e-06,0.19820725858075,-0.35956451578386,-2.25361364358921e-17,-0.512170835967882,0,0
3.363,0.20607859637759,0.196526147263895,-0.382986936550247,-5.44953952455255e-06,0.197670058317031,-0.358589989653553,-2.24750568441392e-17,-0.510782701597215,0,0
3.364,0.205519012665839,0.195992502174715,-0.381946977741938,-5.43474190069405e-06,0.197133307063483,-0.357616278065187,-2.24140283047774e-17,-0.509395727476263,0,0
3.365,0.204959898353925,0.195459304727081,-0.380907891290142,-5.41995668963831e-06,0.196597006057049,-0.356643383262678,-2.23530509584468e-17,-0.508009916801303,0,0
3.366,0.204401254731411,0.19492655615078,-0.379869679591445,-5.40518392548644e-06,0.196061156534672,-0.355671307489944,-2.22921249457879e-17,-0.506625272768619,0,0
3.367,0.203843083087854,0.194394257675594,-0.378832345042429,-5.39042364233954e-06,0.195525759733295,-0.354700052990902,-2.22312504074407e-17,-0.505241798574489,0,0
3.368,0.203285384712815,0.193862410531309,-0.37779589003968,-5.37567587429873e-06,0.194990816889861,-0.353729622009469,-2.21704274840454e-17,-0.503859497415193,0,0
3.369,0.202728160895854,0.193331015947708,-0.376760316979779,-5.3609406554651e-06,0.194456329241311,-0.352760016789563,-2.21096563162422e-17,-0.502478372487012,0,0
3.37,0.202171412926531,0.192800075154577,-0.375725628259312,-5.34621801993976e-06,0.193922298024588,-0.351791239575099,-2.20489370446713e-17,-0.501098426986225,0,0
3.371,0.201615142094406,0.1922695893817,-0.374691826274862,-5.33150800182382e-06,0.193388724476636,-0.350823292609997,-2.1988269809973e-17,-0.499719664109115,0,0
3.372,0.201059349689039,0.191739559858861,-0.373658913423013,-5.3168106352184e-06,0.192855609834396,-0.349856178138172,-2.19276547527873e-17,-0.498342087051959,0,0
3.373,0.200504036999989,0.191209987815845,-0.372626892100348,-5.30212595422458e-06,0.192322955334812,-0.348889898403542,-2.18670920137546e-17,-0.496965699011039,0,0
3.374,0.199949205316818,0.190680874482436,-0.371595764703453,-5.28745399294348e-06,0.191790762214826,-0.347924455650025,-2.18065817335149e-17,-0.495590503182634,0,0
3.375,0.199394855929085,0.190152221088419,-0.37056553362891,-5.27279478547621e-06,0.19125903171138,-0.346959852121537,-2.17461240527086e-17,-0.494216502763026,0,0
3.376,0.19884099012635,0.189624028863578,-0.369536201273303,-5.25814836592387e-06,0.190727765061418,-0.345996090061996,-2.16857191119758e-17,-0.492843700948494,0,0
3.377,0.198287609198173,0.189096299037698,-0.368507770033217,-5.24351476838757e-06,0.190196963501882,-0.345033171715318,-2.16253670519566e-17,-0.491472100935319,0,0
3.378,0.197734714434114,0.188569032840563,-0.367480242305233,-5.22889402696841e-06,0.189666628269713,-0.344071099325421,-2.15650680132913e-17,-0.490101705919779,0,0
3.379,0.197182307123732,0.188042231501957,-0.366453620485939,-5.21428617576751e-06,0.189136760601856,-0.343109875136223,-2.15048221366201e-17,-0.488732519098157,0,0
3.38,0.196630388556589,0.187515896251666,-0.365427906971915,-5.19969124888597e-06,0.188607361735253,-0.34214950139164,-2.14446295625832e-17,-0.487364543666732,0,0
3.381,0.196078960022243,0.186990028319473,-0.364403104159747,-5.18510928042488e-06,0.188078432906846,-0.341189980335589,-2.13844904318207e-17,-0.485997782821783,0,0
3.382,0.195528022810256,0.186464628935163,-0.363379214446019,-5.17054030448537e-06,0.187549975353578,-0.340231314211988,-2.13244048849729e-17,-0.484632239759592,0,0
3.383,0.194977578210186,0.185939699328521,-0.362356240227313,-5.15598435516854e-06,0.187021990312392,-0.339273505264755,-2.126437306268e-17,-0.483267917676439,0,0
3.384,0.194427627511594,0.185415240729331,-0.361334183900215,-5.1414414665755e-06,0.18649447902023,-0.338316555737805,-2.12043951055822e-17,-0.481904819768604,0,0
3.385,0.193878172004041,0.184891254367377,-0.360313047861307,-5.12691167280734e-06,0.185967442714034,-0.337360467875057,-2.11444711543196e-17,-0.480542949232367,0,0
3.386,0.193329212977085,0.184367741472443,-0.359292834507174,-5.11239500796518e-06,0.185440882630748,-0.336405243920427,-2.10846013495324e-17,-0.479182309264007,0,0
3.387,0.192780751720287,0.183844703274316,-0.358273546234399,-5.09789150615012e-06,0.184914800007314,-0.335450886117833,-2.10247858318609e-17,-0.477822903059806,0,0
3.388,0.192232789523207,0.183322141002778,-0.357255185439566,-5.08340120146328e-06,0.184389196080675,-0.334497396711192,-2.09650247419452e-17,-0.476464733816044,0,0
3.389,0.191685327675404,0.182800055887614,-0.35623775451926,-5.06892412800575e-06,0.183864072087773,-0.333544777944421,-2.09053182204256e-17,-0.475107804729001,0,0
3.39,0.19113836746644,0.182278449158609,-0.355221255870063,-5.05446031987864e-06,0.183339429265551,-0.332593032061438,-2.08456664079422e-17,-0.473752118994957,0,0
3.391,0.190591910185874,0.181757322045548,-0.354205691888561,-5.04000981118307e-06,0.182815268850952,-0.331642161306158,-2.07860694451353e-17,-0.472397679810192,0,0
3.392,0.190045957123265,0.181236675778214,-0.353191064971336,-5.02557263602013e-06,0.182291592080918,-0.330692167922501,-2.07265274726449e-17,-0.471044490370986,0,0
3.393,0.189500509568174,0.180716511586392,-0.352177377514972,-5.01114882849094e-06,0.181768400192392,-0.329743054154382,-2.06670406311114e-17,-0.46969255387362,0,0
3.394,0.188955568810161,0.180196830699867,-0.351164631916053,-4.99673842269659e-06,0.181245694422316,-0.32879482224572,-2.06076090611749e-17,-0.468341873514373,0,0
3.395,0.188411136138786,0.179677634348424,-0.350152830571164,-4.98234145273819e-06,0.180723476007632,-0.32784747444043,-2.05482329034757e-17,-0.466992452489527,0,0
3.396,0.187867212843609,0.179158923761845,-0.349141975876887,-4.96795795271686e-06,0.180201746185285,-0.326901012982431,-2.04889122986538e-17,-0.465644293995362,0,0
3.397,0.18732380021419,0.178640700169917,-0.348132070229807,-4.9535879567337e-06,0.179680506192216,-0.32595544011564,-2.04296473873495e-17,-0.464297401228156,0,0
3.398,0.186780899540088,0.178122964802423,-0.347123116026508,-4.93923149888982e-06,0.179159757265368,-0.325010758083974,-2.03704383102031e-17,-0.462951777384191,0,0
3.399,0.186238512110865,0.177605718889149,-0.346115115663573,-4.92488861328631e-06,0.178639500641684,-0.324066969131349,-2.03112852078547e-17,-0.461607425659747,0,0
3.4,0.185696639216079,0.177088963659877,-0.345108071537587,-4.91055933402429e-06,0.178119737558105,-0.323124075501684,-2.02521882209444e-17,-0.460264349251104,0,0
3.401,0.185155282145291,0.176572700344394,-0.344101986045132,-4.89624369520487e-06,0.177600469251576,-0.322182079438895,-2.01931474901126e-17,-0.458922551354543,0,0
3.402,0.184614442188061,0.176056930172483,-0.343096861582793,-4.88194173092915e-06,0.177081696959037,-0.3212409831869,-2.01341631559993e-17,-0.457582035166342,0,0
3.403,0.184074120633949,0.175541654373929,-0.342092700547154,-4.86765347529823e-06,0.176563421917433,-0.320300788989615,-2.00752353592448e-17,-0.456242803882783,0,0
3.404,0.183534318772514,0.175026874178517,-0.341089505334799,-4.85337896241323e-06,0.176045645363705,-0.319361499090959,-2.00163642404893e-17,-0.454904860700147,0,0
3.405,0.182995037893317,0.17451259081603,-0.34008727834231,-4.83911822637525e-06,0.175528368534797,-0.318423115734847,-1.99575499403729e-17,-0.453568208814711,0,0
3.406,0.182456279285918,0.173998805516253,-0.339086021966273,-4.8248713012854e-06,0.17501159266765,-0.317485641165199,-1.9898792599536e-17,-0.452232851422759,0,0
3.407,0.181918044239877,0.173485519508972,-0.338085738603271,-4.81063822124478e-06,0.174495318999209,-0.316549077625929,-1.98400923586186e-17,-0.45089879172057,0,0
3.408,0.181380334044754,0.172972734023969,-0.337086430649889,-4.79641902035451e-06,0.173979548766414,-0.315613427360957,-1.9781449358261e-17,-0.449566032904423,0,0
3.409,0.180843149990108,0.172460450291031,-0.336088100502708,-4.78221373271568e-06,0.173464283206209,-0.314678692614198,-1.97228637391033e-17,-0.448234578170598,0,0
3.41,0.1803064933655,0.17194866953994,-0.335090750558314,-4.76802239242939e-06,0.172949523555536,-0.31374487562957,-1.96643356417858e-17,-0.446904430715377,0,0
3.411,0.17977036546049,0.171437393000482,-0.334094383213291,-4.75384503359677e-06,0.172435271051338,-0.31281197865099,-1.96058652069486e-17,-0.445575593735039,0,0
3.412,0.179234767564638,0.170926621902441,-0.333099000864221,-4.73968169031892e-06,0.171921526930558,-0.311880003922377,-1.9547452575232e-17,-0.444248070425864,0,0
3.413,0.178699700967503,0.170416357475602,-0.33210460590769,-4.72553239669693e-06,0.171408292430138,-0.310948953687645,-1.94890978872761e-17,-0.442921863984133,0,0
3.414,0.178165166958647,0.169906600949749,-0.331111200740281,-4.71139718683193e-06,0.170895568787021,-0.310018830190714,-1.94308012837212e-17,-0.441596977606126,0,0
3.415,0.177631166827628,0.169397353554666,-0.330118787758577,-4.69727609482501e-06,0.17038335723815,-0.3090896356755,-1.93725629052074e-17,-0.440273414488124,0,0
3.416,0.177097701864006,0.168888616520138,-0.329127369359163,-4.68316915477729e-06,0.169871659020466,-0.30816137238592,-1.93143828923749e-17,-0.438951177826405,0,0
3.417,0.176564773357343,0.16838039107595,-0.328136947938622,-4.66907640078986e-06,0.169360475370914,-0.307234042565891,-1.9256261385864e-17,-0.437630270817251,0,0
3.418,0.176032382597197,0.167872678451885,-0.327147525893538,-4.65499786696383e-06,0.168849807526434,-0.306307648459331,-1.91981985263147e-17,-0.436310696656941,0,0
3.419,0.175500530873129,0.16736547987773,-0.326159105620495,-4.64093358740032e-06,0.168339656723971,-0.305382192310157,-1.91401944543674e-17,-0.434992458541757,0,0
3.42,0.174969219474698,0.166858796583267,-0.325171689516077,-4.62688359620043e-06,0.167830024200466,-0.304457676362286,-1.90822493106623e-17,-0.433675559667978,0,0
3.421,0.174438449691466,0.166352629798281,-0.324185279976868,-4.61284792746525e-06,0.167320911192862,-0.303534102859635,-1.90243632358394e-17,-0.432360003231884,0,0
3.422,0.173908222812991,0.165846980752557,-0.323199879399451,-4.59882661529591e-06,0.166812318938103,-0.302611474046121,-1.8966536370539e-17,-0.431045792429755,0,0
3.423,0.173378540128833,0.165341850675879,-0.32221549018041,-4.58481969379352e-06,0.166304248673129,-0.301689792165662,-1.89087688554014e-17,-0.429732930457873,0,0
3.424,0.172849402928554,0.164837240798033,-0.32123211471633,-4.57082719705916e-06,0.165796701634885,-0.300769059462175,-1.88510608310666e-17,-0.428421420512516,0,0
3.425,0.172320812501712,0.164333152348801,-0.320249755403794,-4.55684915919395e-06,0.165289679060313,-0.299849278179578,-1.87934124381749e-17,-0.427111265789965,0,0
3.426,0.171792770137868,0.163829586557969,-0.319268414639385,-4.54288561429899e-06,0.164783182186354,-0.298930450561785,-1.87358238173665e-17,-0.4258024694865,0,0
3.427,0.171265277126581,0.163326544655321,-0.318288094819688,-4.52893659647541e-06,0.164277212249953,-0.298012578852717,-1.86782951092817e-17,-0.424495034798403,0,0
3.428,0.170738334757413,0.162824027870642,-0.317308798341287,-4.51500213982429e-06,0.163771770488052,-0.297095665296289,-1.86208264545605e-17,-0.423188964921952,0,0
3.429,0.170211944319921,0.162322037433716,-0.316330527600764,-4.50108227844675e-06,0.163266858137592,-0.296179712136419,-1.85634179938431e-17,-0.421884263053427,0,0
3.43,0.169686107103668,0.161820574574328,-0.315353284994706,-4.48717704644389e-06,0.162762476435517,-0.295264721617024,-1.85060698677699e-17,-0.420580932389111,0,0
3.431,0.169160824398212,0.161319640522261,-0.314377072919693,-4.47328647791681e-06,0.16225862661877,-0.29435069598202,-1.84487822169809e-17,-0.419278976125281,0,0
3.432,0.168636097493114,0.160819236507301,-0.313401893772312,-4.45941060696664e-06,0.161755309924293,-0.293437637475326,-1.83915551821164e-17,-0.417978397458219,0,0
3.433,0.168111927677933,0.160319363759232,-0.312427749949145,-4.44554946769447e-06,0.161252527589028,-0.292525548340859,-1.83343889038165e-17,-0.416679199584205,0,0
3.434,0.16758831624223,0.159820023507838,-0.311454643846776,-4.4317030942014e-06,0.160750280849919,-0.291614430822535,-1.82772835227215e-17,-0.415381385699517,0,0
3.435,0.167065264475565,0.159321216982905,-0.31048257786179,-4.41787152058855e-06,0.160248570943908,-0.290704287164272,-1.82202391794716e-17,-0.414084959000439,0,0
3.436,0.166542773667497,0.158822945414216,-0.309511554390771,-4.40405478095702e-06,0.159747399107937,-0.289795119609987,-1.81632560147069e-17,-0.41278992268325,0,0
3.437,0.166020845107588,0.158325210031555,-0.308541575830301,-4.39025290940792e-06,0.159246766578949,-0.288886930403598,-1.81063341690677e-17,-0.411496279944229,0,0
3.438,0.165499480085395,0.157828012064709,-0.307572644576964,-4.37646594004236e-06,0.158746674593887,-0.287979721789021,-1.80494737831941e-17,-0.410204033979656,0,0
3.439,0.16497867989048,0.157331352743459,-0.306604763027345,-4.36269390696143e-06,0.158247124389694,-0.287073496010174,-1.79926749977263e-17,-0.408913187985812,0,0
3.44,0.164458445812403,0.156835233297592,-0.305637933578028,-4.34893684426626e-06,0.157748117203311,-0.286168255310973,-1.79359379533046e-17,-0.407623745158978,0,0
3.441,0.163938779140724,0.156339654956892,-0.304672158625596,-4.33519478605793e-06,0.157249654271683,-0.285264001935337,-1.78792627905691e-17,-0.406335708695433,0,0
3.442,0.163419681165001,0.155844618951143,-0.303707440566633,-4.32146776643757e-06,0.15675173683175,-0.284360738127181,-1.782264965016e-17,-0.405049081791457,0,0
3.443,0.162901153174797,0.15535012651013,-0.302743781797723,-4.30775581950627e-06,0.156254366120457,-0.283458466130424,-1.77660986727175e-17,-0.403763867643331,0,0
3.444,0.162383196459671,0.154856178863636,-0.30178118471545,-4.29405897936515e-06,0.155757543374745,-0.282557188188983,-1.77096099988819e-17,-0.402480069447336,0,0
3.445,0.161865812309181,0.154362777241448,-0.300819651716398,-4.28037728011531e-06,0.155261269831557,-0.281656906546775,-1.76531837692933e-17,-0.401197690399751,0,0
3.446,0.16134900201289,0.153869922873349,-0.29985918519715,-4.26671075585785e-06,0.154765546727835,-0.280757623447716,-1.75968201245919e-17,-0.399916733696856,0,0
3.447,0.160832766860356,0.153377616989123,-0.298899787554289,-4.25305944069389e-06,0.154270375300524,-0.279859341135725,-1.75405192054179e-17,-0.398637202534931,0,0
3.448,0.160317108141139,0.152885860818555,-0.297941461184402,-4.23942336872453e-06,0.153775756786564,-0.278962061854718,-1.74842811524115e-17,-0.397359100110257,0,0
3.449,0.1598020271448,0.152394655591429,-0.296984208484069,-4.22580257405087e-06,0.153281692422899,-0.278065787848613,-1.74281061062129e-17,-0.396082429619115,0,0
3.45,0.159287525160899,0.151904002537531,-0.296028031849877,-4.21219709077402e-06,0.152788183446471,-0.277170521361326,-1.73719942074623e-17,-0.394807194257783,0,0
3.451,0.158773603478995,0.151413902886644,-0.295072933678408,-4.19860695299509e-06,0.152295231094222,-0.276276264636775,-1.73159455967999e-17,-0.393533397222543,0,0
3.452,0.158260263388649,0.150924357868553,-0.294118916366247,-4.18503219481519e-06,0.151802836603097,-0.275383019918878,-1.72599604148659e-17,-0.392261041709675,0,0
3.453,0.15774750617942,0.150435368713042,-0.293165982309977,-4.17147285033542e-06,0.151311001210037,-0.274490789451551,-1.72040388023004e-17,-0.390990130915458,0,0
3.454,0.157235333140869,0.149946936649896,-0.292214133906182,-4.1579289536569e-06,0.150819726151984,-0.273599575478711,-1.71481808997438e-17,-0.389720668036174,0,0
3.455,0.156723745562555,0.1494590629089,-0.291263373551445,-4.1444005388807e-06,0.150329012665882,-0.272709380244276,-1.70923868478361e-17,-0.388452656268101,0,0
3.456,0.156212744734039,0.148971748719837,-0.290313703642352,-4.13088764010797e-06,0.149838861988672,-0.271820205992163,-1.70366567872176e-17,-0.387186098807521,0,0
3.457,0.155702331944881,0.148484995312493,-0.289365126575485,-4.11739029143979e-06,0.149349275357298,-0.270932054966289,-1.69809908585284e-17,-0.385920998850714,0,0
3.458,0.155192508484639,0.147998803916651,-0.288417644747428,-4.10390852697727e-06,0.148860254008703,-0.270044929410571,-1.69253892024088e-17,-0.384657359593958,0,0
3.459,0.154683275642876,0.147513175762096,-0.287471260554766,-4.09044238082153e-06,0.148371799179828,-0.269158831568927,-1.6869851959499e-17,-0.383395184233537,0,0
3.46,0.15417463470915,0.147028112078613,-0.286525976394081,-4.07699188707367e-06,0.147883912107617,-0.268273763685273,-1.68143792704391e-17,-0.382134475965729,0,0
3.461,0.153666586973021,0.146543614095986,-0.285581794661959,-4.06355707983479e-06,0.147396594029012,-0.267389728003528,-1.67589712758694e-17,-0.380875237986815,0,0
3.462,0.15315913372405,0.146059683044,-0.284638717754982,-4.050137993206e-06,0.146909846180955,-0.266506726767607,-1.670362811643e-17,-0.379617473493073,0,0
3.463,0.152652276251796,0.145576320152439,-0.283696748069734,-4.0367346612884e-06,0.14642366980039,-0.265624762221428,-1.66483499327611e-17,-0.378361185680786,0,0
3.464,0.15214601584582,0.145093526651088,-0.2827558880028,-4.02334711818311e-06,0.145938066124259,-0.264743836608909,-1.65931368655031e-17,-0.377106377746232,0,0
3.465,0.151640353795682,0.14461130376973,-0.281816139950763,-4.00997539799123e-06,0.145453036389504,-0.263863952173967,-1.65379890552959e-17,-0.375853052885694,0,0
3.466,0.15113529139094,0.144129652738151,-0.280877506310207,-3.99661953481386e-06,0.144968581833069,-0.262985111160518,-1.64829066427799e-17,-0.374601214295449,0,0
3.467,0.150630829921157,0.143648574786135,-0.279939989477716,-3.98327956275211e-06,0.144484703691895,-0.26210731581248,-1.64278897685951e-17,-0.373350865171779,0,0
3.468,0.15012697067589,0.143168071143466,-0.279003591849874,-3.9699555159071e-06,0.144001403202926,-0.261230568373771,-1.6372938573382e-17,-0.372102008710964,0,0
3.469,0.149623714944702,0.14268814303993,-0.278068315823264,-3.95664742837992e-06,0.143518681603104,-0.260354871088307,-1.63180531977805e-17,-0.370854648109284,0,0
3.47,0.14912106401715,0.142208791705309,-0.277134163794471,-3.94335533427169e-06,0.143036540129372,-0.259480226200006,-1.62632337824309e-17,-0.36960878656302,0,0
3.471,0.148619019182796,0.14173001836939,-0.276201138160077,-3.93007926768349e-06,0.142554980018672,-0.258606635952784,-1.62084804679735e-17,-0.36836442726845,0,0
3.472,0.1481175817312,0.141251824261955,-0.275269241316668,-3.91681926271647e-06,0.142074002507947,-0.257734102590559,-1.61537933950483e-17,-0.367121573421857,0,0
3.473,0.147616752951921,0.140774210612791,-0.274338475660827,-3.9035753534717e-06,0.141593608834139,-0.256862628357249,-1.60991727042957e-17,-0.365880228219519,0,0
3.474,0.147116534134519,0.140297178651681,-0.273408843589136,-3.89034757405029e-06,0.141113800234191,-0.255992215496769,-1.60446185363558e-17,-0.364640394857717,0,0
3.475,0.146616926568555,0.139820729608409,-0.272480347498182,-3.87713595855336e-06,0.140634577945047,-0.255122866253038,-1.59901310318687e-17,-0.363402076532732,0,0
3.476,0.146117931543588,0.139344864712761,-0.271552989784547,-3.86394054108201e-06,0.140155943203648,-0.254254582869974,-1.59357103314748e-17,-0.362165276440843,0,0
3.477,0.145619550349178,0.13886958519452,-0.270626772844815,-3.85076135573736e-06,0.139677897246937,-0.253387367591491,-1.58813565758141e-17,-0.360929997778331,0,0
3.478,0.145121784274887,0.138394892283472,-0.269701699075571,-3.83759843662049e-06,0.139200441311856,-0.252521222661509,-1.58270699055269e-17,-0.359696243741476,0,0
3.479,0.144624634610272,0.137920787209399,-0.268777770873396,-3.82445181783251e-06,0.138723576635349,-0.251656150323945,-1.57728504612534e-17,-0.358464017526558,0,0
3.48,0.144128102644895,0.137447271202089,-0.267854990634876,-3.81132153347456e-06,0.138247304454358,-0.250792152822714,-1.57186983836338e-17,-0.357233322329857,0,0
3.481,0.143632189668315,0.136974345491323,-0.266933360756595,-3.79820761764772e-06,0.137771626005825,-0.249929232401736,-1.56646138133082e-17,-0.356004161347654,0,0
3.482,0.143136896970092,0.136502011306888,-0.266012883635136,-3.78511010445308e-06,0.137296542526693,-0.249067391304926,-1.56105968909169e-17,-0.354776537776228,0,0
3.483,0.142642225839787,0.136030269878567,-0.265093561667084,-3.77202902799178e-06,0.136822055253905,-0.248206631776202,-1.55566477571e-17,-0.35355045481186,0,0
3.484,0.14214817756696,0.135559122436145,-0.264175397249021,-3.75896442236492e-06,0.136348165424404,-0.247346956059482,-1.55027665524979e-17,-0.352325915650831,0,0
3.485,0.141654753441169,0.135088570209406,-0.263258392777532,-3.74591632167359e-06,0.135874874275131,-0.246488366398682,-1.54489534177505e-17,-0.351102923489419,0,0
3.486,0.141161954751976,0.134618614428136,-0.262342550649201,-3.73288476001892e-06,0.135402183043031,-0.24563086503772,-1.53952084934983e-17,-0.349881481523907,0,0
3.487,0.140669782788941,0.134149256322117,-0.26142787326061,-3.71986977150198e-06,0.134930092965044,-0.244774454220512,-1.53415319203812e-17,-0.348661592950573,0,0
3.488,0.140178238841622,0.133680497121136,-0.260514363008346,-3.70687139022391e-06,0.134458605278114,-0.243919136190977,-1.52879238390396e-17,-0.347443260965697,0,0
3.489,0.139687324199582,0.133212338054976,-0.259602022288991,-3.69388965028581e-06,0.133987721219184,-0.24306491319303,-1.52343843901137e-17,-0.346226488765562,0,0
3.49,0.139197040152378,0.132744780353421,-0.258690853499127,-3.68092458578877e-06,0.133517442025196,-0.24221178747059,-1.51809137142436e-17,-0.345011279546444,0,0
3.491,0.138707387989571,0.132277825246257,-0.257780859035342,-3.66797623083392e-06,0.133047768933092,-0.241359761267574,-1.51275119520695e-17,-0.343797636504628,0,0
3.492,0.138218369000723,0.131811473963268,-0.256872041294216,-3.65504461952235e-06,0.132578703179817,-0.240508836827899,-1.50741792442316e-17,-0.34258556283639,0,0
3.493,0.137729984475391,0.131345727734237,-0.255964402672336,-3.64212978595517e-06,0.132110246002311,-0.239659016395481,-1.50209157313702e-17,-0.341375061738013,0,0
3.494,0.137242235703137,0.130880587788951,-0.255057945566283,-3.62923176423349e-06,0.131642398637517,-0.238810302214238,-1.49677215541253e-17,-0.340166136405776,0,0
3.495,0.13675512397352,0.130416055357192,-0.254152672372642,-3.61635058845841e-06,0.131175162322379,-0.237962696528088,-1.49145968531373e-17,-0.338958790035959,0,0
3.496,0.1362686505761,0.129952131668746,-0.253248585487998,-3.60348629273104e-06,0.130708538293839,-0.237116201580948,-1.48615417690463e-17,-0.337753025824842,0,0
3.497,0.135782816800438,0.129488817953397,-0.252345687308933,-3.59063891115249e-06,0.130242527788839,-0.236270819616734,-1.48085564424925e-17,-0.336548846968707,0,0
3.498,0.135297623936092,0.129026115440929,-0.251443980232031,-3.57780847782386e-06,0.129777132044322,-0.235426552879364,-1.47556410141161e-17,-0.335346256663831,0,0
3.499,0.134813073272625,0.128564025361128,-0.250543466653878,-3.56499502684627e-06,0.129312352297231,-0.234583403612755,-1.47027956245573e-17,-0.334145258106498,0,0
3.5,0.134329166099594,0.128102548943777,-0.249644148971055,-3.55219859232081e-06,0.128848189784509,-0.233741374060825,-1.46500204144563e-17,-0.332945854492986,0,0
3.501,0.133845903706561,0.127641687418661,-0.248746029580147,-3.5394192083486e-06,0.128384645743097,-0.23290046646749,-1.45973155244533e-17,-0.331748049019576,0,0
3.502,0.133363287383085,0.127181442015564,-0.247849110877739,-3.52665690903074e-06,0.127921721409939,-0.232060683076667,-1.45446810951885e-17,-0.330551844882547,0,0
3.503,0.132881318418726,0.126721813964272,-0.246953395260412,-3.51391172846832e-06,0.127459418021977,-0.231222026132275,-1.4492117267302e-17,-0.32935724527818,0,0
3.504,0.132399998103045,0.126262804494567,-0.246058885124753,-3.50118370076248e-06,0.126997736816154,-0.230384497878229,-1.44396241814342e-17,-0.328164253402755,0,0
3.505,0.131919327725601,0.125804414836236,-0.245165582867344,-3.4884728600143e-06,0.126536679029413,-0.229548100558449,-1.43872019782251e-17,-0.326972872452553,0,0
3.506,0.131439308575954,0.125346646219061,-0.244273490884769,-3.47577924032489e-06,0.126076245898695,-0.228712836416848,-1.43348507983149e-17,-0.325783105623853,0,0
3.507,0.130959941943664,0.124889499872828,-0.243382611573612,-3.46310287579537e-06,0.125616438660945,-0.227878707697347,-1.4282570782344e-17,-0.324594956112936,0,0
3.508,0.130481229118292,0.124432977027322,-0.242492947330457,-3.45044380052684e-06,0.125157258553103,-0.227045716643862,-1.42303620709524e-17,-0.323408427116082,0,0
3.509,0.130003171389397,0.123977078912327,-0.241604500551888,-3.4378020486204e-06,0.124698706812113,-0.22621386550031,-1.41782248047803e-17,-0.322223521829571,0,0
3.51,0.129525770046539,0.123521806757626,-0.240717273634489,-3.42517765417717e-06,0.124240784674919,-0.225383156510608,-1.4126159124468e-17,-0.321040243449684,0,0
3.511,0.129049026379278,0.123067161793005,-0.239831268974842,-3.41257065129824e-06,0.123783493378461,-0.224553591918673,-1.40741651706557e-17,-0.3198585951727,0,0
3.512,0.128572941677174,0.122613145248248,-0.238946488969533,-3.39998107408473e-06,0.123326834159683,-0.223725173968423,-1.40222430839835e-17,-0.318678580194901,0,0
3.513,0.128097517229788,0.12215975835314,-0.238062936015145,-3.38740895663774e-06,0.122870808255527,-0.222897904903775,-1.39703930050916e-17,-0.317500201712565,0,0
3.514,0.127622754326679,0.121707002337465,-0.237180612508261,-3.37485433305837e-06,0.122415416902937,-0.222071786968646,-1.39186150746203e-17,-0.316323462921972,0,0
3.515,0.127148654257407,0.121254878431007,-0.236299520845467,-3.36231723744774e-06,0.121960661338854,-0.221246822406953,-1.38669094332097e-17,-0.315148367019405,0,0
3.516,0.126675218311532,0.120803387863551,-0.235419663423345,-3.34979770390695e-06,0.121506542800221,-0.220423013462613,-1.38152762215001e-17,-0.313974917201143,0,0
3.517,0.126202447778615,0.120352531864882,-0.234541042638479,-3.33729576653711e-06,0.121053062523982,-0.219600362379544,-1.37637155801315e-17,-0.312803116663465,0,0
3.518,0.125730343948214,0.119902311664784,-0.233663660887454,-3.32481145943932e-06,0.120600221747078,-0.218778871401663,-1.37122276497443e-17,-0.311632968602652,0,0
3.519,0.125258908109891,0.119452728493041,-0.232787520566851,-3.31234481671469e-06,0.120148021706452,-0.217958542772886,-1.36608125709786e-17,-0.310464476214984,0,0
3.52,0.124788141553205,0.119003783579438,-0.231912624073258,-3.29989587246432e-06,0.119696463639047,-0.217139378737132,-1.36094704844747e-17,-0.309297642696742,0,0
3.521,0.124318045567716,0.118555478153759,-0.231038973803256,-3.28746466078934e-06,0.119245548781805,-0.216321381538316,-1.35582015308726e-17,-0.308132471244206,0,0
3.522,0.123848621442985,0.118107813445789,-0.23016657215343,-3.27505121579082e-06,0.118795278371669,-0.215504553420358,-1.35070058508126e-17,-0.306968965053655,0,0
3.523,0.12337987046857,0.117660790685312,-0.229295421520362,-3.2626555715699e-06,0.118345653645582,-0.214688896627173,-1.34558835849349e-17,-0.30580712732137,0,0
3.524,0.122911793934033,0.117214411102113,-0.228425524300638,-3.25027776222766e-06,0.117896675840486,-0.213874413402679,-1.34048348738798e-17,-0.304646961243631,0,0
3.525,0.122444393128933,0.116768675925977,-0.227556882890841,-3.23791782186523e-06,0.117448346193324,-0.213061105990793,-1.33538598582873e-17,-0.303488470016719,0,0
3.526,0.12197766934283,0.116323586386686,-0.226689499687555,-3.2255757845837e-06,0.117000665941039,-0.212248976635433,-1.33029586787977e-17,-0.302331656836914,0,0
3.527,0.121511623865284,0.115879143714027,-0.225823377087363,-3.21325168448418e-06,0.116553636320573,-0.211438027580514,-1.32521314760512e-17,-0.301176524900495,0,0
3.528,0.121046257985855,0.115435349137784,-0.22495851748685,-3.20094555566778e-06,0.116107258568868,-0.210628261069956,-1.3201378390688e-17,-0.300023077403744,0,0
3.529,0.120581572994103,0.114992203887741,-0.224094923282599,-3.18865743223561e-06,0.115661533922868,-0.209819679347674,-1.31506995633482e-17,-0.298871317542939,0,0
3.53,0.120117570179589,0.114549709193682,-0.223232596871194,-3.17638734828877e-06,0.115216463619515,-0.209012284657587,-1.31000951346722e-17,-0.297721248514363,0,0
3.531,0.119654250831871,0.114107866285392,-0.222371540649219,-3.16413533792836e-06,0.114772048895752,-0.20820607924361,-1.30495652453e-17,-0.296572873514293,0,0
3.532,0.119191616240511,0.113666676392656,-0.221511757013258,-3.1519014352555e-06,0.11432829098852,-0.207401065349662,-1.29991100358718e-17,-0.295426195739012,0,0
3.533,0.118729667695068,0.113226140745258,-0.220653248359895,-3.13968567437129e-06,0.113885191134764,-0.206597245219659,-1.2948729647028e-17,-0.294281218384799,0,0
3.534,0.118268406485102,0.112786260572982,-0.219796017085713,-3.12748808937684e-06,0.113442750571425,-0.20579462109752,-1.28984242194085e-17,-0.293137944647934,0,0
3.535,0.117807833900173,0.112347037105613,-0.218940065587296,-3.11530871437324e-06,0.113000970535446,-0.20499319522716,-1.28481938936538e-17,-0.291996377724697,0,0
3.536,0.117347951229841,0.111908471572936,-0.218085396261229,-3.10314758346163e-06,0.11255985226377,-0.204192969852498,-1.27980388104038e-17,-0.29085652081137,0,0
3.537,0.116888759763666,0.111470565204734,-0.217232011504094,-3.09100473074308e-06,0.11211939699334,-0.20339394721745,-1.2747959110299e-17,-0.289718377104231,0,0
3.538,0.116430260791208,0.111033319230793,-0.216379913712477,-3.07888019031873e-06,0.111679605961097,-0.202596129565933,-1.26979549339793e-17,-0.288581949799561,0,0
3.539,0.115972455602027,0.110596734880896,-0.215529105282959,-3.06677399628965e-06,0.111240480403985,-0.201799519141865,-1.26480264220851e-17,-0.28744724209364,0,0
3.54,0.115515345485684,0.110160813384829,-0.214679588612126,-3.05468618275698e-06,0.110802021558946,-0.201004118189163,-1.25981737152566e-17,-0.286314257182749,0,0
3.541,0.115058931731737,0.109725555972376,-0.213831366096562,-3.04261678382181e-06,0.110364230662923,-0.200209928951745,-1.25483969541338e-17,-0.285182998263168,0,0
3.542,0.114603215629748,0.10929096387332,-0.21298444013285,-3.03056583358525e-06,0.109927108952859,-0.199416953673526,-1.24986962793571e-17,-0.284053468531177,0,0
3.543,0.114148198469275,0.108857038317448,-0.212138813117573,-3.0185333661484e-06,0.109490657665695,-0.198625194598425,-1.24490718315666e-17,-0.282925671183055,0,0
3.544,0.11369388153988,0.108423780534542,-0.211294487447316,-3.00651941561237e-06,0.109054878038375,-0.197834653970359,-1.23995237514025e-17,-0.281799609415084,0,0
3.545,0.113240266131121,0.107991191754388,-0.210451465518663,-2.99452401607828e-06,0.108619771307842,-0.197045334033245,-1.23500521795051e-17,-0.280675286423544,0,0
3.546,0.11278735353256,0.10755927320677,-0.209609749728198,-2.98254720164722e-06,0.108185338711037,-0.196257237031,-1.23006572565144e-17,-0.279552705404714,0,0
3.547,0.112335145033756,0.107128026121473,-0.208769342472503,-2.9705890064203e-06,0.107751581484904,-0.19547036520754,-1.22513391230708e-17,-0.278431869554874,0,0
3.548,0.111883641924268,0.10669745172828,-0.207930246148164,-2.95864946449863e-06,0.107318500866386,-0.194684720806785,-1.22020979198143e-17,-0.277312782070307,0,0
3.549,0.111432845493658,0.106267551256978,-0.207092463151763,-2.94672860998332e-06,0.106886098092424,-0.193900306072651,-1.21529337873853e-17,-0.27619544614729,0,0
3.55,0.110982757031485,0.105838325937349,-0.206255995879886,-2.93482647697546e-06,0.106454374399961,-0.193117123249053,-1.21038468664238e-17,-0.275079864982105,0,0
3.551,0.110533377827308,0.105409776999178,-0.205420846729114,-2.92294309957616e-06,0.106023331025941,-0.192335174579911,-1.20548372975701e-17,-0.273966041771032,0,0
3.552,0.110084709170689,0.104981905672251,-0.204587018096034,-2.91107851188655e-06,0.105592969207305,-0.191554462309142,-1.20059052214644e-17,-0.27285397971035,0,0
3.553,0.109636752351187,0.10455471318635,-0.203754512377227,-2.89923274800772e-06,0.105163290180997,-0.190774988680662,-1.19570507787469e-17,-0.271743681996341,0,0
3.554,0.109189508658362,0.104128200771262,-0.202923331969279,-2.88740584204077e-06,0.104734295183958,-0.189996755938388,-1.19082741100578e-17,-0.270635151825285,0,0
3.555,0.108742979381773,0.10370236965677,-0.202093479268772,-2.87559782808681e-06,0.104305985453132,-0.189219766326238,-1.18595753560373e-17,-0.26952839239346,0,0
3.556,0.108297165810982,0.103277221072659,-0.201264956672291,-2.86380874024696e-06,0.103878362225462,-0.188444022088129,-1.18109546573255e-17,-0.268423406897148,0,0
3.557,0.107852069235548,0.102852756248712,-0.20043776657642,-2.85203861262232e-06,0.103451426737889,-0.187669525467979,-1.17624121545626e-17,-0.26732019853263,0,0
3.558,0.10740769094503,0.102428976414716,-0.199611911377742,-2.84028747931398e-06,0.103025180227356,-0.186896278709703,-1.1713947988389e-17,-0.266218770496184,0,0
3.559,0.10696403222899,0.102005882800454,-0.198787393472841,-2.82855537442306e-06,0.102599623930806,-0.18612428405722,-1.16655622994446e-17,-0.265119125984092,0,0
3.56,0.106521094376986,0.10158347663571,-0.197964215258301,-2.81684233205068e-06,0.102174759085183,-0.185353543754447,-1.16172552283699e-17,-0.264021268192633,0,0
3.561,0.10607887867858,0.10116175915027,-0.197142379130707,-2.80514838629792e-06,0.101750586927427,-0.184584060045302,-1.15690269158049e-17,-0.262925200318088,0,0
3.562,0.10563738642333,0.100740731573917,-0.196321887486641,-2.7934735712659e-06,0.101327108694483,-0.1838158351737,-1.15208775023898e-17,-0.261830925556737,0,0
3.563,0.105196618900798,0.100320395136436,-0.195502742722687,-2.78181792105572e-06,0.100904325623291,-0.183048871383559,-1.14728071287649e-17,-0.26073844710486,0,0
3.564,0.104756577400542,0.0999007510676122,-0.19468494723543,-2.77018146976851e-06,0.100482238950796,-0.182283170918797,-1.14248159355703e-17,-0.259647768158738,0,0
3.565,0.104317263212123,0.099481800597229,-0.193868503421452,-2.75856425150534e-06,0.10006084991394,-0.181518736023331,-1.13769040634462e-17,-0.258558891914651,0,0
3.566,0.103878677625101,0.0990635449550714,-0.193053413677339,-2.74696630036735e-06,0.0996401597496652,-0.180755568941078,-1.13290716530329e-17,-0.257471821568878,0,0
3.567,0.103440821929036,0.0986459853709235,-0.192239680399674,-2.73538765045561e-06,0.0992201696949144,-0.179993671915954,-1.12813188449705e-17,-0.256386560317699,0,0
3.568,0.103003697413488,0.0982291230745701,-0.191427305985041,-2.72382833587127e-06,0.0988008809866302,-0.179233047191878,-1.12336457798992e-17,-0.255303111357396,0,0
3.569,0.102567305368017,0.0978129592957956,-0.190616292830023,-2.7122883907154e-06,0.0983822948617553,-0.178473697012766,-1.11860525984593e-17,-0.254221477884249,0,0
3.57,0.102131647082183,0.0973974952643846,-0.189806643331204,-2.70076784908913e-06,0.0979644125572323,-0.177715623622537,-1.11385394412908e-17,-0.253141663094537,0,0
3.571,0.101696723845546,0.0969827322101211,-0.188998359885169,-2.68926674509355e-06,0.0975472353100036,-0.176958829265106,-1.1091106449034e-17,-0.252063670184541,0,0
3.572,0.101262536947665,0.0965686713627899,-0.1881914448885,-2.67778511282977e-06,0.0971307643570123,-0.176203316184391,-1.10437537623292e-17,-0.250987502350541,0,0
3.573,0.100829087678102,0.0961553139521758,-0.187385900737782,-2.66632298639891e-06,0.0967150009352007,-0.175449086624309,-1.09964815218164e-17,-0.249913162788816,0,0
3.574,0.100396377326415,0.0957426612080627,-0.1865817298296,-2.65488039990207e-06,0.0962999462815114,-0.174696142828778,-1.0949289868136e-17,-0.248840654695649,0,0
3.575,0.0999644071821654,0.0953307143602352,-0.185778934560535,-2.64345738744034e-06,0.0958856016328868,-0.173944487041714,-1.0902178941928e-17,-0.247769981267318,0,0
3.576,0.0995331785349126,0.0949194746384782,-0.184977517327172,-2.63205398311484e-06,0.0954719682262701,-0.173194121507035,-1.08551488838328e-17,-0.246701145700104,0,0
3.577,0.0991026926742167,0.0945089432725756,-0.184177480526097,-2.62067022102669e-06,0.0950590472986037,-0.172445048468659,-1.08081998344904e-17,-0.245634151190287,0,0
3.578,0.0986729508896376,0.0940991214923121,-0.183378826553891,-2.60930613527697e-06,0.0946468400868302,-0.171697270170501,-1.07613319345411e-17,-0.244569000934147,0,0
3.579,0.0982439544707351,0.0936900105274722,-0.182581557807138,-2.59796175996681e-06,0.0942353478278919,-0.170950788856479,-1.0714545324625e-17,-0.243505698127964,0,0
3.58,0.0978157047070697,0.0932816116078404,-0.181785676682424,-2.5866371291973e-06,0.0938245717587319,-0.170205606770512,-1.06678401453825e-17,-0.242444245968019,0,0
3.581,0.097388202888201,0.0928739259632011,-0.18099118557633,-2.57533227706955e-06,0.0934145131162926,-0.169461726156515,-1.06212165374536e-17,-0.241384647650592,0,0
3.582,0.0969614503036892,0.092466954823339,-0.180198086885443,-2.56404723768466e-06,0.0930051731375167,-0.168719149258406,-1.05746746414786e-17,-0.240326906371963,0,0
3.583,0.0965354482430942,0.092060699418038,-0.179406383006344,-2.55278204514376e-06,0.0925965530593466,-0.167977878320102,-1.05282145980976e-17,-0.239271025328412,0,0
3.584,0.0961101979959762,0.091655160977083,-0.178616076335618,-2.54153673354794e-06,0.0921886541187251,-0.167237915585521,-1.04818365479509e-17,-0.23821700771622,0,0
3.585,0.0956857008518948,0.0912503407302585,-0.177827169269849,-2.5303113369983e-06,0.0917814775525949,-0.166499263298579,-1.04355406316786e-17,-0.237164856731665,0,0
3.586,0.0952619581004104,0.090846239907349,-0.177039664205621,-2.51910588959596e-06,0.0913750245978985,-0.165761923703194,-1.0389326989921e-17,-0.236114575571031,0,0
3.587,0.0948389710310827,0.0904428597381387,-0.176253563539517,-2.50792042544202e-06,0.0909692964915786,-0.165025899043283,-1.03431957633182e-17,-0.235066167430595,0,0
3.588,0.0944167409334717,0.090040201452412,-0.175468869668121,-2.49675497863758e-06,0.0905642944705777,-0.164291191562763,-1.02971470925105e-17,-0.234019635506638,0,0
3.589,0.0939952690971377,0.089638266279954,-0.174685584988018,-2.48560958328377e-06,0.0901600197718385,-0.163557803505551,-1.0251181118138e-17,-0.232974982995441,0,0
3.59,0.0935745568116404,0.0892370554505484,-0.17390371189579,-2.47448427348167e-06,0.0897564736323037,-0.162825737115565,-1.0205297980841e-17,-0.231932213093283,0,0
3.591,0.0931546053665397,0.0888365701939799,-0.173123252788022,-2.4633790833324e-06,0.0893536572889155,-0.162094994636721,-1.01594978212595e-17,-0.230891328996445,0,0
3.592,0.0927354160513961,0.0884368117400335,-0.172344210061298,-2.45229404693706e-06,0.0889515719786172,-0.161365578312937,-1.01137807800339e-17,-0.229852333901207,0,0
3.593,0.0923169901557693,0.0880377813184932,-0.171566586112202,-2.44122919839676e-06,0.0885502189383511,-0.16063749038813,-1.00681469978043e-17,-0.22881523100385,0,0
3.594,0.0918993289692192,0.0876394801591434,-0.170790383337316,-2.43018457181261e-06,0.0881495994050597,-0.159910733106218,-1.00225966152109e-17,-0.227780023500653,0,0
3.595,0.0914824337813057,0.0872419094917688,-0.170015604133226,-2.41916020128571e-06,0.0877497146156859,-0.159185308711117,-9.97712977289395e-18,-0.226746714587897,0,0
3.596,0.091066305881589,0.0868450705461535,-0.169242250896514,-2.40815612091717e-06,0.0873505658071717,-0.158461219446744,-9.93174661149358e-18,-0.225715307461861,0,0
3.597,0.0906509465596292,0.0864489645520824,-0.168470326023765,-2.3971723648081e-06,0.0869521542164607,-0.157738467557018,-9.88644727165002e-18,-0.224685805318827,0,0
3.598,0.090236357104986,0.0860535927393399,-0.167699831911563,-2.3862089670596e-06,0.0865544810804948,-0.157017055285854,-9.84123189400348e-18,-0.223658211355073,0,0
3.599,0.0898225388072195,0.0856589563377101,-0.166930770956491,-2.37526596177277e-06,0.0861575476362166,-0.156296984877171,-9.7961006191941e-18,-0.222632528766882,0,0
3.6,0.08940949295589,0.085265056576978,-0.166163145555134,-2.36434338304873e-06,0.0857613551205691,-0.155578258574885,-9.75105358786213e-18,-0.221608760750531,0,0
3.601,0.0889972208405571,0.0848718946869278,-0.165396958104075,-2.35344126498858e-06,0.0853659047704948,-0.154860878622914,-9.70609094064775e-18,-0.220586910502304,0,0
3.602,0.0885857237507809,0.0844794718973441,-0.164632210999897,-2.34255964169344e-06,0.0849711978229363,-0.154144847265174,-9.66121281819115e-18,-0.219566981218477,0,0
3.603,0.0881750029761215,0.084087789438011,-0.163868906639186,-2.3316985472644e-06,0.0845772355148363,-0.153430166745584,-9.61641936113253e-18,-0.218548976095334,0,0
3.604,0.0877650598061385,0.0836968485387132,-0.163107047418523,-2.32085801580256e-06,0.0841840190831369,-0.152716839308059,-9.57171071011207e-18,-0.217532898329152,0,0
3.605,0.0873558955303926,0.0833066504292354,-0.162346635734494,-2.31003808140905e-06,0.0837915497647816,-0.152004867196518,-9.52708700577e-18,-0.216518751116214,0,0
3.606,0.0869475114384433,0.0829171963393619,-0.161587673983683,-2.29923877818496e-06,0.0833998287967125,-0.151294252654878,-9.48254838874652e-18,-0.215506537652798,0,0
3.607,0.0865399088198504,0.0825284874988769,-0.160830164562672,-2.2884601402314e-06,0.0830088574158721,-0.150584997927054,-9.43809499968175e-18,-0.214496261135185,0,0
3.608,0.0861330889641746,0.0821405251375651,-0.160074109868046,-2.27770220164948e-06,0.0826186368592032,-0.149877105256966,-9.39372697921597e-18,-0.213487924759656,0,0
3.609,0.0857270531609755,0.0817533104852111,-0.15931951229639,-2.2669649965403e-06,0.0822291683636486,-0.149170576888531,-9.34944446798934e-18,-0.21248153172249,0,0
3.61,0.085321802699813,0.0813668447715994,-0.158566374244286,-2.25624855900497e-06,0.0818404531661507,-0.148465415065665,-9.30524760664207e-18,-0.211477085219968,0,0
3.611,0.084917338870247,0.0809811292265141,-0.157814698108317,-2.24555292314461e-06,0.0814524925036522,-0.147761622032285,-9.26113653581433e-18,-0.21047458844837,0,0
3.612,0.0845136629618377,0.0805961650797399,-0.157064486285069,-2.23487812306029e-06,0.0810652876130955,-0.147059200032308,-9.21711139614633e-18,-0.209474044603976,0,0
3.613,0.0841107762641453,0.0802119535610614,-0.156315741171126,-2.22422419285315e-06,0.0806788397314238,-0.146358151309653,-9.1731723282783e-18,-0.208475456883066,0,0
3.614,0.0837086800667294,0.0798284959002628,-0.15556846516307,-2.2135911666243e-06,0.0802931500955791,-0.145658478108235,-9.12931947285038e-18,-0.207478828481921,0,0
3.615,0.0833073756591501,0.0794457933271285,-0.154822660657485,-2.20297907847481e-06,0.0799082199425042,-0.144960182671973,-9.08555297050279e-18,-0.20648416259682,0,0
3.616,0.0829068643309676,0.0790638470714434,-0.154078330050957,-2.19238796250582e-06,0.0795240505091419,-0.144263267244784,-9.04187296187573e-18,-0.205491462424045,0,0
3.617,0.0825071473717416,0.0786826583629918,-0.153335475740068,-2.18181785281842e-06,0.0791406430324346,-0.143567734070584,-8.99827958760939e-18,-0.204500731159874,0,0
3.618,0.0821082260710324,0.0783022284315581,-0.152594100121401,-2.17126878351374e-06,0.0787579987493252,-0.142873585393291,-8.95477298834398e-18,-0.20351197200059,0,0
3.619,0.0817101017183998,0.0779225585069269,-0.151854205591542,-2.16074078869285e-06,0.0783761188967561,-0.142180823456822,-8.91135330471971e-18,-0.20252518814247,0,0
3.62,0.0813127756034036,0.0775436498188822,-0.151115794547074,-2.15023390245687e-06,0.0779950047116699,-0.141489450505094,-8.86802067737669e-18,-0.201540382781796,0,0
3.621,0.0809162490156042,0.0771655035972089,-0.15037886938458,-2.13974815890693e-06,0.0776146574310094,-0.140799468782024,-8.82477524695523e-18,-0.200557559114848,0,0
3.622,0.0805205232445616,0.0767881210716913,-0.149643432500645,-2.12928359214411e-06,0.0772350782917172,-0.140110880531531,-8.78161715409545e-18,-0.199576720337906,0,0
3.623,0.0801255995798352,0.076411503472114,-0.148909486291852,-2.11884023626952e-06,0.0768562685307356,-0.139423687997529,-8.73854653943755e-18,-0.198597869647251,0,0
3.624,0.0797314793109858,0.0760356520282617,-0.148177033154786,-2.10841812538428e-06,0.0764782293850076,-0.138737893423938,-8.69556354362176e-18,-0.197621010239162,0,0
3.625,0.0793381637275729,0.0756605679699184,-0.147446075486029,-2.09801729358948e-06,0.0761009620914757,-0.138053499054674,-8.65266830728827e-18,-0.19664614530992,0,0
3.626,0.0789456541191567,0.0752862525268688,-0.146716615682167,-2.08763777498624e-06,0.0757244678870824,-0.137370507133655,-8.60986097107725e-18,-0.195673278055805,0,0
3.627,0.0785539517752968,0.0749127069288973,-0.145988656139781,-2.07727960367566e-06,0.0753487480087704,-0.136688919904797,-8.56714167562895e-18,-0.194702411673097,0,0
3.628,0.0781630579855536,0.0745399324057883,-0.145262199255458,-2.06694281375883e-06,0.0749738036934824,-0.136008739612018,-8.5245105615835e-18,-0.193733549358076,0,0
3.629,0.0777729740394869,0.0741679301873264,-0.144537247425779,-2.05662743933689e-06,0.0745996361781611,-0.135329968499234,-8.48196776958112e-18,-0.192766694307023,0,0
3.63,0.0773837012266571,0.0737967015032963,-0.14381380304733,-2.04633351451093e-06,0.0742262466997491,-0.134652608810364,-8.43951344026202e-18,-0.191801849716218,0,0
3.631,0.0769952408366235,0.0734262475834818,-0.143091868516694,-2.03606107338205e-06,0.0738536364951885,-0.133976662789324,-8.39714771426638e-18,-0.19083901878194,0,0
3.632,0.0766075941589465,0.073056569657668,-0.142371446230455,-2.02581015005137e-06,0.0734818068014227,-0.133302132680032,-8.3548707322344e-18,-0.189878204700471,0,0
3.633,0.0762207624831863,0.0726876689556394,-0.141652538585196,-2.01558077861999e-06,0.0731107588553939,-0.132629020726404,-8.31268263480629e-18,-0.188919410668091,0,0
3.634,0.0758347470989026,0.0723195467071799,-0.140935147977502,-2.00537299318901e-06,0.0727404938940447,-0.131957329172359,-8.27058356262223e-18,-0.187962639881079,0,0
3.635,0.0754495492956555,0.0719522041420743,-0.140219276803956,-1.99518682785954e-06,0.0723710131543178,-0.131287060261812,-8.22857365632243e-18,-0.187007895535716,0,0
3.636,0.0750651703630046,0.071585642490107,-0.139504927461142,-1.98502231673269e-06,0.0720023178731557,-0.130618216238682,-8.18665305654707e-18,-0.186055180828281,0,0
3.637,0.0746816115905106,0.0712198629810629,-0.138792102345644,-1.97487949390957e-06,0.0716344092875013,-0.129950799346885,-8.14482190393634e-18,-0.185104498955055,0,0
3.638,0.0742988742677331,0.0708548668447259,-0.138080803854046,-1.96475839349128e-06,0.0712672886342972,-0.129284811830339,-8.10308033913046e-18,-0.18415585311232,0,0
3.639,0.0739169596842317,0.0704906553108804,-0.137371034382931,-1.95465904957892e-06,0.0709009571504855,-0.12862025593296,-8.0614285027696e-18,-0.183209246496353,0,0
3.64,0.0735358691295673,0.0701272296093115,-0.136662796328884,-1.94458149627362e-06,0.0705354160730097,-0.127957133898667,-8.01986653549398e-18,-0.182264682303437,0,0
3.641,0.0731556038932993,0.0697645909698031,-0.135956092088488,-1.93452576767646e-06,0.0701706666388117,-0.127295447971376,-7.9783945779438e-18,-0.181322163729851,0,0
3.642,0.0727761652649878,0.06940274062214,-0.135250924058328,-1.92449189788857e-06,0.0698067100848344,-0.126635200395004,-7.93701277075924e-18,-0.180381693971875,0,0
3.643,0.0723975545341928,0.0690416797961066,-0.134547294634986,-1.91447992101103e-06,0.0694435476480203,-0.125976393413469,-7.8957212545805e-18,-0.179443276225789,0,0
3.644,0.0720197729904742,0.0686814097214872,-0.133845206215047,-1.90448987114496e-06,0.0690811805653121,-0.125319029270688,-7.85452017004775e-18,-0.178506913687873,0,0
3.645,0.0716428219233921,0.0683219316280663,-0.133144661195095,-1.89452178239148e-06,0.0687196100736525,-0.124663110210577,-7.81340965780124e-18,-0.177572609554409,0,0
3.646,0.0712667026225067,0.0679632467456287,-0.132445661971713,-1.88457568885168e-06,0.0683588374099839,-0.124008638477055,-7.77238985848112e-18,-0.176640367021676,0,0
3.647,0.0708914163773776,0.0676053563039585,-0.131748210941485,-1.87465162462666e-06,0.0679988638112492,-0.123355616314038,-7.73146091272759e-18,-0.175710189285954,0,0
3.648,0.0705169644775649,0.0672482615328402,-0.131052310500996,-1.86474962381755e-06,0.067639690514391,-0.122704045965444,-7.69062296118086e-18,-0.174782079543523,0,0
3.649,0.0701433482126288,0.0668919636620585,-0.130357963046828,-1.85486972052543e-06,0.0672813187563517,-0.12205392967519,-7.64987614448114e-18,-0.173856040990664,0,0
3.65,0.0697705688721293,0.0665364639213979,-0.129665170975566,-1.84501194885143e-06,0.066923749774074,-0.121405269687193,-7.60922060326864e-18,-0.172932076823657,0,0
3.651,0.0693986277456262,0.0661817635406425,-0.128973936683794,-1.83517634289664e-06,0.0665669848045006,-0.120758068245369,-7.56865647818349e-18,-0.172010190238782,0,0
3.652,0.0690275261226793,0.0658278637495768,-0.128284262568094,-1.82536293676218e-06,0.0662110250845739,-0.120112327593637,-7.52818390986591e-18,-0.171090384432319,0,0
3.653,0.0686572652928491,0.0654747657779858,-0.127596151025053,-1.81557176454914e-06,0.065855871851237,-0.119468049975913,-7.48780303895612e-18,-0.170172662600548,0,0
3.654,0.0682878465456953,0.0651224708556536,-0.126909604451252,-1.80580286035864e-06,0.065501526341432,-0.118825237636116,-7.44751400609431e-18,-0.16925702793975,0,0
3.655,0.0679192711707778,0.0647709802123645,-0.126224625243277,-1.79605625829179e-06,0.065147989792102,-0.118183892818161,-7.40731695192068e-18,-0.168343483646206,0,0
3.656,0.0675515404576569,0.0644202950779031,-0.125541215797709,-1.78633199244967e-06,0.0647952634401888,-0.117544017765966,-7.36721201707537e-18,-0.167432032916193,0,0
3.657,0.0671846556958924,0.0640704166820542,-0.124859378511135,-1.77663009693342e-06,0.0644433485226362,-0.116905614723448,-7.32719934219868e-18,-0.166522678945995,0,0
3.658,0.0668186181750442,0.0637213462546018,-0.124179115780137,-1.76695060584412e-06,0.064092246276386,-0.116268685934525,-7.28727906793073e-18,-0.16561542493189,0,0
3.659,0.0664534291846727,0.0633730850253308,-0.123500430001299,-1.7572935532829e-06,0.063741957938381,-0.115633233643114,-7.24745133491173e-18,-0.164710274070158,0,0
3.66,0.0660890900143374,0.0630256342240252,-0.122823323571206,-1.74765897335085e-06,0.0633924847455637,-0.114999260093132,-7.20771628378186e-18,-0.163807229557081,0,0
3.661,0.0657256019535984,0.0626789950804697,-0.12214779888644,-1.73804690014908e-06,0.0630438279348772,-0.114366767528495,-7.16807405518136e-18,-0.162906294588937,0,0
3.662,0.065362966292016,0.0623331688244487,-0.121473858343585,-1.72845736777869e-06,0.0626959887432635,-0.113735758193122,-7.12852478975039e-18,-0.162007472362007,0,0
3.663,0.06500118431915,0.0619881566857471,-0.120801504339227,-1.71889041034081e-06,0.0623489684076658,-0.113106234330929,-7.08906862812917e-18,-0.161110766072573,0,0
3.664,0.0646402573245601,0.0616439598941487,-0.120130739269948,-1.70934606193652e-06,0.0620027681650261,-0.112478198185834,-7.04970571095786e-18,-0.160216178916912,0,0
3.665,0.0642801865978069,0.0613005796794384,-0.119461565532331,-1.69982435666694e-06,0.0616573892522877,-0.111851652001754,-7.01043617887672e-18,-0.159323714091307,0,0
3.666,0.0639209734284502,0.0609580172714007,-0.118793985522962,-1.69032532863317e-06,0.0613128329063928,-0.111226598022605,-6.97126017252589e-18,-0.158433374792037,0,0
3.667,0.0635626191060497,0.0606162738998197,-0.118128001638425,-1.68084901193632e-06,0.060969100364284,-0.110603038492306,-6.93217783254557e-18,-0.157545164215382,0,0
3.668,0.0632051249201653,0.0602753507944801,-0.117463616275301,-1.6713954406775e-06,0.0606261928629039,-0.109980975654773,-6.89318929957595e-18,-0.156659085557622,0,0
3.669,0.0628484921603576,0.0599352491851664,-0.116800831830176,-1.66196464895781e-06,0.0602841116391956,-0.109360411753924,-6.85429471425728e-18,-0.155775142015038,0,0
3.67,0.0624927221161862,0.0595959703016632,-0.116139650699633,-1.65255667087836e-06,0.0599428579301011,-0.108741349033676,-6.8154942172297e-18,-0.154893336783911,0,0
3.671,0.062137816077211,0.0592575153737547,-0.115480075280257,-1.64317154054026e-06,0.0596024329725634,-0.108123789737945,-6.77678794913345e-18,-0.154013673060519,0,0
3.672,0.0617837753329922,0.0589198856312253,-0.11482210796863,-1.6338092920446e-06,0.0592628380035248,-0.10750773611065,-6.73817605060866e-18,-0.153136154041143,0,0
3.673,0.06143060117309,0.05858308230386,-0.114165751161338,-1.62446995949251e-06,0.0589240742599285,-0.106893190395707,-6.69965866229562e-18,-0.152260782922064,0,0
3.674,0.0610782948870637,0.0582471066214427,-0.113511007254963,-1.61515357698509e-06,0.0585861429787168,-0.106280154837034,-6.66123592483444e-18,-0.151387562899562,0,0
3.675,0.0607268577644742,0.0579119598137581,-0.11285787864609,-1.60586017862343e-06,0.058249045396832,-0.105668631678547,-6.62290797886535e-18,-0.150516497169917,0,0
3.676,0.0603762910948807,0.0575776431105904,-0.112206367731302,-1.59658979850865e-06,0.057912782751217,-0.105058623164164,-6.58467496502854e-18,-0.149647588929408,0,0
3.677,0.0600265961678434,0.0572441577417249,-0.111556476907183,-1.58734247074186e-06,0.0575773562788146,-0.104450131537803,-6.54653702396423e-18,-0.148780841374317,0,0
3.678,0.0596777742729228,0.0569115049369451,-0.110908208570317,-1.57811822942416e-06,0.0572427672165671,-0.103843159043379,-6.50849429631259e-18,-0.147916257700924,0,0
3.679,0.0593298266996785,0.0565796859260359,-0.110261565117288,-1.56891710865666e-06,0.0569090168014172,-0.103237707924811,-6.47054692271384e-18,-0.147053841105508,0,0
3.68,0.05898275473767,0.0562487019387818,-0.109616548944679,-1.55973914254045e-06,0.0565761062703077,-0.102633780426016,-6.43269504380813e-18,-0.14619359478435,0,0
3.681,0.0586365596764583,0.0559185542049672,-0.108973162449075,-1.55058436517666e-06,0.0562440368601811,-0.102031378790911,-6.3949388002357e-18,-0.145335521933731,0,0
3.682,0.0582912428056027,0.0555892439543766,-0.108331408027059,-1.54145281066639e-06,0.0559128098079803,-0.101430505263413,-6.35727833263674e-18,-0.14447962574993,0,0
3.683,0.0579468054146636,0.0552607724167945,-0.107691288075216,-1.53234451311075e-06,0.0555824263506475,-0.100831162087439,-6.31971378165142e-18,-0.143625909429227,0,0
3.684,0.0576032487932003,0.0549331408220051,-0.107052804990128,-1.52325950661083e-06,0.0552528877251253,-0.100233351506906,-6.28224528791995e-18,-0.142774376167903,0,0
3.685,0.0572605742307737,0.0546063503997932,-0.106415961168381,-1.51419782526775e-06,0.0549241951683566,-0.0996370757657321,-6.24487299208255e-18,-0.141925029162238,0,0
3.686,0.0569187830169433,0.0542804023799431,-0.105780759006557,-1.50515950318261e-06,0.0545963499172839,-0.0990423371078339,-6.20759703477938e-18,-0.141077871608512,0,0
3.687,0.0565778764412691,0.0539552979922395,-0.10514720090124,-1.49614457445652e-06,0.0542693532088498,-0.0984491377771288,-6.17041755665067e-18,-0.140232906703006,0,0
3.688,0.0562378557933111,0.0536310384664666,-0.104515289249015,-1.48715307319059e-06,0.053943206279997,-0.097857480017534,-6.13333469833659e-18,-0.139390137641998,0,0
3.689,0.0558987223626295,0.0533076250324088,-0.103885026446465,-1.47818503348591e-06,0.0536179103676681,-0.0972673660729664,-6.09634860047734e-18,-0.138549567621771,0,0
3.69,0.055560477438784,0.0529850589198511,-0.103256414890174,-1.46924048944362e-06,0.053293466708806,-0.0966787981873436,-6.05945940371311e-18,-0.137711199838604,0,0
3.691,0.0552231223113349,0.0526633413585773,-0.102629456976725,-1.46031947516479e-06,0.0529698765403527,-0.0960917786045825,-6.02266724868412e-18,-0.136875037488777,0,0
3.692,0.054886658269842,0.0523424735783722,-0.102004155102703,-1.45142202475054e-06,0.0526471410992511,-0.0955063095686,-5.98597227603053e-18,-0.13604108376857,0,0
3.693,0.0545510866038651,0.0520224568090203,-0.101380511664692,-1.44254817230199e-06,0.052325261622444,-0.0949223933233143,-5.94937462639257e-18,-0.135209341874264,0,0
3.694,0.0542164086029647,0.0517032922803061,-0.100758529059275,-1.43369795192023e-06,0.0520042393468739,-0.0943400321126417,-5.91287444041044e-18,-0.134379815002138,0,0
3.695,0.0538826255567005,0.0513849812220138,-0.100138209683036,-1.42487139770637e-06,0.0516840755094834,-0.0937592281804995,-5.87647185872431e-18,-0.133552506348473,0,0
3.696,0.0535497387546322,0.0510675248639282,-0.0995195559325583,-1.41606854376152e-06,0.0513647713472152,-0.0931799837708047,-5.84016702197437e-18,-0.13272741910955,0,0
3.697,0.0532177494863205,0.0507509244358336,-0.0989025702044273,-1.40728942418679e-06,0.0510463280970118,-0.0926023011274753,-5.80396007080084e-18,-0.131904556481649,0,0
3.698,0.0528866590413249,0.0504351811675144,-0.0982872548952254,-1.39853407308327e-06,0.050728746995816,-0.0920261824944282,-5.76785114584391e-18,-0.131083921661048,0,0
3.699,0.0525564687092056,0.0501202962887553,-0.0976736124015372,-1.38980252455209e-06,0.0504120292805703,-0.0914516301155803,-5.73184038774377e-18,-0.13026551784403,0,0
3.7,0.0522271797795222,0.0498062710293404,-0.097061645119946,-1.38109481269433e-06,0.0500961761882172,-0.0908786462348483,-5.69592793714062e-18,-0.129449348226873,0,0
3.701,0.0518987935418352,0.0494931066190547,-0.0964513554470363,-1.37241097161112e-06,0.0497811889556994,-0.0903072330961505,-5.66011393467465e-18,-0.128635416005858,0,0
3.702,0.0515713112857044,0.0491808042876822,-0.0958427457793911,-1.36375103540355e-06,0.0494670688199598,-0.0897373929434035,-5.62439852098609e-18,-0.127823724377267,0,0
3.703,0.0512447343006897,0.0488693652650077,-0.0952358185135946,-1.35511503817274e-06,0.0491538170179405,-0.0891691280205251,-5.58878183671508e-18,-0.127014276537377,0,0
3.704,0.050919063876351,0.0485587907808153,-0.0946305760462307,-1.34650301401978e-06,0.0488414347865846,-0.088602440571431,-5.55326402250183e-18,-0.12620707568247,0,0
3.705,0.0505943013022488,0.0482490820648898,-0.0940270207738838,-1.3379149970458e-06,0.0485299233628346,-0.0880373328400399,-5.51784521898657e-18,-0.125402125008827,0,0
3.706,0.0502704478679427,0.0479402403470154,-0.0934251550931366,-1.32935102135189e-06,0.048219283983633,-0.0874738070702683,-5.48252556680947e-18,-0.124599427712727,0,0
3.707,0.0499475048629926,0.047632266856977,-0.0928249814005735,-1.32081112103915e-06,0.0479095178859226,-0.0869118655060335,-5.44730520661074e-18,-0.12379898699045,0,0
3.708,0.0496254735769587,0.0473251628245586,-0.0922265020927784,-1.3122953302087e-06,0.0476006263066457,-0.0863515103912529,-5.41218427903055e-18,-0.123000806038276,0,0
3.709,0.0493043552994009,0.0470189294795448,-0.0916297195663349,-1.30380368296164e-06,0.0472926104827451,-0.0857927439698434,-5.37716292470913e-18,-0.122204888052487,0,0
3.71,0.0489841513198794,0.0467135680517204,-0.0910346362178274,-1.29533621339909e-06,0.0469854716511636,-0.0852355684857224,-5.34224128428665e-18,-0.121411236229362,0,0
3.711,0.048664862927954,0.0464090797708694,-0.0904412544438391,-1.28689295562213e-06,0.0466792110488436,-0.0846799861828069,-5.30741949840333e-18,-0.12061985376518,0,0
3.712,0.0483464914131848,0.0461054658667764,-0.0898495766409537,-1.27847394373189e-06,0.0463738299127279,-0.0841259993050143,-5.27269770769933e-18,-0.119830743856224,0,0
3.713,0.0480290380651315,0.045802727569226,-0.089259605205755,-1.27007921182947e-06,0.0460693294797588,-0.0835736100962616,-5.23807605281487e-18,-0.119043909698771,0,0
3.714,0.0477125041733544,0.0455008661080027,-0.088671342534828,-1.26170879401597e-06,0.0457657109868793,-0.0830228208004662,-5.20355467439015e-18,-0.118259354489104,0,0
3.715,0.0473968910274135,0.0451998827128909,-0.0880847910247557,-1.2533627243925e-06,0.045462975671032,-0.0824736336615448,-5.16913371306535e-18,-0.117477081423501,0,0
3.716,0.0470821999168685,0.0448997786136749,-0.0874999530721212,-1.24504103706018e-06,0.045161124769159,-0.0819260509234154,-5.13481330948067e-18,-0.116697093698244,0,0
3.717,0.0467684321312798,0.0446005550401394,-0.0869168310735098,-1.23674376612009e-06,0.0448601595182037,-0.0813800748299944,-5.10059360427634e-18,-0.115919394509613,0,0
3.718,0.0464555889602072,0.0443022132220688,-0.0863354274255042,-1.22847094567336e-06,0.0445600811551081,-0.0808357076251995,-5.06647473809252e-18,-0.115143987053887,0,0
3.719,0.0461436716932105,0.0440047543892474,-0.0857557445246888,-1.22022260982108e-06,0.0442608909168151,-0.0802929515529478,-5.0324568515694e-18,-0.114370874527347,0,0
3.72,0.0458326816198501,0.0437081797714602,-0.0851777847676474,-1.21199879266436e-06,0.0439625900402671,-0.0797518088571563,-4.99854008534719e-18,-0.113600060126273,0,0
3.721,0.0455226200296857,0.0434124905984911,-0.0846015505509632,-1.20379952830432e-06,0.043665179762407,-0.0792122817817422,-4.96472458006607e-18,-0.112831547046945,0,0
3.722,0.0452134882122772,0.0431176881001246,-0.0840270442712208,-1.19562485084206e-06,0.0433686613201775,-0.0786743725706229,-4.93101047636627e-18,-0.112065338485643,0,0
3.723,0.044905287457185,0.0428237735061456,-0.0834542683250037,-1.18747479437867e-06,0.0430730359505209,-0.0781380834677157,-4.89739791488797e-18,-0.111301437638649,0,0
3.724,0.0445980190539689,0.0425307480463382,-0.0828832251088958,-1.17934939301528e-06,0.0427783048903798,-0.0776034167169373,-4.86388703627133e-18,-0.110539847702241,0,0
3.725,0.0442916842921887,0.0422386129504869,-0.0823139170194809,-1.17124868085298e-06,0.0424844693766973,-0.0770703745622052,-4.83047798115662e-18,-0.1097805718727,0,0
3.726,0.0439862844614046,0.0419473694483763,-0.081746346453343,-1.16317269199288e-06,0.0421915306464155,-0.0765389592474366,-4.79717089018398e-18,-0.109023613346306,0,0
3.727,0.0436818208511767,0.0416570187697909,-0.0811805158070658,-1.1551214605361e-06,0.0418994899364773,-0.0760091730165489,-4.76396590399362e-18,-0.108268975319341,0,0
3.728,0.0433782947510647,0.041367562144515,-0.0806164274772327,-1.14709502058372e-06,0.0416083484838252,-0.0754810181134589,-4.73086316322573e-18,-0.107516660988082,0,0
3.729,0.0430757074506286,0.0410790008023332,-0.080054083860428,-1.13909340623688e-06,0.0413181075254018,-0.0749544967820837,-4.6978628085205e-18,-0.106766673548812,0,0
3.73,0.0427740602394288,0.04079133597303,-0.0794934873532356,-1.13111665159666e-06,0.0410287682981498,-0.074429611266341,-4.66496498051816e-18,-0.106019016197809,0,0
3.731,0.0424733544070249,0.0405045688863896,-0.0789346403522395,-1.12316479076417e-06,0.0407403320390118,-0.0739063638101476,-4.63216981985891e-18,-0.105273692131355,0,0
3.732,0.0421735912429768,0.0402187007721967,-0.0783775452540227,-1.11523785784053e-06,0.0404527999849306,-0.0733847566574208,-4.59947746718288e-18,-0.104530704545729,0,0
3.733,0.0418747720368451,0.0399337328602358,-0.07782220445517,-1.10733588692683e-06,0.0401661733728486,-0.0728647920520777,-4.56688806313032e-18,-0.103790056637212,0,0
3.734,0.0415768980781893,0.0396496663802914,-0.0772686203522643,-1.09945891212419e-06,0.0398804534397084,-0.0723464722380358,-4.5344017483414e-18,-0.103051751602084,0,0
3.735,0.0412799706565694,0.0393665025621479,-0.0767167953418904,-1.09160696753371e-06,0.0395956414224526,-0.0718297994592121,-4.50201866345634e-18,-0.102315792636626,0,0
3.736,0.0409839910615456,0.0390842426355897,-0.0761667318206314,-1.08378008725649e-06,0.0393117385580242,-0.0713147759595238,-4.46973894911532e-18,-0.101582182937116,0,0
3.737,0.0406889605826777,0.0388028878304012,-0.0756184321850712,-1.07597830539365e-06,0.0390287460833653,-0.0708014039828879,-4.43756274595855e-18,-0.100850925699835,0,0
3.738,0.0403948805095257,0.038522439376367,-0.0750718988317942,-1.0682016560463e-06,0.0387466652354188,-0.0702896857732218,-4.40549019462621e-18,-0.100122024121065,0,0
3.739,0.0401017521316499,0.0382428985032716,-0.0745271341573834,-1.06045017331552e-06,0.0384654972511274,-0.0697796235744426,-4.37352143575852e-18,-0.0993954813970848,0,0
3.74,0.03980957673861,0.0379642664408993,-0.0739841405584234,-1.05272389130245e-06,0.0381852433674335,-0.069271219630467,-4.34165660999562e-18,-0.0986713007241744,0,0
3.741,0.039518355619966,0.037686544419035,-0.0734429204314975,-1.04502284410817e-06,0.0379059048212798,-0.0687644761852135,-4.30989585797776e-18,-0.0979494852986145,0,0
3.742,0.0392280900652781,0.0374097336674627,-0.0729034761731899,-1.0373470658338e-06,0.0376274828496092,-0.0682593954825987,-4.27823932034513e-18,-0.0972300383166846,0,0
3.743,0.0389387813641061,0.0371338354159672,-0.0723658101800841,-1.02969659058043e-06,0.0373499786893637,-0.0677559797665392,-4.2466871377379e-18,-0.0965129629746659,0,0
3.744,0.0386504308060102,0.0368588508943326,-0.0718299248487642,-1.0220714524492e-06,0.0370733935774866,-0.0672542312809528,-4.2152394507963e-18,-0.0957982624688376,0,0
3.745,0.0383630396805499,0.0365847813323436,-0.0712958225758136,-1.01447168554118e-06,0.03679772875092,-0.0667541522697557,-4.1838964001605e-18,-0.0950859399954811,0,0
3.746,0.0380766092772857,0.0363116279597845,-0.0707635057578166,-1.0068973239575e-06,0.0365229854466068,-0.0662557449768666,-4.15265812647071e-18,-0.0943759987508757,0,0
3.747,0.0377911408857776,0.0360393920064402,-0.0702329767913572,-9.99348401799254e-07,0.0362491649014896,-0.0657590116462023,-4.12152477036713e-18,-0.0936684419313014,0,0
3.748,0.0375066357955852,0.0357680747020948,-0.0697042380730184,-9.91824953167553e-07,0.0359762683525109,-0.0652639545216789,-4.09049647248992e-18,-0.0929632727330394,0,0
3.749,0.0372230952962689,0.0354976772765327,-0.0691772919993849,-9.84327012163509e-07,0.0357042970366135,-0.0647705758472146,-4.0595733734793e-18,-0.0922604943523688,0,0
3.75,0.0369405206773883,0.0352282009595387,-0.0686521409670398,-9.76854612888221e-07,0.0354332521907401,-0.0642788778667265,-4.02875561397549e-18,-0.0915601099855712,0,0
3.751,0.0366589132285039,0.034959646980897,-0.0681287873725678,-9.69407789442801e-07,0.0351631350518329,-0.0637888628241317,-3.99804333461866e-18,-0.0908621228289257,0,0
3.752,0.0363782742391753,0.0346920165703923,-0.0676072336125522,-9.61986575928347e-07,0.0348939468568349,-0.0633005329633476,-3.96743667604903e-18,-0.0901665360787125,0,0
3.753,0.0360986049989624,0.0344253109578087,-0.0670874820835761,-9.5459100644597e-07,0.0346256888426884,-0.0628138905282902,-3.93693577890672e-18,-0.0894733529312117,0,0
3.754,0.0358199067974257,0.0341595313729313,-0.0665695351822249,-9.47221115096779e-07,0.0343583622463364,-0.0623289377628782,-3.90654078383203e-18,-0.0887825765827039,0,0
3.755,0.035542180924125,0.0338946790455438,-0.066053395305081,-9.39876935981885e-07,0.0340919683047213,-0.061845676911028,-3.87625183146509e-18,-0.0880942102294702,0,0
3.756,0.0352654286686197,0.033630755205431,-0.0655390648487293,-9.32558503202376e-07,0.0338265082547855,-0.0613641102166573,-3.84606906244611e-18,-0.0874082570677892,0,0
3.757,0.0349896513204706,0.0333677610823776,-0.0650265462097528,-9.25265850859375e-07,0.0335619833334722,-0.0608842399236829,-3.8159926174153e-18,-0.0867247202939416,0,0
3.758,0.0347148501692375,0.033105697906168,-0.064515841784736,-9.17999013053985e-07,0.0332983947777238,-0.0604060682760221,-3.78602263701284e-18,-0.0860436031042084,0,0
3.759,0.0344410265044802,0.0328445669065863,-0.0640069539702626,-9.10758023887322e-07,0.0330357438244826,-0.0599295975175917,-3.75615926187894e-18,-0.0853649086948685,0,0
3.76,0.0341681816157585,0.0325843693134176,-0.0634998851629158,-9.03542917460468e-07,0.0327740317106915,-0.0594548298923097,-3.7264026326538e-18,-0.0846886402622031,0,0
3.761,0.0338963167926329,0.0323251063564456,-0.0629946377592798,-8.96353727874543e-07,0.032513259673293,-0.0589817676440927,-3.69675288997758e-18,-0.0840148010024921,0,0
3.762,0.0336254333246632,0.0320667792654552,-0.0624912141559391,-8.89190489230666e-07,0.0322534289492298,-0.0585104130168581,-3.6672101744905e-18,-0.0833433941120156,0,0
3.763,0.0333555325014091,0.0318093892702309,-0.0619896167494769,-8.82053235629923e-07,0.0319945407754445,-0.0580407682545228,-3.63777462683275e-18,-0.0826744227870542,0,0
3.764,0.0330866156124311,0.0315529376005573,-0.0614898479364765,-8.74942001173434e-07,0.0317365963888798,-0.0575728356010043,-3.60844638764456e-18,-0.0820078902238874,0,0
3.765,0.0328186839472888,0.0312974254862185,-0.0609919101135228,-8.67856819962291e-07,0.0314795970264782,-0.0571066173002197,-3.57922559756606e-18,-0.0813437996187956,0,0
3.766,0.0325517387955423,0.0310428541569991,-0.0604958056771989,-8.6079772609762e-07,0.0312235439251825,-0.0566421155960863,-3.55011239723751e-18,-0.0806821541680591,0,0
3.767,0.0322857814467518,0.0307892248426838,-0.0600015370240889,-8.53764753680514e-07,0.0309684383219352,-0.0561793327325213,-3.52110692729908e-18,-0.0800229570679591,0,0
3.768,0.0320208131904771,0.0305365387730566,-0.0595091065507769,-8.46757936812086e-07,0.0307142814536788,-0.0557182709534418,-3.49220932839097e-18,-0.0793662115147744,0,0
3.769,0.031756835316278,0.0302847971779024,-0.0590185166538459,-8.39777309593434e-07,0.030461074557356,-0.0552589325027646,-3.46341974115335e-18,-0.0787119207047855,0,0
3.77,0.0314938491137149,0.0300340012870055,-0.0585297697298808,-8.32822906125672e-07,0.0302088188699096,-0.0548013196244075,-3.43473830622646e-18,-0.0780600878342734,0,0
3.771,0.0312318558723477,0.0297841523301505,-0.0580428681754646,-8.25894760509906e-07,0.029957515628282,-0.0543454345622876,-3.40616516425047e-18,-0.077410716099517,0,0
3.772,0.0309708568817362,0.0295352515371218,-0.0575578143871818,-8.18992906847241e-07,0.0297071660694159,-0.0538912795603219,-3.37770045586557e-18,-0.0767638086967977,0,0
3.773,0.0307108534314403,0.0292873001377035,-0.0570746107616154,-8.1211737923878e-07,0.029457771430254,-0.0534388568624273,-3.34934432171194e-18,-0.0761193688223947,0,0
3.774,0.0304518468110204,0.0290402993616807,-0.0565932596953498,-8.05268211785636e-07,0.0292093329477388,-0.0529881687125218,-3.32109690242984e-18,-0.0754773996725895,0,0
3.775,0.0301938383100364,0.0287942504388374,-0.0561137635849689,-7.98445438588909e-07,0.0289618518588132,-0.0525392173545218,-3.29295833865944e-18,-0.0748379044436609,0,0
3.776,0.0299368292180479,0.0285491545989585,-0.055636124827056,-7.91649093749713e-07,0.0287153294004193,-0.0520920050323448,-3.2649287710409e-18,-0.0742008863318899,0,0
3.777,0.0296808208246153,0.0283050130718279,-0.0551603458181953,-7.84879211369146e-07,0.0284697668095001,-0.0516465339899084,-3.23700834021443e-18,-0.0735663485335563,0,0
3.778,0.0294258144192986,0.0280618270872306,-0.0546864289549709,-7.7813582554832e-07,0.0282251653229981,-0.051202806471129,-3.20919718682025e-18,-0.0729342942449409,0,0
3.779,0.0291718112916575,0.0278195978749508,-0.0542143766339664,-7.71418970388344e-07,0.0279815261778561,-0.0507608247199243,-3.18149545149854e-18,-0.0723047266623236,0,0
3.78,0.0289188127312522,0.0275783266647731,-0.0537441912517653,-7.64728679990321e-07,0.0277388506110164,-0.0503205909802114,-3.15390327488949e-18,-0.0716776489819848,0,0
3.781,0.0286668200276426,0.0273380146864817,-0.0532758752049518,-7.58064988455351e-07,0.0274971398594219,-0.0498821074959073,-3.1264207976333e-18,-0.0710530644002039,0,0
3.782,0.0284158344703888,0.0270986631698612,-0.0528094308901095,-7.51427929884552e-07,0.0272563951600152,-0.0494453765109295,-3.09904816037018e-18,-0.0704309761132618,0,0
3.783,0.0281658573490509,0.0268602733446963,-0.0523448607038226,-7.44817538379023e-07,0.027016617749739,-0.0490104002691949,-3.07178550374034e-18,-0.0698113873174382,0,0
3.784,0.0279168899531885,0.0266228464407715,-0.0518821670426746,-7.38233848039876e-07,0.0267778088655355,-0.0485771810146212,-3.04463296838392e-18,-0.0691943012090142,0,0
3.785,0.0276689335723618,0.0263863836878707,-0.0514213523032492,-7.31676892968211e-07,0.0265399697443475,-0.0481457209911247,-3.01759069494115e-18,-0.0685797209842689,0,0
3.786,0.0274219894961309,0.0261508863157789,-0.0509624188821307,-7.25146707265135e-07,0.0263031016231179,-0.0477160224426236,-2.99065882405221e-18,-0.0679676498394834,0,0
3.787,0.027176059014056,0.0259163555542805,-0.0505053691759025,-7.18643325031764e-07,0.0260672057387892,-0.0472880876130346,-2.96383749635733e-18,-0.0673580909709379,0,0
3.788,0.0269311434156966,0.0256827926331598,-0.0500502055811487,-7.12166780369194e-07,0.0258322833283038,-0.0468619187462747,-2.93712685249669e-18,-0.0667510475749116,0,0
3.789,0.0266872439906127,0.0254501987822012,-0.0495969304944528,-7.05717107378535e-07,0.0255983356286045,-0.0464375180862611,-2.91052703311045e-18,-0.0661465228476854,0,0
3.79,0.0264443620283648,0.0252185752311893,-0.0491455463123993,-6.99294340160895e-07,0.0253653638766339,-0.0460148878769113,-2.88403817883888e-18,-0.06554451998554,0,0
3.791,0.0262024988185126,0.0249879232099089,-0.0486960554315714,-6.92898512817378e-07,0.0251333693093349,-0.0455940303621429,-2.85766043032212e-18,-0.0649450421847546,0,0
3.792,0.0259616556506158,0.024758243948144,-0.0482484602485531,-6.86529659449092e-07,0.0249023531636495,-0.0451749477858723,-2.83139392820036e-18,-0.0643480926416107,0,0
3.793,0.0257218338142349,0.0245295386756791,-0.047802763159928,-6.80187814157144e-07,0.0246723166765209,-0.0447576423920164,-2.80523881311382e-18,-0.0637536745523866,0,0
3.794,0.0254830345989298,0.0243018086222991,-0.0473589665622807,-6.7387301104264e-07,0.0244432610848914,-0.0443421164244935,-2.7791952257027e-18,-0.0631617911133642,0,0
3.795,0.02524525929426,0.0240750550177879,-0.0469170728521944,-6.67585284206685e-07,0.0242151876257036,-0.0439283721272199,-2.75326330660719e-18,-0.0625724455208228,0,0
3.796,0.0250085091897863,0.0238492790919304,-0.0464770844262528,-6.61324667750386e-07,0.0239880975359003,-0.0435164117441138,-2.72744319646747e-18,-0.0619856409710433,0,0
3.797,0.024772785575068,0.0236244820745106,-0.0460390036810401,-6.55091195774849e-07,0.023761992052424,-0.0431062375190909,-2.70173503592376e-18,-0.0614013806603051,0,0
3.798,0.0245380897396654,0.0234006651953138,-0.0456028330131399,-6.48884902381183e-07,0.0235368724122176,-0.0426978516960697,-2.67613896561626e-18,-0.0608196677848891,0,0
3.799,0.0243044229731385,0.0231778296841235,-0.0451685748191364,-6.42705821670494e-07,0.0233127398522233,-0.0422912565189668,-2.65065512618513e-18,-0.0602405055410751,0,0
3.8,0.0240717865650474,0.0229559767707249,-0.044736231495613,-6.36553987743888e-07,0.0230895956093842,-0.0418864542316999,-2.62528365827058e-18,-0.0596638971251431,0,0
3.801,0.0238401818049516,0.0227351076849021,-0.0443058054391534,-6.30429434702468e-07,0.0228674409206422,-0.0414834470781851,-2.60002470251283e-18,-0.0590898457333737,0,0
3.802,0.0236096099824117,0.0225152236564395,-0.0438772990463423,-6.24332196647346e-07,0.0226462770229408,-0.0410822373023405,-2.57487839955205e-18,-0.0585183545620471,0,0
3.803,0.0233800723869874,0.0222963259151219,-0.0434507147137626,-6.18262307679626e-07,0.022426105153222,-0.040682827148083,-2.54984489002844e-18,-0.0579494268074439,0,0
3.804,0.0231515703082388,0.0220784156907337,-0.0430260548379986,-6.12219801900412e-07,0.0222069265484286,-0.0402852188593301,-2.52492431458223e-18,-0.0573830656658436,0,0
3.805,0.0229241050357255,0.0218614942130589,-0.0426033218156339,-6.06204713410818e-07,0.0219887424455032,-0.0398894146799988,-2.50011681385354e-18,-0.0568192743335261,0,0
3.806,0.0226976778590081,0.0216455627118827,-0.0421825180432527,-6.00217076311941e-07,0.0217715540813884,-0.039495416854006,-2.47542252848265e-18,-0.0562580560067723,0,0
3.807,0.0224722900676464,0.0214306224169891,-0.0417636459174382,-5.94256924704891e-07,0.021555362693027,-0.0391032276252692,-2.45084159910971e-18,-0.0556994138818623,0,0
3.808,0.0222479429511999,0.0212166745581627,-0.0413467078347751,-5.88324292690779e-07,0.0213401695173617,-0.0387128492377056,-2.42637416637492e-18,-0.0551433511550763,0,0
3.809,0.0220246377992294,0.0210037203651878,-0.0409317061918462,-5.82419214370708e-07,0.0211259757913345,-0.0383242839352322,-2.40202037091847e-18,-0.0545898710226944,0,0
3.81,0.0218023759012943,0.0207917610678491,-0.0405186433852363,-5.76541723845784e-07,0.0209127827518888,-0.0379375339617665,-2.37778035338059e-18,-0.0540389766809968,0,0
3.811,0.0215811585469549,0.020580797895931,-0.0401075218115288,-5.70691855217112e-07,0.0207005916359666,-0.0375526015612253,-2.35365425440143e-18,-0.0534906713262635,0,0
3.812,0.021360987025771,0.020370832079218,-0.0396983438673071,-5.64869642585798e-07,0.0204894036805109,-0.037169488977526,-2.32964221462124e-18,-0.0529449581547756,0,0
3.813,0.0211418626273027,0.0201618648474944,-0.0392911119491559,-5.59075120052955e-07,0.0202792201224641,-0.0367881984545859,-2.30574437468016e-18,-0.0524018403628119,0,0
3.814,0.0209237866411099,0.0199538974305451,-0.0388858284536582,-5.53308321719687e-07,0.0200700421987691,-0.036408732236322,-2.28196087521842e-18,-0.0518613211466543,0,0
3.815,0.0207067603567528,0.0197469310581538,-0.0384824957773986,-5.47569281687091e-07,0.0198618711463683,-0.0360310925666516,-2.2582918568762e-18,-0.0513234037025811,0,0
3.816,0.0204907850637913,0.0195409669601058,-0.0380811163169605,-5.41858034056295e-07,0.0196547082022044,-0.0356552816894917,-2.23473746029371e-18,-0.0507880912268743,0,0
3.817,0.0202758620517851,0.0193360063661849,-0.0376816924689276,-5.36174612928378e-07,0.0194485546032198,-0.0352813018487599,-2.21129782611112e-18,-0.0502553869158122,0,0
3.818,0.0200619926102946,0.0191320505061762,-0.0372842266298841,-5.30519052404464e-07,0.0192434115863576,-0.0349091552883729,-2.18797309496867e-18,-0.0497252939656767,0,0
3.819,0.0198491780288799,0.0189291006098637,-0.0368887211964133,-5.24891386585659e-07,0.01903928038856,-0.0345388442522483,-2.16476340750655e-18,-0.0491978155727475,0,0
3.82,0.0196374195971005,0.0187271579070321,-0.0364951785650995,-5.19291649573069e-07,0.0188361622467698,-0.0341703709843031,-2.1416689043649e-18,-0.0486729549333047,0,0
3.821,0.0194267186045165,0.0185262236274657,-0.0361036011325264,-5.13719875467789e-07,0.0186340583979294,-0.0338037377284544,-2.11868972618395e-18,-0.048150715243628,0,0
3.822,0.0192170763406881,0.0183262990009491,-0.035713991295278,-5.08176098370941e-07,0.0184329700789818,-0.0334389467286196,-2.0958260136039e-18,-0.047631099699998,0,0
3.823,0.0190084940951755,0.0181273852572666,-0.0353263514499378,-5.02660352383621e-07,0.0182328985268694,-0.0330760002287156,-2.07307790726495e-18,-0.0471141114986953,0,0
3.824,0.018800973157538,0.0179294836262031,-0.0349406839930901,-4.97172671606945e-07,0.0180338449785348,-0.0327149004726599,-2.0504455478073e-18,-0.0465997538359995,0,0
3.825,0.0185945148173363,0.0177325953375423,-0.034556991321318,-4.91713090142005e-07,0.0178358106709207,-0.0323556497043695,-2.02792907587111e-18,-0.0460880299081912,0,0
3.826,0.0183891203641301,0.0175367216210695,-0.0341752758312059,-4.86281642089921e-07,0.0176387968409698,-0.0319982501677618,-2.00552863209664e-18,-0.045578942911551,0,0
3.827,0.0181847910874793,0.0173418637065685,-0.0337955399193377,-4.80878361551796e-07,0.0174428047256244,-0.0316427041067537,-1.98324435712403e-18,-0.0450724960423585,0,0
3.828,0.017981528276944,0.0171480228238244,-0.0334177859822966,-4.75503282628735e-07,0.0172478355618275,-0.0312890137652628,-1.96107639159351e-18,-0.0445686924968935,0,0
3.829,0.0177793332220842,0.0169552002026212,-0.0330420164166674,-4.70156439421839e-07,0.0170538905865215,-0.0309371813872055,-1.93902487614523e-18,-0.0440675354714366,0,0
3.83,0.01757820721246,0.0167633970727434,-0.0326682336190327,-4.64837866032222e-07,0.0168609710366491,-0.0305872092165003,-1.91708995141944e-18,-0.0435690281622687,0,0
3.831,0.0173781515376312,0.016572614663976,-0.0322964399859775,-4.59547596560995e-07,0.0166690781491529,-0.0302390994970632,-1.89527175805629e-18,-0.0430731737656691,0,0
3.832,0.017179167487158,0.0163828542061026,-0.0319266379140852,-4.54285665109253e-07,0.0164782131609754,-0.0298928544728119,-1.87357043669602e-18,-0.0425799754779184,0,0
3.833,0.0169812563506,0.0161941169289082,-0.031558829799939,-4.49052105778106e-07,0.0162883773090595,-0.029548476387663,-1.85198612797878e-18,-0.0420894364952962,0,0
3.834,0.0167844194175176,0.0160064040621772,-0.0311930180401241,-4.43846952668669e-07,0.0160995718303476,-0.0292059674855345,-1.83051897254481e-18,-0.041601560014084,0,0
3.835,0.0165886579774708,0.0158197168356944,-0.0308292050312227,-4.38670239882036e-07,0.0159117979617825,-0.0288653300103439,-1.80916911103431e-18,-0.0411163492305606,0,0
3.836,0.0163939733200194,0.0156340564792435,-0.0304673931698201,-4.33522001519318e-07,0.0157250569403067,-0.0285265662060072,-1.78793668408742e-18,-0.0406338073410066,0,0
3.837,0.0162003667347232,0.0154494242226096,-0.0301075848524988,-4.28402271681623e-07,0.0155393500028628,-0.0281896783164419,-1.76682183234438e-18,-0.0401539375417035,0,0
3.838,0.0160078395111427,0.015265821295577,-0.0297497824758439,-4.23311084470062e-07,0.0153546783863934,-0.0278546685855658,-1.74582469644535e-18,-0.0396767430289295,0,0
3.839,0.0158163929388376,0.0150832489279301,-0.029393988436438,-4.18248473985733e-07,0.0151710433278411,-0.0275215392572956,-1.72494541703057e-18,-0.0392022269989662,0,0
3.84,0.0156260283073678,0.0149017083494534,-0.0290402051308665,-4.13214474329746e-07,0.0149884460641488,-0.0271902925755492,-1.70418413474022e-18,-0.0387303926480929,0,0
3.841,0.0154367469062936,0.0147212007899313,-0.0286884349557115,-4.08209119603206e-07,0.0148068878322587,-0.0268609307842425,-1.68354099021447e-18,-0.0382612431725904,0,0
3.842,0.0152485500251748,0.0145417274791485,-0.028338680307558,-4.03232443907224e-07,0.0146263698691138,-0.0265334561272936,-1.66301612409358e-18,-0.0377947817687385,0,0
3.843,0.0150614389535713,0.0143632896468893,-0.0279909435829897,-3.982844813429e-07,0.0144468934116567,-0.0262078708486195,-1.64260967701768e-18,-0.0373310116328183,0,0
3.844,0.0148754149810432,0.0141858885229382,-0.0276452271785896,-3.93365266011351e-07,0.0142684596968298,-0.0258841771921381,-1.62232178962699e-18,-0.0368699359611089,0,0
3.845,0.0146904793971506,0.0140095253370796,-0.0273015334909426,-3.88474832013671e-07,0.0140910699615756,-0.0255623774017648,-1.60215260256169e-18,-0.0364115579498909,0,0
3.846,0.0145066334914533,0.013834201319098,-0.0269598649166318,-3.83613213450971e-07,0.0139147254428371,-0.0252424737214185,-1.58210225646201e-18,-0.035955880795445,0,0
3.847,0.0143238785535116,0.0136599176987778,-0.0266202238522413,-3.7878044442436e-07,0.0137394273775567,-0.0249244683950156,-1.56217089196813e-18,-0.0355029076940503,0,0
3.848,0.0141422158728851,0.0134866757059039,-0.0262826126943552,-3.73976559034943e-07,0.0135651770026771,-0.0246083636664733,-1.54235864972024e-18,-0.0350526418419883,0,0
3.849,0.0139616467391339,0.0133144765702603,-0.0259470338395567,-3.69201591383827e-07,0.0133919755551408,-0.0242941617797092,-1.52266567035853e-18,-0.0346050864355378,0,0
3.85,0.0137821724418183,0.0131433215216314,-0.0256134896844302,-3.64455575572115e-07,0.0132198242718906,-0.0239818649786405,-1.50309209452324e-18,-0.0341602446709803,0,0
3.851,0.0136037942704981,0.0129732117898023,-0.025281982625559,-3.59738545700919e-07,0.0130487243898693,-0.0236714755071836,-1.4836380628545e-18,-0.0337181197445959,0,0
3.852,0.0134265135147332,0.0128041486045567,-0.0249525150595276,-3.55050535871338e-07,0.0128786771460189,-0.0233629956092565,-1.46430371599254e-18,-0.033278714852663,0,0
3.853,0.0132503314640835,0.0126361331956795,-0.0246250893829192,-3.50391580184488e-07,0.0127096837772825,-0.0230564275287761,-1.44508919457756e-18,-0.0328420331914638,0,0
3.854,0.0130752494081093,0.0124691667929551,-0.024299707992318,-3.4576171274147e-07,0.0125417455206026,-0.0227517735096598,-1.42599463924974e-18,-0.0324080779572786,0,0
3.855,0.0129012686363705,0.0123032506261681,-0.0239763732843075,-3.41160967643392e-07,0.0123748636129218,-0.0224490357958245,-1.40702019064929e-18,-0.0319768523463861,0,0
3.856,0.0127283904384269,0.0121383859251026,-0.0236550876554722,-3.36589378991359e-07,0.0122090392911828,-0.022148216631187,-1.38816598941643e-18,-0.0315483595550679,0,0
3.857,0.0125566161038387,0.0119745739195434,-0.0233358535023951,-3.32046980886476e-07,0.0120442737923282,-0.0218493182596657,-1.36943217619129e-18,-0.031122602779603,0,0
3.858,0.012385946922166,0.0118118158392749,-0.0230186732216606,-3.27533807429858e-07,0.0118805683533005,-0.0215523429251767,-1.35081889161413e-18,-0.0306995852162721,0,0
3.859,0.0122163841829683,0.0116501129140816,-0.0227035492098526,-3.230498927226e-07,0.0117179242110425,-0.0212572928716375,-1.33232627632512e-18,-0.0302793100613559,0,0
3.86,0.0120479291758061,0.0114894663737477,-0.022390483863554,-3.18595270865812e-07,0.0115563426024968,-0.0209641703429655,-1.31395447096444e-18,-0.0298617805111343,0,0
3.861,0.0118805831902393,0.0113298774480581,-0.02207947957935,-3.14169975960608e-07,0.011395824764606,-0.0206729775830778,-1.2957036161723e-18,-0.0294469997618871,0,0
3.862,0.0117143475158276,0.011171347366797,-0.0217705387538232,-3.09774042108085e-07,0.0112363719343125,-0.0203837168358914,-1.27757385258889e-18,-0.0290349710098945,0,0
3.863,0.0115492234421314,0.0110138773597488,-0.0214636637835584,-3.05407503409354e-07,0.0110779853485592,-0.0200963903453237,-1.25956532085443e-18,-0.0286256974514378,0,0
3.864,0.0113852122587106,0.0108574686566982,-0.0211588570651389,-3.01070393965521e-07,0.0109206662442886,-0.0198110003552918,-1.24167816160911e-18,-0.0282191822827955,0,0
3.865,0.0112223152551247,0.0107021224874296,-0.0208561209951483,-2.96762747877695e-07,0.0107644158584432,-0.0195275491097129,-1.2239125154931e-18,-0.027815428700249,0,0
3.866,0.0110605337209345,0.0105478400817273,-0.020555457970171,-2.92484599246974e-07,0.0106092354279659,-0.0192460388525044,-1.20626852314661e-18,-0.0274144399000789,0,0
3.867,0.0108998689456994,0.0103946226693759,-0.0202568703867905,-2.88235982174473e-07,0.0104551261897992,-0.018966471827583,-1.18874632520984e-18,-0.0270162190785639,0,0
3.868,0.0107403222189797,0.01024247148016,-0.0199603606415908,-2.84016930761293e-07,0.0103020893808858,-0.0186888502788662,-1.17134606232298e-18,-0.0266207694319855,0,0
3.869,0.010581894830335,0.0100913877438639,-0.0196659311311558,-2.79827479108544e-07,0.0101501262381681,-0.0184131764502713,-1.15406787512625e-18,-0.0262280941566226,0,0
3.87,0.0104245880693259,0.00994137269027207,-0.0193735842520688,-2.75667661317336e-07,0.00999923799858904,-0.0181394525857153,-1.13691190425981e-18,-0.0258381964487571,0,0
3.871,0.0102684032255119,0.00979242754916909,-0.0190833224009139,-2.71537511488767e-07,0.00984942589909088,-0.0178676809291156,-1.11987829036389e-18,-0.0254510795046685,0,0
3.872,0.010113341588453,0.00964455355033922,-0.0187951479742754,-2.6743706372395e-07,0.00970069117661643,-0.017597863724389,-1.10296717407864e-18,-0.0250667465206362,0,0
3.873,0.0099594044477096,0.00949775192356705,-0.0185090633687366,-2.63366352123985e-07,0.00955303506810845,-0.0173300032154529,-1.08617869604429e-18,-0.0246852006929412,0,0
3.874,0.00980659309284126,0.0093520238986371,-0.0182250709808818,-2.59325410789988e-07,0.00940645881050928,-0.017064101646225,-1.06951299690103e-18,-0.0243064452178636,0,0
3.875,0.00965490881340825,0.00920737070533406,-0.0179431732072945,-2.55314273823057e-07,0.00926096364076157,-0.0168001612606217,-1.05297021728906e-18,-0.0239304832916831,0,0
3.876,0.00950435289897056,0.00906379357344189,-0.0176633724445581,-2.513329753243e-07,0.00911655079580842,-0.0165381843025607,-1.03655049784857e-18,-0.0235573181106812,0,0
3.877,0.0093549266390881,0.00892129373274542,-0.0173856710892575,-2.47381549394828e-07,0.00897322151259183,-0.0162781730159587,-1.02025397921975e-18,-0.0231869528711366,0,0
3.878,0.00920663132332067,0.00877987241302902,-0.0171100715379753,-2.43460030135741e-07,0.00883097702805469,-0.0160201296447331,-1.0040808020428e-18,-0.0228193907693304,0,0
3.879,0.00905946824122872,0.00863953084407709,-0.0168365761872964,-2.39568451648148e-07,0.00868981857913953,-0.0157640564328017,-9.88031106957949e-19,-0.0224546350015427,0,0
3.88,0.00891343868237182,0.00850027025567401,-0.016565187433804,-2.35706848033163e-07,0.00854974740278913,-0.0155099556240808,-9.72105034605353e-19,-0.0220926887640531,0,0
3.881,0.00876854393631021,0.00836209187760473,-0.0162959076740821,-2.31875253391887e-07,0.00841076473594604,-0.0152578294624881,-9.56302725625196e-19,-0.0217335552531424,0,0
3.882,0.00862478529260358,0.00822499693965328,-0.0160287393047147,-2.28073701825413e-07,0.00827287181555281,-0.0150076801919403,-9.40624320657709e-19,-0.0213772376650909,0,0
3.883,0.00848216404081248,0.00808898667160407,-0.0157636847222851,-2.24302227434868e-07,0.0081360698785522,-0.0147595100563556,-9.25069960343072e-19,-0.0210237391961785,0,0
3.884,0.00834068147049627,0.00795406230324203,-0.0155007463233778,-2.2056086432135e-07,0.00800036016188665,-0.0145133212996502,-9.09639785321491e-19,-0.0206730630426848,0,0
3.885,0.00820033887121552,0.00782022506435121,-0.0152399265045764,-2.1684964658597e-07,0.00786574390249928,-0.0142691161657416,-8.94333936233182e-19,-0.0203252124008912,0,0
3.886,0.00806113753252979,0.00768747618471621,-0.0149812276624646,-2.13168608329822e-07,0.00773222233733195,-0.0140268968985466,-8.79152553718254e-19,-0.019980190467078,0,0
3.887,0.00792307874399922,0.00755581689412144,-0.0147246521936257,-2.09517783654027e-07,0.00759979670332767,-0.0137866657419832,-8.64095778417009e-19,-0.0196380004375238,0,0
3.888,0.00778616379518393,0.00742524842235159,-0.0144702024946448,-2.05897206659681e-07,0.00746846823742908,-0.0135484249399689,-8.49163750969578e-19,-0.0192986455085107,0,0
3.889,0.00765039397564382,0.00729577199919085,-0.014217880962105,-2.02306911447905e-07,0.00733823817657875,-0.0133121767364193,-8.3435661201618e-19,-0.0189621288763169,0,0
3.89,0.00751577057493868,0.00716738885442392,-0.01396768999259,-1.9874693211978e-07,0.00720910775771932,-0.0130779233752525,-8.19674502197008e-19,-0.0186284537372239,0,0
3.891,0.00738229488262887,0.00704010021783519,-0.0137196319826838,-1.95217302776434e-07,0.00708107821779336,-0.0128456671003858,-8.05117562152242e-19,-0.0182976232875127,0,0
3.892,0.00724996818827417,0.00691390731920893,-0.0134737093289701,-1.91718057518978e-07,0.00695415079374351,-0.0126154101557365,-7.90685932522124e-19,-0.0179696407234613,0,0
3.893,0.00711879178143471,0.00678881138832976,-0.0132299244280334,-1.88249230448497e-07,0.00682832672251277,-0.0123871547852217,-7.7637975394681e-19,-0.0176445092413524,0,0
3.894,0.00698876695167006,0.00666481365498239,-0.0129882796764564,-1.84810855666103e-07,0.00670360724104291,-0.0121609032327579,-7.62199167066506e-19,-0.0173222320374635,0,0
3.895,0.00685989498854089,0.0065419153489511,-0.0127487774708239,-1.81402967272916e-07,0.00657999358627748,-0.011936657742263,-7.48144312521379e-19,-0.0170028123080774,0,0
3.896,0.00673217718160679,0.00642011770002004,-0.0125114202077194,-1.78025599370037e-07,0.00645748699515858,-0.0117144205576543,-7.34215330951685e-19,-0.0166862532494725,0,0
3.897,0.00660561482042754,0.00629942193797417,-0.0122762102837264,-1.74678786058562e-07,0.00633608870462876,-0.0114941939228486,-7.20412362997567e-19,-0.0163725580579288,0,0
3.898,0.00648020919456371,0.00617982929259775,-0.0120431500954292,-1.71362561439606e-07,0.00621579995163091,-0.0112759800817632,-7.06735549299243e-19,-0.0160617299297283,0,0
3.899,0.00635596159357499,0.00606134099367539,-0.0118122420394113,-1.68076959614282e-07,0.00609662197310756,-0.0110597812783153,-6.93185030496917e-19,-0.0157537720611503,0,0
3.9,0.00623287330702105,0.00594395827099126,-0.0115834885122568,-1.64822014683688e-07,0.00597855600600128,-0.0108455997564221,-6.79760947230796e-19,-0.0154486876484747,0,0
3.901,0.00611094562446246,0.00582768235433018,-0.0113568919105491,-1.61597760748923e-07,0.00586160328725494,-0.0106334377600006,-6.66463440141035e-19,-0.0151464798879815,0,0
3.902,0.00599017983545913,0.0057125144734762,-0.0111324546308729,-1.58404231911105e-07,0.00574576505381064,-0.0104232975329686,-6.53292649867851e-19,-0.0148471519759514,0,0
3.903,0.00587057722957052,0.00559845585821417,-0.010910179069811,-1.55241462271345e-07,0.0056310425426116,-0.0102151813192424,-6.40248717051438e-19,-0.0145507071086652,0,0
3.904,0.00575213909635719,0.00548550773832834,-0.0106900676239481,-1.52109485930736e-07,0.00551743699060003,-0.01000909136274,-6.27331782331989e-19,-0.0142571484824021,0,0
3.905,0.00563486672537894,0.00537367134360345,-0.0104721226898674,-1.49008336990391e-07,0.00540494963471871,-0.00980502990737797,-6.14541986349708e-19,-0.0139664792934431,0,0
3.906,0.00551876140619567,0.00526294790382353,-0.010256346664153,-1.45938049551413e-07,0.00529358171191008,-0.00960299919707408,-6.0187946974479e-19,-0.0136787027380669,0,0
3.907,0.00540382442836762,0.00515333864877343,-0.0100427419433888,-1.42898657714917e-07,0.00518333445911712,-0.00940300147574513,-5.89344373157426e-19,-0.0133938220125556,0,0
3.908,0.00529005708145458,0.00504484480823764,-0.00983131092415834,-1.39890195582003e-07,0.00507420911328216,-0.00920503898730818,-5.76936837227834e-19,-0.0131118403131882,0,0
3.909,0.00517746065501667,0.0049374676120002,-0.00962205600304578,-1.3691269725378e-07,0.00496620691134797,-0.00900911397568094,-5.64657002596171e-19,-0.0128327608362451,0,0
3.91,0.0050660364386137,0.00483120828984607,-0.00941497957663451,-1.33966196831351e-07,0.0048593290902571,-0.00881522868478024,-5.52505009902654e-19,-0.0125565867780066,0,0
3.911,0.00495578572180577,0.00472606807155929,-0.00921008404150903,-1.31050728415821e-07,0.00475357688695233,-0.00862338535852314,-5.40480999787476e-19,-0.0122833213347531,0,0
3.912,0.00484670979415291,0.0046220481869248,-0.00900737179425271,-1.28166326108302e-07,0.00464895153837597,-0.00843358624082713,-5.28585112890841e-19,-0.0120129677027649,0,0
3.913,0.00473880994521503,0.00451914986572677,-0.00880684523144915,-1.25313024009904e-07,0.0045454542814708,-0.00824583357560926,-5.16817489852932e-19,-0.0117455290783219,0,0
3.914,0.00463208746455224,0.00441737433774958,-0.00860850674968261,-1.2249085622172e-07,0.00444308635317947,-0.00806012960678704,-5.05178271313952e-19,-0.0114810086577037,0,0
3.915,0.00452654364172456,0.00431672283277806,-0.00841235874553692,-1.19699856844871e-07,0.00434184899044465,-0.00787647657827706,-4.93667597914108e-19,-0.0112194096371918,0,0
3.916,0.00442217976629167,0.00421719658059638,-0.00821840361559589,-1.16940059980451e-07,0.00424174343020878,-0.00769487673399682,-4.82285610293592e-19,-0.0109607352130658,0,0
3.917,0.00431899712781403,0.00411879681098892,-0.00802664375644291,-1.14211499729577e-07,0.00414277090941473,-0.00751533231786361,-4.71032449092572e-19,-0.010704988581606,0,0
3.918,0.00421699701585132,0.00402152475374051,-0.00783708156466267,-1.11514210193349e-07,0.00404493266500494,-0.00733784557379469,-4.59908254951267e-19,-0.0104521729390918,0,0
3.919,0.00411618071996345,0.00392538163863543,-0.0076497194368379,-1.08848225472879e-07,0.00394822993392197,-0.00716241874570711,-4.48913168509868e-19,-0.0102022914818041,0,0
3.92,0.00401654952971064,0.00383036869545805,-0.00746455976955351,-1.06213579669262e-07,0.00385266395310879,-0.00698905407751771,-4.38047330408582e-19,-0.00995534740602411,0,0
3.921,0.00391810473465304,0.00373648715399311,-0.0072816049593929,-1.03610306883619e-07,0.00375823595950764,-0.00681775381314442,-4.27310881287601e-19,-0.00971134390802986,0,0
3.922,0.00382084762435009,0.00364373824402486,-0.00710085740293942,-1.01038441217052e-07,0.00366494719006127,-0.00664852019650386,-4.16703961787094e-19,-0.00947028418410323,0,0
3.923,0.00372477948836236,0.00355212319533771,-0.00692231949677757,-9.84980167706564e-08,0.00357279888171236,-0.00648135547151329,-4.06226712547315e-19,-0.00923217143052391,0,0
3.924,0.00362990161624965,0.00346164323771614,-0.00674599363749051,-9.59890676455525e-08,0.00348179227140344,-0.00631626188208978,-3.95879274208407e-19,-0.00899700884357246,0,0
3.925,0.00353621529757198,0.00337229960094498,-0.00657188222166294,-9.35116279428425e-08,0.00339192859607718,-0.00615324167215103,-3.85661787410577e-19,-0.00876479961952814,0,0
3.926,0.0034437218218889,0.0032840935148083,-0.00639998764587779,-9.10657317636326e-08,0.00330320909267634,-0.00599229708561366,-3.75574392794029e-19,-0.00853554695467107,0,0
3.927,0.00335242247876111,0.00319702620909068,-0.00623031230671978,-8.86514132090286e-08,0.00321563499814337,-0.00583343036639583,-3.65617230998956e-19,-0.0083092540452836,0,0
3.928,0.00326231855774817,0.00311109891357686,-0.00606285860077227,-8.62687063801333e-08,0.00312920754942103,-0.00567664375841348,-3.55790442665551e-19,-0.00808592408764319,0,0
3.929,0.00317341134840998,0.00302631285805077,-0.00589762892461865,-8.39176453780627e-08,0.00304392798345154,-0.00552193950558455,-3.46094168434044e-19,-0.0078655602780322,0,0
3.93,0.00308570214030701,0.00294266927229725,-0.00573462567484362,-8.15982643039161e-08,0.00295979753717812,-0.00536931985182565,-3.36528548944555e-19,-0.00764816581272942,0,0
3.931,0.00299919222299894,0.00286016938610067,-0.00557385124803056,-7.93105972588029e-08,0.00287681744754298,-0.00521878704105472,-3.27093724837374e-19,-0.00743374388801499,0,0
3.932,0.00291388288604566,0.00277881442924577,-0.00541530804076351,-7.70546783438291e-08,0.00279498895148866,-0.00507034331718903,-3.17789836752621e-19,-0.0072222977001708,0,0
3.933,0.00282977541900742,0.00269860563151658,-0.00525899844962563,-7.48305416600973e-08,0.00271431328595817,-0.00492399092414475,-3.08617025330525e-19,-0.00701383044547521,0,0
3.934,0.00274687111144412,0.00261954422269783,-0.00510492487120162,-7.26382213087202e-08,0.00263479168789393,-0.00477973210583937,-2.9957543121128e-19,-0.00680834532020969,0,0
3.935,0.00266517125291554,0.00254163143257402,-0.00495308970207464,-7.04777513907972e-08,0.0025564253942385,-0.00463756910619084,-2.90665195035066e-19,-0.00660584552065346,0,0
3.936,0.00258467713298205,0.00246486849092931,-0.0048034953388294,-6.83491660074409e-08,0.00247921564193487,-0.00449750416911576,-2.818864574421e-19,-0.00640633424308712,0,0
3.937,0.00250539004120354,0.00238925662754841,-0.00465614417804905,-6.62524992597539e-08,0.00240316366792515,-0.00435953953853185,-2.73239359072601e-19,-0.00620981468379167,0,0
3.938,0.00242731126713969,0.00231479707221582,-0.00451103861631696,-6.41877852488492e-08,0.0023282707091522,-0.00422367745835528,-2.64724040566675e-19,-0.00601629003904502,0,0
3.939,0.00235044210035085,0.00224149105471616,-0.00436818105021808,-6.21550580758258e-08,0.00225453800255859,-0.00408992017250398,-2.56340642564625e-19,-0.00582576350513042,0,0
3.94,0.00227478383039703,0.00216933980483347,-0.0042275738763351,-6.01543518417932e-08,0.00218196678508686,-0.00395826992489523,-2.48089305706584e-19,-0.00563823827832577,0,0
3.941,0.00220033774683803,0.00209834455235258,-0.00408921949125296,-5.81857006478573e-08,0.0021105582936799,-0.00382872895944586,-2.39970170632756e-19,-0.00545371755491297,0,0
3.942,0.00212710513923375,0.00202850652705777,-0.00395312029155459,-5.62491385951276e-08,0.00204031376528013,-0.00370129952007359,-2.31983377983347e-19,-0.00527220453117039,0,0
3.943,0.00205508729714443,0.00195982695873353,-0.00381927867382448,-5.43446997847033e-08,0.00197123443683023,-0.0035759838506948,-2.2412906839855e-19,-0.00509370240337859,0,0
3.944,0.00198428551013008,0.00189230707716437,-0.00368769703464622,-5.24724183176971e-08,0.00190332154527273,-0.00345278419522721,-2.16407382518569e-19,-0.00491821436781992,0,0
3.945,0.00191470106775038,0.00182594811213488,-0.00355837777060342,-5.06323282952185e-08,0.00183657632755063,-0.00333170279758788,-2.08818460983599e-19,-0.00474574362077185,0,0
3.946,0.00184633525956568,0.00176075129342934,-0.00343132327827989,-4.88244638183666e-08,0.00177100002060615,-0.00321274190169429,-2.01362444433806e-19,-0.00457629335851673,0,0
3.947,0.00177918937513588,0.00169671785083214,-0.00330653595426011,-4.70488589882508e-08,0.00170659386138172,-0.00309590375146285,-1.94039473509421e-19,-0.00440986677733246,0,0
3.948,0.00171326470402067,0.00163384901412811,-0.00318401819512748,-4.53055479059739e-08,0.00164335908682045,-0.0029811905908117,-1.86849688850625e-19,-0.00424646707350096,0,0
3.949,0.00164856253578061,0.00157214601310141,-0.00306377239746514,-4.35945646726484e-08,0.00158129693386477,-0.00286860466365746,-1.79793231097611e-19,-0.00408609744330324,0,0
3.95,0.00158508415997527,0.00151161007753653,-0.00294580095785824,-4.19159433893805e-08,0.00152040863945735,-0.0027581482139174,-1.72870240890584e-19,-0.00392876108301676,0,0
3.951,0.00152283086616467,0.00145224243721798,-0.00283010627288949,-4.02697181572727e-08,0.00146069544054062,-0.00264982348550902,-1.66080858869748e-19,-0.00377446118892433,0,0
3.952,0.00146180394390893,0.00139404432193069,-0.00271669073914382,-3.86559230774311e-08,0.00140215857405745,-0.00254363272234892,-1.59425225675298e-19,-0.00362320095730473,0,0
3.953,0.00140200468276819,0.00133701696145827,-0.00260555675320395,-3.70745922509684e-08,0.00134479927695053,-0.00243957816835483,-1.52903481947401e-19,-0.00347498358443898,0,0
3.954,0.00134343437230189,0.00128116158558578,-0.00249670671165436,-3.55257597789907e-08,0.00128861878616193,-0.00233766206744379,-1.46515768326263e-19,-0.00332981226660545,0,0
3.955,0.00128609430207072,0.00122647942409759,-0.00239014301107865,-3.40094597625936e-08,0.00123361833863511,-0.00223788666353308,-1.40262225452101e-19,-0.00318769020008647,0,0
3.956,0.00122998576163424,0.00117297170677799,-0.00228586804806019,-3.25257263028935e-08,0.00117979917131183,-0.00214025420053932,-1.34142993965096e-19,-0.00304862058116218,0,0
3.957,0.00117511004055271,0.00112063966341158,-0.00218388421918414,-3.10745935009997e-08,0.00112716252113532,-0.00204476692238043,-1.28158214505441e-19,-0.00291260660611092,0,0
3.958,0.00112146842838567,0.00106948452378286,-0.00208419392103298,-2.96560954580013e-08,0.00107570962504788,-0.00195142707297347,-1.22308027713353e-19,-0.00277965147121506,0,0
3.959,0.00106906221469372,0.00101950751767643,-0.00198679955019143,-2.82702662750212e-08,0.0010254417199923,-0.00186023689623527,-1.16592574228988e-19,-0.00264975837275294,0,0
3.96,0.0010178926890364,0.000970709874876352,-0.00189170350324308,-2.69171400531653e-08,0.000976360042911129,-0.0017711986360831,-1.11011994692614e-19,-0.00252293050700558,0,0
3.961,0.000967961140973639,0.000923092825167338,-0.00179890817677109,-2.55967508935364e-08,0.000928465830747238,-0.00168431453643447,-1.05566429744337e-19,-0.002399171070254,0,0
3.962,0.000919268860065992,0.000876657598334218,-0.00170841596735993,-2.4309132897237e-08,0.000881760320442626,-0.00159958684120642,-1.00256020024411e-19,-0.00227848325877744,0,0
3.963,0.000871817135873032,0.000831405424160714,-0.00162022927159389,-2.30543201653766e-08,0.000836244748940729,-0.00151701779431579,-9.50809061730045e-20,-0.00216087026885647,0,0
3.964,0.000825607257954664,0.000787337532431764,-0.0015343504860561,-2.18323467990712e-08,0.000791920353183428,-0.00143660963968051,-9.00412288303234e-20,-0.00204633529677034,0,0
3.965,0.000780640515871123,0.000744455152931867,-0.00145078200732995,-2.06432468994133e-08,0.000748788370113829,-0.00135836462121697,-8.51371286365727e-20,-0.00193488153880006,0,0
3.966,0.000736918199182535,0.000702759515445406,-0.0013695262320006,-1.94870545675089e-08,0.000706850036674256,-0.00128228498284311,-8.03687462319452e-20,-0.00182651219122665,0,0
3.967,0.000694441597448359,0.000662251849756657,-0.00129058555665074,-1.83638039044743e-08,0.000666106589807591,-0.00120837296847509,-7.5736222256634e-20,-0.00172123045032846,0,0
3.968,0.000653212000229053,0.000622933385650337,-0.00121396237786464,-1.72735290114187e-08,0.000626559266456383,-0.0011366308220313,-7.12396973508442e-20,-0.00161903951238784,0,0
3.969,0.000613230697084632,0.000584805352911055,-0.00113965909222657,-1.62162639894312e-08,0.00058820930356307,-0.00106706078742835,-6.68793121547564e-20,-0.00151994257368315,0,0
3.97,0.000574498977574778,0.000547868981322752,-0.00106767809631925,-1.51920429396315e-08,0.000551057938070421,-0.000999665108582848,-6.26552073085638e-20,-0.00142394283049585,0,0
3.971,0.000537018131259615,0.000512125500670257,-0.000998021786727588,-1.42008999631254e-08,0.000515106406921317,-0.000934446029413616,-5.85675234524714e-20,-0.00133104347910473,0,0
3.972,0.000500789447699268,0.000477576140738178,-0.000930692560034307,-1.32428691610223e-08,0.000480355947057753,-0.000871405793836155,-5.46164012266722e-20,-0.00124124771579082,0,0
3.973,0.000465814216453642,0.000444222131310679,-0.000865692812824559,-1.23179846344182e-08,0.000446807795422832,-0.000810546645768406,-5.08019812713593e-20,-0.00115455873683556,0,0
3.974,0.000432093727082528,0.000412064702172366,-0.000803024941681274,-1.14262804844224e-08,0.000414463188959102,-0.000751870829127421,-4.71244042267501e-20,-0.00107097973851689,0,0
3.975,0.000399629269146384,0.000381105083107625,-0.000742691343188717,-1.05677908121545e-08,0.000383323364609001,-0.000695380587830474,-4.35838107330253e-20,-0.000990513917116687,0,0
3.976,0.000368422132204782,0.000351344503901174,-0.000684694413930487,-9.74254971870339e-09,0.000353389559315409,-0.000641078165795284,-4.01803414303656e-20,-0.000913164468914207,0,0
3.977,0.000338473605817735,0.000322784194337178,-0.000629036550490181,-8.95059130518201e-09,0.000324663010020654,-0.000588965806938013,-3.69141369589884e-20,-0.000838934590189577,0,0
3.978,0.000309784979545591,0.000295425384200354,-0.000575720149451842,-8.19194967269631e-09,0.000297144953667727,-0.00053904575517616,-3.37853379590868e-20,-0.000767827477224259,0,0
3.979,0.000282357542948142,0.000269269303275088,-0.000524747607399956,-7.46665892236245e-09,0.000270836627198956,-0.000491320254427219,-3.07940850708414e-20,-0.000699846326297049,0,0
3.98,0.000256192585585069,0.000244317181345544,-0.000476121320917455,-6.77475315527288e-09,0.000245739267557221,-0.000445791548608465,-2.79405189344574e-20,-0.000634994333689409,0,0
3.981,0.000231291397016831,0.00022057024819655,-0.000429843686588161,-6.11626647254037e-09,0.000221854111684738,-0.000402461881637173,-2.52247801901524e-20,-0.000573274695679693,0,0
3.982,0.000207655266803553,0.000198029733612604,-0.00038591710099678,-5.49123297527432e-09,0.0001991823965245,-0.000361333497429506,-2.26470094780701e-20,-0.000514690608550694,0,0
3.983,0.000185285484504361,0.00017669686737809,-0.000344343960726246,-4.89968676457055e-09,0.000177725359018943,-0.000322408639903626,-2.02073474384897e-20,-0.000459245268579433,0,0
3.984,0.000164183339680268,0.000156572879277284,-0.000305126662360822,-4.34166194154524e-09,0.000157484236110728,-0.000285689552976587,-1.79059347115179e-20,-0.000406941872048705,0,0
3.985,0.000144350121890624,0.000137658999095125,-0.000268267602484329,-3.81719260730438e-09,0.000138460264742513,-0.000251178480565439,-1.57429119373845e-20,-0.000357783615238638,0,0
3.986,0.000125787120695553,0.000119956456615444,-0.000233769177680143,-3.32631286295397e-09,0.000120654681856958,-0.000218877666587458,-1.37184197562949e-20,-0.000311773694427142,0,0
3.987,0.000108495625655292,0.000103466481623071,-0.000201633784532751,-2.86905680959662e-09,0.0001040687243965,-0.000188789354959695,-1.18325988084543e-20,-0.000268915305897455,0,0
3.988,9.24769263296321e-05,8.81903039026133e-05,-0.000171863819625306,-2.44545854834172e-09,8.87036293041321e-05,-0.000160915789599647,-1.00855897340309e-20,-0.000229211645927041,0,0
3.989,7.77323122785889e-05,7.41291532383448e-05,-0.000144461679542518,-2.05555218029527e-09,7.45606335220694e-05,-0.000135259214423922,-8.47753317326719e-21,-0.000192665910797807,0,0
3.99,6.42630730619542e-05,6.12842594147622e-05,-0.00011942976086754,-1.69937180656665e-09,6.16409739930823e-05,-0.000111821873350459,-7.00856976628196e-21,-0.000159281296789437,0,0
3.991,5.20704982402975e-05,4.9656852216251e-05,-9.67704601844144e-05,-1.3769515282551e-09,4.99458876597192e-05,-9.06060102958683e-05,-5.6788401533545e-21,-0.000129061000182062,0,0
3.992,4.1155877373078e-05,3.92481614275297e-05,-7.64861740771838e-05,-1.08832544647337e-09,3.94766114647505e-05,-7.16138691776447e-05,-4.48848497461611e-21,-0.000102008217256255,0,0
3.993,3.152050002031e-05,3.00594168326507e-05,-5.85792991287803e-05,-8.33527662320708e-10,3.02343823508355e-05,-5.48476939128406e-05,-3.43764487028439e-21,-7.81261442917014e-05,0,0
3.994,2.316565574223e-05,2.20918482165544e-05,-4.30522319239124e-05,-6.12592276916652e-10,2.22204372605228e-05,-4.03097284187304e-05,-2.52646048057693e-21,-5.74179775694184e-05,0,0
3.995,1.60926340988521e-05,1.53466853634043e-05,-2.99073690464002e-05,-4.25553391360429e-10,1.54360131362496e-05,-2.80022166123661e-05,-1.75507244566203e-21,-3.98869133682034e-05,0,0
3.996,1.03027246498577e-05,9.82515805791895e-06,-1.91471070800642e-05,-2.72445106751262e-10,9.88234692100853e-06,-1.79274024108e-05,-1.12362140574495e-21,-2.55361479690741e-05,0,0
3.997,5.79721695559421e-06,5.52849608426165e-06,-1.07738426078363e-05,-1.53301524205313e-10,5.5606755571258e-06,-1.00875297317504e-05,-6.3224800104329e-22,-1.43688776534923e-05,0,0
3.998,2.57740057574285e-06,2.45792922703991e-06,-4.78997221509125e-06,-6.81567448319713e-11,2.47223598726087e-06,-4.48484249226944e-06,-2.81092871725337e-22,-6.38829869936686e-06,0,0
3.999,6.44565070540004e-07,6.14687270861225e-07,-1.19789248409496e-06,-1.7044869723683e-11,6.18265153962128e-07,-1.12158460896516e-06,-7.02966579717086e-23,-1.59760738860371e-06,0,0
4,0,0,2.22044604925031e-16,3.3881317890172e-21,1.11022302462516e-16,2.22044604925031e-16,-1.23259516440783e-32,0,0,0
