0,0,0,0,0,0,0,0,0,0,0
0.001,2.56541838256334e-07,-1.61704496247091e-07,0,0,0,0,0,0,0,0
0.002,1.02585941043665e-06,-6.46623881361781e-07,0,0,0,0,0,0,0,0
0.003,2.30749080265793e-06,-1.45446699990419e-06,0,0,0,0,0,0,0,0
0.004,4.10097410103714e-06,-2.58494269643445e-06,0,0,0,0,0,0,0,0
0.005,6.40584739169125e-06,-4.03775981551267e-06,0,0,0,0,0,0,0,0
0.006,9.22164876073725e-06,-5.81262720169899e-06,0,0,0,0,0,0,0,0
0.007,1.25479162942921e-05,-7.90925369955352e-06,0,0,0,0,0,0,0,0
0.008,1.63841880784728e-05,-1.03273481536364e-05,0,0,0,0,0,0,0,0
0.009,2.07300021993962e-05,-1.30666194085077e-05,0,0,0,0,0,0,0,0
0.01,2.55848967431795e-05,-1.61267763087276e-05,0,0,0,0,0,0,0,0
0.011,3.09484097959395e-05,-1.95075276988562e-05,0,0,0,0,0,0,0,0
0.012,3.68200794437932e-05,-2.32085824234537e-05,0,0,0,0,0,0,0,0
0.013,4.31994437728576e-05,-2.72296493270801e-05,0,0,0,0,0,0,0,0
0.014,5.00860408692497e-05,-3.15704372542956e-05,0,0,0,0,0,0,0,0
0.015,5.74794088190864e-05,-3.62306550496603e-05,0,0,0,0,0,0,0,0
0.016,6.53790857084847e-05,-4.12100115577343e-05,0,0,0,0,0,0,0,0
0.017,7.37846096235617e-05,-4.65082156230778e-05,0,0,0,0,0,0,0,0
0.018,8.26955186504342e-05,-5.21249760902508e-05,0,0,0,0,0,0,0,0
0.019,9.21113508752192e-05,-5.80600018038135e-05,0,0,0,0,0,0,0,0
0.02,0.000102031644384034,-6.4313001608326e-05,0,0,0,0,0,0,0,0
0.021,0.000112455937262995,-7.08836843483485e-05,0,0,0,0,0,0,0,0
0.022,0.000123383767598219,-7.7771758868441e-05,0,0,0,0,0,0,0,0
0.023,0.000134814673475824,-8.49769340131638e-05,0,0,0,0,0,0,0,0
0.024,0.000146748192981926,-9.24989186270768e-05,0,0,0,0,0,0,0,0
0.025,0.000159183864202643,-0.00010033742155474,0,0,0,0,0,0,0,0
0.026,0.000172121225224091,-0.000108492151640714,0,0,0,0,0,0,0,0
0.027,0.000185559814132388,-0.000116962817729559,0,0,0,0,0,0,0,0
0.028,0.000199499169013649,-0.000125749128665835,0,0,0,0,0,0,0,0
0.029,0.000213938827953993,-0.000134850793294101,0,0,0,0,0,0,0,0
0.03,0.000228878329039536,-0.000144267520458918,0,0,0,0,0,0,0,0
0.031,0.000244317210356396,-0.000153999019004847,0,0,0,0,0,0,0,0
0.032,0.000260255009990688,-0.000164044997776447,0,0,0,0,0,0,0,0
0.033,0.000276691266028531,-0.000174405165618278,0,0,0,0,0,0,0,0
0.034,0.000293625516556041,-0.000185079231374901,0,0,0,0,0,0,0,0
0.035,0.000311057299659335,-0.000196066903890876,0,0,0,0,0,0,0,0
0.036,0.00032898615342453,-0.000207367892010762,0,0,0,0,0,0,0,0
0.037,0.000347411615937744,-0.000218981904579121,0,0,0,0,0,0,0,0
0.038,0.000366333225285092,-0.000230908650440511,0,0,0,0,0,0,0,0
0.039,0.000385750519552692,-0.000243147838439493,0,0,0,0,0,0,0,0
0.04,0.000405663036826661,-0.000255699177420628,0,0,0,0,0,0,0,0
0.041,0.000426070315193116,-0.000268562376228475,0,0,0,0,0,0,0,0
0.042,0.000446971892738175,-0.000281737143707595,0,0,0,0,0,0,0,0
0.043,0.000468367307547953,-0.000295223188702548,0,0,0,0,0,0,0,0
0.044,0.000490256097708567,-0.000309020220057893,0,0,0,0,0,0,0,0
0.045,0.000512637801306136,-0.000323127946618191,0,0,0,0,0,0,0,0
0.046,0.000535511956426776,-0.000337546077228002,0,0,0,0,0,0,0,0
0.047,0.000558878101156603,-0.000352274320731886,0,0,0,0,0,0,0,0
0.048,0.000582735773581735,-0.000367312385974403,0,0,0,0,0,0,0,0
0.049,0.000607084511788289,-0.000382659981800114,0,0,0,0,0,0,0,0
0.05,0.000631923853862382,-0.000398316817053579,0,0,0,0,0,0,0,0
0.051,0.00065725333789013,-0.000414282600579357,0,0,0,0,0,0,0,0
0.052,0.000683072501957651,-0.000430557041222008,0,0,0,0,0,0,0,0
0.053,0.000709380884151062,-0.000447139847826094,0,0,0,0,0,0,0,0
0.054,0.000736178022556479,-0.000464030729236174,0,0,0,0,0,0,0,0
0.055,0.00076346345526002,-0.000481229394296808,0,0,0,0,0,0,0,0
0.056,0.000791236720347801,-0.000498735551852556,0,0,0,0,0,0,0,0
0.057,0.00081949735590594,-0.000516548910747978,0,0,0,0,0,0,0,0
0.058,0.000848244900020554,-0.000534669179827635,0,0,0,0,0,0,0,0
0.059,0.000877478890777759,-0.000553096067936087,0,0,0,0,0,0,0,0
0.06,0.000907198866263672,-0.000571829283917893,0,0,0,0,0,0,0,0
0.061,0.000937404364564411,-0.000590868536617614,0,0,0,0,0,0,0,0
0.062,0.000968094923766092,-0.00061021353487981,0,0,0,0,0,0,0,0
0.063,0.000999270081954833,-0.000629863987549041,0,0,0,0,0,0,0,0
0.064,0.00103092937721675,-0.000649819603469868,0,0,0,0,0,0,0,0
0.065,0.00106307234763796,-0.00067008009148685,0,0,0,0,0,0,0,0
0.066,0.00109569853130458,-0.000690645160444547,0,0,0,0,0,0,0,0
0.067,0.00112880746630273,-0.00071151451918752,0,0,0,0,0,0,0,0
0.068,0.00116239869071852,-0.000732687876560329,0,0,0,0,0,0,0,0
0.069,0.00119647174263807,-0.000754164941407534,0,0,0,0,0,0,0,0
0.07,0.00123102616014751,-0.000775945422573694,0,0,0,0,0,0,0,0
0.071,0.00126606148133293,-0.000798029028903371,0,0,0,0,0,0,0,0
0.072,0.00130157724428047,-0.000820415469241124,0,0,0,0,0,0,0,0
0.073,0.00133757298707624,-0.000843104452431513,0,0,0,0,0,0,0,0
0.074,0.00137404824780635,-0.000866095687319099,0,0,0,0,0,0,0,0
0.075,0.00141100256455693,-0.000889388882748441,0,0,0,0,0,0,0,0
0.076,0.00144843547541409,-0.0009129837475641,0,0,0,0,0,0,0,0
0.077,0.00148634651846394,-0.000936879990610636,0,0,0,0,0,0,0,0
0.078,0.00152473523179261,-0.000961077320732609,0,0,0,0,0,0,0,0
0.079,0.00156360115348621,-0.000985575446774579,0,0,0,0,0,0,0,0
0.08,0.00160294382163086,-0.00101037407758111,0,0,0,0,0,0,0,0
0.081,0.00164276277431267,-0.00103547292199675,0,0,0,0,0,0,0,0
0.082,0.00168305754961776,-0.00106087168886607,0,0,0,0,0,0,0,0
0.083,0.00172382768563225,-0.00108657008703363,0,0,0,0,0,0,0,0
0.084,0.00176507272044226,-0.00111256782534399,0,0,0,0,0,0,0,0
0.085,0.0018067921921339,-0.0011388646126417,0,0,0,0,0,0,0,0
0.086,0.0018489856387933,-0.00116546015777134,0,0,0,0,0,0,0,0
0.087,0.00189165259850655,-0.00119235416957745,0,0,0,0,0,0,0,0
0.088,0.00193479260935979,-0.0012195463569046,0,0,0,0,0,0,0,0
0.089,0.00197840520943914,-0.00124703642859735,0,0,0,0,0,0,0,0
0.09,0.0020224899368307,-0.00127482409350025,0,0,0,0,0,0,0,0
0.091,0.00206704632962059,-0.00130290906045788,0,0,0,0,0,0,0,0
0.092,0.00211207392589494,-0.00133129103831478,0,0,0,0,0,0,0,0
0.093,0.00215757226373985,-0.00135996973591552,0,0,0,0,0,0,0,0
0.094,0.00220354088124145,-0.00138894486210466,0,0,0,0,0,0,0,0
0.095,0.00224997931648586,-0.00141821612572676,0,0,0,0,0,0,0,0
0.096,0.00229688710755918,-0.00144778323562638,0,0,0,0,0,0,0,0
0.097,0.00234426379254754,-0.00147764590064808,0,0,0,0,0,0,0,0
0.098,0.00239210890953705,-0.00150780382963642,0,0,0,0,0,0,0,0
0.099,0.00244042199661383,-0.00153825673143596,0,0,0,0,0,0,0,0
0.1,0.002489202591864,-0.00156900431489125,0,0,0,0,0,0,0,0
0.101,0.00253845023337368,-0.00160004628884687,0,0,0,0,0,0,0,0
0.102,0.00258816445922897,-0.00163138236214737,0,0,0,0,0,0,0,0
0.103,0.00263834480751601,-0.00166301224363731,0,0,0,0,0,0,0,0
0.104,0.0026889908163209,-0.00169493564216124,0,0,0,0,0,0,0,0
0.105,0.00274010202372976,-0.00172715226656374,0,0,0,0,0,0,0,0
0.106,0.00279167796782871,-0.00175966182568936,0,0,0,0,0,0,0,0
0.107,0.00284371818670387,-0.00179246402838266,0,0,0,0,0,0,0,0
0.108,0.00289622221844135,-0.0018255585834882,0,0,0,0,0,0,0,0
0.109,0.00294918960112727,-0.00185894519985054,0,0,0,0,0,0,0,0
0.11,0.00300261987284774,-0.00189262358631424,0,0,0,0,0,0,0,0
0.111,0.0030565125716889,-0.00192659345172386,0,0,0,0,0,0,0,0
0.112,0.00311086723573684,-0.00196085450492396,0,0,0,0,0,0,0,0
0.113,0.00316568340307769,-0.00199540645475911,0,0,0,0,0,0,0,0
0.114,0.00322096061179757,-0.00203024901007385,0,0,0,0,0,0,0,0
0.115,0.00327669839998259,-0.00206538187971276,0,0,0,0,0,0,0,0
0.116,0.00333289630571886,-0.00210080477252039,0,0,0,0,0,0,0,0
0.117,0.00338955386709252,-0.0021365173973413,0,0,0,0,0,0,0,0
0.118,0.00344667062218966,-0.00217251946302005,0,0,0,0,0,0,0,0
0.119,0.00350424610909642,-0.00220881067840121,0,0,0,0,0,0,0,0
0.12,0.0035622798658989,-0.00224539075232932,0,0,0,0,0,0,0,0
0.121,0.00362077143068323,-0.00228225939364896,0,0,0,0,0,0,0,0
0.122,0.00367972034153551,-0.00231941631120468,0,0,0,0,0,0,0,0
0.123,0.00373912613654188,-0.00235686121384105,0,0,0,0,0,0,0,0
0.124,0.00379898835378844,-0.00239459381040261,0,0,0,0,0,0,0,0
0.125,0.00385930653136131,-0.00243261380973394,0,0,0,0,0,0,0,0
0.126,0.00392008020734661,-0.0024709209206796,0,0,0,0,0,0,0,0
0.127,0.00398130891983046,-0.00250951485208413,0,0,0,0,0,0,0,0
0.128,0.00404299220689897,-0.00254839531279211,0,0,0,0,0,0,0,0
0.129,0.00410512960663826,-0.00258756201164809,0,0,0,0,0,0,0,0
0.13,0.00416772065713444,-0.00262701465749663,0,0,0,0,0,0,0,0
0.131,0.00423076489647364,-0.0026667529591823,0,0,0,0,0,0,0,0
0.132,0.00429426186274197,-0.00270677662554966,0,0,0,0,0,0,0,0
0.133,0.00435821109402555,-0.00274708536544325,0,0,0,0,0,0,0,0
0.134,0.00442261212841049,-0.00278767888770765,0,0,0,0,0,0,0,0
0.135,0.00448746450398291,-0.00282855690118742,0,0,0,0,0,0,0,0
0.136,0.00455276775882893,-0.0028697191147271,0,0,0,0,0,0,0,0
0.137,0.00461852143103467,-0.00291116523717128,0,0,0,0,0,0,0,0
0.138,0.00468472505868624,-0.00295289497736449,0,0,0,0,0,0,0,0
0.139,0.00475137817986975,-0.00299490804415131,0,0,0,0,0,0,0,0
0.14,0.00481848033267134,-0.0030372041463763,0,0,0,0,0,0,0,0
0.141,0.00488603105517711,-0.00307978299288401,0,0,0,0,0,0,0,0
0.142,0.00495402988547318,-0.003122644292519,0,0,0,0,0,0,0,0
0.143,0.00502247636164566,-0.00316578775412584,0,0,0,0,0,0,0,0
0.144,0.00509137002178068,-0.00320921308654909,0,0,0,0,0,0,0,0
0.145,0.00516071040396435,-0.0032529199986333,0,0,0,0,0,0,0,0
0.146,0.00523049704628279,-0.00329690819922304,0,0,0,0,0,0,0,0
0.147,0.00530072948682212,-0.00334117739716286,0,0,0,0,0,0,0,0
0.148,0.00537140726366844,-0.00338572730129732,0,0,0,0,0,0,0,0
0.149,0.00544252991490789,-0.003430557620471,0,0,0,0,0,0,0,0
0.15,0.00551409697862657,-0.00347566806352843,0,0,0,0,0,0,0,0
0.151,0.0055861079929106,-0.0035210583393142,0,0,0,0,0,0,0,0
0.152,0.00565856249584611,-0.00356672815667285,0,0,0,0,0,0,0,0
0.153,0.0057314600255192,-0.00361267722444895,0,0,0,0,0,0,0,0
0.154,0.005804800120016,-0.00365890525148705,0,0,0,0,0,0,0,0
0.155,0.00587858231742262,-0.00370541194663172,0,0,0,0,0,0,0,0
0.156,0.00595280615582517,-0.00375219701872751,0,0,0,0,0,0,0,0
0.157,0.00602747117330978,-0.003799260176619,0,0,0,0,0,0,0,0
0.158,0.00610257690796256,-0.00384660112915073,0,0,0,0,0,0,0,0
0.159,0.00617812289786963,-0.00389421958516726,0,0,0,0,0,0,0,0
0.16,0.00625410868111711,-0.00394211525351317,0,0,0,0,0,0,0,0
0.161,0.00633053379579111,-0.003990287843033,0,0,0,0,0,0,0,0
0.162,0.00640739777997775,-0.00403873706257132,0,0,0,0,0,0,0,0
0.163,0.00648470017176314,-0.00408746262097268,0,0,0,0,0,0,0,0
0.164,0.00656244050923341,-0.00413646422708165,0,0,0,0,0,0,0,0
0.165,0.00664061833047467,-0.0041857415897428,0,0,0,0,0,0,0,0
0.166,0.00671923317357304,-0.00423529441780067,0,0,0,0,0,0,0,0
0.167,0.00679828457661463,-0.00428512242009982,0,0,0,0,0,0,0,0
0.168,0.00687777207768557,-0.00433522530548483,0,0,0,0,0,0,0,0
0.169,0.00695769521487196,-0.00438560278280024,0,0,0,0,0,0,0,0
0.17,0.00703805352625993,-0.00443625456089062,0,0,0,0,0,0,0,0
0.171,0.00711884654993559,-0.00448718034860053,0,0,0,0,0,0,0,0
0.172,0.00720007382398506,-0.00453837985477453,0,0,0,0,0,0,0,0
0.173,0.00728173488649446,-0.00458985278825718,0,0,0,0,0,0,0,0
0.174,0.0073638292755499,-0.00464159885789303,0,0,0,0,0,0,0,0
0.175,0.0074463565292375,-0.00469361777252666,0,0,0,0,0,0,0,0
0.176,0.00752931618564337,-0.00474590924100261,0,0,0,0,0,0,0,0
0.177,0.00761270778285365,-0.00479847297216545,0,0,0,0,0,0,0,0
0.178,0.00769653085895443,-0.00485130867485974,0,0,0,0,0,0,0,0
0.179,0.00778078495203184,-0.00490441605793004,0,0,0,0,0,0,0,0
0.18,0.007865469600172,-0.00495779483022092,0,0,0,0,0,0,0,0
0.181,0.00795058434146102,-0.00501144470057692,0,0,0,0,0,0,0,0
0.182,0.00803612871398502,-0.00506536537784261,0,0,0,0,0,0,0,0
0.183,0.00812210225583011,-0.00511955657086255,0,0,0,0,0,0,0,0
0.184,0.00820850450508242,-0.0051740179884813,0,0,0,0,0,0,0,0
0.185,0.00829533499982806,-0.00522874933954342,0,0,0,0,0,0,0,0
0.186,0.00838259327815315,-0.00528375033289347,0,0,0,0,0,0,0,0
0.187,0.0084702788781438,-0.00533902067737601,0,0,0,0,0,0,0,0
0.188,0.00855839133788613,-0.0053945600818356,0,0,0,0,0,0,0,0
0.189,0.00864693019546625,-0.0054503682551168,0,0,0,0,0,0,0,0
0.19,0.0087358949889703,-0.00550644490606418,0,0,0,0,0,0,0,0
0.191,0.00882528525648438,-0.00556278974352228,0,0,0,0,0,0,0,0
0.192,0.0089151005360946,-0.00561940247633568,0,0,0,0,0,0,0,0
0.193,0.00900534036588709,-0.00567628281334892,0,0,0,0,0,0,0,0
0.194,0.00909600428394797,-0.00573343046340658,0,0,0,0,0,0,0,0
0.195,0.00918709182836334,-0.00579084513535321,0,0,0,0,0,0,0,0
0.196,0.00927860253721933,-0.00584852653803337,0,0,0,0,0,0,0,0
0.197,0.00937053594860205,-0.00590647438029162,0,0,0,0,0,0,0,0
0.198,0.00946289160059763,-0.00596468837097253,0,0,0,0,0,0,0,0
0.199,0.00955566903129217,-0.00602316821892064,0,0,0,0,0,0,0,0
0.2,0.0096488677787718,-0.00608191363298053,0,0,0,0,0,0,0,0
0.201,0.00974248738112263,-0.00614092432199675,0,0,0,0,0,0,0,0
0.202,0.00983652737643078,-0.00620019999481386,0,0,0,0,0,0,0,0
0.203,0.00993098730278236,-0.00625974036027643,0,0,0,0,0,0,0,0
0.204,0.0100258666982635,-0.006319545127229,0,0,0,0,0,0,0,0
0.205,0.0101211651009603,-0.00637961400451615,0,0,0,0,0,0,0,0
0.206,0.0102168820489589,-0.00643994670098244,0,0,0,0,0,0,0,0
0.207,0.0103130170803454,-0.00650054292547241,0,0,0,0,0,0,0,0
0.208,0.0104095697332059,-0.00656140238683064,0,0,0,0,0,0,0,0
0.209,0.0105065395456266,-0.00662252479390168,0,0,0,0,0,0,0,0
0.21,0.0106039260556935,-0.00668390985553009,0,0,0,0,0,0,0,0
0.211,0.0107017288014928,-0.00674555728056044,0,0,0,0,0,0,0,0
0.212,0.0107999473211105,-0.00680746677783728,0,0,0,0,0,0,0,0
0.213,0.0108985811526329,-0.00686963805620518,0,0,0,0,0,0,0,0
0.214,0.010997629834146,-0.00693207082450869,0,0,0,0,0,0,0,0
0.215,0.0110970929037359,-0.00699476479159237,0,0,0,0,0,0,0,0
0.216,0.0111969698994888,-0.00705771966630079,0,0,0,0,0,0,0,0
0.217,0.0112972603594908,-0.0071209351574785,0,0,0,0,0,0,0,0
0.218,0.0113979638218279,-0.00718441097397006,0,0,0,0,0,0,0,0
0.219,0.0114990798245864,-0.00724814682462004,0,0,0,0,0,0,0,0
0.22,0.0116006079058523,-0.007312142418273,0,0,0,0,0,0,0,0
0.221,0.0117025476037117,-0.00737639746377348,0,0,0,0,0,0,0,0
0.222,0.0118048984562508,-0.00744091166996607,0,0,0,0,0,0,0,0
0.223,0.0119076600015557,-0.00750568474569531,0,0,0,0,0,0,0,0
0.224,0.0120108317777124,-0.00757071639980576,0,0,0,0,0,0,0,0
0.225,0.0121144133228072,-0.00763600634114199,0,0,0,0,0,0,0,0
0.226,0.0122184041749261,-0.00770155427854855,0,0,0,0,0,0,0,0
0.227,0.0123228038721552,-0.00776735992087001,0,0,0,0,0,0,0,0
0.228,0.0124276119525807,-0.00783342297695092,0,0,0,0,0,0,0,0
0.229,0.0125328279542887,-0.00789974315563585,0,0,0,0,0,0,0,0
0.23,0.0126384514153652,-0.00796632016576936,0,0,0,0,0,0,0,0
0.231,0.0127444818738965,-0.008033153716196,0,0,0,0,0,0,0,0
0.232,0.0128509188679686,-0.00810024351576034,0,0,0,0,0,0,0,0
0.233,0.0129577619356677,-0.00816758927330693,0,0,0,0,0,0,0,0
0.234,0.0130650106150798,-0.00823519069768034,0,0,0,0,0,0,0,0
0.235,0.0131726644442911,-0.00830304749772512,0,0,0,0,0,0,0,0
0.236,0.0132807229613877,-0.00837115938228584,0,0,0,0,0,0,0,0
0.237,0.0133891857044557,-0.00843952606020706,0,0,0,0,0,0,0,0
0.238,0.0134980522115812,-0.00850814724033334,0,0,0,0,0,0,0,0
0.239,0.0136073220208504,-0.00857702263150923,0,0,0,0,0,0,0,0
0.24,0.0137169946703493,-0.0086461519425793,0,0,0,0,0,0,0,0
0.241,0.0138270696981641,-0.0087155348823881,0,0,0,0,0,0,0,0
0.242,0.0139375466423809,-0.00878517115978021,0,0,0,0,0,0,0,0
0.243,0.0140484250410859,-0.00885506048360017,0,0,0,0,0,0,0,0
0.244,0.014159704432365,-0.00892520256269255,0,0,0,0,0,0,0,0
0.245,0.0142713843543045,-0.0089955971059019,0,0,0,0,0,0,0,0
0.246,0.0143834643449905,-0.0090662438220728,0,0,0,0,0,0,0,0
0.247,0.0144959439425091,-0.00913714242004979,0,0,0,0,0,0,0,0
0.248,0.0146088226849463,-0.00920829260867743,0,0,0,0,0,0,0,0
0.249,0.0147221001103884,-0.0092796940968003,0,0,0,0,0,0,0,0
0.25,0.0148357757569214,-0.00935134659326295,0,0,0,0,0,0,0,0
0.251,0.0149498491626315,-0.00942324980690993,0,0,0,0,0,0,0,0
0.252,0.0150643198656047,-0.00949540344658581,0,0,0,0,0,0,0,0
0.253,0.0151791874039272,-0.00956780722113515,0,0,0,0,0,0,0,0
0.254,0.0152944513156851,-0.00964046083940251,0,0,0,0,0,0,0,0
0.255,0.0154101111389645,-0.00971336401023245,0,0,0,0,0,0,0,0
0.256,0.0155261664118516,-0.00978651644246953,0,0,0,0,0,0,0,0
0.257,0.0156426166724324,-0.00985991784495831,0,0,0,0,0,0,0,0
0.258,0.0157594614587931,-0.00993356792654334,0,0,0,0,0,0,0,0
0.259,0.0158767003090198,-0.0100074663960692,0,0,0,0,0,0,0,0
0.26,0.0159943327611986,-0.0100816129623804,0,0,0,0,0,0,0,0
0.261,0.0161123583534156,-0.0101560073343216,0,0,0,0,0,0,0,0
0.262,0.0162307766237569,-0.0102306492207373,0,0,0,0,0,0,0,0
0.263,0.0163495871103087,-0.010305538330472,0,0,0,0,0,0,0,0
0.264,0.016468789351157,-0.0103806743723704,0,0,0,0,0,0,0,0
0.265,0.0165883828843881,-0.0104560570552769,0,0,0,0,0,0,0,0
0.266,0.0167083672480879,-0.0105316860880362,0,0,0,0,0,0,0,0
0.267,0.0168287419803427,-0.0106075611794927,0,0,0,0,0,0,0,0
0.268,0.0169495066192385,-0.0106836820384912,0,0,0,0,0,0,0,0
0.269,0.0170706607028615,-0.010760048373876,0,0,0,0,0,0,0,0
0.27,0.0171922037692977,-0.0108366598944919,0,0,0,0,0,0,0,0
0.271,0.0173141353566334,-0.0109135163091832,0,0,0,0,0,0,0,0
0.272,0.0174364550029545,-0.0109906173267947,0,0,0,0,0,0,0,0
0.273,0.0175591622463473,-0.0110679626561708,0,0,0,0,0,0,0,0
0.274,0.0176822566248978,-0.0111455520061562,0,0,0,0,0,0,0,0
0.275,0.0178057376766921,-0.0112233850855953,0,0,0,0,0,0,0,0
0.276,0.0179296049398165,-0.0113014616033328,0,0,0,0,0,0,0,0
0.277,0.0180538579523569,-0.0113797812682132,0,0,0,0,0,0,0,0
0.278,0.0181784962523995,-0.0114583437890811,0,0,0,0,0,0,0,0
0.279,0.0183035193780305,-0.0115371488747809,0,0,0,0,0,0,0,0
0.28,0.0184289268673359,-0.0116161962341574,0,0,0,0,0,0,0,0
0.281,0.0185547182584019,-0.011695485576055,0,0,0,0,0,0,0,0
0.282,0.0186808930893145,-0.0117750166093182,0,0,0,0,0,0,0,0
0.283,0.0188074508981599,-0.0118547890427918,0,0,0,0,0,0,0,0
0.284,0.0189343912230243,-0.0119348025853202,0,0,0,0,0,0,0,0
0.285,0.0190617136019937,-0.0120150569457479,0,0,0,0,0,0,0,0
0.286,0.0191894175731542,-0.0120955518329196,0,0,0,0,0,0,0,0
0.287,0.0193175026745919,-0.0121762869556798,0,0,0,0,0,0,0,0
0.288,0.0194459684443931,-0.0122572620228731,0,0,0,0,0,0,0,0
0.289,0.0195748144206438,-0.012338476743344,0,0,0,0,0,0,0,0
0.29,0.01970404014143,-0.0124199308259371,0,0,0,0,0,0,0,0
0.291,0.019833645144838,-0.0125016239794969,0,0,0,0,0,0,0,0
0.292,0.0199636289689539,-0.012583555912868,0,0,0,0,0,0,0,0
0.293,0.0200939911518637,-0.012665726334895,0,0,0,0,0,0,0,0
0.294,0.0202247312316535,-0.0127481349544224,0,0,0,0,0,0,0,0
0.295,0.0203558487464096,-0.0128307814802948,0,0,0,0,0,0,0,0
0.296,0.020487343234218,-0.0129136656213567,0,0,0,0,0,0,0,0
0.297,0.0206192142331648,-0.0129967870864528,0,0,0,0,0,0,0,0
0.298,0.0207514612813362,-0.0130801455844275,0,0,0,0,0,0,0,0
0.299,0.0208840839168183,-0.0131637408241254,0,0,0,0,0,0,0,0
0.3,0.0210170816776971,-0.0132475725143911,0,0,0,0,0,0,0,0
0.301,0.0211504541020588,-0.0133316403640692,0,0,0,0,0,0,0,0
0.302,0.0212842007279895,-0.0134159440820041,0,0,0,0,0,0,0,0
0.303,0.0214183210935754,-0.0135004833770405,0,0,0,0,0,0,0,0
0.304,0.0215528147369025,-0.013585257958023,0,0,0,0,0,0,0,0
0.305,0.021687681196057,-0.013670267533796,0,0,0,0,0,0,0,0
0.306,0.021822920009125,-0.0137555118132042,0,0,0,0,0,0,0,0
0.307,0.0219585307141926,-0.0138409905050921,0,0,0,0,0,0,0,0
0.308,0.0220945128493459,-0.0139267033183042,0,0,0,0,0,0,0,0
0.309,0.022230865952671,-0.0140126499616852,0,0,0,0,0,0,0,0
0.31,0.0223675895622541,-0.0140988301440796,0,0,0,0,0,0,0,0
0.311,0.0225046832161812,-0.0141852435743319,0,0,0,0,0,0,0,0
0.312,0.0226421464525385,-0.0142718899612867,0,0,0,0,0,0,0,0
0.313,0.0227799788094122,-0.0143587690137886,0,0,0,0,0,0,0,0
0.314,0.0229181798248882,-0.0144458804406821,0,0,0,0,0,0,0,0
0.315,0.0230567490370528,-0.0145332239508118,0,0,0,0,0,0,0,0
0.316,0.0231956859839921,-0.0146207992530222,0,0,0,0,0,0,0,0
0.317,0.0233349902037921,-0.0147086060561579,0,0,0,0,0,0,0,0
0.318,0.023474661234539,-0.0147966440690636,0,0,0,0,0,0,0,0
0.319,0.0236146986143189,-0.0148849130005836,0,0,0,0,0,0,0,0
0.32,0.0237551018812179,-0.0149734125595626,0,0,0,0,0,0,0,0
0.321,0.0238958705733222,-0.0150621424548452,0,0,0,0,0,0,0,0
0.322,0.0240370042287178,-0.0151511023952759,0,0,0,0,0,0,0,0
0.323,0.0241785023854909,-0.0152402920896992,0,0,0,0,0,0,0,0
0.324,0.0243203645817276,-0.0153297112469598,0,0,0,0,0,0,0,0
0.325,0.024462590355514,-0.0154193595759021,0,0,0,0,0,0,0,0
0.326,0.0246051792449362,-0.0155092367853708,0,0,0,0,0,0,0,0
0.327,0.0247481307880804,-0.0155993425842105,0,0,0,0,0,0,0,0
0.328,0.0248914445230326,-0.0156896766812655,0,0,0,0,0,0,0,0
0.329,0.025035119987879,-0.0157802387853807,0,0,0,0,0,0,0,0
0.33,0.0251791567207057,-0.0158710286054004,0,0,0,0,0,0,0,0
0.331,0.0253235542595987,-0.0159620458501692,0,0,0,0,0,0,0,0
0.332,0.0254683121426444,-0.0160532902285318,0,0,0,0,0,0,0,0
0.333,0.0256134299079286,-0.0161447614493326,0,0,0,0,0,0,0,0
0.334,0.0257589070935376,-0.0162364592214162,0,0,0,0,0,0,0,0
0.335,0.0259047432375575,-0.0163283832536273,0,0,0,0,0,0,0,0
0.336,0.0260509378780744,-0.0164205332548103,0,0,0,0,0,0,0,0
0.337,0.0261974905531744,-0.0165129089338098,0,0,0,0,0,0,0,0
0.338,0.0263444008009436,-0.0166055099994703,0,0,0,0,0,0,0,0
0.339,0.0264916681594682,-0.0166983361606365,0,0,0,0,0,0,0,0
0.34,0.0266392921668342,-0.0167913871261529,0,0,0,0,0,0,0,0
0.341,0.0267872723611278,-0.016884662604864,0,0,0,0,0,0,0,0
0.342,0.0269356082804351,-0.0169781623056145,0,0,0,0,0,0,0,0
0.343,0.0270842994628422,-0.0170718859372488,0,0,0,0,0,0,0,0
0.344,0.0272333454464353,-0.0171658332086115,0,0,0,0,0,0,0,0
0.345,0.0273827457693003,-0.0172600038285473,0,0,0,0,0,0,0,0
0.346,0.0275324999695236,-0.0173543975059006,0,0,0,0,0,0,0,0
0.347,0.0276826075851911,-0.017449013949516,0,0,0,0,0,0,0,0
0.348,0.0278330681543891,-0.017543852868238,0,0,0,0,0,0,0,0
0.349,0.0279838812152035,-0.0176389139709113,0,0,0,0,0,0,0,0
0.35,0.0281350463057206,-0.0177341969663804,0,0,0,0,0,0,0,0
0.351,0.0282865629640264,-0.0178297015634898,0,0,0,0,0,0,0,0
0.352,0.0284384307282071,-0.0179254274710842,0,0,0,0,0,0,0,0
0.353,0.0285906491363487,-0.018021374398008,0,0,0,0,0,0,0,0
0.354,0.0287432177265375,-0.0181175420531058,0,0,0,0,0,0,0,0
0.355,0.0288961360368595,-0.0182139301452223,0,0,0,0,0,0,0,0
0.356,0.0290494036054008,-0.0183105383832019,0,0,0,0,0,0,0,0
0.357,0.0292030199702475,-0.0184073664758892,0,0,0,0,0,0,0,0
0.358,0.0293569846694859,-0.0185044141321287,0,0,0,0,0,0,0,0
0.359,0.0295112972412019,-0.0186016810607651,0,0,0,0,0,0,0,0
0.36,0.0296659572234817,-0.0186991669706429,0,0,0,0,0,0,0,0
0.361,0.0298209641544114,-0.0187968715706067,0,0,0,0,0,0,0,0
0.362,0.0299763175720772,-0.0188947945695009,0,0,0,0,0,0,0,0
0.363,0.0301320170145651,-0.0189929356761703,0,0,0,0,0,0,0,0
0.364,0.0302880620199613,-0.0190912945994593,0,0,0,0,0,0,0,0
0.365,0.0304444521263519,-0.0191898710482124,0,0,0,0,0,0,0,0
0.366,0.0306011868718229,-0.0192886647312743,0,0,0,0,0,0,0,0
0.367,0.0307582657944606,-0.0193876753574895,0,0,0,0,0,0,0,0
0.368,0.0309156884323511,-0.0194869026357026,0,0,0,0,0,0,0,0
0.369,0.0310734543235803,-0.0195863462747582,0,0,0,0,0,0,0,0
0.37,0.0312315630062346,-0.0196860059835007,0,0,0,0,0,0,0,0
0.371,0.0313900140183999,-0.0197858814707748,0,0,0,0,0,0,0,0
0.372,0.0315488068981625,-0.0198859724454249,0,0,0,0,0,0,0,0
0.373,0.0317079411836084,-0.0199862786162958,0,0,0,0,0,0,0,0
0.374,0.0318674164128237,-0.0200867996922319,0,0,0,0,0,0,0,0
0.375,0.0320272321238945,-0.0201875353820778,0,0,0,0,0,0,0,0
0.376,0.032187387854907,-0.020288485394678,0,0,0,0,0,0,0,0
0.377,0.0323478831439474,-0.0203896494388772,0,0,0,0,0,0,0,0
0.378,0.0325087175291016,-0.0204910272235198,0,0,0,0,0,0,0,0
0.379,0.0326698905484558,-0.0205926184574505,0,0,0,0,0,0,0,0
0.38,0.0328314017400962,-0.0206944228495137,0,0,0,0,0,0,0,0
0.381,0.0329932506421089,-0.0207964401085541,0,0,0,0,0,0,0,0
0.382,0.0331554367925799,-0.0208986699434163,0,0,0,0,0,0,0,0
0.383,0.0333179597295954,-0.0210011120629447,0,0,0,0,0,0,0,0
0.384,0.0334808189912415,-0.0211037661759839,0,0,0,0,0,0,0,0
0.385,0.0336440141156044,-0.0212066319913785,0,0,0,0,0,0,0,0
0.386,0.0338075446407701,-0.0213097092179731,0,0,0,0,0,0,0,0
0.387,0.0339714101048247,-0.0214129975646122,0,0,0,0,0,0,0,0
0.388,0.0341356100458544,-0.0215164967401404,0,0,0,0,0,0,0,0
0.389,0.0343001440019453,-0.0216202064534022,0,0,0,0,0,0,0,0
0.39,0.0344650115111836,-0.0217241264132422,0,0,0,0,0,0,0,0
0.391,0.0346302121116552,-0.021828256328505,0,0,0,0,0,0,0,0
0.392,0.0347957453414464,-0.021932595908035,0,0,0,0,0,0,0,0
0.393,0.0349616107386432,-0.022037144860677,0,0,0,0,0,0,0,0
0.394,0.0351278078413319,-0.0221419028952754,0,0,0,0,0,0,0,0
0.395,0.0352943361875984,-0.0222468697206748,0,0,0,0,0,0,0,0
0.396,0.0354611953155289,-0.0223520450457197,0,0,0,0,0,0,0,0
0.397,0.0356283847632096,-0.0224574285792548,0,0,0,0,0,0,0,0
0.398,0.0357959040687265,-0.0225630200301245,0,0,0,0,0,0,0,0
0.399,0.0359637527701658,-0.0226688191071735,0,0,0,0,0,0,0,0
0.4,0.0361319304056136,-0.0227748255192462,0,0,0,0,0,0,0,0
0.401,0.0363004365131559,-0.0228810389751874,0,0,0,0,0,0,0,0
0.402,0.036469270630879,-0.0229874591838414,0,0,0,0,0,0,0,0
0.403,0.0366384322968689,-0.0230940858540529,0,0,0,0,0,0,0,0
0.404,0.0368079210492117,-0.0232009186946665,0,0,0,0,0,0,0,0
0.405,0.0369777364259936,-0.0233079574145266,0,0,0,0,0,0,0,0
0.406,0.0371478779653007,-0.0234152017224779,0,0,0,0,0,0,0,0
0.407,0.0373183452052191,-0.023522651327365,0,0,0,0,0,0,0,0
0.408,0.0374891376838349,-0.0236303059380323,0,0,0,0,0,0,0,0
0.409,0.0376602549392342,-0.0237381652633244,0,0,0,0,0,0,0,0
0.41,0.0378316965095032,-0.023846229012086,0,0,0,0,0,0,0,0
0.411,0.038003461932728,-0.0239544968931614,0,0,0,0,0,0,0,0
0.412,0.0381755507469946,-0.0240629686153955,0,0,0,0,0,0,0,0
0.413,0.0383479624903892,-0.0241716438876326,0,0,0,0,0,0,0,0
0.414,0.038520696700998,-0.0242805224187173,0,0,0,0,0,0,0,0
0.415,0.038693752916907,-0.0243896039174942,0,0,0,0,0,0,0,0
0.416,0.0388671306762023,-0.0244988880928079,0,0,0,0,0,0,0,0
0.417,0.0390408295169701,-0.0246083746535029,0,0,0,0,0,0,0,0
0.418,0.0392148489772965,-0.0247180633084238,0,0,0,0,0,0,0,0
0.419,0.0393891885952676,-0.0248279537664151,0,0,0,0,0,0,0,0
0.42,0.0395638479089695,-0.0249380457363215,0,0,0,0,0,0,0,0
0.421,0.0397388264564883,-0.0250483389269873,0,0,0,0,0,0,0,0
0.422,0.0399141237759102,-0.0251588330472574,0,0,0,0,0,0,0,0
0.423,0.0400897394053213,-0.025269527805976,0,0,0,0,0,0,0,0
0.424,0.0402656728828076,-0.025380422911988,0,0,0,0,0,0,0,0
0.425,0.0404419237464554,-0.0254915180741377,0,0,0,0,0,0,0,0
0.426,0.0406184915343507,-0.0256028130012698,0,0,0,0,0,0,0,0
0.427,0.0407953757845796,-0.0257143074022288,0,0,0,0,0,0,0,0
0.428,0.0409725760352283,-0.0258260009858593,0,0,0,0,0,0,0,0
0.429,0.0411500918243828,-0.0259378934610058,0,0,0,0,0,0,0,0
0.43,0.0413279226901293,-0.0260499845365129,0,0,0,0,0,0,0,0
0.431,0.041506068170554,-0.0261622739212252,0,0,0,0,0,0,0,0
0.432,0.0416845278037428,-0.0262747613239872,0,0,0,0,0,0,0,0
0.433,0.041863301127782,-0.0263874464536435,0,0,0,0,0,0,0,0
0.434,0.0420423876807577,-0.0265003290190386,0,0,0,0,0,0,0,0
0.435,0.0422217870007559,-0.0266134087290171,0,0,0,0,0,0,0,0
0.436,0.0424014986258628,-0.0267266852924236,0,0,0,0,0,0,0,0
0.437,0.0425815220941646,-0.0268401584181026,0,0,0,0,0,0,0,0
0.438,0.0427618569437472,-0.0269538278148987,0,0,0,0,0,0,0,0
0.439,0.0429425027126969,-0.0270676931916565,0,0,0,0,0,0,0,0
0.44,0.0431234589390998,-0.0271817542572204,0,0,0,0,0,0,0,0
0.441,0.0433047251610419,-0.0272960107204351,0,0,0,0,0,0,0,0
0.442,0.0434863009166094,-0.0274104622901451,0,0,0,0,0,0,0,0
0.443,0.0436681857438885,-0.027525108675195,0,0,0,0,0,0,0,0
0.444,0.0438503791809651,-0.0276399495844293,0,0,0,0,0,0,0,0
0.445,0.0440328807659255,-0.0277549847266927,0,0,0,0,0,0,0,0
0.446,0.0442156900368558,-0.0278702138108296,0,0,0,0,0,0,0,0
0.447,0.044398806531842,-0.0279856365456846,0,0,0,0,0,0,0,0
0.448,0.0445822297889703,-0.0281012526401023,0,0,0,0,0,0,0,0
0.449,0.0447659593463269,-0.0282170618029273,0,0,0,0,0,0,0,0
0.45,0.0449499947419978,-0.028333063743004,0,0,0,0,0,0,0,0
0.451,0.0451343355140691,-0.0284492581691772,0,0,0,0,0,0,0,0
0.452,0.0453189812006269,-0.0285656447902912,0,0,0,0,0,0,0,0
0.453,0.0455039313397575,-0.0286822233151907,0,0,0,0,0,0,0,0
0.454,0.0456891854695469,-0.0287989934527203,0,0,0,0,0,0,0,0
0.455,0.0458747431280811,-0.0289159549117245,0,0,0,0,0,0,0,0
0.456,0.0460606038534464,-0.0290331074010478,0,0,0,0,0,0,0,0
0.457,0.0462467671837289,-0.0291504506295349,0,0,0,0,0,0,0,0
0.458,0.0464332326570146,-0.0292679843060302,0,0,0,0,0,0,0,0
0.459,0.0466199998113897,-0.0293857081393784,0,0,0,0,0,0,0,0
0.46,0.0468070681849403,-0.029503621838424,0,0,0,0,0,0,0,0
0.461,0.0469944373157525,-0.0296217251120116,0,0,0,0,0,0,0,0
0.462,0.0471821067419124,-0.0297400176689856,0,0,0,0,0,0,0,0
0.463,0.0473700760015062,-0.0298584992181908,0,0,0,0,0,0,0,0
0.464,0.0475583446326199,-0.0299771694684716,0,0,0,0,0,0,0,0
0.465,0.0477469121733397,-0.0300960281286726,0,0,0,0,0,0,0,0
0.466,0.0479357781617518,-0.0302150749076384,0,0,0,0,0,0,0,0
0.467,0.0481249421359421,-0.0303343095142135,0,0,0,0,0,0,0,0
0.468,0.0483144036339969,-0.0304537316572425,0,0,0,0,0,0,0,0
0.469,0.0485041621940022,-0.0305733410455699,0,0,0,0,0,0,0,0
0.47,0.0486942173540442,-0.0306931373880404,0,0,0,0,0,0,0,0
0.471,0.048884568652209,-0.0308131203934984,0,0,0,0,0,0,0,0
0.472,0.0490752156265827,-0.0309332897707885,0,0,0,0,0,0,0,0
0.473,0.0492661578152514,-0.0310536452287553,0,0,0,0,0,0,0,0
0.474,0.0494573947563013,-0.0311741864762434,0,0,0,0,0,0,0,0
0.475,0.0496489259878184,-0.0312949132220973,0,0,0,0,0,0,0,0
0.476,0.0498407510478888,-0.0314158251751615,0,0,0,0,0,0,0,0
0.477,0.0500328694745988,-0.0315369220442806,0,0,0,0,0,0,0,0
0.478,0.0502252808060343,-0.0316582035382993,0,0,0,0,0,0,0,0
0.479,0.0504179845802816,-0.031779669366062,0,0,0,0,0,0,0,0
0.48,0.0506109803354267,-0.0319013192364133,0,0,0,0,0,0,0,0
0.481,0.0508042676095557,-0.0320231528581977,0,0,0,0,0,0,0,0
0.482,0.0509978459407549,-0.0321451699402599,0,0,0,0,0,0,0,0
0.483,0.0511917148671102,-0.0322673701914444,0,0,0,0,0,0,0,0
0.484,0.0513858739267078,-0.0323897533205957,0,0,0,0,0,0,0,0
0.485,0.0515803226576339,-0.0325123190365585,0,0,0,0,0,0,0,0
0.486,0.0517750605979745,-0.0326350670481772,0,0,0,0,0,0,0,0
0.487,0.0519700872858157,-0.0327579970642964,0,0,0,0,0,0,0,0
0.488,0.0521654022592438,-0.0328811087937607,0,0,0,0,0,0,0,0
0.489,0.0523610050563447,-0.0330044019454147,0,0,0,0,0,0,0,0
0.49,0.0525568952152046,-0.0331278762281028,0,0,0,0,0,0,0,0
0.491,0.0527530722739096,-0.0332515313506698,0,0,0,0,0,0,0,0
0.492,0.0529495357705459,-0.0333753670219601,0,0,0,0,0,0,0,0
0.493,0.0531462852431995,-0.0334993829508182,0,0,0,0,0,0,0,0
0.494,0.0533433202299567,-0.0336235788460888,0,0,0,0,0,0,0,0
0.495,0.0535406402689034,-0.0337479544166164,0,0,0,0,0,0,0,0
0.496,0.0537382448981258,-0.0338725093712456,0,0,0,0,0,0,0,0
0.497,0.05393613365571,-0.0339972434188209,0,0,0,0,0,0,0,0
0.498,0.0541343060797422,-0.0341221562681869,0,0,0,0,0,0,0,0
0.499,0.0543327617083085,-0.0342472476281882,0,0,0,0,0,0,0,0
0.5,0.0545315000794949,-0.0343725172076692,0,0,0,0,0,0,0,0
0.501,0.0547305207313876,-0.0344979647154746,0,0,0,0,0,0,0,0
0.502,0.0549298232020727,-0.034623589860449,0,0,0,0,0,0,0,0
0.503,0.0551294070296364,-0.0347493923514368,0,0,0,0,0,0,0,0
0.504,0.0553292717521647,-0.0348753718972827,0,0,0,0,0,0,0,0
0.505,0.0555294169077437,-0.0350015282068312,0,0,0,0,0,0,0,0
0.506,0.0557298420344597,-0.0351278609889269,0,0,0,0,0,0,0,0
0.507,0.0559305466703986,-0.0352543699524143,0,0,0,0,0,0,0,0
0.508,0.0561315303536467,-0.035381054806138,0,0,0,0,0,0,0,0
0.509,0.0563327926222899,-0.0355079152589425,0,0,0,0,0,0,0,0
0.51,0.0565343330144146,-0.0356349510196725,0,0,0,0,0,0,0,0
0.511,0.0567361510681067,-0.0357621617971724,0,0,0,0,0,0,0,0
0.512,0.0569382463214523,-0.0358895473002869,0,0,0,0,0,0,0,0
0.513,0.0571406183125377,-0.0360171072378604,0,0,0,0,0,0,0,0
0.514,0.0573432665794489,-0.0361448413187376,0,0,0,0,0,0,0,0
0.515,0.057546190660272,-0.036272749251763,0,0,0,0,0,0,0,0
0.516,0.0577493900930931,-0.0364008307457812,0,0,0,0,0,0,0,0
0.517,0.0579528644159985,-0.0365290855096367,0,0,0,0,0,0,0,0
0.518,0.0581566131670741,-0.0366575132521741,0,0,0,0,0,0,0,0
0.519,0.0583606358844061,-0.0367861136822379,0,0,0,0,0,0,0,0
0.52,0.0585649321060806,-0.0369148865086728,0,0,0,0,0,0,0,0
0.521,0.0587695013701838,-0.0370438314403232,0,0,0,0,0,0,0,0
0.522,0.0589743432148017,-0.0371729481860338,0,0,0,0,0,0,0,0
0.523,0.0591794571780205,-0.0373022364546491,0,0,0,0,0,0,0,0
0.524,0.0593848427979262,-0.0374316959550136,0,0,0,0,0,0,0,0
0.525,0.0595904996126051,-0.0375613263959719,0,0,0,0,0,0,0,0
0.526,0.0597964271601432,-0.0376911274863686,0,0,0,0,0,0,0,0
0.527,0.0600026249786266,-0.0378210989350482,0,0,0,0,0,0,0,0
0.528,0.0602090926061414,-0.0379512404508553,0,0,0,0,0,0,0,0
0.529,0.0604158295807739,-0.0380815517426345,0,0,0,0,0,0,0,0
0.53,0.06062283544061,-0.0382120325192303,0,0,0,0,0,0,0,0
0.531,0.0608301097237359,-0.0383426824894872,0,0,0,0,0,0,0,0
0.532,0.0610376519682378,-0.0384735013622499,0,0,0,0,0,0,0,0
0.533,0.0612454617122017,-0.0386044888463629,0,0,0,0,0,0,0,0
0.534,0.0614535384937137,-0.0387356446506707,0,0,0,0,0,0,0,0
0.535,0.06166188185086,-0.038866968484018,0,0,0,0,0,0,0,0
0.536,0.0618704913217267,-0.0389984600552492,0,0,0,0,0,0,0,0
0.537,0.0620793664443999,-0.039130119073209,0,0,0,0,0,0,0,0
0.538,0.0622885067569657,-0.0392619452467418,0,0,0,0,0,0,0,0
0.539,0.0624979117975103,-0.0393939382846923,0,0,0,0,0,0,0,0
0.54,0.0627075811041197,-0.039526097895905,0,0,0,0,0,0,0,0
0.541,0.0629175142148801,-0.0396584237892245,0,0,0,0,0,0,0,0
0.542,0.0631277106678776,-0.0397909156734953,0,0,0,0,0,0,0,0
0.543,0.0633381700011982,-0.0399235732575621,0,0,0,0,0,0,0,0
0.544,0.0635488917529283,-0.0400563962502692,0,0,0,0,0,0,0,0
0.545,0.0637598754611537,-0.0401893843604614,0,0,0,0,0,0,0,0
0.546,0.0639711206639607,-0.0403225372969832,0,0,0,0,0,0,0,0
0.547,0.0641826268994354,-0.0404558547686791,0,0,0,0,0,0,0,0
0.548,0.0643943937056639,-0.0405893364843937,0,0,0,0,0,0,0,0
0.549,0.0646064206207323,-0.0407229821529715,0,0,0,0,0,0,0,0
0.55,0.0648187071827267,-0.0408567914832572,0,0,0,0,0,0,0,0
0.551,0.0650312529297332,-0.0409907641840952,0,0,0,0,0,0,0,0
0.552,0.065244057399838,-0.0411248999643302,0,0,0,0,0,0,0,0
0.553,0.0654571201311272,-0.0412591985328067,0,0,0,0,0,0,0,0
0.554,0.0656704406616869,-0.0413936595983692,0,0,0,0,0,0,0,0
0.555,0.0658840185296032,-0.0415282828698623,0,0,0,0,0,0,0,0
0.556,0.0660978532729622,-0.0416630680561306,0,0,0,0,0,0,0,0
0.557,0.0663119444298501,-0.0417980148660187,0,0,0,0,0,0,0,0
0.558,0.0665262915383529,-0.041933123008371,0,0,0,0,0,0,0,0
0.559,0.0667408941365568,-0.0420683921920322,0,0,0,0,0,0,0,0
0.56,0.0669557517625479,-0.0422038221258469,0,0,0,0,0,0,0,0
0.561,0.0671708639544123,-0.0423394125186594,0,0,0,0,0,0,0,0
0.562,0.0673862302502361,-0.0424751630793146,0,0,0,0,0,0,0,0
0.563,0.0676018501881055,-0.0426110735166568,0,0,0,0,0,0,0,0
0.564,0.0678177233061066,-0.0427471435395307,0,0,0,0,0,0,0,0
0.565,0.0680338491423254,-0.0428833728567808,0,0,0,0,0,0,0,0
0.566,0.0682502272348481,-0.0430197611772517,0,0,0,0,0,0,0,0
0.567,0.0684668571217609,-0.0431563082097879,0,0,0,0,0,0,0,0
0.568,0.0686837383411497,-0.043293013663234,0,0,0,0,0,0,0,0
0.569,0.0689008704311009,-0.0434298772464346,0,0,0,0,0,0,0,0
0.57,0.0691182529297003,-0.0435668986682342,0,0,0,0,0,0,0,0
0.571,0.0693358853750343,-0.0437040776374774,0,0,0,0,0,0,0,0
0.572,0.0695537673051889,-0.0438414138630087,0,0,0,0,0,0,0,0
0.573,0.0697718982582501,-0.0439789070536727,0,0,0,0,0,0,0,0
0.574,0.0699902777723043,-0.0441165569183139,0,0,0,0,0,0,0,0
0.575,0.0702089053854373,-0.044254363165777,0,0,0,0,0,0,0,0
0.576,0.0704277806357354,-0.0443923255049065,0,0,0,0,0,0,0,0
0.577,0.0706469030612848,-0.0445304436445469,0,0,0,0,0,0,0,0
0.578,0.0708662722001714,-0.0446687172935427,0,0,0,0,0,0,0,0
0.579,0.0710858875904814,-0.0448071461607387,0,0,0,0,0,0,0,0
0.58,0.071305748770301,-0.0449457299549793,0,0,0,0,0,0,0,0
0.581,0.0715258552777162,-0.045084468385109,0,0,0,0,0,0,0,0
0.582,0.0717462066508132,-0.0452233611599725,0,0,0,0,0,0,0,0
0.583,0.071966802427678,-0.0453624079884143,0,0,0,0,0,0,0,0
0.584,0.0721876421463969,-0.045501608579279,0,0,0,0,0,0,0,0
0.585,0.0724087253450559,-0.045640962641411,0,0,0,0,0,0,0,0
0.586,0.0726300515617412,-0.0457804698836551,0,0,0,0,0,0,0,0
0.587,0.0728516203345387,-0.0459201300148557,0,0,0,0,0,0,0,0
0.588,0.0730734312015348,-0.0460599427438574,0,0,0,0,0,0,0,0
0.589,0.0732954837008154,-0.0461999077795047,0,0,0,0,0,0,0,0
0.59,0.0735177773704668,-0.0463400248306423,0,0,0,0,0,0,0,0
0.591,0.073740311748575,-0.0464802936061146,0,0,0,0,0,0,0,0
0.592,0.0739630863732261,-0.0466207138147663,0,0,0,0,0,0,0,0
0.593,0.0741861007825062,-0.0467612851654419,0,0,0,0,0,0,0,0
0.594,0.0744093545145016,-0.046902007366986,0,0,0,0,0,0,0,0
0.595,0.0746328471072982,-0.047042880128243,0,0,0,0,0,0,0,0
0.596,0.0748565780989822,-0.0471839031580577,0,0,0,0,0,0,0,0
0.597,0.0750805470276398,-0.0473250761652745,0,0,0,0,0,0,0,0
0.598,0.075304753431357,-0.047466398858738,0,0,0,0,0,0,0,0
0.599,0.0755291968482199,-0.0476078709472927,0,0,0,0,0,0,0,0
0.6,0.0757538768163148,-0.0477494921397833,0,0,0,0,0,0,0,0
0.601,0.0759787928737276,-0.0478912621450543,0,0,0,0,0,0,0,0
0.602,0.0762039445585445,-0.0480331806719502,0,0,0,0,0,0,0,0
0.603,0.0764293314088517,-0.0481752474293156,0,0,0,0,0,0,0,0
0.604,0.0766549529627352,-0.048317462125995,0,0,0,0,0,0,0,0
0.605,0.0768808087582811,-0.0484598244708331,0,0,0,0,0,0,0,0
0.606,0.0771068983335756,-0.0486023341726744,0,0,0,0,0,0,0,0
0.607,0.0773332212267049,-0.0487449909403634,0,0,0,0,0,0,0,0
0.608,0.0775597769757549,-0.0488877944827447,0,0,0,0,0,0,0,0
0.609,0.0777865651188119,-0.0490307445086629,0,0,0,0,0,0,0,0
0.61,0.0780135851939619,-0.0491738407269625,0,0,0,0,0,0,0,0
0.611,0.078240836739291,-0.049317082846488,0,0,0,0,0,0,0,0
0.612,0.0784683192928855,-0.0494604705760842,0,0,0,0,0,0,0,0
0.613,0.0786960323928313,-0.0496040036245954,0,0,0,0,0,0,0,0
0.614,0.0789239755772147,-0.0497476817008663,0,0,0,0,0,0,0,0
0.615,0.0791521483841216,-0.0498915045137414,0,0,0,0,0,0,0,0
0.616,0.0793805503516384,-0.0500354717720653,0,0,0,0,0,0,0,0
0.617,0.079609181017851,-0.0501795831846825,0,0,0,0,0,0,0,0
0.618,0.0798380399208455,-0.0503238384604377,0,0,0,0,0,0,0,0
0.619,0.0800671265987082,-0.0504682373081753,0,0,0,0,0,0,0,0
0.62,0.0802964405895251,-0.0506127794367399,0,0,0,0,0,0,0,0
0.621,0.0805259814313823,-0.0507574645549761,0,0,0,0,0,0,0,0
0.622,0.0807557486623659,-0.0509022923717285,0,0,0,0,0,0,0,0
0.623,0.0809857418205621,-0.0510472625958415,0,0,0,0,0,0,0,0
0.624,0.081215960444057,-0.0511923749361599,0,0,0,0,0,0,0,0
0.625,0.0814464040709367,-0.051337629101528,0,0,0,0,0,0,0,0
0.626,0.0816770722392874,-0.0514830248007905,0,0,0,0,0,0,0,0
0.627,0.081907964487195,-0.051628561742792,0,0,0,0,0,0,0,0
0.628,0.0821390803527458,-0.051774239636377,0,0,0,0,0,0,0,0
0.629,0.0823704193740259,-0.0519200581903901,0,0,0,0,0,0,0,0
0.63,0.0826019810891213,-0.0520660171136757,0,0,0,0,0,0,0,0
0.631,0.0828337650361183,-0.0522121161150786,0,0,0,0,0,0,0,0
0.632,0.0830657707531028,-0.0523583549034432,0,0,0,0,0,0,0,0
0.633,0.0832979977781612,-0.0525047331876141,0,0,0,0,0,0,0,0
0.634,0.0835304456493793,-0.0526512506764359,0,0,0,0,0,0,0,0
0.635,0.0837631139048434,-0.0527979070787531,0,0,0,0,0,0,0,0
0.636,0.0839960020826396,-0.0529447021034103,0,0,0,0,0,0,0,0
0.637,0.084229109720854,-0.053091635459252,0,0,0,0,0,0,0,0
0.638,0.0844624363575728,-0.0532387068551228,0,0,0,0,0,0,0,0
0.639,0.0846959815308819,-0.0533859159998673,0,0,0,0,0,0,0,0
0.64,0.0849297447788676,-0.0535332626023301,0,0,0,0,0,0,0,0
0.641,0.085163725639616,-0.0536807463713556,0,0,0,0,0,0,0,0
0.642,0.0853979236512132,-0.0538283670157884,0,0,0,0,0,0,0,0
0.643,0.0856323383517453,-0.0539761242444732,0,0,0,0,0,0,0,0
0.644,0.0858669692792984,-0.0541240177662545,0,0,0,0,0,0,0,0
0.645,0.0861018159719586,-0.0542720472899767,0,0,0,0,0,0,0,0
0.646,0.0863368779678121,-0.0544202125244846,0,0,0,0,0,0,0,0
0.647,0.086572154804945,-0.0545685131786226,0,0,0,0,0,0,0,0
0.648,0.0868076460214433,-0.0547169489612353,0,0,0,0,0,0,0,0
0.649,0.0870433511553933,-0.0548655195811672,0,0,0,0,0,0,0,0
0.65,0.087279269744881,-0.055014224747263,0,0,0,0,0,0,0,0
0.651,0.0875154013279925,-0.0551630641683672,0,0,0,0,0,0,0,0
0.652,0.087751745442814,-0.0553120375533244,0,0,0,0,0,0,0,0
0.653,0.0879883016274315,-0.055461144610979,0,0,0,0,0,0,0,0
0.654,0.0882250694199312,-0.0556103850501757,0,0,0,0,0,0,0,0
0.655,0.0884620483583993,-0.0557597585797591,0,0,0,0,0,0,0,0
0.656,0.0886992379809218,-0.0559092649085736,0,0,0,0,0,0,0,0
0.657,0.0889366378255848,-0.0560589037454639,0,0,0,0,0,0,0,0
0.658,0.0891742474304745,-0.0562086747992744,0,0,0,0,0,0,0,0
0.659,0.0894120663336769,-0.0563585777788499,0,0,0,0,0,0,0,0
0.66,0.0896500940732783,-0.0565086123930348,0,0,0,0,0,0,0,0
0.661,0.0898883301873646,-0.0566587783506737,0,0,0,0,0,0,0,0
0.662,0.0901267742140221,-0.0568090753606111,0,0,0,0,0,0,0,0
0.663,0.0903654256913368,-0.0569595031316916,0,0,0,0,0,0,0,0
0.664,0.0906042841573949,-0.0571100613727598,0,0,0,0,0,0,0,0
0.665,0.0908433491502825,-0.0572607497926602,0,0,0,0,0,0,0,0
0.666,0.0910826202080856,-0.0574115681002374,0,0,0,0,0,0,0,0
0.667,0.0913220968688905,-0.057562516004336,0,0,0,0,0,0,0,0
0.668,0.0915617786707832,-0.0577135932138005,0,0,0,0,0,0,0,0
0.669,0.0918016651518498,-0.0578647994374754,0,0,0,0,0,0,0,0
0.67,0.0920417558501766,-0.0580161343842054,0,0,0,0,0,0,0,0
0.671,0.0922820503038494,-0.058167597762835,0,0,0,0,0,0,0,0
0.672,0.0925225480509546,-0.0583191892822087,0,0,0,0,0,0,0,0
0.673,0.0927632486295782,-0.0584709086511711,0,0,0,0,0,0,0,0
0.674,0.0930041515778063,-0.0586227555785668,0,0,0,0,0,0,0,0
0.675,0.0932452564337251,-0.0587747297732403,0,0,0,0,0,0,0,0
0.676,0.0934865627354206,-0.0589268309440362,0,0,0,0,0,0,0,0
0.677,0.0937280700209791,-0.0590790587997991,0,0,0,0,0,0,0,0
0.678,0.0939697778284865,-0.0592314130493735,0,0,0,0,0,0,0,0
0.679,0.094211685696029,-0.0593838934016039,0,0,0,0,0,0,0,0
0.68,0.0944537931616928,-0.059536499565335,0,0,0,0,0,0,0,0
0.681,0.0946960997635639,-0.0596892312494113,0,0,0,0,0,0,0,0
0.682,0.0949386050397285,-0.0598420881626773,0,0,0,0,0,0,0,0
0.683,0.0951813085282726,-0.0599950700139777,0,0,0,0,0,0,0,0
0.684,0.0954242097672825,-0.0601481765121569,0,0,0,0,0,0,0,0
0.685,0.0956673082948442,-0.0603014073660595,0,0,0,0,0,0,0,0
0.686,0.0959106036490438,-0.0604547622845301,0,0,0,0,0,0,0,0
0.687,0.0961540953679674,-0.0606082409764133,0,0,0,0,0,0,0,0
0.688,0.0963977829897013,-0.0607618431505536,0,0,0,0,0,0,0,0
0.689,0.0966416660523314,-0.0609155685157956,0,0,0,0,0,0,0,0
0.69,0.0968857440939439,-0.0610694167809838,0,0,0,0,0,0,0,0
0.691,0.0971300166526249,-0.0612233876549628,0,0,0,0,0,0,0,0
0.692,0.0973744832664606,-0.0613774808465771,0,0,0,0,0,0,0,0
0.693,0.097619143473537,-0.0615316960646714,0,0,0,0,0,0,0,0
0.694,0.0978639968119403,-0.0616860330180901,0,0,0,0,0,0,0,0
0.695,0.0981090428197566,-0.0618404914156779,0,0,0,0,0,0,0,0
0.696,0.098354281035072,-0.0619950709662792,0,0,0,0,0,0,0,0
0.697,0.0985997109959726,-0.0621497713787387,0,0,0,0,0,0,0,0
0.698,0.0988453322405446,-0.062304592361901,0,0,0,0,0,0,0,0
0.699,0.0990911443068739,-0.0624595336246105,0,0,0,0,0,0,0,0
0.7,0.0993371467330469,-0.0626145948757118,0,0,0,0,0,0,0,0
0.701,0.0995833390571496,-0.0627697758240495,0,0,0,0,0,0,0,0
0.702,0.0998297208172681,-0.0629250761784682,0,0,0,0,0,0,0,0
0.703,0.100076291551488,-0.0630804956478124,0,0,0,0,0,0,0,0
0.704,0.100323050797897,-0.0632360339409266,0,0,0,0,0,0,0,0
0.705,0.100569998094579,-0.0633916907666555,0,0,0,0,0,0,0,0
0.706,0.100817132979622,-0.0635474658338436,0,0,0,0,0,0,0,0
0.707,0.101064454991112,-0.0637033588513355,0,0,0,0,0,0,0,0
0.708,0.101311963667133,-0.0638593695279756,0,0,0,0,0,0,0,0
0.709,0.101559658545774,-0.0640154975726087,0,0,0,0,0,0,0,0
0.71,0.101807539165119,-0.0641717426940792,0,0,0,0,0,0,0,0
0.711,0.102055605063255,-0.0643281046012316,0,0,0,0,0,0,0,0
0.712,0.102303855778268,-0.0644845830029107,0,0,0,0,0,0,0,0
0.713,0.102552290848244,-0.0646411776079608,0,0,0,0,0,0,0,0
0.714,0.102800909811269,-0.0647978881252266,0,0,0,0,0,0,0,0
0.715,0.10304971220543,-0.0649547142635527,0,0,0,0,0,0,0,0
0.716,0.103298697568812,-0.0651116557317835,0,0,0,0,0,0,0,0
0.717,0.103547865439501,-0.0652687122387637,0,0,0,0,0,0,0,0
0.718,0.103797215355584,-0.0654258834933378,0,0,0,0,0,0,0,0
0.719,0.104046746855148,-0.0655831692043504,0,0,0,0,0,0,0,0
0.72,0.104296459476276,-0.065740569080646,0,0,0,0,0,0,0,0
0.721,0.104546352757057,-0.0658980828310693,0,0,0,0,0,0,0,0
0.722,0.104796426235577,-0.0660557101644647,0,0,0,0,0,0,0,0
0.723,0.10504667944992,-0.0662134507896767,0,0,0,0,0,0,0,0
0.724,0.105297111938174,-0.0663713044155501,0,0,0,0,0,0,0,0
0.725,0.105547723238424,-0.0665292707509293,0,0,0,0,0,0,0,0
0.726,0.105798512888757,-0.0666873495046589,0,0,0,0,0,0,0,0
0.727,0.106049480427259,-0.0668455403855835,0,0,0,0,0,0,0,0
0.728,0.106300625392015,-0.0670038431025476,0,0,0,0,0,0,0,0
0.729,0.106551947321112,-0.0671622573643958,0,0,0,0,0,0,0,0
0.73,0.106803445752637,-0.0673207828799725,0,0,0,0,0,0,0,0
0.731,0.107055120224675,-0.0674794193581225,0,0,0,0,0,0,0,0
0.732,0.107306970275312,-0.0676381665076903,0,0,0,0,0,0,0,0
0.733,0.107558995442634,-0.0677970240375204,0,0,0,0,0,0,0,0
0.734,0.107811195264728,-0.0679559916564573,0,0,0,0,0,0,0,0
0.735,0.10806356927968,-0.0681150690733457,0,0,0,0,0,0,0,0
0.736,0.108316117025575,-0.0682742559970301,0,0,0,0,0,0,0,0
0.737,0.108568838040501,-0.068433552136355,0,0,0,0,0,0,0,0
0.738,0.108821731862542,-0.0685929572001651,0,0,0,0,0,0,0,0
0.739,0.109074798029786,-0.0687524708973048,0,0,0,0,0,0,0,0
0.74,0.109328036080317,-0.0689120929366188,0,0,0,0,0,0,0,0
0.741,0.109581445552223,-0.0690718230269516,0,0,0,0,0,0,0,0
0.742,0.10983502598359,-0.0692316608771477,0,0,0,0,0,0,0,0
0.743,0.110088776912503,-0.0693916061960518,0,0,0,0,0,0,0,0
0.744,0.110342697877049,-0.0695516586925083,0,0,0,0,0,0,0,0
0.745,0.110596788415314,-0.0697118180753619,0,0,0,0,0,0,0,0
0.746,0.110851048065384,-0.069872084053457,0,0,0,0,0,0,0,0
0.747,0.111105476365344,-0.0700324563356384,0,0,0,0,0,0,0,0
0.748,0.111360072853282,-0.0701929346307504,0,0,0,0,0,0,0,0
0.749,0.111614837067284,-0.0703535186476378,0,0,0,0,0,0,0,0
0.75,0.111869768545434,-0.0705142080951449,0,0,0,0,0,0,0,0
0.751,0.112124866825821,-0.0706750026821165,0,0,0,0,0,0,0,0
0.752,0.112380131446528,-0.070835902117397,0,0,0,0,0,0,0,0
0.753,0.112635561945644,-0.0709969061098311,0,0,0,0,0,0,0,0
0.754,0.112891157861254,-0.0711580143682632,0,0,0,0,0,0,0,0
0.755,0.113146918731443,-0.071319226601538,0,0,0,0,0,0,0,0
0.756,0.113402844094299,-0.0714805425185,0,0,0,0,0,0,0,0
0.757,0.113658933487907,-0.0716419618279937,0,0,0,0,0,0,0,0
0.758,0.113915186450353,-0.0718034842388637,0,0,0,0,0,0,0,0
0.759,0.114171602519724,-0.0719651094599547,0,0,0,0,0,0,0,0
0.76,0.114428181234105,-0.0721268372001111,0,0,0,0,0,0,0,0
0.761,0.114684922131583,-0.0722886671681774,0,0,0,0,0,0,0,0
0.762,0.114941824750244,-0.0724505990729984,0,0,0,0,0,0,0,0
0.763,0.115198888628174,-0.0726126326234184,0,0,0,0,0,0,0,0
0.764,0.115456113303459,-0.0727747675282822,0,0,0,0,0,0,0,0
0.765,0.115713498314185,-0.0729370034964342,0,0,0,0,0,0,0,0
0.766,0.115971043198438,-0.0730993402367189,0,0,0,0,0,0,0,0
0.767,0.116228747494305,-0.0732617774579811,0,0,0,0,0,0,0,0
0.768,0.116486610739871,-0.0734243148690652,0,0,0,0,0,0,0,0
0.769,0.116744632473223,-0.0735869521788157,0,0,0,0,0,0,0,0
0.77,0.117002812232447,-0.0737496890960773,0,0,0,0,0,0,0,0
0.771,0.117261149555628,-0.0739125253296945,0,0,0,0,0,0,0,0
0.772,0.117519643980854,-0.0740754605885118,0,0,0,0,0,0,0,0
0.773,0.117778295046209,-0.0742384945813739,0,0,0,0,0,0,0,0
0.774,0.118037102289781,-0.0744016270171253,0,0,0,0,0,0,0,0
0.775,0.118296065249655,-0.0745648576046105,0,0,0,0,0,0,0,0
0.776,0.118555183463918,-0.0747281860526741,0,0,0,0,0,0,0,0
0.777,0.118814456470655,-0.0748916120701607,0,0,0,0,0,0,0,0
0.778,0.119073883807953,-0.0750551353659148,0,0,0,0,0,0,0,0
0.779,0.119333465013898,-0.0752187556487809,0,0,0,0,0,0,0,0
0.78,0.119593199626576,-0.0753824726276038,0,0,0,0,0,0,0,0
0.781,0.119853087184073,-0.0755462860112278,0,0,0,0,0,0,0,0
0.782,0.120113127224474,-0.0757101955084976,0,0,0,0,0,0,0,0
0.783,0.120373319285868,-0.0758742008282577,0,0,0,0,0,0,0,0
0.784,0.120633662906338,-0.0760383016793527,0,0,0,0,0,0,0,0
0.785,0.120894157623972,-0.0762024977706271,0,0,0,0,0,0,0,0
0.786,0.121154802976856,-0.0763667888109256,0,0,0,0,0,0,0,0
0.787,0.121415598503075,-0.0765311745090926,0,0,0,0,0,0,0,0
0.788,0.121676543740717,-0.0766956545739727,0,0,0,0,0,0,0,0
0.789,0.121937638227866,-0.0768602287144105,0,0,0,0,0,0,0,0
0.79,0.12219888150261,-0.0770248966392506,0,0,0,0,0,0,0,0
0.791,0.122460273103033,-0.0771896580573375,0,0,0,0,0,0,0,0
0.792,0.122721812567223,-0.0773545126775157,0,0,0,0,0,0,0,0
0.793,0.122983499433266,-0.0775194602086299,0,0,0,0,0,0,0,0
0.794,0.123245333239247,-0.0776845003595245,0,0,0,0,0,0,0,0
0.795,0.123507313523252,-0.0778496328390442,0,0,0,0,0,0,0,0
0.796,0.123769439823369,-0.0780148573560335,0,0,0,0,0,0,0,0
0.797,0.124031711677682,-0.0781801736193369,0,0,0,0,0,0,0,0
0.798,0.124294128624279,-0.0783455813377991,0,0,0,0,0,0,0,0
0.799,0.124556690201244,-0.0785110802202646,0,0,0,0,0,0,0,0
0.8,0.124819395946665,-0.0786766699755779,0,0,0,0,0,0,0,0
0.801,0.125082245398627,-0.0788423503125836,0,0,0,0,0,0,0,0
0.802,0.125345238095217,-0.0790081209401263,0,0,0,0,0,0,0,0
0.803,0.12560837357452,-0.0791739815670505,0,0,0,0,0,0,0,0
0.804,0.125871651374623,-0.0793399319022009,0,0,0,0,0,0,0,0
0.805,0.126135071033612,-0.0795059716544218,0,0,0,0,0,0,0,0
0.806,0.126398632089573,-0.079672100532558,0,0,0,0,0,0,0,0
0.807,0.126662334080592,-0.0798383182454539,0,0,0,0,0,0,0,0
0.808,0.126926176544756,-0.0800046245019541,0,0,0,0,0,0,0,0
0.809,0.127190159020149,-0.0801710190109033,0,0,0,0,0,0,0,0
0.81,0.127454281044859,-0.0803375014811459,0,0,0,0,0,0,0,0
0.811,0.127718542156972,-0.0805040716215265,0,0,0,0,0,0,0,0
0.812,0.127982941894573,-0.0806707291408896,0,0,0,0,0,0,0,0
0.813,0.128247479795749,-0.0808374737480799,0,0,0,0,0,0,0,0
0.814,0.128512155398586,-0.0810043051519419,0,0,0,0,0,0,0,0
0.815,0.12877696824117,-0.0811712230613201,0,0,0,0,0,0,0,0
0.816,0.129041917861587,-0.0813382271850591,0,0,0,0,0,0,0,0
0.817,0.129307003797923,-0.0815053172320035,0,0,0,0,0,0,0,0
0.818,0.129572225588265,-0.0816724929109978,0,0,0,0,0,0,0,0
0.819,0.129837582770698,-0.0818397539308867,0,0,0,0,0,0,0,0
0.82,0.130103074883309,-0.0820071000005145,0,0,0,0,0,0,0,0
0.821,0.130368701464183,-0.082174530828726,0,0,0,0,0,0,0,0
0.822,0.130634462051407,-0.0823420461243656,0,0,0,0,0,0,0,0
0.823,0.130900356183068,-0.082509645596278,0,0,0,0,0,0,0,0
0.824,0.13116638339725,-0.0826773289533077,0,0,0,0,0,0,0,0
0.825,0.131432543232041,-0.0828450959042992,0,0,0,0,0,0,0,0
0.826,0.131698835225526,-0.0830129461580971,0,0,0,0,0,0,0,0
0.827,0.131965258915791,-0.083180879423546,0,0,0,0,0,0,0,0
0.828,0.132231813840923,-0.0833488954094904,0,0,0,0,0,0,0,0
0.829,0.132498499539007,-0.0835169938247749,0,0,0,0,0,0,0,0
0.83,0.132765315548131,-0.083685174378244,0,0,0,0,0,0,0,0
0.831,0.133032261406379,-0.0838534367787424,0,0,0,0,0,0,0,0
0.832,0.133299336651838,-0.0840217807351145,0,0,0,0,0,0,0,0
0.833,0.133566540822595,-0.084190205956205,0,0,0,0,0,0,0,0
0.834,0.133833873456734,-0.0843587121508583,0,0,0,0,0,0,0,0
0.835,0.134101334092343,-0.0845272990279191,0,0,0,0,0,0,0,0
0.836,0.134368922267507,-0.084695966296232,0,0,0,0,0,0,0,0
0.837,0.134636637520314,-0.0848647136646413,0,0,0,0,0,0,0,0
0.838,0.134904479388847,-0.0850335408419919,0,0,0,0,0,0,0,0
0.839,0.135172447411195,-0.0852024475371281,0,0,0,0,0,0,0,0
0.84,0.135440541125442,-0.0853714334588945,0,0,0,0,0,0,0,0
0.841,0.135708760069676,-0.0855404983161358,0,0,0,0,0,0,0,0
0.842,0.135977103781982,-0.0857096418176964,0,0,0,0,0,0,0,0
0.843,0.136245571800446,-0.085878863672421,0,0,0,0,0,0,0,0
0.844,0.136514163663154,-0.0860481635891541,0,0,0,0,0,0,0,0
0.845,0.136782878908193,-0.0862175412767402,0,0,0,0,0,0,0,0
0.846,0.137051717073649,-0.0863869964440239,0,0,0,0,0,0,0,0
0.847,0.137320677697607,-0.0865565287998498,0,0,0,0,0,0,0,0
0.848,0.137589760318155,-0.0867261380530624,0,0,0,0,0,0,0,0
0.849,0.137858964473377,-0.0868958239125063,0,0,0,0,0,0,0,0
0.85,0.138128289701361,-0.0870655860870261,0,0,0,0,0,0,0,0
0.851,0.138397735540191,-0.0872354242854663,0,0,0,0,0,0,0,0
0.852,0.138667301527955,-0.0874053382166715,0,0,0,0,0,0,0,0
0.853,0.138936987202739,-0.0875753275894862,0,0,0,0,0,0,0,0
0.854,0.139206792102628,-0.0877453921127549,0,0,0,0,0,0,0,0
0.855,0.139476715765709,-0.0879155314953224,0,0,0,0,0,0,0,0
0.856,0.139746757730067,-0.088085745446033,0,0,0,0,0,0,0,0
0.857,0.14001691753379,-0.0882560336737314,0,0,0,0,0,0,0,0
0.858,0.140287194714962,-0.0884263958872622,0,0,0,0,0,0,0,0
0.859,0.140557588811671,-0.0885968317954699,0,0,0,0,0,0,0,0
0.86,0.140828099362002,-0.0887673411071989,0,0,0,0,0,0,0,0
0.861,0.141098725904042,-0.0889379235312941,0,0,0,0,0,0,0,0
0.862,0.141369467975876,-0.0891085787765998,0,0,0,0,0,0,0,0
0.863,0.14164032511559,-0.0892793065519606,0,0,0,0,0,0,0,0
0.864,0.141911296861272,-0.0894501065662211,0,0,0,0,0,0,0,0
0.865,0.142182382751006,-0.0896209785282259,0,0,0,0,0,0,0,0
0.866,0.142453582322879,-0.0897919221468194,0,0,0,0,0,0,0,0
0.867,0.142724895114977,-0.0899629371308464,0,0,0,0,0,0,0,0
0.868,0.142996320665387,-0.0901340231891513,0,0,0,0,0,0,0,0
0.869,0.143267858512194,-0.0903051800305787,0,0,0,0,0,0,0,0
0.87,0.143539508193484,-0.0904764073639731,0,0,0,0,0,0,0,0
0.871,0.143811269247344,-0.0906477048981792,0,0,0,0,0,0,0,0
0.872,0.14408314121186,-0.0908190723420414,0,0,0,0,0,0,0,0
0.873,0.144355123625117,-0.0909905094044044,0,0,0,0,0,0,0,0
0.874,0.144627216025203,-0.0911620157941126,0,0,0,0,0,0,0,0
0.875,0.144899417950202,-0.0913335912200108,0,0,0,0,0,0,0,0
0.876,0.145171728938202,-0.0915052353909433,0,0,0,0,0,0,0,0
0.877,0.145444148527287,-0.0916769480157548,0,0,0,0,0,0,0,0
0.878,0.145716676255546,-0.0918487288032898,0,0,0,0,0,0,0,0
0.879,0.145989311661062,-0.092020577462393,0,0,0,0,0,0,0,0
0.88,0.146262054281924,-0.0921924937019088,0,0,0,0,0,0,0,0
0.881,0.146534903656216,-0.0923644772306818,0,0,0,0,0,0,0,0
0.882,0.146807859322025,-0.0925365277575566,0,0,0,0,0,0,0,0
0.883,0.147080920817437,-0.0927086449913777,0,0,0,0,0,0,0,0
0.884,0.147354087680538,-0.0928808286409897,0,0,0,0,0,0,0,0
0.885,0.147627359449414,-0.0930530784152372,0,0,0,0,0,0,0,0
0.886,0.147900735662152,-0.0932253940229647,0,0,0,0,0,0,0,0
0.887,0.148174215856837,-0.0933977751730168,0,0,0,0,0,0,0,0
0.888,0.148447799571555,-0.093570221574238,0,0,0,0,0,0,0,0
0.889,0.148721486344393,-0.0937427329354729,0,0,0,0,0,0,0,0
0.89,0.148995275713437,-0.093915308965566,0,0,0,0,0,0,0,0
0.891,0.149269167216773,-0.094087949373362,0,0,0,0,0,0,0,0
0.892,0.149543160392487,-0.0942606538677054,0,0,0,0,0,0,0,0
0.893,0.149817254778666,-0.0944334221574406,0,0,0,0,0,0,0,0
0.894,0.150091449913394,-0.0946062539514124,0,0,0,0,0,0,0,0
0.895,0.150365745334759,-0.0947791489584653,0,0,0,0,0,0,0,0
0.896,0.150640140580846,-0.0949521068874437,0,0,0,0,0,0,0,0
0.897,0.150914635189742,-0.0951251274471924,0,0,0,0,0,0,0,0
0.898,0.151189228699533,-0.0952982103465558,0,0,0,0,0,0,0,0
0.899,0.151463920648304,-0.0954713552943784,0,0,0,0,0,0,0,0
0.9,0.151738710574143,-0.095644561999505,0,0,0,0,0,0,0,0
0.901,0.152013598015134,-0.0958178301707799,0,0,0,0,0,0,0,0
0.902,0.152288582509365,-0.0959911595170479,0,0,0,0,0,0,0,0
0.903,0.152563663594921,-0.0961645497471534,0,0,0,0,0,0,0,0
0.904,0.152838840809889,-0.0963380005699409,0,0,0,0,0,0,0,0
0.905,0.153114113692354,-0.0965115116942551,0,0,0,0,0,0,0,0
0.906,0.153389481780402,-0.0966850828289406,0,0,0,0,0,0,0,0
0.907,0.153664944612121,-0.0968587136828418,0,0,0,0,0,0,0,0
0.908,0.153940501725595,-0.0970324039648034,0,0,0,0,0,0,0,0
0.909,0.154216152658912,-0.0972061533836699,0,0,0,0,0,0,0,0
0.91,0.154491896950156,-0.0973799616482858,0,0,0,0,0,0,0,0
0.911,0.154767734137415,-0.0975538284674957,0,0,0,0,0,0,0,0
0.912,0.155043663758774,-0.0977277535501443,0,0,0,0,0,0,0,0
0.913,0.15531968535232,-0.0979017366050759,0,0,0,0,0,0,0,0
0.914,0.155595798456138,-0.0980757773411353,0,0,0,0,0,0,0,0
0.915,0.155872002608315,-0.0982498754671669,0,0,0,0,0,0,0,0
0.916,0.156148297346937,-0.0984240306920154,0,0,0,0,0,0,0,0
0.917,0.15642468221009,-0.0985982427245252,0,0,0,0,0,0,0,0
0.918,0.15670115673586,-0.098772511273541,0,0,0,0,0,0,0,0
0.919,0.156977720462333,-0.0989468360479072,0,0,0,0,0,0,0,0
0.92,0.157254372927595,-0.0991212167564686,0,0,0,0,0,0,0,0
0.921,0.157531113669733,-0.0992956531080695,0,0,0,0,0,0,0,0
0.922,0.157807942226832,-0.0994701448115546,0,0,0,0,0,0,0,0
0.923,0.158084858136979,-0.0996446915757685,0,0,0,0,0,0,0,0
0.924,0.15836186093826,-0.0998192931095557,0,0,0,0,0,0,0,0
0.925,0.158638950168761,-0.0999939491217607,0,0,0,0,0,0,0,0
0.926,0.158916125366567,-0.100168659321228,0,0,0,0,0,0,0,0
0.927,0.159193386069766,-0.100343423416803,0,0,0,0,0,0,0,0
0.928,0.159470731816443,-0.100518241117329,0,0,0,0,0,0,0,0
0.929,0.159748162144684,-0.100693112131651,0,0,0,0,0,0,0,0
0.93,0.160025676592576,-0.100868036168613,0,0,0,0,0,0,0,0
0.931,0.160303274698205,-0.101043012937061,0,0,0,0,0,0,0,0
0.932,0.160580955999656,-0.101218042145839,0,0,0,0,0,0,0,0
0.933,0.160858720035016,-0.101393123503791,0,0,0,0,0,0,0,0
0.934,0.161136566342371,-0.101568256719762,0,0,0,0,0,0,0,0
0.935,0.161414494459807,-0.101743441502597,0,0,0,0,0,0,0,0
0.936,0.16169250392541,-0.101918677561139,0,0,0,0,0,0,0,0
0.937,0.161970594277266,-0.102093964604234,0,0,0,0,0,0,0,0
0.938,0.162248765053462,-0.102269302340726,0,0,0,0,0,0,0,0
0.939,0.162527015792084,-0.10244469047946,0,0,0,0,0,0,0,0
0.94,0.162805346031217,-0.10262012872928,0,0,0,0,0,0,0,0
0.941,0.163083755308947,-0.102795616799031,0,0,0,0,0,0,0,0
0.942,0.163362243163362,-0.102971154397558,0,0,0,0,0,0,0,0
0.943,0.163640809132547,-0.103146741233704,0,0,0,0,0,0,0,0
0.944,0.163919452754588,-0.103322377016315,0,0,0,0,0,0,0,0
0.945,0.164198173567571,-0.103498061454235,0,0,0,0,0,0,0,0
0.946,0.164476971109582,-0.103673794256308,0,0,0,0,0,0,0,0
0.947,0.164755844918708,-0.10384957513138,0,0,0,0,0,0,0,0
0.948,0.165034794533034,-0.104025403788295,0,0,0,0,0,0,0,0
0.949,0.165313819490647,-0.104201279935896,0,0,0,0,0,0,0,0
0.95,0.165592919329633,-0.10437720328303,0,0,0,0,0,0,0,0
0.951,0.165872093588078,-0.10455317353854,0,0,0,0,0,0,0,0
0.952,0.166151341804068,-0.104729190411271,0,0,0,0,0,0,0,0
0.953,0.166430663515689,-0.104905253610068,0,0,0,0,0,0,0,0
0.954,0.166710058261027,-0.105081362843774,0,0,0,0,0,0,0,0
0.955,0.166989525578169,-0.105257517821236,0,0,0,0,0,0,0,0
0.956,0.1672690650052,-0.105433718251296,0,0,0,0,0,0,0,0
0.957,0.167548676080207,-0.1056099638428,0,0,0,0,0,0,0,0
0.958,0.167828358341276,-0.105786254304593,0,0,0,0,0,0,0,0
0.959,0.168108111326493,-0.105962589345519,0,0,0,0,0,0,0,0
0.96,0.168387934573943,-0.106138968674422,0,0,0,0,0,0,0,0
0.961,0.168667827621714,-0.106315392000147,0,0,0,0,0,0,0,0
0.962,0.16894779000789,-0.106491859031538,0,0,0,0,0,0,0,0
0.963,0.16922782127056,-0.106668369477441,0,0,0,0,0,0,0,0
0.964,0.169507920947807,-0.1068449230467,0,0,0,0,0,0,0,0
0.965,0.169788088577719,-0.107021519448159,0,0,0,0,0,0,0,0
0.966,0.170068323698382,-0.107198158390662,0,0,0,0,0,0,0,0
0.967,0.170348625847882,-0.107374839583055,0,0,0,0,0,0,0,0
0.968,0.170628994564305,-0.107551562734182,0,0,0,0,0,0,0,0
0.969,0.170909429385736,-0.107728327552888,0,0,0,0,0,0,0,0
0.97,0.171189929850263,-0.107905133748016,0,0,0,0,0,0,0,0
0.971,0.171470495495971,-0.108081981028412,0,0,0,0,0,0,0,0
0.972,0.171751125860947,-0.108258869102921,0,0,0,0,0,0,0,0
0.973,0.172031820483275,-0.108435797680386,0,0,0,0,0,0,0,0
0.974,0.172312578901044,-0.108612766469652,0,0,0,0,0,0,0,0
0.975,0.172593400652338,-0.108789775179564,0,0,0,0,0,0,0,0
0.976,0.172874285275245,-0.108966823518967,0,0,0,0,0,0,0,0
0.977,0.173155232307849,-0.109143911196705,0,0,0,0,0,0,0,0
0.978,0.173436241288237,-0.109321037921622,0,0,0,0,0,0,0,0
0.979,0.173717311754495,-0.109498203402563,0,0,0,0,0,0,0,0
0.98,0.17399844324471,-0.109675407348373,0,0,0,0,0,0,0,0
0.981,0.174279635296967,-0.109852649467897,0,0,0,0,0,0,0,0
0.982,0.174560887449353,-0.110029929469978,0,0,0,0,0,0,0,0
0.983,0.174842199239954,-0.110207247063461,0,0,0,0,0,0,0,0
0.984,0.175123570206855,-0.110384601957191,0,0,0,0,0,0,0,0
0.985,0.175404999888143,-0.110561993860013,0,0,0,0,0,0,0,0
0.986,0.175686487821904,-0.110739422480771,0,0,0,0,0,0,0,0
0.987,0.175968033546224,-0.110916887528309,0,0,0,0,0,0,0,0
0.988,0.17624963659919,-0.111094388711473,0,0,0,0,0,0,0,0
0.989,0.176531296518887,-0.111271925739106,0,0,0,0,0,0,0,0
0.99,0.176813012843401,-0.111449498320053,0,0,0,0,0,0,0,0
0.991,0.177094785110819,-0.11162710616316,0,0,0,0,0,0,0,0
0.992,0.177376612859227,-0.111804748977269,0,0,0,0,0,0,0,0
0.993,0.177658495626711,-0.111982426471227,0,0,0,0,0,0,0,0
0.994,0.177940432951356,-0.112160138353877,0,0,0,0,0,0,0,0
0.995,0.17822242437125,-0.112337884334064,0,0,0,0,0,0,0,0
0.996,0.178504469424478,-0.112515664120633,0,0,0,0,0,0,0,0
0.997,0.178786567649126,-0.112693477422428,0,0,0,0,0,0,0,0
0.998,0.179068718583281,-0.112871323948294,0,0,0,0,0,0,0,0
0.999,0.179350921765028,-0.113049203407075,0,0,0,0,0,0,0,0
1,0.179633176732454,-0.113227115507616,0,0,0,0,0,0,0,0
1.001,0.179915483023644,-0.113405059958762,0,0,0,0,0,0,0,0
1.002,0.180197840176686,-0.113583036469356,0,0,0,0,0,0,0,0
1.003,0.180480247729664,-0.113761044748244,0,0,0,0,0,0,0,0
1.004,0.180762705220666,-0.11393908450427,0,0,0,0,0,0,0,0
1.005,0.181045212187777,-0.114117155446279,0,0,0,0,0,0,0,0
1.006,0.181327768169083,-0.114295257283115,0,0,0,0,0,0,0,0
1.007,0.181610372702671,-0.114473389723623,0,0,0,0,0,0,0,0
1.008,0.181893025326626,-0.114651552476647,0,0,0,0,0,0,0,0
1.009,0.182175725579035,-0.114829745251032,0,0,0,0,0,0,0,0
1.01,0.182458472997984,-0.115007967755622,0,0,0,0,0,0,0,0
1.011,0.182741267121559,-0.115186219699263,0,0,0,0,0,0,0,0
1.012,0.183024107487846,-0.115364500790798,0,0,0,0,0,0,0,0
1.013,0.183306993634931,-0.115542810739072,0,0,0,0,0,0,0,0
1.014,0.1835899251009,-0.11572114925293,0,0,0,0,0,0,0,0
1.015,0.18387290142384,-0.115899516041216,0,0,0,0,0,0,0,0
1.016,0.184155922141837,-0.116077910812776,0,0,0,0,0,0,0,0
1.017,0.184438986792976,-0.116256333276452,0,0,0,0,0,0,0,0
1.018,0.184722094915343,-0.11643478314109,0,0,0,0,0,0,0,0
1.019,0.185005246047026,-0.116613260115535,0,0,0,0,0,0,0,0
1.02,0.18528843972611,-0.116791763908631,0,0,0,0,0,0,0,0
1.021,0.18557167549068,-0.116970294229223,0,0,0,0,0,0,0,0
1.022,0.185854952878824,-0.117148850786155,0,0,0,0,0,0,0,0
1.023,0.186138271428628,-0.117327433288272,0,0,0,0,0,0,0,0
1.024,0.186421630678177,-0.117506041444418,0,0,0,0,0,0,0,0
1.025,0.186705030165557,-0.117684674963437,0,0,0,0,0,0,0,0
1.026,0.186988469428855,-0.117863333554176,0,0,0,0,0,0,0,0
1.027,0.187271948006157,-0.118042016925477,0,0,0,0,0,0,0,0
1.028,0.187555465435549,-0.118220724786186,0,0,0,0,0,0,0,0
1.029,0.187839021255117,-0.118399456845146,0,0,0,0,0,0,0,0
1.03,0.188122615002947,-0.118578212811204,0,0,0,0,0,0,0,0
1.031,0.188406246217126,-0.118756992393203,0,0,0,0,0,0,0,0
1.032,0.188689914435738,-0.118935795299987,0,0,0,0,0,0,0,0
1.033,0.188973619196872,-0.119114621240402,0,0,0,0,0,0,0,0
1.034,0.189257360038612,-0.119293469923292,0,0,0,0,0,0,0,0
1.035,0.189541136499044,-0.119472341057502,0,0,0,0,0,0,0,0
1.036,0.189824948116256,-0.119651234351875,0,0,0,0,0,0,0,0
1.037,0.190108794428333,-0.119830149515257,0,0,0,0,0,0,0,0
1.038,0.19039267497336,-0.120009086256492,0,0,0,0,0,0,0,0
1.039,0.190676589289425,-0.120188044284425,0,0,0,0,0,0,0,0
1.04,0.190960536914614,-0.1203670233079,0,0,0,0,0,0,0,0
1.041,0.191244517387011,-0.120546023035762,0,0,0,0,0,0,0,0
1.042,0.191528530244705,-0.120725043176855,0,0,0,0,0,0,0,0
1.043,0.19181257502578,-0.120904083440025,0,0,0,0,0,0,0,0
1.044,0.192096651268323,-0.121083143534114,0,0,0,0,0,0,0,0
1.045,0.192380758510419,-0.121262223167969,0,0,0,0,0,0,0,0
1.046,0.192664896290156,-0.121441322050434,0,0,0,0,0,0,0,0
1.047,0.192949064145619,-0.121620439890352,0,0,0,0,0,0,0,0
1.048,0.193233261614894,-0.12179957639657,0,0,0,0,0,0,0,0
1.049,0.193517488236068,-0.121978731277931,0,0,0,0,0,0,0,0
1.05,0.193801743547226,-0.122157904243279,0,0,0,0,0,0,0,0
1.051,0.194086027086455,-0.122337095001461,0,0,0,0,0,0,0,0
1.052,0.19437033839184,-0.122516303261319,0,0,0,0,0,0,0,0
1.053,0.194654677001469,-0.122695528731698,0,0,0,0,0,0,0,0
1.054,0.194939042453426,-0.122874771121444,0,0,0,0,0,0,0,0
1.055,0.195223434285798,-0.123054030139401,0,0,0,0,0,0,0,0
1.056,0.195507852036672,-0.123233305494412,0,0,0,0,0,0,0,0
1.057,0.195792295244133,-0.123412596895324,0,0,0,0,0,0,0,0
1.058,0.196076763446268,-0.12359190405098,0,0,0,0,0,0,0,0
1.059,0.196361256181162,-0.123771226670224,0,0,0,0,0,0,0,0
1.06,0.196645772986901,-0.123950564461903,0,0,0,0,0,0,0,0
1.061,0.196930313401573,-0.124129917134859,0,0,0,0,0,0,0,0
1.062,0.197214876963262,-0.124309284397938,0,0,0,0,0,0,0,0
1.063,0.197499463210056,-0.124488665959984,0,0,0,0,0,0,0,0
1.064,0.197784071680039,-0.124668061529842,0,0,0,0,0,0,0,0
1.065,0.198068701911299,-0.124847470816356,0,0,0,0,0,0,0,0
1.066,0.198353353441922,-0.125026893528371,0,0,0,0,0,0,0,0
1.067,0.198638025809992,-0.125206329374731,0,0,0,0,0,0,0,0
1.068,0.198922718553598,-0.125385778064281,0,0,0,0,0,0,0,0
1.069,0.199207431210824,-0.125565239305866,0,0,0,0,0,0,0,0
1.07,0.199492163319757,-0.12574471280833,0,0,0,0,0,0,0,0
1.071,0.199776914418483,-0.125924198280517,0,0,0,0,0,0,0,0
1.072,0.200061684045088,-0.126103695431273,0,0,0,0,0,0,0,0
1.073,0.200346471737658,-0.126283203969441,0,0,0,0,0,0,0,0
1.074,0.200631277034279,-0.126462723603867,0,0,0,0,0,0,0,0
1.075,0.200916099473038,-0.126642254043395,0,0,0,0,0,0,0,0
1.076,0.201200938592021,-0.126821794996869,0,0,0,0,0,0,0,0
1.077,0.201485793929313,-0.127001346173134,0,0,0,0,0,0,0,0
1.078,0.201770665023001,-0.127180907281035,0,0,0,0,0,0,0,0
1.079,0.202055551411171,-0.127360478029415,0,0,0,0,0,0,0,0
1.08,0.202340452631909,-0.127540058127121,0,0,0,0,0,0,0,0
1.081,0.202625368223301,-0.127719647282995,0,0,0,0,0,0,0,0
1.082,0.202910297723433,-0.127899245205884,0,0,0,0,0,0,0,0
1.083,0.203195240670392,-0.128078851604631,0,0,0,0,0,0,0,0
1.084,0.203480196602263,-0.128258466188081,0,0,0,0,0,0,0,0
1.085,0.203765165057133,-0.128438088665078,0,0,0,0,0,0,0,0
1.086,0.204050145573087,-0.128617718744467,0,0,0,0,0,0,0,0
1.087,0.204335137688213,-0.128797356135093,0,0,0,0,0,0,0,0
1.088,0.204620140940595,-0.1289770005458,0,0,0,0,0,0,0,0
1.089,0.20490515486832,-0.129156651685433,0,0,0,0,0,0,0,0
1.09,0.205190179009475,-0.129336309262836,0,0,0,0,0,0,0,0
1.091,0.205475212902145,-0.129515972986854,0,0,0,0,0,0,0,0
1.092,0.205760256084416,-0.129695642566331,0,0,0,0,0,0,0,0
1.093,0.206045308094375,-0.129875317710112,0,0,0,0,0,0,0,0
1.094,0.206330368470107,-0.130054998127042,0,0,0,0,0,0,0,0
1.095,0.2066154367497,-0.130234683525965,0,0,0,0,0,0,0,0
1.096,0.206900512471238,-0.130414373615725,0,0,0,0,0,0,0,0
1.097,0.207185595172808,-0.130594068105168,0,0,0,0,0,0,0,0
1.098,0.207470684392496,-0.130773766703138,0,0,0,0,0,0,0,0
1.099,0.207755779668389,-0.130953469118478,0,0,0,0,0,0,0,0
1.1,0.208040880538572,-0.131133175060035,0,0,0,0,0,0,0,0
1.101,0.208325986541131,-0.131312884236652,0,0,0,0,0,0,0,0
1.102,0.208611097214153,-0.131492596357174,0,0,0,0,0,0,0,0
1.103,0.208896212095724,-0.131672311130446,0,0,0,0,0,0,0,0
1.104,0.209181330723929,-0.131852028265312,0,0,0,0,0,0,0,0
1.105,0.209466452636856,-0.132031747470616,0,0,0,0,0,0,0,0
1.106,0.209751577372589,-0.132211468455204,0,0,0,0,0,0,0,0
1.107,0.210036704469216,-0.132391190927919,0,0,0,0,0,0,0,0
1.108,0.210321833464822,-0.132570914597607,0,0,0,0,0,0,0,0
1.109,0.210606963897493,-0.132750639173112,0,0,0,0,0,0,0,0
1.11,0.210892095305316,-0.132930364363279,0,0,0,0,0,0,0,0
1.111,0.211177227226377,-0.133110089876951,0,0,0,0,0,0,0,0
1.112,0.211462359198761,-0.133289815422974,0,0,0,0,0,0,0,0
1.113,0.211747490760556,-0.133469540710192,0,0,0,0,0,0,0,0
1.114,0.212032621449846,-0.13364926544745,0,0,0,0,0,0,0,0
1.115,0.212317750804718,-0.133828989343592,0,0,0,0,0,0,0,0
1.116,0.212602878363259,-0.134008712107463,0,0,0,0,0,0,0,0
1.117,0.212888003663554,-0.134188433447907,0,0,0,0,0,0,0,0
1.118,0.213173126243689,-0.13436815307377,0,0,0,0,0,0,0,0
1.119,0.213458245641751,-0.134547870693895,0,0,0,0,0,0,0,0
1.12,0.213743361395826,-0.134727586017126,0,0,0,0,0,0,0,0
1.121,0.214028473043999,-0.13490729875231,0,0,0,0,0,0,0,0
1.122,0.214313580124358,-0.13508700860829,0,0,0,0,0,0,0,0
1.123,0.214598682174987,-0.13526671529391,0,0,0,0,0,0,0,0
1.124,0.214883778733974,-0.135446418518016,0,0,0,0,0,0,0,0
1.125,0.215168869339404,-0.135626117989452,0,0,0,0,0,0,0,0
1.126,0.215453953529363,-0.135805813417062,0,0,0,0,0,0,0,0
1.127,0.215739030841938,-0.135985504509692,0,0,0,0,0,0,0,0
1.128,0.216024100815215,-0.136165190976184,0,0,0,0,0,0,0,0
1.129,0.216309162987279,-0.136344872525385,0,0,0,0,0,0,0,0
1.13,0.216594216896217,-0.136524548866139,0,0,0,0,0,0,0,0
1.131,0.216879262080115,-0.13670421970729,0,0,0,0,0,0,0,0
1.132,0.21716429807706,-0.136883884757683,0,0,0,0,0,0,0,0
1.133,0.217449324425136,-0.137063543726162,0,0,0,0,0,0,0,0
1.134,0.217734340662431,-0.137243196321572,0,0,0,0,0,0,0,0
1.135,0.21801934632703,-0.137422842252757,0,0,0,0,0,0,0,0
1.136,0.21830434095702,-0.137602481228563,0,0,0,0,0,0,0,0
1.137,0.218589324090486,-0.137782112957833,0,0,0,0,0,0,0,0
1.138,0.218874295265516,-0.137961737149412,0,0,0,0,0,0,0,0
1.139,0.219159254020194,-0.138141353512145,0,0,0,0,0,0,0,0
1.14,0.219444199892607,-0.138320961754876,0,0,0,0,0,0,0,0
1.141,0.219729132420841,-0.13850056158645,0,0,0,0,0,0,0,0
1.142,0.220014051142983,-0.138680152715712,0,0,0,0,0,0,0,0
1.143,0.220298955597118,-0.138859734851505,0,0,0,0,0,0,0,0
1.144,0.220583845321333,-0.139039307702675,0,0,0,0,0,0,0,0
1.145,0.220868719853713,-0.139218870978067,0,0,0,0,0,0,0,0
1.146,0.221153578732345,-0.139398424386523,0,0,0,0,0,0,0,0
1.147,0.221438421495315,-0.13957796763689,0,0,0,0,0,0,0,0
1.148,0.221723247680709,-0.139757500438012,0,0,0,0,0,0,0,0
1.149,0.222008056826613,-0.139937022498733,0,0,0,0,0,0,0,0
1.15,0.222292848471113,-0.140116533527898,0,0,0,0,0,0,0,0
1.151,0.222577622152295,-0.140296033234352,0,0,0,0,0,0,0,0
1.152,0.222862377408246,-0.140475521326938,0,0,0,0,0,0,0,0
1.153,0.223147113777051,-0.140654997514502,0,0,0,0,0,0,0,0
1.154,0.223431830796798,-0.140834461505888,0,0,0,0,0,0,0,0
1.155,0.22371652800557,-0.141013913009941,0,0,0,0,0,0,0,0
1.156,0.224001204941456,-0.141193351735505,0,0,0,0,0,0,0,0
1.157,0.224285861142541,-0.141372777391425,0,0,0,0,0,0,0,0
1.158,0.224570496146911,-0.141552189686545,0,0,0,0,0,0,0,0
1.159,0.224855109492652,-0.14173158832971,0,0,0,0,0,0,0,0
1.16,0.225139700717851,-0.141910973029765,0,0,0,0,0,0,0,0
1.161,0.225424269360593,-0.142090343495554,0,0,0,0,0,0,0,0
1.162,0.225708814958965,-0.142269699435921,0,0,0,0,0,0,0,0
1.163,0.225993337051052,-0.142449040559712,0,0,0,0,0,0,0,0
1.164,0.226277835174942,-0.14262836657577,0,0,0,0,0,0,0,0
1.165,0.226562308868719,-0.14280767719294,0,0,0,0,0,0,0,0
1.166,0.22684675767047,-0.142986972120068,0,0,0,0,0,0,0,0
1.167,0.227131181118282,-0.143166251065997,0,0,0,0,0,0,0,0
1.168,0.22741557875024,-0.143345513739571,0,0,0,0,0,0,0,0
1.169,0.22769995010443,-0.143524759849637,0,0,0,0,0,0,0,0
1.17,0.227984294718939,-0.143703989105037,0,0,0,0,0,0,0,0
1.171,0.228268612131853,-0.143883201214617,0,0,0,0,0,0,0,0
1.172,0.228552901881257,-0.144062395887221,0,0,0,0,0,0,0,0
1.173,0.228837163505238,-0.144241572831694,0,0,0,0,0,0,0,0
1.174,0.229121396541882,-0.144420731756881,0,0,0,0,0,0,0,0
1.175,0.229405600529276,-0.144599872371625,0,0,0,0,0,0,0,0
1.176,0.229689775005504,-0.144778994384772,0,0,0,0,0,0,0,0
1.177,0.229973919508654,-0.144958097505165,0,0,0,0,0,0,0,0
1.178,0.230258033576812,-0.145137181441651,0,0,0,0,0,0,0,0
1.179,0.230542116748063,-0.145316245903072,0,0,0,0,0,0,0,0
1.18,0.230826168560494,-0.145495290598274,0,0,0,0,0,0,0,0
1.181,0.23111018855219,-0.145674315236102,0,0,0,0,0,0,0,0
1.182,0.231394176261239,-0.145853319525399,0,0,0,0,0,0,0,0
1.183,0.231678131225725,-0.14603230317501,0,0,0,0,0,0,0,0
1.184,0.231962052983736,-0.146211265893781,0,0,0,0,0,0,0,0
1.185,0.232245941073357,-0.146390207390555,0,0,0,0,0,0,0,0
1.186,0.232529795032675,-0.146569127374177,0,0,0,0,0,0,0,0
1.187,0.232813614399775,-0.146748025553491,0,0,0,0,0,0,0,0
1.188,0.233097398712744,-0.146926901637343,0,0,0,0,0,0,0,0
1.189,0.233381147509667,-0.147105755334577,0,0,0,0,0,0,0,0
1.19,0.233664860328632,-0.147284586354037,0,0,0,0,0,0,0,0
1.191,0.233948536707723,-0.147463394404567,0,0,0,0,0,0,0,0
1.192,0.234232176185028,-0.147642179195013,0,0,0,0,0,0,0,0
1.193,0.234515778298632,-0.14782094043422,0,0,0,0,0,0,0,0
1.194,0.234799342586621,-0.14799967783103,0,0,0,0,0,0,0,0
1.195,0.235082868587081,-0.14817839109429,0,0,0,0,0,0,0,0
1.196,0.235366355838099,-0.148357079932843,0,0,0,0,0,0,0,0
1.197,0.235649803877761,-0.148535744055535,0,0,0,0,0,0,0,0
1.198,0.235933212244153,-0.148714383171209,0,0,0,0,0,0,0,0
1.199,0.236216580475361,-0.148892996988711,0,0,0,0,0,0,0,0
1.2,0.23649990810947,-0.149071585216884,0,0,0,0,0,0,0,0
1.201,0.236783194684568,-0.149250147564575,0,0,0,0,0,0,0,0
1.202,0.237066439738741,-0.149428683740626,0,0,0,0,0,0,0,0
1.203,0.237349642810073,-0.149607193453882,0,0,0,0,0,0,0,0
1.204,0.237632803436652,-0.149785676413189,0,0,0,0,0,0,0,0
1.205,0.237915921156564,-0.14996413232739,0,0,0,0,0,0,0,0
1.206,0.238198995507895,-0.150142560905331,0,0,0,0,0,0,0,0
1.207,0.23848202602873,-0.150320961855856,0,0,0,0,0,0,0,0
1.208,0.238765012257157,-0.150499334887809,0,0,0,0,0,0,0,0
1.209,0.23904795373126,-0.150677679710035,0,0,0,0,0,0,0,0
1.21,0.239330849989127,-0.150855996031378,0,0,0,0,0,0,0,0
1.211,0.239613700568843,-0.151034283560683,0,0,0,0,0,0,0,0
1.212,0.239896505008494,-0.151212542006795,0,0,0,0,0,0,0,0
1.213,0.240179262846168,-0.151390771078559,0,0,0,0,0,0,0,0
1.214,0.240461973619948,-0.151568970484817,0,0,0,0,0,0,0,0
1.215,0.240744636867923,-0.151747139934417,0,0,0,0,0,0,0,0
1.216,0.241027252128178,-0.151925279136201,0,0,0,0,0,0,0,0
1.217,0.241309818938798,-0.152103387799014,0,0,0,0,0,0,0,0
1.218,0.241592336837871,-0.152281465631702,0,0,0,0,0,0,0,0
1.219,0.241874805363482,-0.152459512343108,0,0,0,0,0,0,0,0
1.22,0.242157224053718,-0.152637527642077,0,0,0,0,0,0,0,0
1.221,0.242439592446664,-0.152815511237454,0,0,0,0,0,0,0,0
1.222,0.242721910080406,-0.152993462838083,0,0,0,0,0,0,0,0
1.223,0.243004176493032,-0.153171382152808,0,0,0,0,0,0,0,0
1.224,0.243286391222626,-0.153349268890476,0,0,0,0,0,0,0,0
1.225,0.243568553807275,-0.153527122759929,0,0,0,0,0,0,0,0
1.226,0.243850663785065,-0.153704943470012,0,0,0,0,0,0,0,0
1.227,0.244132720694083,-0.153882730729571,0,0,0,0,0,0,0,0
1.228,0.244414724072414,-0.154060484247449,0,0,0,0,0,0,0,0
1.229,0.244696673458144,-0.154238203732491,0,0,0,0,0,0,0,0
1.23,0.24497856838936,-0.154415888893542,0,0,0,0,0,0,0,0
1.231,0.245260408404148,-0.154593539439446,0,0,0,0,0,0,0,0
1.232,0.245542193040593,-0.154771155079048,0,0,0,0,0,0,0,0
1.233,0.245823921836782,-0.154948735521192,0,0,0,0,0,0,0,0
1.234,0.246105594330801,-0.155126280474724,0,0,0,0,0,0,0,0
1.235,0.246387210060737,-0.155303789648486,0,0,0,0,0,0,0,0
1.236,0.246668768564675,-0.155481262751325,0,0,0,0,0,0,0,0
1.237,0.246950269380701,-0.155658699492085,0,0,0,0,0,0,0,0
1.238,0.247231712046901,-0.155836099579609,0,0,0,0,0,0,0,0
1.239,0.247513096101363,-0.156013462722744,0,0,0,0,0,0,0,0
1.24,0.247794421082171,-0.156190788630333,0,0,0,0,0,0,0,0
1.241,0.248075686527412,-0.15636807701122,0,0,0,0,0,0,0,0
1.242,0.248356891975171,-0.156545327574251,0,0,0,0,0,0,0,0
1.243,0.248638036963536,-0.15672254002827,0,0,0,0,0,0,0,0
1.244,0.248919121030592,-0.156899714082121,0,0,0,0,0,0,0,0
1.245,0.249200143714426,-0.15707684944465,0,0,0,0,0,0,0,0
1.246,0.249481104553123,-0.1572539458247,0,0,0,0,0,0,0,0
1.247,0.249762003084769,-0.157431002931117,0,0,0,0,0,0,0,0
1.248,0.250042838847451,-0.157608020472744,0,0,0,0,0,0,0,0
1.249,0.250323611379255,-0.157784998158427,0,0,0,0,0,0,0,0
1.25,0.250604320218267,-0.157961935697009,0,0,0,0,0,0,0,0
1.251,0.250884964902573,-0.158138832797336,0,0,0,0,0,0,0,0
1.252,0.251165544970259,-0.158315689168252,0,0,0,0,0,0,0,0
1.253,0.251446059959411,-0.158492504518602,0,0,0,0,0,0,0,0
1.254,0.251726509408116,-0.15866927855723,0,0,0,0,0,0,0,0
1.255,0.252006892854459,-0.15884601099298,0,0,0,0,0,0,0,0
1.256,0.252287209836526,-0.159022701534698,0,0,0,0,0,0,0,0
1.257,0.252567459892405,-0.159199349891227,0,0,0,0,0,0,0,0
1.258,0.25284764256018,-0.159375955771413,0,0,0,0,0,0,0,0
1.259,0.253127757377938,-0.1595525188841,0,0,0,0,0,0,0,0
1.26,0.253407803883766,-0.159729038938132,0,0,0,0,0,0,0,0
1.261,0.253687781615748,-0.159905515642355,0,0,0,0,0,0,0,0
1.262,0.253967690111972,-0.160081948705612,0,0,0,0,0,0,0,0
1.263,0.254247528910523,-0.160258337836748,0,0,0,0,0,0,0,0
1.264,0.254527297549488,-0.160434682744608,0,0,0,0,0,0,0,0
1.265,0.254806995566952,-0.160610983138036,0,0,0,0,0,0,0,0
1.266,0.255086622501003,-0.160787238725877,0,0,0,0,0,0,0,0
1.267,0.255366177889725,-0.160963449216976,0,0,0,0,0,0,0,0
1.268,0.255645661271205,-0.161139614320176,0,0,0,0,0,0,0,0
1.269,0.255925072183529,-0.161315733744323,0,0,0,0,0,0,0,0
1.27,0.256204410164784,-0.161491807198261,0,0,0,0,0,0,0,0
1.271,0.256483674753054,-0.161667834390835,0,0,0,0,0,0,0,0
1.272,0.256762865486428,-0.161843815030889,0,0,0,0,0,0,0,0
1.273,0.25704198190299,-0.162019748827268,0,0,0,0,0,0,0,0
1.274,0.257321023540826,-0.162195635488816,0,0,0,0,0,0,0,0
1.275,0.257599989938024,-0.162371474724378,0,0,0,0,0,0,0,0
1.276,0.257878880632668,-0.162547266242799,0,0,0,0,0,0,0,0
1.277,0.258157695162846,-0.162723009752923,0,0,0,0,0,0,0,0
1.278,0.258436433066643,-0.162898704963594,0,0,0,0,0,0,0,0
1.279,0.258715093882145,-0.163074351583657,0,0,0,0,0,0,0,0
1.28,0.258993677147438,-0.163249949321957,0,0,0,0,0,0,0,0
1.281,0.259272182400609,-0.163425497887338,0,0,0,0,0,0,0,0
1.282,0.259550609179743,-0.163600996988645,0,0,0,0,0,0,0,0
1.283,0.259828957022928,-0.163776446334723,0,0,0,0,0,0,0,0
1.284,0.260107225468248,-0.163951845634415,0,0,0,0,0,0,0,0
1.285,0.26038541405379,-0.164127194596567,0,0,0,0,0,0,0,0
1.286,0.260663522317641,-0.164302492930023,0,0,0,0,0,0,0,0
1.287,0.260941549797885,-0.164477740343628,0,0,0,0,0,0,0,0
1.288,0.26121949603261,-0.164652936546226,0,0,0,0,0,0,0,0
1.289,0.261497360559902,-0.164828081246661,0,0,0,0,0,0,0,0
1.29,0.261775142917846,-0.165003174153779,0,0,0,0,0,0,0,0
1.291,0.262052842644528,-0.165178214976424,0,0,0,0,0,0,0,0
1.292,0.262330459278036,-0.16535320342344,0,0,0,0,0,0,0,0
1.293,0.262607992356454,-0.165528139203672,0,0,0,0,0,0,0,0
1.294,0.26288544141787,-0.165703022025965,0,0,0,0,0,0,0,0
1.295,0.263162806000369,-0.165877851599163,0,0,0,0,0,0,0,0
1.296,0.263440085642037,-0.16605262763211,0,0,0,0,0,0,0,0
1.297,0.26371727988096,-0.166227349833652,0,0,0,0,0,0,0,0
1.298,0.263994388255225,-0.166402017912632,0,0,0,0,0,0,0,0
1.299,0.264271410302917,-0.166576631577896,0,0,0,0,0,0,0,0
1.3,0.264548345562124,-0.166751190538288,0,0,0,0,0,0,0,0
1.301,0.26482519357093,-0.166925694502652,0,0,0,0,0,0,0,0
1.302,0.265101953867422,-0.167100143179833,0,0,0,0,0,0,0,0
1.303,0.265378625989686,-0.167274536278676,0,0,0,0,0,0,0,0
1.304,0.265655209475809,-0.167448873508025,0,0,0,0,0,0,0,0
1.305,0.265931703863876,-0.167623154576725,0,0,0,0,0,0,0,0
1.306,0.266208108691973,-0.16779737919362,0,0,0,0,0,0,0,0
1.307,0.266484423498187,-0.167971547067555,0,0,0,0,0,0,0,0
1.308,0.266760647820603,-0.168145657907374,0,0,0,0,0,0,0,0
1.309,0.267036781197309,-0.168319711421922,0,0,0,0,0,0,0,0
1.31,0.267312823166389,-0.168493707320044,0,0,0,0,0,0,0,0
1.311,0.26758877326593,-0.168667645310583,0,0,0,0,0,0,0,0
1.312,0.267864631034019,-0.168841525102386,0,0,0,0,0,0,0,0
1.313,0.268140396008741,-0.169015346404295,0,0,0,0,0,0,0,0
1.314,0.268416067728182,-0.169189108925156,0,0,0,0,0,0,0,0
1.315,0.268691645730428,-0.169362812373814,0,0,0,0,0,0,0,0
1.316,0.268967129553567,-0.169536456459112,0,0,0,0,0,0,0,0
1.317,0.269242518735683,-0.169710040889896,0,0,0,0,0,0,0,0
1.318,0.269517812814863,-0.16988356537501,0,0,0,0,0,0,0,0
1.319,0.269793011329193,-0.170057029623298,0,0,0,0,0,0,0,0
1.32,0.270068113816758,-0.170230433343606,0,0,0,0,0,0,0,0
1.321,0.270343119815647,-0.170403776244777,0,0,0,0,0,0,0,0
1.322,0.270618028863943,-0.170577058035657,0,0,0,0,0,0,0,0
1.323,0.270892840499734,-0.170750278425089,0,0,0,0,0,0,0,0
1.324,0.271167554261106,-0.170923437121918,0,0,0,0,0,0,0,0
1.325,0.271442169686144,-0.17109653383499,0,0,0,0,0,0,0,0
1.326,0.271716686312935,-0.171269568273148,0,0,0,0,0,0,0,0
1.327,0.271991103679565,-0.171442540145237,0,0,0,0,0,0,0,0
1.328,0.27226542132412,-0.171615449160101,0,0,0,0,0,0,0,0
1.329,0.272539638784686,-0.171788295026586,0,0,0,0,0,0,0,0
1.33,0.272813755599349,-0.171961077453536,0,0,0,0,0,0,0,0
1.331,0.273087771306196,-0.172133796149794,0,0,0,0,0,0,0,0
1.332,0.273361685443312,-0.172306450824207,0,0,0,0,0,0,0,0
1.333,0.273635497548784,-0.172479041185618,0,0,0,0,0,0,0,0
1.334,0.273909207160698,-0.172651566942872,0,0,0,0,0,0,0,0
1.335,0.274182813817139,-0.172824027804813,0,0,0,0,0,0,0,0
1.336,0.274456317056195,-0.172996423480286,0,0,0,0,0,0,0,0
1.337,0.27472971641595,-0.173168753678136,0,0,0,0,0,0,0,0
1.338,0.275003011434492,-0.173341018107208,0,0,0,0,0,0,0,0
1.339,0.275276201649906,-0.173513216476345,0,0,0,0,0,0,0,0
1.34,0.275549286600278,-0.173685348494392,0,0,0,0,0,0,0,0
1.341,0.275822265823695,-0.173857413870194,0,0,0,0,0,0,0,0
1.342,0.276095138858243,-0.174029412312596,0,0,0,0,0,0,0,0
1.343,0.276367905242007,-0.174201343530442,0,0,0,0,0,0,0,0
1.344,0.276640564513075,-0.174373207232576,0,0,0,0,0,0,0,0
1.345,0.276913116209531,-0.174545003127843,0,0,0,0,0,0,0,0
1.346,0.277185559869463,-0.174716730925088,0,0,0,0,0,0,0,0
1.347,0.277457895030955,-0.174888390333155,0,0,0,0,0,0,0,0
1.348,0.277730121232096,-0.175059981060889,0,0,0,0,0,0,0,0
1.349,0.278002238010969,-0.175231502817135,0,0,0,0,0,0,0,0
1.35,0.278274244905662,-0.175402955310736,0,0,0,0,0,0,0,0
1.351,0.278546141454261,-0.175574338250538,0,0,0,0,0,0,0,0
1.352,0.278817927194852,-0.175745651345385,0,0,0,0,0,0,0,0
1.353,0.279089601665521,-0.175916894304121,0,0,0,0,0,0,0,0
1.354,0.279361164404354,-0.176088066835591,0,0,0,0,0,0,0,0
1.355,0.279632614949437,-0.176259168648641,0,0,0,0,0,0,0,0
1.356,0.279903952838856,-0.176430199452113,0,0,0,0,0,0,0,0
1.357,0.280175177610698,-0.176601158954854,0,0,0,0,0,0,0,0
1.358,0.280446288803048,-0.176772046865706,0,0,0,0,0,0,0,0
1.359,0.280717285953993,-0.176942862893516,0,0,0,0,0,0,0,0
1.36,0.280988168601619,-0.177113606747127,0,0,0,0,0,0,0,0
1.361,0.281258936284011,-0.177284278135385,0,0,0,0,0,0,0,0
1.362,0.281529588539257,-0.177454876767133,0,0,0,0,0,0,0,0
1.363,0.281800124905442,-0.177625402351216,0,0,0,0,0,0,0,0
1.364,0.282070544920652,-0.177795854596479,0,0,0,0,0,0,0,0
1.365,0.282340848122973,-0.177966233211766,0,0,0,0,0,0,0,0
1.366,0.282611034050492,-0.178136537905922,0,0,0,0,0,0,0,0
1.367,0.282881102241294,-0.178306768387791,0,0,0,0,0,0,0,0
1.368,0.283151052233466,-0.178476924366219,0,0,0,0,0,0,0,0
1.369,0.283420883565094,-0.178647005550049,0,0,0,0,0,0,0,0
1.37,0.283690595774264,-0.178817011648126,0,0,0,0,0,0,0,0
1.371,0.283960188399062,-0.178986942369295,0,0,0,0,0,0,0,0
1.372,0.284229660977574,-0.1791567974224,0,0,0,0,0,0,0,0
1.373,0.284499013047887,-0.179326576516286,0,0,0,0,0,0,0,0
1.374,0.284768244148085,-0.179496279359797,0,0,0,0,0,0,0,0
1.375,0.285037353816257,-0.179665905661778,0,0,0,0,0,0,0,0
1.376,0.285306341590487,-0.179835455131074,0,0,0,0,0,0,0,0
1.377,0.285575207008862,-0.180004927476529,0,0,0,0,0,0,0,0
1.378,0.285843949609467,-0.180174322406987,0,0,0,0,0,0,0,0
1.379,0.28611256893039,-0.180343639631293,0,0,0,0,0,0,0,0
1.38,0.286381064509716,-0.180512878858293,0,0,0,0,0,0,0,0
1.381,0.286649435885531,-0.180682039796829,0,0,0,0,0,0,0,0
1.382,0.286917682595921,-0.180851122155747,0,0,0,0,0,0,0,0
1.383,0.287185804178973,-0.181020125643892,0,0,0,0,0,0,0,0
1.384,0.287453800172772,-0.181189049970107,0,0,0,0,0,0,0,0
1.385,0.287721670115405,-0.181357894843239,0,0,0,0,0,0,0,0
1.386,0.287989413544958,-0.18152665997213,0,0,0,0,0,0,0,0
1.387,0.288257029999517,-0.181695345065626,0,0,0,0,0,0,0,0
1.388,0.288524519017168,-0.181863949832571,0,0,0,0,0,0,0,0
1.389,0.288791880135997,-0.18203247398181,0,0,0,0,0,0,0,0
1.39,0.28905911289409,-0.182200917222187,0,0,0,0,0,0,0,0
1.391,0.289326216829534,-0.182369279262547,0,0,0,0,0,0,0,0
1.392,0.289593191480414,-0.182537559811734,0,0,0,0,0,0,0,0
1.393,0.289860036384817,-0.182705758578594,0,0,0,0,0,0,0,0
1.394,0.290126751080829,-0.18287387527197,0,0,0,0,0,0,0,0
1.395,0.290393335106535,-0.183041909600707,0,0,0,0,0,0,0,0
1.396,0.290659788000023,-0.18320986127365,0,0,0,0,0,0,0,0
1.397,0.290926109299377,-0.183377729999643,0,0,0,0,0,0,0,0
1.398,0.291192298542685,-0.18354551548753,0,0,0,0,0,0,0,0
1.399,0.291458355268032,-0.183713217446158,0,0,0,0,0,0,0,0
1.4,0.291724279013505,-0.183880835584369,0,0,0,0,0,0,0,0
1.401,0.291990069317189,-0.184048369611008,0,0,0,0,0,0,0,0
1.402,0.292255725717171,-0.184215819234921,0,0,0,0,0,0,0,0
1.403,0.292521247751537,-0.184383184164951,0,0,0,0,0,0,0,0
1.404,0.292786634958372,-0.184550464109944,0,0,0,0,0,0,0,0
1.405,0.293051886875764,-0.184717658778743,0,0,0,0,0,0,0,0
1.406,0.293317003041798,-0.184884767880193,0,0,0,0,0,0,0,0
1.407,0.29358198299456,-0.185051791123139,0,0,0,0,0,0,0,0
1.408,0.293846826272136,-0.185218728216426,0,0,0,0,0,0,0,0
1.409,0.294111532412613,-0.185385578868898,0,0,0,0,0,0,0,0
1.41,0.294376100954076,-0.185552342789399,0,0,0,0,0,0,0,0
1.411,0.294640531434613,-0.185719019686774,0,0,0,0,0,0,0,0
1.412,0.294904823392308,-0.185885609269868,0,0,0,0,0,0,0,0
1.413,0.295168976365248,-0.186052111247525,0,0,0,0,0,0,0,0
1.414,0.295432989891519,-0.18621852532859,0,0,0,0,0,0,0,0
1.415,0.295696863509208,-0.186384851221907,0,0,0,0,0,0,0,0
1.416,0.2959605967564,-0.186551088636321,0,0,0,0,0,0,0,0
1.417,0.296224189171181,-0.186717237280676,0,0,0,0,0,0,0,0
1.418,0.296487640291638,-0.186883296863818,0,0,0,0,0,0,0,0
1.419,0.296750949655856,-0.18704926709459,0,0,0,0,0,0,0,0
1.42,0.297014116801922,-0.187215147681837,0,0,0,0,0,0,0,0
1.421,0.297277141267922,-0.187380938334404,0,0,0,0,0,0,0,0
1.422,0.297540022591942,-0.187546638761135,0,0,0,0,0,0,0,0
1.423,0.297802760312069,-0.187712248670875,0,0,0,0,0,0,0,0
1.424,0.298065353966387,-0.187877767772468,0,0,0,0,0,0,0,0
1.425,0.298327803092984,-0.188043195774759,0,0,0,0,0,0,0,0
1.426,0.298590107229946,-0.188208532386593,0,0,0,0,0,0,0,0
1.427,0.298852265915358,-0.188373777316814,0,0,0,0,0,0,0,0
1.428,0.299114278687307,-0.188538930274266,0,0,0,0,0,0,0,0
1.429,0.299376145083878,-0.188703990967794,0,0,0,0,0,0,0,0
1.43,0.299637864643159,-0.188868959106244,0,0,0,0,0,0,0,0
1.431,0.299899436903234,-0.189033834398458,0,0,0,0,0,0,0,0
1.432,0.300160861402191,-0.189198616553282,0,0,0,0,0,0,0,0
1.433,0.300422137678115,-0.189363305279561,0,0,0,0,0,0,0,0
1.434,0.300683265269093,-0.189527900286139,0,0,0,0,0,0,0,0
1.435,0.30094424371321,-0.18969240128186,0,0,0,0,0,0,0,0
1.436,0.301205072548553,-0.189856807975569,0,0,0,0,0,0,0,0
1.437,0.301465751313208,-0.190021120076111,0,0,0,0,0,0,0,0
1.438,0.30172627954526,-0.19018533729233,0,0,0,0,0,0,0,0
1.439,0.301986656782797,-0.190349459333071,0,0,0,0,0,0,0,0
1.44,0.302246882563903,-0.190513485907178,0,0,0,0,0,0,0,0
1.441,0.302506956426666,-0.190677416723497,0,0,0,0,0,0,0,0
1.442,0.302766877909171,-0.19084125149087,0,0,0,0,0,0,0,0
1.443,0.303026646549505,-0.191004989918144,0,0,0,0,0,0,0,0
1.444,0.303286261885754,-0.191168631714162,0,0,0,0,0,0,0,0
1.445,0.303545723456003,-0.191332176587769,0,0,0,0,0,0,0,0
1.446,0.303805030798338,-0.19149562424781,0,0,0,0,0,0,0,0
1.447,0.304064183450847,-0.191658974403129,0,0,0,0,0,0,0,0
1.448,0.304323180951615,-0.191822226762571,0,0,0,0,0,0,0,0
1.449,0.304582022838728,-0.19198538103498,0,0,0,0,0,0,0,0
1.45,0.304840708650273,-0.192148436929202,0,0,0,0,0,0,0,0
1.451,0.305099237924335,-0.192311394154079,0,0,0,0,0,0,0,0
1.452,0.305357610199,-0.192474252418458,0,0,0,0,0,0,0,0
1.453,0.305615825012355,-0.192637011431183,0,0,0,0,0,0,0,0
1.454,0.305873881902486,-0.192799670901097,0,0,0,0,0,0,0,0
1.455,0.306131780407478,-0.192962230537047,0,0,0,0,0,0,0,0
1.456,0.306389520065419,-0.193124690047875,0,0,0,0,0,0,0,0
1.457,0.306647100414394,-0.193287049142428,0,0,0,0,0,0,0,0
1.458,0.306904520992489,-0.193449307529548,0,0,0,0,0,0,0,0
1.459,0.30716178133779,-0.193611464918082,0,0,0,0,0,0,0,0
1.46,0.307418880988384,-0.193773521016874,0,0,0,0,0,0,0,0
1.461,0.307675819482357,-0.193935475534767,0,0,0,0,0,0,0,0
1.462,0.307932596357794,-0.194097328180607,0,0,0,0,0,0,0,0
1.463,0.308189211152782,-0.194259078663238,0,0,0,0,0,0,0,0
1.464,0.308445663405407,-0.194420726691505,0,0,0,0,0,0,0,0
1.465,0.308701952653755,-0.194582271974253,0,0,0,0,0,0,0,0
1.466,0.308958078435912,-0.194743714220325,0,0,0,0,0,0,0,0
1.467,0.309214040289964,-0.194905053138567,0,0,0,0,0,0,0,0
1.468,0.309469837753998,-0.195066288437823,0,0,0,0,0,0,0,0
1.469,0.309725470366099,-0.195227419826937,0,0,0,0,0,0,0,0
1.47,0.309980937664354,-0.195388447014754,0,0,0,0,0,0,0,0
1.471,0.310236239186849,-0.195549369710119,0,0,0,0,0,0,0,0
1.472,0.31049137447167,-0.195710187621877,0,0,0,0,0,0,0,0
1.473,0.310746343056902,-0.195870900458871,0,0,0,0,0,0,0,0
1.474,0.311001144480633,-0.196031507929947,0,0,0,0,0,0,0,0
1.475,0.311255778280948,-0.196192009743948,0,0,0,0,0,0,0,0
1.476,0.311510243995933,-0.19635240560972,0,0,0,0,0,0,0,0
1.477,0.311764541163675,-0.196512695236107,0,0,0,0,0,0,0,0
1.478,0.31201866932226,-0.196672878331954,0,0,0,0,0,0,0,0
1.479,0.312272628009773,-0.196832954606104,0,0,0,0,0,0,0,0
1.48,0.3125264167643,-0.196992923767404,0,0,0,0,0,0,0,0
1.481,0.312780035123929,-0.197152785524697,0,0,0,0,0,0,0,0
1.482,0.313033482626745,-0.197312539586827,0,0,0,0,0,0,0,0
1.483,0.313286758810834,-0.19747218566264,0,0,0,0,0,0,0,0
1.484,0.313539863214282,-0.197631723460981,0,0,0,0,0,0,0,0
1.485,0.313792795375176,-0.197791152690692,0,0,0,0,0,0,0,0
1.486,0.314045554831601,-0.19795047306062,0,0,0,0,0,0,0,0
1.487,0.314298141121644,-0.198109684279608,0,0,0,0,0,0,0,0
1.488,0.31455055378339,-0.198268786056502,0,0,0,0,0,0,0,0
1.489,0.314802792354927,-0.198427778100145,0,0,0,0,0,0,0,0
1.49,0.315054856374339,-0.198586660119382,0,0,0,0,0,0,0,0
1.491,0.315306745379714,-0.198745431823059,0,0,0,0,0,0,0,0
1.492,0.315558458909136,-0.198904092920019,0,0,0,0,0,0,0,0
1.493,0.315809996500693,-0.199062643119107,0,0,0,0,0,0,0,0
1.494,0.316061357692471,-0.199221082129168,0,0,0,0,0,0,0,0
1.495,0.316312542022555,-0.199379409659045,0,0,0,0,0,0,0,0
1.496,0.316563549029032,-0.199537625417585,0,0,0,0,0,0,0,0
1.497,0.316814378249987,-0.19969572911363,0,0,0,0,0,0,0,0
1.498,0.317065029223508,-0.199853720456027,0,0,0,0,0,0,0,0
1.499,0.317315501487679,-0.200011599153618,0,0,0,0,0,0,0,0
1.5,0.317565794580588,-0.20016936491525,0,0,0,0,0,0,0,0
1.501,0.31781590804032,-0.200327017449766,0,0,0,0,0,0,0,0
1.502,0.318065841404961,-0.200484556466012,0,0,0,0,0,0,0,0
1.503,0.318315594212598,-0.200641981672831,0,0,0,0,0,0,0,0
1.504,0.318565166001316,-0.200799292779068,0,0,0,0,0,0,0,0
1.505,0.318814556309202,-0.200956489493567,0,0,0,0,0,0,0,0
1.506,0.319063764674342,-0.201113571525175,0,0,0,0,0,0,0,0
1.507,0.319312790634822,-0.201270538582733,0,0,0,0,0,0,0,0
1.508,0.319561633728728,-0.201427390375089,0,0,0,0,0,0,0,0
1.509,0.319810293494147,-0.201584126611085,0,0,0,0,0,0,0,0
1.51,0.320058769469163,-0.201740746999567,0,0,0,0,0,0,0,0
1.511,0.320307061191864,-0.201897251249379,0,0,0,0,0,0,0,0
1.512,0.320555168200336,-0.202053639069366,0,0,0,0,0,0,0,0
1.513,0.320803090032664,-0.202209910168372,0,0,0,0,0,0,0,0
1.514,0.321050826226935,-0.202366064255241,0,0,0,0,0,0,0,0
1.515,0.321298376321235,-0.202522101038819,0,0,0,0,0,0,0,0
1.516,0.32154573985365,-0.20267802022795,0,0,0,0,0,0,0,0
1.517,0.321792916362266,-0.202833821531478,0,0,0,0,0,0,0,0
1.518,0.322039905385169,-0.202989504658248,0,0,0,0,0,0,0,0
1.519,0.322286706460446,-0.203145069317105,0,0,0,0,0,0,0,0
1.52,0.322533319126182,-0.203300515216893,0,0,0,0,0,0,0,0
1.521,0.322779742920464,-0.203455842066457,0,0,0,0,0,0,0,0
1.522,0.323025977381378,-0.203611049574641,0,0,0,0,0,0,0,0
1.523,0.323272022047009,-0.20376613745029,0,0,0,0,0,0,0,0
1.524,0.323517876455444,-0.203921105402248,0,0,0,0,0,0,0,0
1.525,0.32376354014477,-0.20407595313936,0,0,0,0,0,0,0,0
1.526,0.324009012653071,-0.204230680370471,0,0,0,0,0,0,0,0
1.527,0.324254293518435,-0.204385286804424,0,0,0,0,0,0,0,0
1.528,0.324499382278948,-0.204539772150065,0,0,0,0,0,0,0,0
1.529,0.324744278472695,-0.204694136116239,0,0,0,0,0,0,0,0
1.53,0.324988981637762,-0.204848378411789,0,0,0,0,0,0,0,0
1.531,0.325233491312237,-0.205002498745561,0,0,0,0,0,0,0,0
1.532,0.325477807034204,-0.205156496826398,0,0,0,0,0,0,0,0
1.533,0.32572192834175,-0.205310372363146,0,0,0,0,0,0,0,0
1.534,0.325965854772961,-0.205464125064648,0,0,0,0,0,0,0,0
1.535,0.326209585865924,-0.205617754639751,0,0,0,0,0,0,0,0
1.536,0.326453121158724,-0.205771260797297,0,0,0,0,0,0,0,0
1.537,0.326696460189447,-0.205924643246132,0,0,0,0,0,0,0,0
1.538,0.32693960249618,-0.2060779016951,0,0,0,0,0,0,0,0
1.539,0.327182547617009,-0.206231035853046,0,0,0,0,0,0,0,0
1.54,0.32742529509002,-0.206384045428814,0,0,0,0,0,0,0,0
1.541,0.327667844453298,-0.20653693013125,0,0,0,0,0,0,0,0
1.542,0.327910195244931,-0.206689689669196,0,0,0,0,0,0,0,0
1.543,0.328152347003004,-0.206842323751499,0,0,0,0,0,0,0,0
1.544,0.328394299265603,-0.206994832087002,0,0,0,0,0,0,0,0
1.545,0.328636051570814,-0.207147214384551,0,0,0,0,0,0,0,0
1.546,0.328877603456724,-0.207299470352989,0,0,0,0,0,0,0,0
1.547,0.329118954461419,-0.207451599701161,0,0,0,0,0,0,0,0
1.548,0.329360104122984,-0.207603602137912,0,0,0,0,0,0,0,0
1.549,0.329601051979506,-0.207755477372087,0,0,0,0,0,0,0,0
1.55,0.329841797569072,-0.20790722511253,0,0,0,0,0,0,0,0
1.551,0.330082340429766,-0.208058845068085,0,0,0,0,0,0,0,0
1.552,0.330322680099676,-0.208210336947597,0,0,0,0,0,0,0,0
1.553,0.330562816116887,-0.20836170045991,0,0,0,0,0,0,0,0
1.554,0.330802748019485,-0.20851293531387,0,0,0,0,0,0,0,0
1.555,0.331042475345557,-0.208664041218321,0,0,0,0,0,0,0,0
1.556,0.331281997633189,-0.208815017882107,0,0,0,0,0,0,0,0
1.557,0.331521314420467,-0.208965865014072,0,0,0,0,0,0,0,0
1.558,0.331760425245476,-0.209116582323063,0,0,0,0,0,0,0,0
1.559,0.331999329646304,-0.209267169517922,0,0,0,0,0,0,0,0
1.56,0.332238027161036,-0.209417626307495,0,0,0,0,0,0,0,0
1.561,0.332476517327758,-0.209567952400625,0,0,0,0,0,0,0,0
1.562,0.332714799684556,-0.209718147506159,0,0,0,0,0,0,0,0
1.563,0.332952873769517,-0.209868211332939,0,0,0,0,0,0,0,0
1.564,0.333190739120727,-0.210018143589812,0,0,0,0,0,0,0,0
1.565,0.333428395276271,-0.210167943985621,0,0,0,0,0,0,0,0
1.566,0.333665841774236,-0.21031761222921,0,0,0,0,0,0,0,0
1.567,0.333903078152708,-0.210467148029426,0,0,0,0,0,0,0,0
1.568,0.334140103949774,-0.210616551095111,0,0,0,0,0,0,0,0
1.569,0.334376918703518,-0.210765821135111,0,0,0,0,0,0,0,0
1.57,0.334613521952028,-0.210914957858269,0,0,0,0,0,0,0,0
1.571,0.334849913233389,-0.211063960973432,0,0,0,0,0,0,0,0
1.572,0.335086092085688,-0.211212830189443,0,0,0,0,0,0,0,0
1.573,0.335322058047011,-0.211361565215147,0,0,0,0,0,0,0,0
1.574,0.335557810655443,-0.211510165759388,0,0,0,0,0,0,0,0
1.575,0.335793349449071,-0.211658631531011,0,0,0,0,0,0,0,0
1.576,0.336028673965982,-0.21180696223886,0,0,0,0,0,0,0,0
1.577,0.33626378374426,-0.211955157591781,0,0,0,0,0,0,0,0
1.578,0.336498678321993,-0.212103217298617,0,0,0,0,0,0,0,0
1.579,0.336733357237266,-0.212251141068213,0,0,0,0,0,0,0,0
1.58,0.336967820028166,-0.212398928609414,0,0,0,0,0,0,0,0
1.581,0.337202066232778,-0.212546579631065,0,0,0,0,0,0,0,0
1.582,0.337436095389189,-0.212694093842009,0,0,0,0,0,0,0,0
1.583,0.337669907035485,-0.212841470951092,0,0,0,0,0,0,0,0
1.584,0.337903500709752,-0.212988710667158,0,0,0,0,0,0,0,0
1.585,0.338136875950076,-0.213135812699051,0,0,0,0,0,0,0,0
1.586,0.338370032294543,-0.213282776755616,0,0,0,0,0,0,0,0
1.587,0.33860296928124,-0.213429602545698,0,0,0,0,0,0,0,0
1.588,0.338835686448252,-0.213576289778141,0,0,0,0,0,0,0,0
1.589,0.339068183333665,-0.21372283816179,0,0,0,0,0,0,0,0
1.59,0.339300459475566,-0.21386924740549,0,0,0,0,0,0,0,0
1.591,0.339532514412041,-0.214015517218084,0,0,0,0,0,0,0,0
1.592,0.339764347681176,-0.214161647308418,0,0,0,0,0,0,0,0
1.593,0.339995958821057,-0.214307637385335,0,0,0,0,0,0,0,0
1.594,0.34022734736977,-0.214453487157682,0,0,0,0,0,0,0,0
1.595,0.340458512865402,-0.214599196334301,0,0,0,0,0,0,0,0
1.596,0.340689454846037,-0.214744764624038,0,0,0,0,0,0,0,0
1.597,0.340920172849764,-0.214890191735738,0,0,0,0,0,0,0,0
1.598,0.341150666414666,-0.215035477378244,0,0,0,0,0,0,0,0
1.599,0.341380935078832,-0.215180621260402,0,0,0,0,0,0,0,0
1.6,0.341610978380346,-0.215325623091055,0,0,0,0,0,0,0,0
1.601,0.341840795857296,-0.215470482579049,0,0,0,0,0,0,0,0
1.602,0.342070387047766,-0.215615199433229,0,0,0,0,0,0,0,0
1.603,0.342299751489844,-0.215759773362437,0,0,0,0,0,0,0,0
1.604,0.342528888721615,-0.21590420407552,0,0,0,0,0,0,0,0
1.605,0.342757798281165,-0.216048491281322,0,0,0,0,0,0,0,0
1.606,0.342986479706581,-0.216192634688687,0,0,0,0,0,0,0,0
1.607,0.343214932535949,-0.21633663400646,0,0,0,0,0,0,0,0
1.608,0.343443156307354,-0.216480488943485,0,0,0,0,0,0,0,0
1.609,0.343671150558883,-0.216624199208608,0,0,0,0,0,0,0,0
1.61,0.343898914828623,-0.216767764510671,0,0,0,0,0,0,0,0
1.611,0.344126448654658,-0.216911184558521,0,0,0,0,0,0,0,0
1.612,0.344353751575076,-0.217054459061002,0,0,0,0,0,0,0,0
1.613,0.344580823127962,-0.217197587726958,0,0,0,0,0,0,0,0
1.614,0.344807662851403,-0.217340570265233,0,0,0,0,0,0,0,0
1.615,0.345034270283484,-0.217483406384673,0,0,0,0,0,0,0,0
1.616,0.345260644962292,-0.217626095794122,0,0,0,0,0,0,0,0
1.617,0.345486786425912,-0.217768638202425,0,0,0,0,0,0,0,0
1.618,0.345712694212432,-0.217911033318425,0,0,0,0,0,0,0,0
1.619,0.345938367859937,-0.218053280850968,0,0,0,0,0,0,0,0
1.62,0.346163806906513,-0.218195380508898,0,0,0,0,0,0,0,0
1.621,0.346389010890246,-0.21833733200106,0,0,0,0,0,0,0,0
1.622,0.346613979349223,-0.218479135036298,0,0,0,0,0,0,0,0
1.623,0.346838711821529,-0.218620789323457,0,0,0,0,0,0,0,0
1.624,0.347063207845251,-0.218762294571381,0,0,0,0,0,0,0,0
1.625,0.347287466958474,-0.218903650488915,0,0,0,0,0,0,0,0
1.626,0.347511488699286,-0.219044856784904,0,0,0,0,0,0,0,0
1.627,0.347735272605771,-0.219185913168192,0,0,0,0,0,0,0,0
1.628,0.347958818216017,-0.219326819347624,0,0,0,0,0,0,0,0
1.629,0.348182125068109,-0.219467575032043,0,0,0,0,0,0,0,0
1.63,0.348405192700133,-0.219608179930295,0,0,0,0,0,0,0,0
1.631,0.348628020650176,-0.219748633751225,0,0,0,0,0,0,0,0
1.632,0.348850608456323,-0.219888936203677,0,0,0,0,0,0,0,0
1.633,0.349072955656661,-0.220029086996495,0,0,0,0,0,0,0,0
1.634,0.349295061789276,-0.220169085838524,0,0,0,0,0,0,0,0
1.635,0.349516926392254,-0.220308932438608,0,0,0,0,0,0,0,0
1.636,0.349738549003681,-0.220448626505593,0,0,0,0,0,0,0,0
1.637,0.349959929161643,-0.220588167748322,0,0,0,0,0,0,0,0
1.638,0.350181066404226,-0.220727555875641,0,0,0,0,0,0,0,0
1.639,0.350401960269517,-0.220866790596393,0,0,0,0,0,0,0,0
1.64,0.350622610295601,-0.221005871619424,0,0,0,0,0,0,0,0
1.641,0.350843016020565,-0.221144798653577,0,0,0,0,0,0,0,0
1.642,0.351063176982494,-0.221283571407698,0,0,0,0,0,0,0,0
1.643,0.351283092719476,-0.221422189590631,0,0,0,0,0,0,0,0
1.644,0.351502762769596,-0.221560652911221,0,0,0,0,0,0,0,0
1.645,0.351722186670939,-0.221698961078312,0,0,0,0,0,0,0,0
1.646,0.351941363961593,-0.221837113800748,0,0,0,0,0,0,0,0
1.647,0.352160294179643,-0.221975110787375,0,0,0,0,0,0,0,0
1.648,0.352378976863176,-0.222112951747037,0,0,0,0,0,0,0,0
1.649,0.352597411550277,-0.222250636388578,0,0,0,0,0,0,0,0
1.65,0.352815597779033,-0.222388164420843,0,0,0,0,0,0,0,0
1.651,0.35303353508753,-0.222525535552676,0,0,0,0,0,0,0,0
1.652,0.353251223013854,-0.222662749492923,0,0,0,0,0,0,0,0
1.653,0.35346866109609,-0.222799805950427,0,0,0,0,0,0,0,0
1.654,0.353685848872326,-0.222936704634034,0,0,0,0,0,0,0,0
1.655,0.353902785880647,-0.223073445252587,0,0,0,0,0,0,0,0
1.656,0.35411947165914,-0.223210027514931,0,0,0,0,0,0,0,0
1.657,0.35433590574589,-0.223346451129911,0,0,0,0,0,0,0,0
1.658,0.354552087678984,-0.223482715806372,0,0,0,0,0,0,0,0
1.659,0.354768016996507,-0.223618821253158,0,0,0,0,0,0,0,0
1.66,0.354983693236547,-0.223754767179113,0,0,0,0,0,0,0,0
1.661,0.355199115937188,-0.223890553293083,0,0,0,0,0,0,0,0
1.662,0.355414284636517,-0.224026179303911,0,0,0,0,0,0,0,0
1.663,0.355629198872621,-0.224161644920442,0,0,0,0,0,0,0,0
1.664,0.355843858183585,-0.224296949851521,0,0,0,0,0,0,0,0
1.665,0.356058262107495,-0.224432093805993,0,0,0,0,0,0,0,0
1.666,0.356272410182438,-0.224567076492701,0,0,0,0,0,0,0,0
1.667,0.3564863019465,-0.224701897620491,0,0,0,0,0,0,0,0
1.668,0.356699936937767,-0.224836556898207,0,0,0,0,0,0,0,0
1.669,0.356913314694324,-0.224971054034693,0,0,0,0,0,0,0,0
1.67,0.357126434754259,-0.225105388738795,0,0,0,0,0,0,0,0
1.671,0.357339296655656,-0.225239560719356,0,0,0,0,0,0,0,0
1.672,0.357551899936603,-0.225373569685222,0,0,0,0,0,0,0,0
1.673,0.357764244135185,-0.225507415345236,0,0,0,0,0,0,0,0
1.674,0.357976328789489,-0.225641097408244,0,0,0,0,0,0,0,0
1.675,0.3581881534376,-0.22577461558309,0,0,0,0,0,0,0,0
1.676,0.358399717617605,-0.225907969578618,0,0,0,0,0,0,0,0
1.677,0.358611020867591,-0.226041159103673,0,0,0,0,0,0,0,0
1.678,0.358822062725641,-0.2261741838671,0,0,0,0,0,0,0,0
1.679,0.359032842729844,-0.226307043577744,0,0,0,0,0,0,0,0
1.68,0.359243360418286,-0.226439737944447,0,0,0,0,0,0,0,0
1.681,0.359453615329051,-0.226572266676057,0,0,0,0,0,0,0,0
1.682,0.359663607000227,-0.226704629481416,0,0,0,0,0,0,0,0
1.683,0.3598733349699,-0.22683682606937,0,0,0,0,0,0,0,0
1.684,0.360082798776155,-0.226968856148762,0,0,0,0,0,0,0,0
1.685,0.360291997957079,-0.227100719428438,0,0,0,0,0,0,0,0
1.686,0.360500932050758,-0.227232415617242,0,0,0,0,0,0,0,0
1.687,0.360709600595278,-0.227363944424019,0,0,0,0,0,0,0,0
1.688,0.360918003128725,-0.227495305557614,0,0,0,0,0,0,0,0
1.689,0.361126139189185,-0.227626498726869,0,0,0,0,0,0,0,0
1.69,0.361334008314745,-0.227757523640632,0,0,0,0,0,0,0,0
1.691,0.36154161004349,-0.227888380007745,0,0,0,0,0,0,0,0
1.692,0.361748943913507,-0.228019067537054,0,0,0,0,0,0,0,0
1.693,0.361956009462882,-0.228149585937402,0,0,0,0,0,0,0,0
1.694,0.3621628062297,-0.228279934917636,0,0,0,0,0,0,0,0
1.695,0.362369333752049,-0.228410114186598,0,0,0,0,0,0,0,0
1.696,0.362575591568013,-0.228540123453134,0,0,0,0,0,0,0,0
1.697,0.36278157921568,-0.228669962426089,0,0,0,0,0,0,0,0
1.698,0.362987296233135,-0.228799630814306,0,0,0,0,0,0,0,0
1.699,0.363192742158464,-0.228929128326631,0,0,0,0,0,0,0,0
1.7,0.363397916529754,-0.229058454671908,0,0,0,0,0,0,0,0
1.701,0.36360281888509,-0.229187609558981,0,0,0,0,0,0,0,0
1.702,0.36380744876256,-0.229316592696695,0,0,0,0,0,0,0,0
1.703,0.364011805700248,-0.229445403793895,0,0,0,0,0,0,0,0
1.704,0.364215889236241,-0.229574042559425,0,0,0,0,0,0,0,0
1.705,0.364419698908626,-0.22970250870213,0,0,0,0,0,0,0,0
1.706,0.364623234255487,-0.229830801930854,0,0,0,0,0,0,0,0
1.707,0.364826494814912,-0.229958921954442,0,0,0,0,0,0,0,0
1.708,0.365029480124987,-0.230086868481739,0,0,0,0,0,0,0,0
1.709,0.365232189723797,-0.230214641221588,0,0,0,0,0,0,0,0
1.71,0.365434623149429,-0.230342239882835,0,0,0,0,0,0,0,0
1.711,0.365636779939969,-0.230469664174324,0,0,0,0,0,0,0,0
1.712,0.365838659633502,-0.2305969138049,0,0,0,0,0,0,0,0
1.713,0.366040261768116,-0.230723988483407,0,0,0,0,0,0,0,0
1.714,0.366241585881896,-0.23085088791869,0,0,0,0,0,0,0,0
1.715,0.366442631512928,-0.230977611819593,0,0,0,0,0,0,0,0
1.716,0.366643398199298,-0.231104159894962,0,0,0,0,0,0,0,0
1.717,0.366843885479093,-0.231230531853639,0,0,0,0,0,0,0,0
1.718,0.367044092890399,-0.231356727404471,0,0,0,0,0,0,0,0
1.719,0.367244019971302,-0.231482746256301,0,0,0,0,0,0,0,0
1.72,0.367443666259887,-0.231608588117975,0,0,0,0,0,0,0,0
1.721,0.367643031294241,-0.231734252698336,0,0,0,0,0,0,0,0
1.722,0.367842114612451,-0.231859739706229,0,0,0,0,0,0,0,0
1.723,0.368040915752602,-0.231985048850499,0,0,0,0,0,0,0,0
1.724,0.36823943425278,-0.232110179839991,0,0,0,0,0,0,0,0
1.725,0.368437669651071,-0.232235132383549,0,0,0,0,0,0,0,0
1.726,0.368635621485562,-0.232359906190017,0,0,0,0,0,0,0,0
1.727,0.368833289294339,-0.23248450096824,0,0,0,0,0,0,0,0
1.728,0.369030672615488,-0.232608916427063,0,0,0,0,0,0,0,0
1.729,0.369227770987095,-0.23273315227533,0,0,0,0,0,0,0,0
1.73,0.369424583947245,-0.232857208221886,0,0,0,0,0,0,0,0
1.731,0.369621111034026,-0.232981083975575,0,0,0,0,0,0,0,0
1.732,0.369817351785523,-0.233104779245242,0,0,0,0,0,0,0,0
1.733,0.370013305739823,-0.233228293739732,0,0,0,0,0,0,0,0
1.734,0.370208972435011,-0.233351627167888,0,0,0,0,0,0,0,0
1.735,0.370404351409174,-0.233474779238556,0,0,0,0,0,0,0,0
1.736,0.370599442200397,-0.23359774966058,0,0,0,0,0,0,0,0
1.737,0.370794244346767,-0.233720538142805,0,0,0,0,0,0,0,0
1.738,0.370988757386371,-0.233843144394075,0,0,0,0,0,0,0,0
1.739,0.371182980857293,-0.233965568123235,0,0,0,0,0,0,0,0
1.74,0.371376914297621,-0.234087809039129,0,0,0,0,0,0,0,0
1.741,0.37157055724544,-0.234209866850603,0,0,0,0,0,0,0,0
1.742,0.371763909238836,-0.234331741266499,0,0,0,0,0,0,0,0
1.743,0.371956969815896,-0.234453431995664,0,0,0,0,0,0,0,0
1.744,0.372149738514706,-0.234574938746941,0,0,0,0,0,0,0,0
1.745,0.372342214873352,-0.234696261229176,0,0,0,0,0,0,0,0
1.746,0.372534398429919,-0.234817399151212,0,0,0,0,0,0,0,0
1.747,0.372726288722495,-0.234938352221894,0,0,0,0,0,0,0,0
1.748,0.372917885289164,-0.235059120150068,0,0,0,0,0,0,0,0
1.749,0.373109187668014,-0.235179702644576,0,0,0,0,0,0,0,0
1.75,0.37330019539713,-0.235300099414265,0,0,0,0,0,0,0,0
1.751,0.373490908014599,-0.235420310167978,0,0,0,0,0,0,0,0
1.752,0.373681325058507,-0.23554033461456,0,0,0,0,0,0,0,0
1.753,0.373871446066939,-0.235660172462856,0,0,0,0,0,0,0,0
1.754,0.374061270577982,-0.235779823421711,0,0,0,0,0,0,0,0
1.755,0.374250798129722,-0.235899287199967,0,0,0,0,0,0,0,0
1.756,0.374440028260245,-0.236018563506472,0,0,0,0,0,0,0,0
1.757,0.374628960507638,-0.236137652050068,0,0,0,0,0,0,0,0
1.758,0.374817594409985,-0.2362565525396,0,0,0,0,0,0,0,0
1.759,0.375005929505374,-0.236375264683914,0,0,0,0,0,0,0,0
1.76,0.375193965331891,-0.236493788191853,0,0,0,0,0,0,0,0
1.761,0.375381701427622,-0.236612122772262,0,0,0,0,0,0,0,0
1.762,0.375569137330652,-0.236730268133986,0,0,0,0,0,0,0,0
1.763,0.375756272579068,-0.236848223985869,0,0,0,0,0,0,0,0
1.764,0.375943106710956,-0.236965990036756,0,0,0,0,0,0,0,0
1.765,0.376129639264402,-0.237083565995492,0,0,0,0,0,0,0,0
1.766,0.376315869777493,-0.23720095157092,0,0,0,0,0,0,0,0
1.767,0.376501797788314,-0.237318146471886,0,0,0,0,0,0,0,0
1.768,0.376687422834951,-0.237435150407233,0,0,0,0,0,0,0,0
1.769,0.376872744455491,-0.237551963085808,0,0,0,0,0,0,0,0
1.77,0.37705776218802,-0.237668584216453,0,0,0,0,0,0,0,0
1.771,0.377242475570624,-0.237785013508015,0,0,0,0,0,0,0,0
1.772,0.377426884141388,-0.237901250669336,0,0,0,0,0,0,0,0
1.773,0.3776109874384,-0.238017295409263,0,0,0,0,0,0,0,0
1.774,0.377794784999745,-0.238133147436638,0,0,0,0,0,0,0,0
1.775,0.377978276363509,-0.238248806460308,0,0,0,0,0,0,0,0
1.776,0.378161461067779,-0.238364272189117,0,0,0,0,0,0,0,0
1.777,0.37834433865064,-0.238479544331908,0,0,0,0,0,0,0,0
1.778,0.378526908650179,-0.238594622597527,0,0,0,0,0,0,0,0
1.779,0.378709170604481,-0.238709506694818,0,0,0,0,0,0,0,0
1.78,0.378891124051634,-0.238824196332626,0,0,0,0,0,0,0,0
1.781,0.379072768529722,-0.238938691219796,0,0,0,0,0,0,0,0
1.782,0.379254103576833,-0.239052991065171,0,0,0,0,0,0,0,0
1.783,0.379435128731052,-0.239167095577597,0,0,0,0,0,0,0,0
1.784,0.379615843530465,-0.239281004465917,0,0,0,0,0,0,0,0
1.785,0.379796247513159,-0.239394717438978,0,0,0,0,0,0,0,0
1.786,0.37997634021722,-0.239508234205622,0,0,0,0,0,0,0,0
1.787,0.380156121180733,-0.239621554474695,0,0,0,0,0,0,0,0
1.788,0.380335589941785,-0.239734677955041,0,0,0,0,0,0,0,0
1.789,0.380514746038462,-0.239847604355505,0,0,0,0,0,0,0,0
1.79,0.38069358900885,-0.239960333384932,0,0,0,0,0,0,0,0
1.791,0.380872118391035,-0.240072864752165,0,0,0,0,0,0,0,0
1.792,0.381050333723103,-0.24018519816605,0,0,0,0,0,0,0,0
1.793,0.381228234543141,-0.240297333335431,0,0,0,0,0,0,0,0
1.794,0.381405820389235,-0.240409269969153,0,0,0,0,0,0,0,0
1.795,0.38158309079947,-0.24052100777606,0,0,0,0,0,0,0,0
1.796,0.381760045311933,-0.240632546464996,0,0,0,0,0,0,0,0
1.797,0.381936683464709,-0.240743885744807,0,0,0,0,0,0,0,0
1.798,0.382113004795886,-0.240855025324336,0,0,0,0,0,0,0,0
1.799,0.382289008843549,-0.240965964912429,0,0,0,0,0,0,0,0
1.8,0.382464695145784,-0.24107670421793,0,0,0,0,0,0,0,0
1.801,0.382640063240678,-0.241187242949684,0,0,0,0,0,0,0,0
1.802,0.382815112666316,-0.241297580816534,0,0,0,0,0,0,0,0
1.803,0.382989842960784,-0.241407717527327,0,0,0,0,0,0,0,0
1.804,0.38316425366217,-0.241517652790905,0,0,0,0,0,0,0,0
1.805,0.383338344308558,-0.241627386316114,0,0,0,0,0,0,0,0
1.806,0.383512114438035,-0.241736917811799,0,0,0,0,0,0,0,0
1.807,0.383685563588687,-0.241846246986803,0,0,0,0,0,0,0,0
1.808,0.383858691298601,-0.241955373549972,0,0,0,0,0,0,0,0
1.809,0.384031497105861,-0.24206429721015,0,0,0,0,0,0,0,0
1.81,0.384203980548555,-0.242173017676182,0,0,0,0,0,0,0,0
1.811,0.384376141164769,-0.242281534656911,0,0,0,0,0,0,0,0
1.812,0.384547978492588,-0.242389847861184,0,0,0,0,0,0,0,0
1.813,0.384719492070099,-0.242497956997843,0,0,0,0,0,0,0,0
1.814,0.384890681435388,-0.242605861775735,0,0,0,0,0,0,0,0
1.815,0.385061546126541,-0.242713561903702,0,0,0,0,0,0,0,0
1.816,0.385232085681644,-0.242821057090591,0,0,0,0,0,0,0,0
1.817,0.385402299638783,-0.242928347045245,0,0,0,0,0,0,0,0
1.818,0.385572187536044,-0.243035431476509,0,0,0,0,0,0,0,0
1.819,0.385741748911514,-0.243142310093228,0,0,0,0,0,0,0,0
1.82,0.385910983303279,-0.243248982604246,0,0,0,0,0,0,0,0
1.821,0.386079890249424,-0.243355448718408,0,0,0,0,0,0,0,0
1.822,0.386248469288036,-0.243461708144558,0,0,0,0,0,0,0,0
1.823,0.386416719957201,-0.243567760591541,0,0,0,0,0,0,0,0
1.824,0.386584641795005,-0.243673605768201,0,0,0,0,0,0,0,0
1.825,0.386752234339535,-0.243779243383383,0,0,0,0,0,0,0,0
1.826,0.386919497128875,-0.243884673145932,0,0,0,0,0,0,0,0
1.827,0.387086429701113,-0.243989894764692,0,0,0,0,0,0,0,0
1.828,0.387253031594335,-0.244094907948508,0,0,0,0,0,0,0,0
1.829,0.387419302346626,-0.244199712406223,0,0,0,0,0,0,0,0
1.83,0.387585241496072,-0.244304307846684,0,0,0,0,0,0,0,0
1.831,0.387750848580761,-0.244408693978734,0,0,0,0,0,0,0,0
1.832,0.387916123138778,-0.244512870511217,0,0,0,0,0,0,0,0
1.833,0.388081064708209,-0.24461683715298,0,0,0,0,0,0,0,0
1.834,0.38824567282714,-0.244720593612865,0,0,0,0,0,0,0,0
1.835,0.388409947033657,-0.244824139599718,0,0,0,0,0,0,0,0
1.836,0.388573886865847,-0.244927474822383,0,0,0,0,0,0,0,0
1.837,0.388737491861795,-0.245030598989704,0,0,0,0,0,0,0,0
1.838,0.388900761559588,-0.245133511810527,0,0,0,0,0,0,0,0
1.839,0.389063695497312,-0.245236212993696,0,0,0,0,0,0,0,0
1.84,0.389226293213053,-0.245338702248055,0,0,0,0,0,0,0,0
1.841,0.389388554244897,-0.245440979282449,0,0,0,0,0,0,0,0
1.842,0.38955047813093,-0.245543043805722,0,0,0,0,0,0,0,0
1.843,0.389712064409238,-0.24564489552672,0,0,0,0,0,0,0,0
1.844,0.389873312617908,-0.245746534154286,0,0,0,0,0,0,0,0
1.845,0.390034222295025,-0.245847959397265,0,0,0,0,0,0,0,0
1.846,0.390194792978676,-0.245949170964502,0,0,0,0,0,0,0,0
1.847,0.390355024206946,-0.246050168564842,0,0,0,0,0,0,0,0
1.848,0.390514915517923,-0.246150951907128,0,0,0,0,0,0,0,0
1.849,0.390674466449691,-0.246251520700206,0,0,0,0,0,0,0,0
1.85,0.390833676540337,-0.246351874652919,0,0,0,0,0,0,0,0
1.851,0.390992545327948,-0.246452013474113,0,0,0,0,0,0,0,0
1.852,0.391151072350609,-0.246551936872633,0,0,0,0,0,0,0,0
1.853,0.391309257146406,-0.246651644557321,0,0,0,0,0,0,0,0
1.854,0.391467099253426,-0.246751136237025,0,0,0,0,0,0,0,0
1.855,0.391624598209755,-0.246850411620586,0,0,0,0,0,0,0,0
1.856,0.391781753553479,-0.246949470416852,0,0,0,0,0,0,0,0
1.857,0.391938564822683,-0.247048312334665,0,0,0,0,0,0,0,0
1.858,0.392095031555454,-0.24714693708287,0,0,0,0,0,0,0,0
1.859,0.392251153289879,-0.247245344370313,0,0,0,0,0,0,0,0
1.86,0.392406929564043,-0.247343533905837,0,0,0,0,0,0,0,0
1.861,0.392562359916032,-0.247441505398287,0,0,0,0,0,0,0,0
1.862,0.392717443883932,-0.247539258556508,0,0,0,0,0,0,0,0
1.863,0.392872181005831,-0.247636793089345,0,0,0,0,0,0,0,0
1.864,0.393026570819813,-0.247734108705641,0,0,0,0,0,0,0,0
1.865,0.393180612863965,-0.247831205114241,0,0,0,0,0,0,0,0
1.866,0.393334306676372,-0.24792808202399,0,0,0,0,0,0,0,0
1.867,0.393487651795122,-0.248024739143733,0,0,0,0,0,0,0,0
1.868,0.3936406477583,-0.248121176182314,0,0,0,0,0,0,0,0
1.869,0.393793294103993,-0.248217392848578,0,0,0,0,0,0,0,0
1.87,0.393945590370286,-0.248313388851369,0,0,0,0,0,0,0,0
1.871,0.394097536095265,-0.248409163899531,0,0,0,0,0,0,0,0
1.872,0.394249130817017,-0.24850471770191,0,0,0,0,0,0,0,0
1.873,0.394400374073628,-0.248600049967349,0,0,0,0,0,0,0,0
1.874,0.394551265403184,-0.248695160404695,0,0,0,0,0,0,0,0
1.875,0.39470180434377,-0.24879004872279,0,0,0,0,0,0,0,0
1.876,0.394851990433474,-0.248884714630479,0,0,0,0,0,0,0,0
1.877,0.395001823210381,-0.248979157836608,0,0,0,0,0,0,0,0
1.878,0.395151302212578,-0.24907337805002,0,0,0,0,0,0,0,0
1.879,0.39530042697815,-0.249167374979561,0,0,0,0,0,0,0,0
1.88,0.395449197045183,-0.249261148334074,0,0,0,0,0,0,0,0
1.881,0.395597611951765,-0.249354697822405,0,0,0,0,0,0,0,0
1.882,0.39574567123598,-0.249448023153397,0,0,0,0,0,0,0,0
1.883,0.395893374435915,-0.249541124035896,0,0,0,0,0,0,0,0
1.884,0.396040721089656,-0.249634000178746,0,0,0,0,0,0,0,0
1.885,0.396187710735289,-0.249726651290792,0,0,0,0,0,0,0,0
1.886,0.396334342910901,-0.249819077080878,0,0,0,0,0,0,0,0
1.887,0.396480617154577,-0.249911277257848,0,0,0,0,0,0,0,0
1.888,0.396626533004404,-0.250003251530548,0,0,0,0,0,0,0,0
1.889,0.396772089998467,-0.250094999607821,0,0,0,0,0,0,0,0
1.89,0.396917287674853,-0.250186521198513,0,0,0,0,0,0,0,0
1.891,0.397062125571648,-0.250277816011468,0,0,0,0,0,0,0,0
1.892,0.397206603226938,-0.250368883755531,0,0,0,0,0,0,0,0
1.893,0.397350720178809,-0.250459724139545,0,0,0,0,0,0,0,0
1.894,0.397494475965347,-0.250550336872356,0,0,0,0,0,0,0,0
1.895,0.397637870124639,-0.250640721662808,0,0,0,0,0,0,0,0
1.896,0.39778090219477,-0.250730878219746,0,0,0,0,0,0,0,0
1.897,0.397923571713827,-0.250820806252014,0,0,0,0,0,0,0,0
1.898,0.398065878219895,-0.250910505468458,0,0,0,0,0,0,0,0
1.899,0.398207821251061,-0.25099997557792,0,0,0,0,0,0,0,0
1.9,0.398349400345411,-0.251089216289247,0,0,0,0,0,0,0,0
1.901,0.398490615041032,-0.251178227311282,0,0,0,0,0,0,0,0
1.902,0.398631464876008,-0.25126700835287,0,0,0,0,0,0,0,0
1.903,0.398771949388427,-0.251355559122856,0,0,0,0,0,0,0,0
1.904,0.398912068116374,-0.251443879330084,0,0,0,0,0,0,0,0
1.905,0.399051820597935,-0.251531968683399,0,0,0,0,0,0,0,0
1.906,0.399191206371198,-0.251619826891645,0,0,0,0,0,0,0,0
1.907,0.399330224974247,-0.251707453663667,0,0,0,0,0,0,0,0
1.908,0.399468875945168,-0.25179484870831,0,0,0,0,0,0,0,0
1.909,0.399607158822049,-0.251882011734417,0,0,0,0,0,0,0,0
1.91,0.399745073142975,-0.251968942450834,0,0,0,0,0,0,0,0
1.911,0.399882618446033,-0.252055640566406,0,0,0,0,0,0,0,0
1.912,0.400019794269307,-0.252142105789976,0,0,0,0,0,0,0,0
1.913,0.400156600150885,-0.252228337830389,0,0,0,0,0,0,0,0
1.914,0.400293035628853,-0.25231433639649,0,0,0,0,0,0,0,0
1.915,0.400429100241296,-0.252400101197123,0,0,0,0,0,0,0,0
1.916,0.400564793526301,-0.252485631941134,0,0,0,0,0,0,0,0
1.917,0.400700115021954,-0.252570928337366,0,0,0,0,0,0,0,0
1.918,0.400835064266341,-0.252655990094664,0,0,0,0,0,0,0,0
1.919,0.400969640797548,-0.252740816921872,0,0,0,0,0,0,0,0
1.92,0.401103844153662,-0.252825408527836,0,0,0,0,0,0,0,0
1.921,0.401237673872768,-0.2529097646214,0,0,0,0,0,0,0,0
1.922,0.401371129492952,-0.252993884911407,0,0,0,0,0,0,0,0
1.923,0.401504210552301,-0.253077769106704,0,0,0,0,0,0,0,0
1.924,0.401636916588901,-0.253161416916134,0,0,0,0,0,0,0,0
1.925,0.401769247140838,-0.253244828048542,0,0,0,0,0,0,0,0
1.926,0.401901201746198,-0.253328002212773,0,0,0,0,0,0,0,0
1.927,0.402032779943066,-0.253410939117671,0,0,0,0,0,0,0,0
1.928,0.40216398126953,-0.25349363847208,0,0,0,0,0,0,0,0
1.929,0.402294805263676,-0.253576099984846,0,0,0,0,0,0,0,0
1.93,0.402425251463588,-0.253658323364812,0,0,0,0,0,0,0,0
1.931,0.402555319407355,-0.253740308320824,0,0,0,0,0,0,0,0
1.932,0.402685008633061,-0.253822054561726,0,0,0,0,0,0,0,0
1.933,0.402814318678792,-0.253903561796362,0,0,0,0,0,0,0,0
1.934,0.402943249082636,-0.253984829733577,0,0,0,0,0,0,0,0
1.935,0.403071799382678,-0.254065858082216,0,0,0,0,0,0,0,0
1.936,0.403199969117004,-0.254146646551123,0,0,0,0,0,0,0,0
1.937,0.4033277578237,-0.254227194849142,0,0,0,0,0,0,0,0
1.938,0.403455165040853,-0.254307502685119,0,0,0,0,0,0,0,0
1.939,0.403582190306548,-0.254387569767898,0,0,0,0,0,0,0,0
1.94,0.403708833158871,-0.254467395806323,0,0,0,0,0,0,0,0
1.941,0.40383509313591,-0.254546980509239,0,0,0,0,0,0,0,0
1.942,0.403960969775749,-0.254626323585491,0,0,0,0,0,0,0,0
1.943,0.404086462616475,-0.254705424743922,0,0,0,0,0,0,0,0
1.944,0.404211571196174,-0.254784283693379,0,0,0,0,0,0,0,0
1.945,0.404336295052933,-0.254862900142704,0,0,0,0,0,0,0,0
1.946,0.404460633724837,-0.254941273800743,0,0,0,0,0,0,0,0
1.947,0.404584586749972,-0.255019404376341,0,0,0,0,0,0,0,0
1.948,0.404708153666425,-0.255097291578341,0,0,0,0,0,0,0,0
1.949,0.404831334012282,-0.255174935115589,0,0,0,0,0,0,0,0
1.95,0.404954127325628,-0.255252334696928,0,0,0,0,0,0,0,0
1.951,0.40507653314455,-0.255329490031205,0,0,0,0,0,0,0,0
1.952,0.405198551007134,-0.255406400827262,0,0,0,0,0,0,0,0
1.953,0.405320180451467,-0.255483066793945,0,0,0,0,0,0,0,0
1.954,0.405441421015633,-0.255559487640099,0,0,0,0,0,0,0,0
1.955,0.40556227223772,-0.255635663074567,0,0,0,0,0,0,0,0
1.956,0.405682733655814,-0.255711592806194,0,0,0,0,0,0,0,0
1.957,0.405802804808,-0.255787276543826,0,0,0,0,0,0,0,0
1.958,0.405922485232365,-0.255862713996305,0,0,0,0,0,0,0,0
1.959,0.406041774466994,-0.255937904872478,0,0,0,0,0,0,0,0
1.96,0.406160672049975,-0.256012848881189,0,0,0,0,0,0,0,0
1.961,0.406279177519393,-0.256087545731281,0,0,0,0,0,0,0,0
1.962,0.406397290413334,-0.256161995131601,0,0,0,0,0,0,0,0
1.963,0.406515010269884,-0.256236196790991,0,0,0,0,0,0,0,0
1.964,0.406632336627129,-0.256310150418298,0,0,0,0,0,0,0,0
1.965,0.406749269023157,-0.256383855722364,0,0,0,0,0,0,0,0
1.966,0.406865806996051,-0.256457312412036,0,0,0,0,0,0,0,0
1.967,0.4069819500839,-0.256530520196157,0,0,0,0,0,0,0,0
1.968,0.407097697824788,-0.256603478783573,0,0,0,0,0,0,0,0
1.969,0.407213049756803,-0.256676187883127,0,0,0,0,0,0,0,0
1.97,0.40732800541803,-0.256748647203664,0,0,0,0,0,0,0,0
1.971,0.407442564346554,-0.256820856454029,0,0,0,0,0,0,0,0
1.972,0.407556726080464,-0.256892815343066,0,0,0,0,0,0,0,0
1.973,0.407670490157843,-0.25696452357962,0,0,0,0,0,0,0,0
1.974,0.40778385611678,-0.257035980872536,0,0,0,0,0,0,0,0
1.975,0.407896823495359,-0.257107186930657,0,0,0,0,0,0,0,0
1.976,0.408009391831667,-0.257178141462829,0,0,0,0,0,0,0,0
1.977,0.408121560663789,-0.257248844177896,0,0,0,0,0,0,0,0
1.978,0.408233329529813,-0.257319294784703,0,0,0,0,0,0,0,0
1.979,0.408344697967824,-0.257389492992094,0,0,0,0,0,0,0,0
1.98,0.408455665515909,-0.257459438508914,0,0,0,0,0,0,0,0
1.981,0.408566231712153,-0.257529131044007,0,0,0,0,0,0,0,0
1.982,0.408676396094642,-0.257598570306218,0,0,0,0,0,0,0,0
1.983,0.408786158201463,-0.257667756004392,0,0,0,0,0,0,0,0
1.984,0.408895517570701,-0.257736687847373,0,0,0,0,0,0,0,0
1.985,0.409004473740444,-0.257805365544005,0,0,0,0,0,0,0,0
1.986,0.409113026248777,-0.257873788803133,0,0,0,0,0,0,0,0
1.987,0.409221174633785,-0.257941957333602,0,0,0,0,0,0,0,0
1.988,0.409328918433556,-0.258009870844257,0,0,0,0,0,0,0,0
1.989,0.409436257186176,-0.258077529043941,0,0,0,0,0,0,0,0
1.99,0.409543190429729,-0.258144931641499,0,0,0,0,0,0,0,0
1.991,0.409649717702304,-0.258212078345777,0,0,0,0,0,0,0,0
1.992,0.409755838541985,-0.258278968865618,0,0,0,0,0,0,0,0
1.993,0.409861552486859,-0.258345602909867,0,0,0,0,0,0,0,0
1.994,0.409966859075011,-0.258411980187369,0,0,0,0,0,0,0,0
1.995,0.410071757844529,-0.258478100406968,0,0,0,0,0,0,0,0
1.996,0.410176248333498,-0.258543963277508,0,0,0,0,0,0,0,0
1.997,0.410280330080005,-0.258609568507835,0,0,0,0,0,0,0,0
1.998,0.410384002622134,-0.258674915806793,0,0,0,0,0,0,0,0
1.999,0.410487265497974,-0.258740004883227,0,0,0,0,0,0,0,0
2,0.410590118245608,-0.25880483544598,0,0,0,0,0,0,0,0
2.001,0.410692663153302,-0.258869471969808,0,0,0,0,0,0,0,0
2.002,0.410795002919908,-0.25893397918827,0,0,0,0,0,0,0,0
2.003,0.410897137699397,-0.258998357198418,0,0,0,0,0,0,0,0
2.004,0.410999067645742,-0.259062606097304,0,0,0,0,0,0,0,0
2.005,0.411100792912912,-0.259126725981979,0,0,0,0,0,0,0,0
2.006,0.411202313654879,-0.259190716949495,0,0,0,0,0,0,0,0
2.007,0.411303630025615,-0.259254579096905,0,0,0,0,0,0,0,0
2.008,0.411404742179092,-0.25931831252126,0,0,0,0,0,0,0,0
2.009,0.411505650269279,-0.259381917319611,0,0,0,0,0,0,0,0
2.01,0.411606354450149,-0.259445393589011,0,0,0,0,0,0,0,0
2.011,0.411706854875672,-0.259508741426511,0,0,0,0,0,0,0,0
2.012,0.411807151699821,-0.259571960929164,0,0,0,0,0,0,0,0
2.013,0.411907245076566,-0.259635052194021,0,0,0,0,0,0,0,0
2.014,0.412007135159879,-0.259698015318133,0,0,0,0,0,0,0,0
2.015,0.412106822103731,-0.259760850398554,0,0,0,0,0,0,0,0
2.016,0.412206306062093,-0.259823557532333,0,0,0,0,0,0,0,0
2.017,0.412305587188937,-0.259886136816524,0,0,0,0,0,0,0,0
2.018,0.412404665638234,-0.259948588348178,0,0,0,0,0,0,0,0
2.019,0.412503541563955,-0.260010912224347,0,0,0,0,0,0,0,0
2.02,0.412602215120071,-0.260073108542083,0,0,0,0,0,0,0,0
2.021,0.412700686460554,-0.260135177398437,0,0,0,0,0,0,0,0
2.022,0.412798955739375,-0.260197118890462,0,0,0,0,0,0,0,0
2.023,0.412897023110506,-0.260258933115209,0,0,0,0,0,0,0,0
2.024,0.412994888727917,-0.260320620169729,0,0,0,0,0,0,0,0
2.025,0.41309255274558,-0.260382180151076,0,0,0,0,0,0,0,0
2.026,0.413190015317466,-0.2604436131563,0,0,0,0,0,0,0,0
2.027,0.413287276597547,-0.260504919282454,0,0,0,0,0,0,0,0
2.028,0.413384336739794,-0.260566098626589,0,0,0,0,0,0,0,0
2.029,0.413481195898178,-0.260627151285757,0,0,0,0,0,0,0,0
2.03,0.41357785422667,-0.260688077357009,0,0,0,0,0,0,0,0
2.031,0.413674311879242,-0.260748876937399,0,0,0,0,0,0,0,0
2.032,0.413770569009865,-0.260809550123977,0,0,0,0,0,0,0,0
2.033,0.41386662577251,-0.260870097013795,0,0,0,0,0,0,0,0
2.034,0.413962482321149,-0.260930517703905,0,0,0,0,0,0,0,0
2.035,0.414058138809752,-0.260990812291359,0,0,0,0,0,0,0,0
2.036,0.414153595392292,-0.261050980873209,0,0,0,0,0,0,0,0
2.037,0.414248852222739,-0.261111023546507,0,0,0,0,0,0,0,0
2.038,0.414343909455066,-0.261170940408304,0,0,0,0,0,0,0,0
2.039,0.414438767243242,-0.261230731555652,0,0,0,0,0,0,0,0
2.04,0.414533425741239,-0.261290397085603,0,0,0,0,0,0,0,0
2.041,0.414627885103029,-0.261349937095209,0,0,0,0,0,0,0,0
2.042,0.414722145482584,-0.261409351681522,0,0,0,0,0,0,0,0
2.043,0.414816207033873,-0.261468640941593,0,0,0,0,0,0,0,0
2.044,0.414910069910869,-0.261527804972474,0,0,0,0,0,0,0,0
2.045,0.415003734267543,-0.261586843871217,0,0,0,0,0,0,0,0
2.046,0.415097200257865,-0.261645757734874,0,0,0,0,0,0,0,0
2.047,0.415190468035809,-0.261704546660497,0,0,0,0,0,0,0,0
2.048,0.415283537755344,-0.261763210745137,0,0,0,0,0,0,0,0
2.049,0.415376409570442,-0.261821750085847,0,0,0,0,0,0,0,0
2.05,0.415469083635074,-0.261880164779678,0,0,0,0,0,0,0,0
2.051,0.415561560103212,-0.261938454923682,0,0,0,0,0,0,0,0
2.052,0.415653839128827,-0.26199662061491,0,0,0,0,0,0,0,0
2.053,0.415745920865889,-0.262054661950415,0,0,0,0,0,0,0,0
2.054,0.415837805468372,-0.262112579027249,0,0,0,0,0,0,0,0
2.055,0.415929493090245,-0.262170371942462,0,0,0,0,0,0,0,0
2.056,0.41602098388548,-0.262228040793108,0,0,0,0,0,0,0,0
2.057,0.416112278008049,-0.262285585676237,0,0,0,0,0,0,0,0
2.058,0.416203375611922,-0.262343006688902,0,0,0,0,0,0,0,0
2.059,0.416294276851071,-0.262400303928155,0,0,0,0,0,0,0,0
2.06,0.416384981879468,-0.262457477491047,0,0,0,0,0,0,0,0
2.061,0.416475490851083,-0.26251452747463,0,0,0,0,0,0,0,0
2.062,0.416565803919888,-0.262571453975955,0,0,0,0,0,0,0,0
2.063,0.416655921239854,-0.262628257092076,0,0,0,0,0,0,0,0
2.064,0.416745842964952,-0.262684936920043,0,0,0,0,0,0,0,0
2.065,0.416835569249154,-0.262741493556908,0,0,0,0,0,0,0,0
2.066,0.416925100246431,-0.262797927099724,0,0,0,0,0,0,0,0
2.067,0.417014436110755,-0.262854237645541,0,0,0,0,0,0,0,0
2.068,0.417103576996096,-0.262910425291412,0,0,0,0,0,0,0,0
2.069,0.417192523056426,-0.262966490134389,0,0,0,0,0,0,0,0
2.07,0.417281274445716,-0.263022432271523,0,0,0,0,0,0,0,0
2.071,0.417369831317937,-0.263078251799867,0,0,0,0,0,0,0,0
2.072,0.417458193827062,-0.263133948816471,0,0,0,0,0,0,0,0
2.073,0.41754636212706,-0.263189523418388,0,0,0,0,0,0,0,0
2.074,0.417634336371904,-0.26324497570267,0,0,0,0,0,0,0,0
2.075,0.417722116715564,-0.263300305766368,0,0,0,0,0,0,0,0
2.076,0.417809703312013,-0.263355513706535,0,0,0,0,0,0,0,0
2.077,0.41789709631522,-0.263410599620222,0,0,0,0,0,0,0,0
2.078,0.417984295879158,-0.26346556360448,0,0,0,0,0,0,0,0
2.079,0.418071302157798,-0.263520405756362,0,0,0,0,0,0,0,0
2.08,0.418158115305112,-0.26357512617292,0,0,0,0,0,0,0,0
2.081,0.418244735475069,-0.263629724951205,0,0,0,0,0,0,0,0
2.082,0.418331162821642,-0.26368420218827,0,0,0,0,0,0,0,0
2.083,0.418417397498803,-0.263738557981165,0,0,0,0,0,0,0,0
2.084,0.418503439660521,-0.263792792426943,0,0,0,0,0,0,0,0
2.085,0.41858928946077,-0.263846905622656,0,0,0,0,0,0,0,0
2.086,0.418674947053519,-0.263900897665355,0,0,0,0,0,0,0,0
2.087,0.41876041259274,-0.263954768652092,0,0,0,0,0,0,0,0
2.088,0.418845686232405,-0.264008518679919,0,0,0,0,0,0,0,0
2.089,0.418930768126484,-0.264062147845889,0,0,0,0,0,0,0,0
2.09,0.41901565842895,-0.264115656247051,0,0,0,0,0,0,0,0
2.091,0.419100357293773,-0.26416904398046,0,0,0,0,0,0,0,0
2.092,0.419184864874925,-0.264222311143165,0,0,0,0,0,0,0,0
2.093,0.419269181326376,-0.26427545783222,0,0,0,0,0,0,0,0
2.094,0.419353306802099,-0.264328484144676,0,0,0,0,0,0,0,0
2.095,0.419437241456064,-0.264381390177584,0,0,0,0,0,0,0,0
2.096,0.419520985442244,-0.264434176027997,0,0,0,0,0,0,0,0
2.097,0.419604538914608,-0.264486841792966,0,0,0,0,0,0,0,0
2.098,0.419687902027129,-0.264539387569543,0,0,0,0,0,0,0,0
2.099,0.419771074933777,-0.264591813454781,0,0,0,0,0,0,0,0
2.1,0.419854057788525,-0.26464411954573,0,0,0,0,0,0,0,0
2.101,0.419936850745343,-0.264696305939443,0,0,0,0,0,0,0,0
2.102,0.420019453958202,-0.264748372732971,0,0,0,0,0,0,0,0
2.103,0.420101867581075,-0.264800320023366,0,0,0,0,0,0,0,0
2.104,0.420184091767931,-0.264852147907681,0,0,0,0,0,0,0,0
2.105,0.420266126672743,-0.264903856482966,0,0,0,0,0,0,0,0
2.106,0.420347972449482,-0.264955445846274,0,0,0,0,0,0,0,0
2.107,0.420429629252119,-0.265006916094657,0,0,0,0,0,0,0,0
2.108,0.420511097234625,-0.265058267325165,0,0,0,0,0,0,0,0
2.109,0.420592376550972,-0.265109499634852,0,0,0,0,0,0,0,0
2.11,0.420673467355131,-0.265160613120769,0,0,0,0,0,0,0,0
2.111,0.420754369801074,-0.265211607879968,0,0,0,0,0,0,0,0
2.112,0.42083508404277,-0.2652624840095,0,0,0,0,0,0,0,0
2.113,0.420915610234193,-0.265313241606417,0,0,0,0,0,0,0,0
2.114,0.420995948529312,-0.265363880767772,0,0,0,0,0,0,0,0
2.115,0.421076099082101,-0.265414401590615,0,0,0,0,0,0,0,0
2.116,0.421156062046529,-0.265464804172,0,0,0,0,0,0,0,0
2.117,0.421235837576567,-0.265515088608977,0,0,0,0,0,0,0,0
2.118,0.421315425826189,-0.265565254998598,0,0,0,0,0,0,0,0
2.119,0.421394826949363,-0.265615303437916,0,0,0,0,0,0,0,0
2.12,0.421474041100063,-0.265665234023982,0,0,0,0,0,0,0,0
2.121,0.421553068432259,-0.265715046853848,0,0,0,0,0,0,0,0
2.122,0.421631909099922,-0.265764742024565,0,0,0,0,0,0,0,0
2.123,0.421710563257025,-0.265814319633186,0,0,0,0,0,0,0,0
2.124,0.421789031057537,-0.265863779776762,0,0,0,0,0,0,0,0
2.125,0.42186731265543,-0.265913122552345,0,0,0,0,0,0,0,0
2.126,0.421945408204677,-0.265962348056988,0,0,0,0,0,0,0,0
2.127,0.422023317859247,-0.266011456387741,0,0,0,0,0,0,0,0
2.128,0.422101041773113,-0.266060447641656,0,0,0,0,0,0,0,0
2.129,0.422178580100245,-0.266109321915786,0,0,0,0,0,0,0,0
2.13,0.422255932994615,-0.266158079307182,0,0,0,0,0,0,0,0
2.131,0.422333100610194,-0.266206719912896,0,0,0,0,0,0,0,0
2.132,0.422410083100953,-0.26625524382998,0,0,0,0,0,0,0,0
2.133,0.422486880620865,-0.266303651155486,0,0,0,0,0,0,0,0
2.134,0.422563493323899,-0.266351941986465,0,0,0,0,0,0,0,0
2.135,0.422639921364027,-0.266400116419969,0,0,0,0,0,0,0,0
2.136,0.422716164895222,-0.266448174553051,0,0,0,0,0,0,0,0
2.137,0.422792224071453,-0.266496116482761,0,0,0,0,0,0,0,0
2.138,0.422868099046692,-0.266543942306152,0,0,0,0,0,0,0,0
2.139,0.422943789974911,-0.266591652120275,0,0,0,0,0,0,0,0
2.14,0.42301929701008,-0.266639246022183,0,0,0,0,0,0,0,0
2.141,0.423094620306172,-0.266686724108927,0,0,0,0,0,0,0,0
2.142,0.423169760017157,-0.266734086477559,0,0,0,0,0,0,0,0
2.143,0.423244716297007,-0.26678133322513,0,0,0,0,0,0,0,0
2.144,0.423319489299693,-0.266828464448694,0,0,0,0,0,0,0,0
2.145,0.423394079179186,-0.2668754802453,0,0,0,0,0,0,0,0
2.146,0.423468486089457,-0.266922380712002,0,0,0,0,0,0,0,0
2.147,0.423542710184479,-0.266969165945851,0,0,0,0,0,0,0,0
2.148,0.423616751618221,-0.267015836043898,0,0,0,0,0,0,0,0
2.149,0.423690610544656,-0.267062391103197,0,0,0,0,0,0,0,0
2.15,0.423764287117755,-0.267108831220797,0,0,0,0,0,0,0,0
2.151,0.423837781491488,-0.267155156493753,0,0,0,0,0,0,0,0
2.152,0.423911093819828,-0.267201367019114,0,0,0,0,0,0,0,0
2.153,0.423984224256746,-0.267247462893933,0,0,0,0,0,0,0,0
2.154,0.424057172956213,-0.267293444215261,0,0,0,0,0,0,0,0
2.155,0.4241299400722,-0.267339311080152,0,0,0,0,0,0,0,0
2.156,0.424202525758678,-0.267385063585655,0,0,0,0,0,0,0,0
2.157,0.424274930169619,-0.267430701828824,0,0,0,0,0,0,0,0
2.158,0.424347153458994,-0.26747622590671,0,0,0,0,0,0,0,0
2.159,0.424419195780775,-0.267521635916364,0,0,0,0,0,0,0,0
2.16,0.424491057288932,-0.267566931954839,0,0,0,0,0,0,0,0
2.161,0.424562738137437,-0.267612114119187,0,0,0,0,0,0,0,0
2.162,0.424634238480261,-0.267657182506458,0,0,0,0,0,0,0,0
2.163,0.424705558471377,-0.267702137213706,0,0,0,0,0,0,0,0
2.164,0.424776698264753,-0.267746978337982,0,0,0,0,0,0,0,0
2.165,0.424847658014363,-0.267791705976337,0,0,0,0,0,0,0,0
2.166,0.424918437874178,-0.267836320225823,0,0,0,0,0,0,0,0
2.167,0.424989037998168,-0.267880821183493,0,0,0,0,0,0,0,0
2.168,0.425059458540305,-0.267925208946398,0,0,0,0,0,0,0,0
2.169,0.425129699654561,-0.26796948361159,0,0,0,0,0,0,0,0
2.17,0.425199761494906,-0.268013645276121,0,0,0,0,0,0,0,0
2.171,0.425269644215312,-0.268057694037042,0,0,0,0,0,0,0,0
2.172,0.425339347969751,-0.268101629991406,0,0,0,0,0,0,0,0
2.173,0.425408872912192,-0.268145453236264,0,0,0,0,0,0,0,0
2.174,0.425478219196609,-0.268189163868667,0,0,0,0,0,0,0,0
2.175,0.425547386976972,-0.268232761985669,0,0,0,0,0,0,0,0
2.176,0.425616376407252,-0.26827624768432,0,0,0,0,0,0,0,0
2.177,0.425685187641421,-0.268319621061673,0,0,0,0,0,0,0,0
2.178,0.425753820833449,-0.268362882214778,0,0,0,0,0,0,0,0
2.179,0.425822276137309,-0.268406031240689,0,0,0,0,0,0,0,0
2.18,0.425890553706972,-0.268449068236457,0,0,0,0,0,0,0,0
2.181,0.425958653696408,-0.268491993299133,0,0,0,0,0,0,0,0
2.182,0.42602657625959,-0.26853480652577,0,0,0,0,0,0,0,0
2.183,0.426094321550488,-0.268577508013419,0,0,0,0,0,0,0,0
2.184,0.426161889723074,-0.268620097859132,0,0,0,0,0,0,0,0
2.185,0.426229280931319,-0.268662576159961,0,0,0,0,0,0,0,0
2.186,0.426296495329194,-0.268704943012958,0,0,0,0,0,0,0,0
2.187,0.426363533070671,-0.268747198515175,0,0,0,0,0,0,0,0
2.188,0.42643039430972,-0.268789342763662,0,0,0,0,0,0,0,0
2.189,0.426497079200314,-0.268831375855473,0,0,0,0,0,0,0,0
2.19,0.426563587896424,-0.268873297887659,0,0,0,0,0,0,0,0
2.191,0.42662992055202,-0.268915108957272,0,0,0,0,0,0,0,0
2.192,0.426696077321074,-0.268956809161363,0,0,0,0,0,0,0,0
2.193,0.426762058357558,-0.268998398596985,0,0,0,0,0,0,0,0
2.194,0.426827863815442,-0.269039877361189,0,0,0,0,0,0,0,0
2.195,0.426893493848699,-0.269081245551027,0,0,0,0,0,0,0,0
2.196,0.426958948611298,-0.269122503263551,0,0,0,0,0,0,0,0
2.197,0.427024228257213,-0.269163650595813,0,0,0,0,0,0,0,0
2.198,0.427089332940413,-0.269204687644864,0,0,0,0,0,0,0,0
2.199,0.42715426281487,-0.269245614507757,0,0,0,0,0,0,0,0
2.2,0.427219018034556,-0.269286431281542,0,0,0,0,0,0,0,0
2.201,0.427283598753441,-0.269327138063273,0,0,0,0,0,0,0,0
2.202,0.427348005125498,-0.26936773495,0,0,0,0,0,0,0,0
2.203,0.427412237304696,-0.269408222038776,0,0,0,0,0,0,0,0
2.204,0.427476295445009,-0.269448599426652,0,0,0,0,0,0,0,0
2.205,0.427540179700406,-0.26948886721068,0,0,0,0,0,0,0,0
2.206,0.42760389022486,-0.269529025487913,0,0,0,0,0,0,0,0
2.207,0.427667427172341,-0.269569074355401,0,0,0,0,0,0,0,0
2.208,0.427730790696821,-0.269609013910197,0,0,0,0,0,0,0,0
2.209,0.427793980952271,-0.269648844249352,0,0,0,0,0,0,0,0
2.21,0.427856998092662,-0.269688565469919,0,0,0,0,0,0,0,0
2.211,0.427919842271966,-0.269728177668948,0,0,0,0,0,0,0,0
2.212,0.427982513644154,-0.269767680943493,0,0,0,0,0,0,0,0
2.213,0.428045012363198,-0.269807075390604,0,0,0,0,0,0,0,0
2.214,0.428107338583068,-0.269846361107334,0,0,0,0,0,0,0,0
2.215,0.428169492457735,-0.269885538190734,0,0,0,0,0,0,0,0
2.216,0.428231474141172,-0.269924606737856,0,0,0,0,0,0,0,0
2.217,0.42829328378735,-0.269963566845752,0,0,0,0,0,0,0,0
2.218,0.428354921550239,-0.270002418611474,0,0,0,0,0,0,0,0
2.219,0.428416387583811,-0.270041162132073,0,0,0,0,0,0,0,0
2.22,0.428477682042038,-0.270079797504602,0,0,0,0,0,0,0,0
2.221,0.42853880507889,-0.270118324826112,0,0,0,0,0,0,0,0
2.222,0.428599756848339,-0.270156744193655,0,0,0,0,0,0,0,0
2.223,0.428660537504356,-0.270195055704283,0,0,0,0,0,0,0,0
2.224,0.428721147200913,-0.270233259455047,0,0,0,0,0,0,0,0
2.225,0.428781586091981,-0.270271355543,0,0,0,0,0,0,0,0
2.226,0.42884185433153,-0.270309344065193,0,0,0,0,0,0,0,0
2.227,0.428901952073533,-0.270347225118679,0,0,0,0,0,0,0,0
2.228,0.428961879471961,-0.270384998800508,0,0,0,0,0,0,0,0
2.229,0.429021636680785,-0.270422665207733,0,0,0,0,0,0,0,0
2.23,0.429081223853976,-0.270460224437405,0,0,0,0,0,0,0,0
2.231,0.429140641145506,-0.270497676586577,0,0,0,0,0,0,0,0
2.232,0.429199888709345,-0.2705350217523,0,0,0,0,0,0,0,0
2.233,0.429258966699466,-0.270572260031626,0,0,0,0,0,0,0,0
2.234,0.429317875269839,-0.270609391521606,0,0,0,0,0,0,0,0
2.235,0.429376614574436,-0.270646416319294,0,0,0,0,0,0,0,0
2.236,0.429435184767228,-0.270683334521739,0,0,0,0,0,0,0,0
2.237,0.429493586002187,-0.270720146225995,0,0,0,0,0,0,0,0
2.238,0.429551818433282,-0.270756851529113,0,0,0,0,0,0,0,0
2.239,0.429609882214487,-0.270793450528145,0,0,0,0,0,0,0,0
2.24,0.429667777499772,-0.270829943320142,0,0,0,0,0,0,0,0
2.241,0.429725504443109,-0.270866330002157,0,0,0,0,0,0,0,0
2.242,0.429783063198468,-0.270902610671241,0,0,0,0,0,0,0,0
2.243,0.429840453919822,-0.270938785424446,0,0,0,0,0,0,0,0
2.244,0.429897676761141,-0.270974854358824,0,0,0,0,0,0,0,0
2.245,0.429954731876397,-0.271010817571427,0,0,0,0,0,0,0,0
2.246,0.43001161941956,-0.271046675159306,0,0,0,0,0,0,0,0
2.247,0.430068339544603,-0.271082427219514,0,0,0,0,0,0,0,0
2.248,0.430124892405497,-0.271118073849102,0,0,0,0,0,0,0,0
2.249,0.430181278156212,-0.271153615145122,0,0,0,0,0,0,0,0
2.25,0.430237496950721,-0.271189051204625,0,0,0,0,0,0,0,0
2.251,0.430293548942994,-0.271224382124665,0,0,0,0,0,0,0,0
2.252,0.430349434287002,-0.271259608002291,0,0,0,0,0,0,0,0
2.253,0.430405153136718,-0.271294728934557,0,0,0,0,0,0,0,0
2.254,0.430460705646112,-0.271329745018514,0,0,0,0,0,0,0,0
2.255,0.430516091969156,-0.271364656351214,0,0,0,0,0,0,0,0
2.256,0.430571312259821,-0.271399463029708,0,0,0,0,0,0,0,0
2.257,0.430626366672078,-0.271434165151049,0,0,0,0,0,0,0,0
2.258,0.430681255359898,-0.271468762812288,0,0,0,0,0,0,0,0
2.259,0.430735978477254,-0.271503256110478,0,0,0,0,0,0,0,0
2.26,0.430790536178115,-0.271537645142669,0,0,0,0,0,0,0,0
2.261,0.430844928616454,-0.271571930005914,0,0,0,0,0,0,0,0
2.262,0.430899155946241,-0.271606110797264,0,0,0,0,0,0,0,0
2.263,0.430953218321449,-0.271640187613772,0,0,0,0,0,0,0,0
2.264,0.431007115896048,-0.271674160552489,0,0,0,0,0,0,0,0
2.265,0.431060848824009,-0.271708029710467,0,0,0,0,0,0,0,0
2.266,0.431114417259304,-0.271741795184758,0,0,0,0,0,0,0,0
2.267,0.431167821355905,-0.271775457072414,0,0,0,0,0,0,0,0
2.268,0.431221061267782,-0.271809015470486,0,0,0,0,0,0,0,0
2.269,0.431274137148906,-0.271842470476026,0,0,0,0,0,0,0,0
2.27,0.43132704915325,-0.271875822186086,0,0,0,0,0,0,0,0
2.271,0.431379797434784,-0.271909070697718,0,0,0,0,0,0,0,0
2.272,0.43143238214748,-0.271942216107974,0,0,0,0,0,0,0,0
2.273,0.431484803445309,-0.271975258513905,0,0,0,0,0,0,0,0
2.274,0.431537061482241,-0.272008198012563,0,0,0,0,0,0,0,0
2.275,0.43158915641225,-0.272041034701001,0,0,0,0,0,0,0,0
2.276,0.431641088389305,-0.272073768676269,0,0,0,0,0,0,0,0
2.277,0.431692857567378,-0.272106400035421,0,0,0,0,0,0,0,0
2.278,0.431744464100441,-0.272138928875507,0,0,0,0,0,0,0,0
2.279,0.431795908142465,-0.272171355293579,0,0,0,0,0,0,0,0
2.28,0.43184718984742,-0.272203679386689,0,0,0,0,0,0,0,0
2.281,0.431898309369279,-0.27223590125189,0,0,0,0,0,0,0,0
2.282,0.431949266862012,-0.272268020986232,0,0,0,0,0,0,0,0
2.283,0.432000062479591,-0.272300038686768,0,0,0,0,0,0,0,0
2.284,0.432050696375988,-0.272331954450549,0,0,0,0,0,0,0,0
2.285,0.432101168705173,-0.272363768374628,0,0,0,0,0,0,0,0
2.286,0.432151479621117,-0.272395480556055,0,0,0,0,0,0,0,0
2.287,0.432201629277793,-0.272427091091884,0,0,0,0,0,0,0,0
2.288,0.432251617829171,-0.272458600079165,0,0,0,0,0,0,0,0
2.289,0.432301445429223,-0.272490007614951,0,0,0,0,0,0,0,0
2.29,0.432351112231919,-0.272521313796293,0,0,0,0,0,0,0,0
2.291,0.432400618391232,-0.272552518720243,0,0,0,0,0,0,0,0
2.292,0.432449964061133,-0.272583622483853,0,0,0,0,0,0,0,0
2.293,0.432499149395592,-0.272614625184175,0,0,0,0,0,0,0,0
2.294,0.432548174548581,-0.27264552691826,0,0,0,0,0,0,0,0
2.295,0.432597039674072,-0.272676327783161,0,0,0,0,0,0,0,0
2.296,0.432645744926036,-0.272707027875929,0,0,0,0,0,0,0,0
2.297,0.432694290458443,-0.272737627293616,0,0,0,0,0,0,0,0
2.298,0.432742676425266,-0.272768126133274,0,0,0,0,0,0,0,0
2.299,0.432790902980475,-0.272798524491954,0,0,0,0,0,0,0,0
2.3,0.432838970278042,-0.272828822466709,0,0,0,0,0,0,0,0
2.301,0.432886878471939,-0.27285902015459,0,0,0,0,0,0,0,0
2.302,0.432934627716136,-0.272889117652649,0,0,0,0,0,0,0,0
2.303,0.432982218164604,-0.272919115057939,0,0,0,0,0,0,0,0
2.304,0.433029649971316,-0.272949012467509,0,0,0,0,0,0,0,0
2.305,0.433076923290242,-0.272978809978414,0,0,0,0,0,0,0,0
2.306,0.433124038275354,-0.273008507687704,0,0,0,0,0,0,0,0
2.307,0.433170995080623,-0.27303810569243,0,0,0,0,0,0,0,0
2.308,0.43321779386002,-0.273067604089646,0,0,0,0,0,0,0,0
2.309,0.433264434767516,-0.273097002976403,0,0,0,0,0,0,0,0
2.31,0.433310917957083,-0.273126302449752,0,0,0,0,0,0,0,0
2.311,0.433357243582693,-0.273155502606746,0,0,0,0,0,0,0,0
2.312,0.433403411798316,-0.273184603544435,0,0,0,0,0,0,0,0
2.313,0.433449422757923,-0.273213605359873,0,0,0,0,0,0,0,0
2.314,0.433495276615487,-0.273242508150111,0,0,0,0,0,0,0,0
2.315,0.433540973524978,-0.2732713120122,0,0,0,0,0,0,0,0
2.316,0.433586513640367,-0.273300017043193,0,0,0,0,0,0,0,0
2.317,0.433631897115626,-0.273328623340141,0,0,0,0,0,0,0,0
2.318,0.433677124104727,-0.273357131000096,0,0,0,0,0,0,0,0
2.319,0.43372219476164,-0.27338554012011,0,0,0,0,0,0,0,0
2.32,0.433767109240337,-0.273413850797235,0,0,0,0,0,0,0,0
2.321,0.433811867694788,-0.273442063128522,0,0,0,0,0,0,0,0
2.322,0.433856470278967,-0.273470177211024,0,0,0,0,0,0,0,0
2.323,0.433900917146842,-0.273498193141791,0,0,0,0,0,0,0,0
2.324,0.433945208452387,-0.273526111017877,0,0,0,0,0,0,0,0
2.325,0.433989344349572,-0.273553930936333,0,0,0,0,0,0,0,0
2.326,0.434033324992369,-0.27358165299421,0,0,0,0,0,0,0,0
2.327,0.434077150534748,-0.27360927728856,0,0,0,0,0,0,0,0
2.328,0.434120821130682,-0.273636803916436,0,0,0,0,0,0,0,0
2.329,0.434164336934141,-0.273664232974889,0,0,0,0,0,0,0,0
2.33,0.434207698099097,-0.27369156456097,0,0,0,0,0,0,0,0
2.331,0.43425090477952,-0.273718798771733,0,0,0,0,0,0,0,0
2.332,0.434293957129383,-0.273745935704228,0,0,0,0,0,0,0,0
2.333,0.434336855302657,-0.273772975455507,0,0,0,0,0,0,0,0
2.334,0.434379599453312,-0.273799918122622,0,0,0,0,0,0,0,0
2.335,0.434422189735321,-0.273826763802625,0,0,0,0,0,0,0,0
2.336,0.434464626302654,-0.273853512592568,0,0,0,0,0,0,0,0
2.337,0.434506909309283,-0.273880164589502,0,0,0,0,0,0,0,0
2.338,0.434549038909179,-0.27390671989048,0,0,0,0,0,0,0,0
2.339,0.434591015256313,-0.273933178592553,0,0,0,0,0,0,0,0
2.34,0.434632838504657,-0.273959540792773,0,0,0,0,0,0,0,0
2.341,0.434674508808182,-0.273985806588191,0,0,0,0,0,0,0,0
2.342,0.43471602632086,-0.27401197607586,0,0,0,0,0,0,0,0
2.343,0.43475739119666,-0.274038049352832,0,0,0,0,0,0,0,0
2.344,0.434798603589556,-0.274064026516158,0,0,0,0,0,0,0,0
2.345,0.434839663653518,-0.27408990766289,0,0,0,0,0,0,0,0
2.346,0.434880571542517,-0.27411569289008,0,0,0,0,0,0,0,0
2.347,0.434921327410525,-0.274141382294779,0,0,0,0,0,0,0,0
2.348,0.434961931411513,-0.27416697597404,0,0,0,0,0,0,0,0
2.349,0.435002383699452,-0.274192474024915,0,0,0,0,0,0,0,0
2.35,0.435042684428314,-0.274217876544454,0,0,0,0,0,0,0,0
2.351,0.435082833752069,-0.274243183629711,0,0,0,0,0,0,0,0
2.352,0.43512283182469,-0.274268395377736,0,0,0,0,0,0,0,0
2.353,0.435162678800148,-0.274293511885581,0,0,0,0,0,0,0,0
2.354,0.435202374832413,-0.274318533250299,0,0,0,0,0,0,0,0
2.355,0.435241920075457,-0.274343459568942,0,0,0,0,0,0,0,0
2.356,0.435281314683252,-0.27436829093856,0,0,0,0,0,0,0,0
2.357,0.435320558809768,-0.274393027456206,0,0,0,0,0,0,0,0
2.358,0.435359652608977,-0.274417669218932,0,0,0,0,0,0,0,0
2.359,0.435398596234851,-0.274442216323789,0,0,0,0,0,0,0,0
2.36,0.43543738984136,-0.274466668867829,0,0,0,0,0,0,0,0
2.361,0.435476033582476,-0.274491026948104,0,0,0,0,0,0,0,0
2.362,0.43551452761217,-0.274515290661667,0,0,0,0,0,0,0,0
2.363,0.435552872084413,-0.274539460105568,0,0,0,0,0,0,0,0
2.364,0.435591067153177,-0.274563535376859,0,0,0,0,0,0,0,0
2.365,0.435629112972433,-0.274587516572593,0,0,0,0,0,0,0,0
2.366,0.435667009696153,-0.274611403789821,0,0,0,0,0,0,0,0
2.367,0.435704757478307,-0.274635197125594,0,0,0,0,0,0,0,0
2.368,0.435742356472867,-0.274658896676966,0,0,0,0,0,0,0,0
2.369,0.435779806833804,-0.274682502540987,0,0,0,0,0,0,0,0
2.37,0.43581710871509,-0.27470601481471,0,0,0,0,0,0,0,0
2.371,0.435854262270695,-0.274729433595186,0,0,0,0,0,0,0,0
2.372,0.435891267654592,-0.274752758979466,0,0,0,0,0,0,0,0
2.373,0.435928125020751,-0.274775991064604,0,0,0,0,0,0,0,0
2.374,0.435964834523143,-0.27479912994765,0,0,0,0,0,0,0,0
2.375,0.436001396315741,-0.274822175725657,0,0,0,0,0,0,0,0
2.376,0.436037810552515,-0.274845128495676,0,0,0,0,0,0,0,0
2.377,0.436074077387436,-0.274867988354759,0,0,0,0,0,0,0,0
2.378,0.436110196974476,-0.274890755399957,0,0,0,0,0,0,0,0
2.379,0.436146169467606,-0.274913429728324,0,0,0,0,0,0,0,0
2.38,0.436181995020798,-0.27493601143691,0,0,0,0,0,0,0,0
2.381,0.436217673788023,-0.274958500622768,0,0,0,0,0,0,0,0
2.382,0.436253205923251,-0.274980897382948,0,0,0,0,0,0,0,0
2.383,0.436288591580455,-0.275003201814504,0,0,0,0,0,0,0,0
2.384,0.436323830913605,-0.275025414014486,0,0,0,0,0,0,0,0
2.385,0.436358924076674,-0.275047534079947,0,0,0,0,0,0,0,0
2.386,0.436393871223631,-0.275069562107938,0,0,0,0,0,0,0,0
2.387,0.436428672508449,-0.275091498195512,0,0,0,0,0,0,0,0
2.388,0.436463328085099,-0.275113342439719,0,0,0,0,0,0,0,0
2.389,0.436497838107552,-0.275135094937612,0,0,0,0,0,0,0,0
2.39,0.436532202729779,-0.275156755786243,0,0,0,0,0,0,0,0
2.391,0.436566422105752,-0.275178325082664,0,0,0,0,0,0,0,0
2.392,0.436600496389442,-0.275199802923926,0,0,0,0,0,0,0,0
2.393,0.43663442573482,-0.27522118940708,0,0,0,0,0,0,0,0
2.394,0.436668210295858,-0.27524248462918,0,0,0,0,0,0,0,0
2.395,0.436701850226527,-0.275263688687276,0,0,0,0,0,0,0,0
2.396,0.436735345680797,-0.275284801678421,0,0,0,0,0,0,0,0
2.397,0.436768696812641,-0.275305823699667,0,0,0,0,0,0,0,0
2.398,0.43680190377603,-0.275326754848064,0,0,0,0,0,0,0,0
2.399,0.436834966724935,-0.275347595220666,0,0,0,0,0,0,0,0
2.4,0.436867885813327,-0.275368344914523,0,0,0,0,0,0,0,0
2.401,0.436900661195178,-0.275389004026687,0,0,0,0,0,0,0,0
2.402,0.436933293024459,-0.275409572654212,0,0,0,0,0,0,0,0
2.403,0.436965781455141,-0.275430050894147,0,0,0,0,0,0,0,0
2.404,0.436998126641195,-0.275450438843546,0,0,0,0,0,0,0,0
2.405,0.437030328736594,-0.275470736599459,0,0,0,0,0,0,0,0
2.406,0.437062387895307,-0.275490944258939,0,0,0,0,0,0,0,0
2.407,0.437094304271307,-0.275511061919037,0,0,0,0,0,0,0,0
2.408,0.437126078018564,-0.275531089676806,0,0,0,0,0,0,0,0
2.409,0.43715770929105,-0.275551027629297,0,0,0,0,0,0,0,0
2.41,0.437189198242737,-0.275570875873561,0,0,0,0,0,0,0,0
2.411,0.437220545027595,-0.275590634506652,0,0,0,0,0,0,0,0
2.412,0.437251749799596,-0.27561030362562,0,0,0,0,0,0,0,0
2.413,0.437282812712711,-0.275629883327517,0,0,0,0,0,0,0,0
2.414,0.437313733920912,-0.275649373709396,0,0,0,0,0,0,0,0
2.415,0.437344513578169,-0.275668774868307,0,0,0,0,0,0,0,0
2.416,0.437375151838455,-0.275688086901303,0,0,0,0,0,0,0,0
2.417,0.437405648855739,-0.275707309905436,0,0,0,0,0,0,0,0
2.418,0.437436004783995,-0.275726443977758,0,0,0,0,0,0,0,0
2.419,0.437466219777192,-0.275745489215319,0,0,0,0,0,0,0,0
2.42,0.437496293989302,-0.275764445715173,0,0,0,0,0,0,0,0
2.421,0.437526227574297,-0.27578331357437,0,0,0,0,0,0,0,0
2.422,0.437556020686148,-0.275802092889963,0,0,0,0,0,0,0,0
2.423,0.437585673478826,-0.275820783759004,0,0,0,0,0,0,0,0
2.424,0.437615186106302,-0.275839386278544,0,0,0,0,0,0,0,0
2.425,0.437644558722548,-0.275857900545635,0,0,0,0,0,0,0,0
2.426,0.437673791481535,-0.275876326657329,0,0,0,0,0,0,0,0
2.427,0.437702884537234,-0.275894664710678,0,0,0,0,0,0,0,0
2.428,0.437731838043617,-0.275912914802733,0,0,0,0,0,0,0,0
2.429,0.437760652154654,-0.275931077030546,0,0,0,0,0,0,0,0
2.43,0.437789327024318,-0.27594915149117,0,0,0,0,0,0,0,0
2.431,0.437817862806579,-0.275967138281656,0,0,0,0,0,0,0,0
2.432,0.437846259655409,-0.275985037499056,0,0,0,0,0,0,0,0
2.433,0.437874517724779,-0.276002849240421,0,0,0,0,0,0,0,0
2.434,0.43790263716866,-0.276020573602803,0,0,0,0,0,0,0,0
2.435,0.437930618141024,-0.276038210683255,0,0,0,0,0,0,0,0
2.436,0.437958460795841,-0.276055760578828,0,0,0,0,0,0,0,0
2.437,0.437986165287084,-0.276073223386574,0,0,0,0,0,0,0,0
2.438,0.438013731768724,-0.276090599203544,0,0,0,0,0,0,0,0
2.439,0.438041160394731,-0.276107888126791,0,0,0,0,0,0,0,0
2.44,0.438068451319078,-0.276125090253367,0,0,0,0,0,0,0,0
2.441,0.438095604695734,-0.276142205680322,0,0,0,0,0,0,0,0
2.442,0.438122620678673,-0.27615923450471,0,0,0,0,0,0,0,0
2.443,0.438149499421864,-0.276176176823581,0,0,0,0,0,0,0,0
2.444,0.43817624107928,-0.276193032733987,0,0,0,0,0,0,0,0
2.445,0.438202845804891,-0.276209802332981,0,0,0,0,0,0,0,0
2.446,0.438229313752669,-0.276226485717615,0,0,0,0,0,0,0,0
2.447,0.438255645076586,-0.276243082984939,0,0,0,0,0,0,0,0
2.448,0.438281839930611,-0.276259594232006,0,0,0,0,0,0,0,0
2.449,0.438307898468718,-0.276276019555868,0,0,0,0,0,0,0,0
2.45,0.438333820844876,-0.276292359053576,0,0,0,0,0,0,0,0
2.451,0.438359607213058,-0.276308612822182,0,0,0,0,0,0,0,0
2.452,0.438385257727234,-0.276324780958739,0,0,0,0,0,0,0,0
2.453,0.438410772541377,-0.276340863560297,0,0,0,0,0,0,0,0
2.454,0.438436151809456,-0.276356860723909,0,0,0,0,0,0,0,0
2.455,0.438461395685445,-0.276372772546627,0,0,0,0,0,0,0,0
2.456,0.438486504323312,-0.276388599125502,0,0,0,0,0,0,0,0
2.457,0.438511477877031,-0.276404340557586,0,0,0,0,0,0,0,0
2.458,0.438536316500573,-0.276419996939931,0,0,0,0,0,0,0,0
2.459,0.438561020347908,-0.276435568369589,0,0,0,0,0,0,0,0
2.46,0.438585589573008,-0.276451054943611,0,0,0,0,0,0,0,0
2.461,0.438610024329844,-0.27646645675905,0,0,0,0,0,0,0,0
2.462,0.438634324772388,-0.276481773912957,0,0,0,0,0,0,0,0
2.463,0.438658491054611,-0.276497006502384,0,0,0,0,0,0,0,0
2.464,0.438682523330484,-0.276512154624382,0,0,0,0,0,0,0,0
2.465,0.438706421753978,-0.276527218376005,0,0,0,0,0,0,0,0
2.466,0.438730186479065,-0.276542197854303,0,0,0,0,0,0,0,0
2.467,0.438753817659716,-0.276557093156328,0,0,0,0,0,0,0,0
2.468,0.438777315449903,-0.276571904379132,0,0,0,0,0,0,0,0
2.469,0.438800680003596,-0.276586631619767,0,0,0,0,0,0,0,0
2.47,0.438823911474767,-0.276601274975285,0,0,0,0,0,0,0,0
2.471,0.438847010017387,-0.276615834542738,0,0,0,0,0,0,0,0
2.472,0.438869975785428,-0.276630310419176,0,0,0,0,0,0,0,0
2.473,0.438892808932861,-0.276644702701653,0,0,0,0,0,0,0,0
2.474,0.438915509613656,-0.27665901148722,0,0,0,0,0,0,0,0
2.475,0.438938077981786,-0.276673236872929,0,0,0,0,0,0,0,0
2.476,0.438960514191222,-0.276687378955831,0,0,0,0,0,0,0,0
2.477,0.438982818395935,-0.276701437832978,0,0,0,0,0,0,0,0
2.478,0.439004990749896,-0.276715413601423,0,0,0,0,0,0,0,0
2.479,0.439027031407077,-0.276729306358217,0,0,0,0,0,0,0,0
2.48,0.439048940521448,-0.276743116200412,0,0,0,0,0,0,0,0
2.481,0.439070718246982,-0.276756843225059,0,0,0,0,0,0,0,0
2.482,0.439092364737649,-0.276770487529211,0,0,0,0,0,0,0,0
2.483,0.439113880147421,-0.276784049209919,0,0,0,0,0,0,0,0
2.484,0.439135264630269,-0.276797528364235,0,0,0,0,0,0,0,0
2.485,0.439156518340164,-0.276810925089211,0,0,0,0,0,0,0,0
2.486,0.439177641431078,-0.276824239481899,0,0,0,0,0,0,0,0
2.487,0.439198634056981,-0.276837471639351,0,0,0,0,0,0,0,0
2.488,0.439219496371846,-0.276850621658617,0,0,0,0,0,0,0,0
2.489,0.439240228529644,-0.276863689636751,0,0,0,0,0,0,0,0
2.49,0.439260830684345,-0.276876675670804,0,0,0,0,0,0,0,0
2.491,0.439281302989922,-0.276889579857828,0,0,0,0,0,0,0,0
2.492,0.439301645600344,-0.276902402294874,0,0,0,0,0,0,0,0
2.493,0.439321858669585,-0.276915143078995,0,0,0,0,0,0,0,0
2.494,0.439341942351615,-0.276927802307242,0,0,0,0,0,0,0,0
2.495,0.439361896800404,-0.276940380076667,0,0,0,0,0,0,0,0
2.496,0.439381722169926,-0.276952876484321,0,0,0,0,0,0,0,0
2.497,0.43940141861415,-0.276965291627258,0,0,0,0,0,0,0,0
2.498,0.439420986287048,-0.276977625602528,0,0,0,0,0,0,0,0
2.499,0.439440425342592,-0.276989878507183,0,0,0,0,0,0,0,0
2.5,0.439459735934753,-0.277002050438275,0,0,0,0,0,0,0,0
2.501,0.439478918217502,-0.277014141492857,0,0,0,0,0,0,0,0
2.502,0.43949797234481,-0.277026151767979,0,0,0,0,0,0,0,0
2.503,0.439516898470648,-0.277038081360693,0,0,0,0,0,0,0,0
2.504,0.439535696748989,-0.277049930368052,0,0,0,0,0,0,0,0
2.505,0.439554367333803,-0.277061698887107,0,0,0,0,0,0,0,0
2.506,0.439572910379061,-0.277073387014911,0,0,0,0,0,0,0,0
2.507,0.439591326038735,-0.277084994848513,0,0,0,0,0,0,0,0
2.508,0.439609614466796,-0.277096522484968,0,0,0,0,0,0,0,0
2.509,0.439627775817216,-0.277107970021326,0,0,0,0,0,0,0,0
2.51,0.439645810243965,-0.277119337554639,0,0,0,0,0,0,0,0
2.511,0.439663717901016,-0.277130625181959,0,0,0,0,0,0,0,0
2.512,0.439681498942338,-0.277141833000339,0,0,0,0,0,0,0,0
2.513,0.439699153521904,-0.277152961106828,0,0,0,0,0,0,0,0
2.514,0.439716681793686,-0.277164009598481,0,0,0,0,0,0,0,0
2.515,0.439734083911653,-0.277174978572347,0,0,0,0,0,0,0,0
2.516,0.439751360029777,-0.27718586812548,0,0,0,0,0,0,0,0
2.517,0.439768510302031,-0.277196678354931,0,0,0,0,0,0,0,0
2.518,0.439785534882384,-0.277207409357751,0,0,0,0,0,0,0,0
2.519,0.439802433924809,-0.277218061230993,0,0,0,0,0,0,0,0
2.52,0.439819207583277,-0.277228634071708,0,0,0,0,0,0,0,0
2.521,0.439835856011758,-0.277239127976949,0,0,0,0,0,0,0,0
2.522,0.439852379364225,-0.277249543043767,0,0,0,0,0,0,0,0
2.523,0.439868777794648,-0.277259879369213,0,0,0,0,0,0,0,0
2.524,0.439885051456999,-0.27727013705034,0,0,0,0,0,0,0,0
2.525,0.439901200505249,-0.277280316184199,0,0,0,0,0,0,0,0
2.526,0.43991722509337,-0.277290416867843,0,0,0,0,0,0,0,0
2.527,0.439933125375332,-0.277300439198323,0,0,0,0,0,0,0,0
2.528,0.439948901505107,-0.27731038327269,0,0,0,0,0,0,0,0
2.529,0.439964553636667,-0.277320249187998,0,0,0,0,0,0,0,0
2.53,0.439980081923982,-0.277330037041297,0,0,0,0,0,0,0,0
2.531,0.439995486521024,-0.277339746929639,0,0,0,0,0,0,0,0
2.532,0.440010767581764,-0.277349378950076,0,0,0,0,0,0,0,0
2.533,0.440025925260174,-0.27735893319966,0,0,0,0,0,0,0,0
2.534,0.440040959710224,-0.277368409775443,0,0,0,0,0,0,0,0
2.535,0.440055871085887,-0.277377808774477,0,0,0,0,0,0,0,0
2.536,0.440070659541132,-0.277387130293813,0,0,0,0,0,0,0,0
2.537,0.440085325229933,-0.277396374430503,0,0,0,0,0,0,0,0
2.538,0.440099868306259,-0.277405541281599,0,0,0,0,0,0,0,0
2.539,0.440114288924083,-0.277414630944153,0,0,0,0,0,0,0,0
2.54,0.440128587237375,-0.277423643515217,0,0,0,0,0,0,0,0
2.541,0.440142763400107,-0.277432579091842,0,0,0,0,0,0,0,0
2.542,0.44015681756625,-0.27744143777108,0,0,0,0,0,0,0,0
2.543,0.440170749889775,-0.277450219649984,0,0,0,0,0,0,0,0
2.544,0.440184560524655,-0.277458924825604,0,0,0,0,0,0,0,0
2.545,0.440198249624859,-0.277467553394993,0,0,0,0,0,0,0,0
2.546,0.440211817344359,-0.277476105455203,0,0,0,0,0,0,0,0
2.547,0.440225263837127,-0.277484581103285,0,0,0,0,0,0,0,0
2.548,0.440238589257134,-0.277492980436291,0,0,0,0,0,0,0,0
2.549,0.440251793758351,-0.277501303551273,0,0,0,0,0,0,0,0
2.55,0.44026487749475,-0.277509550545283,0,0,0,0,0,0,0,0
2.551,0.440277840620301,-0.277517721515372,0,0,0,0,0,0,0,0
2.552,0.440290683288977,-0.277525816558593,0,0,0,0,0,0,0,0
2.553,0.440303405654748,-0.277533835771997,0,0,0,0,0,0,0,0
2.554,0.440316007871585,-0.277541779252636,0,0,0,0,0,0,0,0
2.555,0.44032849009346,-0.277549647097562,0,0,0,0,0,0,0,0
2.556,0.440340852474345,-0.277557439403826,0,0,0,0,0,0,0,0
2.557,0.44035309516821,-0.277565156268481,0,0,0,0,0,0,0,0
2.558,0.440365218329027,-0.277572797788579,0,0,0,0,0,0,0,0
2.559,0.440377222110767,-0.27758036406117,0,0,0,0,0,0,0,0
2.56,0.440389106667402,-0.277587855183307,0,0,0,0,0,0,0,0
2.561,0.440400872152902,-0.277595271252042,0,0,0,0,0,0,0,0
2.562,0.440412518721239,-0.277602612364427,0,0,0,0,0,0,0,0
2.563,0.440424046526385,-0.277609878617513,0,0,0,0,0,0,0,0
2.564,0.44043545572231,-0.277617070108352,0,0,0,0,0,0,0,0
2.565,0.440446746462986,-0.277624186933996,0,0,0,0,0,0,0,0
2.566,0.440457918902384,-0.277631229191497,0,0,0,0,0,0,0,0
2.567,0.440468973194476,-0.277638196977906,0,0,0,0,0,0,0,0
2.568,0.440479909493232,-0.277645090390276,0,0,0,0,0,0,0,0
2.569,0.440490727952625,-0.277651909525658,0,0,0,0,0,0,0,0
2.57,0.440501428726624,-0.277658654481104,0,0,0,0,0,0,0,0
2.571,0.440512011969203,-0.277665325353666,0,0,0,0,0,0,0,0
2.572,0.440522477834331,-0.277671922240396,0,0,0,0,0,0,0,0
2.573,0.440532826475981,-0.277678445238345,0,0,0,0,0,0,0,0
2.574,0.440543058048123,-0.277684894444565,0,0,0,0,0,0,0,0
2.575,0.440553172704729,-0.277691269956109,0,0,0,0,0,0,0,0
2.576,0.44056317059977,-0.277697571870027,0,0,0,0,0,0,0,0
2.577,0.440573051887218,-0.277703800283372,0,0,0,0,0,0,0,0
2.578,0.440582816721043,-0.277709955293196,0,0,0,0,0,0,0,0
2.579,0.440592465255218,-0.27771603699655,0,0,0,0,0,0,0,0
2.58,0.440601997643712,-0.277722045490486,0,0,0,0,0,0,0,0
2.581,0.440611414040498,-0.277727980872056,0,0,0,0,0,0,0,0
2.582,0.440620714599547,-0.277733843238312,0,0,0,0,0,0,0,0
2.583,0.440629899474831,-0.277739632686306,0,0,0,0,0,0,0,0
2.584,0.440638968820319,-0.277745349313089,0,0,0,0,0,0,0,0
2.585,0.440647922789985,-0.277750993215713,0,0,0,0,0,0,0,0
2.586,0.440656761537799,-0.277756564491231,0,0,0,0,0,0,0,0
2.587,0.440665485217731,-0.277762063236693,0,0,0,0,0,0,0,0
2.588,0.440674093983755,-0.277767489549152,0,0,0,0,0,0,0,0
2.589,0.440682587989841,-0.277772843525659,0,0,0,0,0,0,0,0
2.59,0.440690967389959,-0.277778125263267,0,0,0,0,0,0,0,0
2.591,0.440699232338083,-0.277783334859027,0,0,0,0,0,0,0,0
2.592,0.440707382988182,-0.27778847240999,0,0,0,0,0,0,0,0
2.593,0.440715419494228,-0.27779353801321,0,0,0,0,0,0,0,0
2.594,0.440723342010193,-0.277798531765737,0,0,0,0,0,0,0,0
2.595,0.440731150690047,-0.277803453764623,0,0,0,0,0,0,0,0
2.596,0.440738845687763,-0.277808304106921,0,0,0,0,0,0,0,0
2.597,0.440746427157311,-0.277813082889682,0,0,0,0,0,0,0,0
2.598,0.440753895252662,-0.277817790209957,0,0,0,0,0,0,0,0
2.599,0.440761250127788,-0.277822426164799,0,0,0,0,0,0,0,0
2.6,0.440768491936661,-0.27782699085126,0,0,0,0,0,0,0,0
2.601,0.440775620833251,-0.27783148436639,0,0,0,0,0,0,0,0
2.602,0.440782636971529,-0.277835906807243,0,0,0,0,0,0,0,0
2.603,0.440789540505468,-0.27784025827087,0,0,0,0,0,0,0,0
2.604,0.440796331589038,-0.277844538854322,0,0,0,0,0,0,0,0
2.605,0.440803010376211,-0.277848748654652,0,0,0,0,0,0,0,0
2.606,0.440809577020958,-0.277852887768911,0,0,0,0,0,0,0,0
2.607,0.44081603167725,-0.277856956294151,0,0,0,0,0,0,0,0
2.608,0.440822374499058,-0.277860954327425,0,0,0,0,0,0,0,0
2.609,0.440828605640355,-0.277864881965783,0,0,0,0,0,0,0,0
2.61,0.44083472525511,-0.277868739306277,0,0,0,0,0,0,0,0
2.611,0.440840733497296,-0.27787252644596,0,0,0,0,0,0,0,0
2.612,0.440846630520884,-0.277876243481884,0,0,0,0,0,0,0,0
2.613,0.440852416479844,-0.277879890511099,0,0,0,0,0,0,0,0
2.614,0.440858091528149,-0.277883467630658,0,0,0,0,0,0,0,0
2.615,0.44086365581977,-0.277886974937612,0,0,0,0,0,0,0,0
2.616,0.440869109508677,-0.277890412529015,0,0,0,0,0,0,0,0
2.617,0.440874452748843,-0.277893780501916,0,0,0,0,0,0,0,0
2.618,0.440879685694238,-0.277897078953368,0,0,0,0,0,0,0,0
2.619,0.440884808498834,-0.277900307980424,0,0,0,0,0,0,0,0
2.62,0.440889821316602,-0.277903467680134,0,0,0,0,0,0,0,0
2.621,0.440894724301514,-0.27790655814955,0,0,0,0,0,0,0,0
2.622,0.44089951760754,-0.277909579485725,0,0,0,0,0,0,0,0
2.623,0.440904201388652,-0.27791253178571,0,0,0,0,0,0,0,0
2.624,0.440908775798821,-0.277915415146557,0,0,0,0,0,0,0,0
2.625,0.440913240992019,-0.277918229665318,0,0,0,0,0,0,0,0
2.626,0.440917597122216,-0.277920975439044,0,0,0,0,0,0,0,0
2.627,0.440921844343385,-0.277923652564788,0,0,0,0,0,0,0,0
2.628,0.440925982809496,-0.277926261139601,0,0,0,0,0,0,0,0
2.629,0.440930012674521,-0.277928801260535,0,0,0,0,0,0,0,0
2.63,0.440933934092431,-0.277931273024642,0,0,0,0,0,0,0,0
2.631,0.440937747217198,-0.277933676528973,0,0,0,0,0,0,0,0
2.632,0.440941452202791,-0.277936011870581,0,0,0,0,0,0,0,0
2.633,0.440945049203184,-0.277938279146518,0,0,0,0,0,0,0,0
2.634,0.440948538372347,-0.277940478453834,0,0,0,0,0,0,0,0
2.635,0.440951919864252,-0.277942609889582,0,0,0,0,0,0,0,0
2.636,0.440955193832869,-0.277944673550814,0,0,0,0,0,0,0,0
2.637,0.44095836043217,-0.277946669534582,0,0,0,0,0,0,0,0
2.638,0.440961419816127,-0.277948597937936,0,0,0,0,0,0,0,0
2.639,0.44096437213871,-0.27795045885793,0,0,0,0,0,0,0,0
2.64,0.440967217553892,-0.277952252391615,0,0,0,0,0,0,0,0
2.641,0.440969956215642,-0.277953978636043,0,0,0,0,0,0,0,0
2.642,0.440972588277933,-0.277955637688265,0,0,0,0,0,0,0,0
2.643,0.440975113894736,-0.277957229645334,0,0,0,0,0,0,0,0
2.644,0.440977533220022,-0.277958754604301,0,0,0,0,0,0,0,0
2.645,0.440979846407763,-0.277960212662218,0,0,0,0,0,0,0,0
2.646,0.440982053611929,-0.277961603916137,0,0,0,0,0,0,0,0
2.647,0.440984154986493,-0.277962928463109,0,0,0,0,0,0,0,0
2.648,0.440986150685424,-0.277964186400187,0,0,0,0,0,0,0,0
2.649,0.440988040862695,-0.277965377824423,0,0,0,0,0,0,0,0
2.65,0.440989825672277,-0.277966502832867,0,0,0,0,0,0,0,0
2.651,0.440991505268142,-0.277967561522572,0,0,0,0,0,0,0,0
2.652,0.44099307980426,-0.27796855399059,0,0,0,0,0,0,0,0
2.653,0.440994549434602,-0.277969480333973,0,0,0,0,0,0,0,0
2.654,0.440995914313141,-0.277970340649772,0,0,0,0,0,0,0,0
2.655,0.440997174593847,-0.277971135035039,0,0,0,0,0,0,0,0
2.656,0.440998330430692,-0.277971863586826,0,0,0,0,0,0,0,0
2.657,0.440999381977646,-0.277972526402185,0,0,0,0,0,0,0,0
2.658,0.441000329388682,-0.277973123578168,0,0,0,0,0,0,0,0
2.659,0.441001172817771,-0.277973655211825,0,0,0,0,0,0,0,0
2.66,0.441001912418883,-0.277974121400211,0,0,0,0,0,0,0,0
2.661,0.441002548345991,-0.277974522240375,0,0,0,0,0,0,0,0
2.662,0.441003080753065,-0.27797485782937,0,0,0,0,0,0,0,0
2.663,0.441003509794076,-0.277975128264248,0,0,0,0,0,0,0,0
2.664,0.441003835622997,-0.27797533364206,0,0,0,0,0,0,0,0
2.665,0.441004058393798,-0.277975474059858,0,0,0,0,0,0,0,0
2.666,0.441004178260451,-0.277975549614695,0,0,0,0,0,0,0,0
2.667,0.441004195376926,-0.277975560403622,0,0,0,0,0,0,0,0
2.668,0.441004109897196,-0.27797550652369,0,0,0,0,0,0,0,0
2.669,0.441003921975231,-0.277975388071952,0,0,0,0,0,0,0,0
2.67,0.441003631765003,-0.277975205145459,0,0,0,0,0,0,0,0
2.671,0.441003239420484,-0.277974957841263,0,0,0,0,0,0,0,0
2.672,0.441002745095643,-0.277974646256417,0,0,0,0,0,0,0,0
2.673,0.441002148944453,-0.277974270487971,0,0,0,0,0,0,0,0
2.674,0.441001451120885,-0.277973830632978,0,0,0,0,0,0,0,0
2.675,0.441000651778911,-0.277973326788489,0,0,0,0,0,0,0,0
2.676,0.440999751072501,-0.277972759051557,0,0,0,0,0,0,0,0
2.677,0.440998749155627,-0.277972127519232,0,0,0,0,0,0,0,0
2.678,0.44099764618226,-0.277971432288568,0,0,0,0,0,0,0,0
2.679,0.440996442306371,-0.277970673456615,0,0,0,0,0,0,0,0
2.68,0.440995137681932,-0.277969851120426,0,0,0,0,0,0,0,0
2.681,0.440993732462914,-0.277968965377052,0,0,0,0,0,0,0,0
2.682,0.440992226803289,-0.277968016323545,0,0,0,0,0,0,0,0
2.683,0.440990620857027,-0.277967004056957,0,0,0,0,0,0,0,0
2.684,0.4409889147781,-0.27796592867434,0,0,0,0,0,0,0,0
2.685,0.440987108720479,-0.277964790272745,0,0,0,0,0,0,0,0
2.686,0.440985202838136,-0.277963588949225,0,0,0,0,0,0,0,0
2.687,0.440983197285042,-0.277962324800831,0,0,0,0,0,0,0,0
2.688,0.440981092215167,-0.277960997924615,0,0,0,0,0,0,0,0
2.689,0.440978887782484,-0.277959608417629,0,0,0,0,0,0,0,0
2.69,0.440976584140964,-0.277958156376924,0,0,0,0,0,0,0,0
2.691,0.440974181444578,-0.277956641899553,0,0,0,0,0,0,0,0
2.692,0.440971679847297,-0.277955065082567,0,0,0,0,0,0,0,0
2.693,0.440969079503092,-0.277953426023018,0,0,0,0,0,0,0,0
2.694,0.440966380565936,-0.277951724817958,0,0,0,0,0,0,0,0
2.695,0.440963583189798,-0.277949961564439,0,0,0,0,0,0,0,0
2.696,0.440960687528651,-0.277948136359512,0,0,0,0,0,0,0,0
2.697,0.440957693736466,-0.27794624930023,0,0,0,0,0,0,0,0
2.698,0.440954601967213,-0.277944300483644,0,0,0,0,0,0,0,0
2.699,0.440951412374865,-0.277942290006806,0,0,0,0,0,0,0,0
2.7,0.440948125113393,-0.277940217966767,0,0,0,0,0,0,0,0
2.701,0.440944740336768,-0.27793808446058,0,0,0,0,0,0,0,0
2.702,0.440941258198961,-0.277935889585297,0,0,0,0,0,0,0,0
2.703,0.440937678853943,-0.277933633437968,0,0,0,0,0,0,0,0
2.704,0.440934002455686,-0.277931316115647,0,0,0,0,0,0,0,0
2.705,0.440930229158161,-0.277928937715385,0,0,0,0,0,0,0,0
2.706,0.44092635911534,-0.277926498334233,0,0,0,0,0,0,0,0
2.707,0.440922392481193,-0.277923998069244,0,0,0,0,0,0,0,0
2.708,0.440918329409692,-0.277921437017468,0,0,0,0,0,0,0,0
2.709,0.440914170054809,-0.27791881527596,0,0,0,0,0,0,0,0
2.71,0.440909914570514,-0.277916132941768,0,0,0,0,0,0,0,0
2.711,0.440905563110779,-0.277913390111947,0,0,0,0,0,0,0,0
2.712,0.440901115829575,-0.277910586883547,0,0,0,0,0,0,0,0
2.713,0.440896572880874,-0.277907723353621,0,0,0,0,0,0,0,0
2.714,0.440891934418646,-0.277904799619219,0,0,0,0,0,0,0,0
2.715,0.440887200596863,-0.277901815777395,0,0,0,0,0,0,0,0
2.716,0.440882371569497,-0.277898771925199,0,0,0,0,0,0,0,0
2.717,0.440877447490518,-0.277895668159684,0,0,0,0,0,0,0,0
2.718,0.440872428513898,-0.277892504577902,0,0,0,0,0,0,0,0
2.719,0.440867314793609,-0.277889281276904,0,0,0,0,0,0,0,0
2.72,0.440862106483621,-0.277885998353741,0,0,0,0,0,0,0,0
2.721,0.440856803737905,-0.277882655905467,0,0,0,0,0,0,0,0
2.722,0.440851406710434,-0.277879254029132,0,0,0,0,0,0,0,0
2.723,0.440845915555178,-0.277875792821789,0,0,0,0,0,0,0,0
2.724,0.440840330426109,-0.277872272380489,0,0,0,0,0,0,0,0
2.725,0.440834651477198,-0.277868692802284,0,0,0,0,0,0,0,0
2.726,0.440828878862417,-0.277865054184225,0,0,0,0,0,0,0,0
2.727,0.440823012735735,-0.277861356623366,0,0,0,0,0,0,0,0
2.728,0.440817053251126,-0.277857600216757,0,0,0,0,0,0,0,0
2.729,0.44081100056256,-0.277853785061451,0,0,0,0,0,0,0,0
2.73,0.440804854824008,-0.277849911254499,0,0,0,0,0,0,0,0
2.731,0.440798616189442,-0.277845978892952,0,0,0,0,0,0,0,0
2.732,0.440792284812833,-0.277841988073864,0,0,0,0,0,0,0,0
2.733,0.440785860848152,-0.277837938894285,0,0,0,0,0,0,0,0
2.734,0.440779344449371,-0.277833831451268,0,0,0,0,0,0,0,0
2.735,0.440772735770461,-0.277829665841863,0,0,0,0,0,0,0,0
2.736,0.440766034965393,-0.277825442163124,0,0,0,0,0,0,0,0
2.737,0.440759242188139,-0.277821160512102,0,0,0,0,0,0,0,0
2.738,0.440752357592669,-0.277816820985848,0,0,0,0,0,0,0,0
2.739,0.440745381332956,-0.277812423681415,0,0,0,0,0,0,0,0
2.74,0.44073831356297,-0.277807968695854,0,0,0,0,0,0,0,0
2.741,0.440731154436682,-0.277803456126217,0,0,0,0,0,0,0,0
2.742,0.440723904108065,-0.277798886069557,0,0,0,0,0,0,0,0
2.743,0.440716562731089,-0.277794258622924,0,0,0,0,0,0,0,0
2.744,0.440709130459725,-0.27778957388337,0,0,0,0,0,0,0,0
2.745,0.440701607447946,-0.277784831947948,0,0,0,0,0,0,0,0
2.746,0.440693993849721,-0.277780032913709,0,0,0,0,0,0,0,0
2.747,0.440686289819023,-0.277775176877705,0,0,0,0,0,0,0,0
2.748,0.440678495509823,-0.277770263936988,0,0,0,0,0,0,0,0
2.749,0.440670611076091,-0.277765294188609,0,0,0,0,0,0,0,0
2.75,0.440662636671801,-0.277760267729621,0,0,0,0,0,0,0,0
2.751,0.440654572450921,-0.277755184657075,0,0,0,0,0,0,0,0
2.752,0.440646418567425,-0.277750045068023,0,0,0,0,0,0,0,0
2.753,0.440638175175283,-0.277744849059517,0,0,0,0,0,0,0,0
2.754,0.440629842428466,-0.277739596728609,0,0,0,0,0,0,0,0
2.755,0.440621420480946,-0.27773428817235,0,0,0,0,0,0,0,0
2.756,0.440612909486695,-0.277728923487793,0,0,0,0,0,0,0,0
2.757,0.440604309599682,-0.277723502771989,0,0,0,0,0,0,0,0
2.758,0.440595620973881,-0.277718026121989,0,0,0,0,0,0,0,0
2.759,0.440586843763261,-0.277712493634847,0,0,0,0,0,0,0,0
2.76,0.440577978121795,-0.277706905407613,0,0,0,0,0,0,0,0
2.761,0.440569024203453,-0.277701261537339,0,0,0,0,0,0,0,0
2.762,0.440559982162207,-0.277695562121077,0,0,0,0,0,0,0,0
2.763,0.440550852152028,-0.27768980725588,0,0,0,0,0,0,0,0
2.764,0.440541634326888,-0.277683997038798,0,0,0,0,0,0,0,0
2.765,0.440532328840758,-0.277678131566884,0,0,0,0,0,0,0,0
2.766,0.440522935847608,-0.27767221093719,0,0,0,0,0,0,0,0
2.767,0.440513455501411,-0.277666235246766,0,0,0,0,0,0,0,0
2.768,0.440503887956138,-0.277660204592666,0,0,0,0,0,0,0,0
2.769,0.440494233365759,-0.277654119071941,0,0,0,0,0,0,0,0
2.77,0.440484491884247,-0.277647978781642,0,0,0,0,0,0,0,0
2.771,0.440474663665572,-0.277641783818822,0,0,0,0,0,0,0,0
2.772,0.440464748863706,-0.277635534280532,0,0,0,0,0,0,0,0
2.773,0.44045474763262,-0.277629230263824,0,0,0,0,0,0,0,0
2.774,0.440444660126286,-0.277622871865751,0,0,0,0,0,0,0,0
2.775,0.440434486498674,-0.277616459183363,0,0,0,0,0,0,0,0
2.776,0.440424226903756,-0.277609992313712,0,0,0,0,0,0,0,0
2.777,0.440413881495504,-0.277603471353851,0,0,0,0,0,0,0,0
2.778,0.440403450427888,-0.277596896400831,0,0,0,0,0,0,0,0
2.779,0.44039293385488,-0.277590267551705,0,0,0,0,0,0,0,0
2.78,0.440382331930451,-0.277583584903523,0,0,0,0,0,0,0,0
2.781,0.440371644808572,-0.277576848553337,0,0,0,0,0,0,0,0
2.782,0.440360872643216,-0.2775700585982,0,0,0,0,0,0,0,0
2.783,0.440350015588352,-0.277563215135164,0,0,0,0,0,0,0,0
2.784,0.440339073797953,-0.277556318261279,0,0,0,0,0,0,0,0
2.785,0.440328047425989,-0.277549368073599,0,0,0,0,0,0,0,0
2.786,0.440316936626433,-0.277542364669174,0,0,0,0,0,0,0,0
2.787,0.440305741553254,-0.277535308145056,0,0,0,0,0,0,0,0
2.788,0.440294462360425,-0.277528198598298,0,0,0,0,0,0,0,0
2.789,0.440283099201917,-0.277521036125952,0,0,0,0,0,0,0,0
2.79,0.440271652231701,-0.277513820825068,0,0,0,0,0,0,0,0
2.791,0.440260121603749,-0.277506552792699,0,0,0,0,0,0,0,0
2.792,0.440248507472031,-0.277499232125896,0,0,0,0,0,0,0,0
2.793,0.440236809990519,-0.277491858921712,0,0,0,0,0,0,0,0
2.794,0.440225029313184,-0.277484433277198,0,0,0,0,0,0,0,0
2.795,0.440213165593998,-0.277476955289406,0,0,0,0,0,0,0,0
2.796,0.440201218986932,-0.277469425055388,0,0,0,0,0,0,0,0
2.797,0.440189189645957,-0.277461842672196,0,0,0,0,0,0,0,0
2.798,0.440177077725045,-0.277454208236881,0,0,0,0,0,0,0,0
2.799,0.440164883378166,-0.277446521846495,0,0,0,0,0,0,0,0
2.8,0.440152606759292,-0.277438783598091,0,0,0,0,0,0,0,0
2.801,0.440140248022395,-0.277430993588719,0,0,0,0,0,0,0,0
2.802,0.440127807321445,-0.277423151915432,0,0,0,0,0,0,0,0
2.803,0.440115284810415,-0.277415258675282,0,0,0,0,0,0,0,0
2.804,0.440102680643274,-0.27740731396532,0,0,0,0,0,0,0,0
2.805,0.440089994973995,-0.277399317882598,0,0,0,0,0,0,0,0
2.806,0.440077227956549,-0.277391270524168,0,0,0,0,0,0,0,0
2.807,0.440064379744907,-0.277383171987082,0,0,0,0,0,0,0,0
2.808,0.44005145049304,-0.277375022368391,0,0,0,0,0,0,0,0
2.809,0.44003844035492,-0.277366821765148,0,0,0,0,0,0,0,0
2.81,0.440025349484519,-0.277358570274405,0,0,0,0,0,0,0,0
2.811,0.440012178035806,-0.277350267993212,0,0,0,0,0,0,0,0
2.812,0.439998926162754,-0.277341915018622,0,0,0,0,0,0,0,0
2.813,0.439985594019334,-0.277333511447687,0,0,0,0,0,0,0,0
2.814,0.439972181759517,-0.277325057377458,0,0,0,0,0,0,0,0
2.815,0.439958689537274,-0.277316552904987,0,0,0,0,0,0,0,0
2.816,0.439945117506578,-0.277307998127327,0,0,0,0,0,0,0,0
2.817,0.439931465821398,-0.277299393141529,0,0,0,0,0,0,0,0
2.818,0.439917734635707,-0.277290738044644,0,0,0,0,0,0,0,0
2.819,0.439903924103475,-0.277282032933725,0,0,0,0,0,0,0,0
2.82,0.439890034378674,-0.277273277905823,0,0,0,0,0,0,0,0
2.821,0.439876065615276,-0.27726447305799,0,0,0,0,0,0,0,0
2.822,0.439862017967251,-0.277255618487279,0,0,0,0,0,0,0,0
2.823,0.439847891588571,-0.27724671429074,0,0,0,0,0,0,0,0
2.824,0.439833686633207,-0.277237760565426,0,0,0,0,0,0,0,0
2.825,0.43981940325513,-0.277228757408388,0,0,0,0,0,0,0,0
2.826,0.439805041608312,-0.277219704916678,0,0,0,0,0,0,0,0
2.827,0.439790601846724,-0.277210603187349,0,0,0,0,0,0,0,0
2.828,0.439776084124338,-0.277201452317451,0,0,0,0,0,0,0,0
2.829,0.439761488595124,-0.277192252404037,0,0,0,0,0,0,0,0
2.83,0.439746815413054,-0.277183003544159,0,0,0,0,0,0,0,0
2.831,0.439732064732099,-0.277173705834868,0,0,0,0,0,0,0,0
2.832,0.43971723670623,-0.277164359373216,0,0,0,0,0,0,0,0
2.833,0.43970233148942,-0.277154964256255,0,0,0,0,0,0,0,0
2.834,0.439687349235638,-0.277145520581036,0,0,0,0,0,0,0,0
2.835,0.439672290098857,-0.277136028444613,0,0,0,0,0,0,0,0
2.836,0.439657154233047,-0.277126487944035,0,0,0,0,0,0,0,0
2.837,0.439641941792181,-0.277116899176356,0,0,0,0,0,0,0,0
2.838,0.439626652930228,-0.277107262238627,0,0,0,0,0,0,0,0
2.839,0.439611287801161,-0.2770975772279,0,0,0,0,0,0,0,0
2.84,0.439595846558951,-0.277087844241226,0,0,0,0,0,0,0,0
2.841,0.439580329357569,-0.277078063375657,0,0,0,0,0,0,0,0
2.842,0.439564736350987,-0.277068234728246,0,0,0,0,0,0,0,0
2.843,0.439549067693175,-0.277058358396045,0,0,0,0,0,0,0,0
2.844,0.439533323538105,-0.277048434476103,0,0,0,0,0,0,0,0
2.845,0.439517504039749,-0.277038463065475,0,0,0,0,0,0,0,0
2.846,0.439501609352077,-0.277028444261211,0,0,0,0,0,0,0,0
2.847,0.439485639629061,-0.277018378160364,0,0,0,0,0,0,0,0
2.848,0.439469595024672,-0.277008264859984,0,0,0,0,0,0,0,0
2.849,0.439453475692882,-0.276998104457125,0,0,0,0,0,0,0,0
2.85,0.439437281787661,-0.276987897048837,0,0,0,0,0,0,0,0
2.851,0.439421013462982,-0.276977642732173,0,0,0,0,0,0,0,0
2.852,0.439404670872815,-0.276967341604184,0,0,0,0,0,0,0,0
2.853,0.439388254171131,-0.276956993761923,0,0,0,0,0,0,0,0
2.854,0.439371763511903,-0.27694659930244,0,0,0,0,0,0,0,0
2.855,0.4393551990491,-0.276936158322788,0,0,0,0,0,0,0,0
2.856,0.439338560936696,-0.276925670920019,0,0,0,0,0,0,0,0
2.857,0.43932184932866,-0.276915137191185,0,0,0,0,0,0,0,0
2.858,0.439305064378964,-0.276904557233336,0,0,0,0,0,0,0,0
2.859,0.43928820624158,-0.276893931143526,0,0,0,0,0,0,0,0
2.86,0.439271275070478,-0.276883259018806,0,0,0,0,0,0,0,0
2.861,0.43925427101963,-0.276872540956227,0,0,0,0,0,0,0,0
2.862,0.439237194243008,-0.276861777052842,0,0,0,0,0,0,0,0
2.863,0.439220044894582,-0.276850967405702,0,0,0,0,0,0,0,0
2.864,0.439202823128325,-0.27684011211186,0,0,0,0,0,0,0,0
2.865,0.439185529098206,-0.276829211268366,0,0,0,0,0,0,0,0
2.866,0.439168162958198,-0.276818264972273,0,0,0,0,0,0,0,0
2.867,0.439150724862272,-0.276807273320633,0,0,0,0,0,0,0,0
2.868,0.439133214964398,-0.276796236410497,0,0,0,0,0,0,0,0
2.869,0.439115633418549,-0.276785154338917,0,0,0,0,0,0,0,0
2.87,0.439097980378696,-0.276774027202945,0,0,0,0,0,0,0,0
2.871,0.43908025599881,-0.276762855099633,0,0,0,0,0,0,0,0
2.872,0.439062460432862,-0.276751638126033,0,0,0,0,0,0,0,0
2.873,0.439044593834823,-0.276740376379197,0,0,0,0,0,0,0,0
2.874,0.439026656358665,-0.276729069956175,0,0,0,0,0,0,0,0
2.875,0.43900864815836,-0.276717718954021,0,0,0,0,0,0,0,0
2.876,0.438990569387878,-0.276706323469785,0,0,0,0,0,0,0,0
2.877,0.43897242020119,-0.276694883600521,0,0,0,0,0,0,0,0
2.878,0.438954200752269,-0.276683399443279,0,0,0,0,0,0,0,0
2.879,0.438935911195085,-0.276671871095111,0,0,0,0,0,0,0,0
2.88,0.438917551683609,-0.276660298653069,0,0,0,0,0,0,0,0
2.881,0.438899122371814,-0.276648682214205,0,0,0,0,0,0,0,0
2.882,0.43888062341367,-0.276637021875571,0,0,0,0,0,0,0,0
2.883,0.438862054963148,-0.276625317734219,0,0,0,0,0,0,0,0
2.884,0.43884341717422,-0.2766135698872,0,0,0,0,0,0,0,0
2.885,0.438824710200857,-0.276601778431567,0,0,0,0,0,0,0,0
2.886,0.43880593419703,-0.27658994346437,0,0,0,0,0,0,0,0
2.887,0.438787089316711,-0.276578065082662,0,0,0,0,0,0,0,0
2.888,0.438768175713871,-0.276566143383495,0,0,0,0,0,0,0,0
2.889,0.438749193542481,-0.27655417846392,0,0,0,0,0,0,0,0
2.89,0.438730142956513,-0.27654217042099,0,0,0,0,0,0,0,0
2.891,0.438711024109937,-0.276530119351756,0,0,0,0,0,0,0,0
2.892,0.438691837156726,-0.27651802535327,0,0,0,0,0,0,0,0
2.893,0.43867258225085,-0.276505888522583,0,0,0,0,0,0,0,0
2.894,0.438653259546281,-0.276493708956748,0,0,0,0,0,0,0,0
2.895,0.43863386919699,-0.276481486752816,0,0,0,0,0,0,0,0
2.896,0.438614411356948,-0.27646922200784,0,0,0,0,0,0,0,0
2.897,0.438594886180127,-0.27645691481887,0,0,0,0,0,0,0,0
2.898,0.438575293820498,-0.27644456528296,0,0,0,0,0,0,0,0
2.899,0.438555634432032,-0.27643217349716,0,0,0,0,0,0,0,0
2.9,0.4385359081687,-0.276419739558522,0,0,0,0,0,0,0,0
2.901,0.438516115184474,-0.276407263564099,0,0,0,0,0,0,0,0
2.902,0.438496255633326,-0.276394745610941,0,0,0,0,0,0,0,0
2.903,0.438476329669225,-0.276382185796102,0,0,0,0,0,0,0,0
2.904,0.438456337446145,-0.276369584216632,0,0,0,0,0,0,0,0
2.905,0.438436279118055,-0.276356940969584,0,0,0,0,0,0,0,0
2.906,0.438416154838927,-0.276344256152009,0,0,0,0,0,0,0,0
2.907,0.438395964762734,-0.276331529860959,0,0,0,0,0,0,0,0
2.908,0.438375709043445,-0.276318762193486,0,0,0,0,0,0,0,0
2.909,0.438355387835032,-0.276305953246641,0,0,0,0,0,0,0,0
2.91,0.438335001291466,-0.276293103117478,0,0,0,0,0,0,0,0
2.911,0.438314549566719,-0.276280211903047,0,0,0,0,0,0,0,0
2.912,0.438294032814763,-0.276267279700399,0,0,0,0,0,0,0,0
2.913,0.438273451189567,-0.276254306606588,0,0,0,0,0,0,0,0
2.914,0.438252804845104,-0.276241292718665,0,0,0,0,0,0,0,0
2.915,0.438232093935346,-0.276228238133681,0,0,0,0,0,0,0,0
2.916,0.438211318614262,-0.276215142948689,0,0,0,0,0,0,0,0
2.917,0.438190479035825,-0.27620200726074,0,0,0,0,0,0,0,0
2.918,0.438169575354005,-0.276188831166886,0,0,0,0,0,0,0,0
2.919,0.438148607722775,-0.276175614764179,0,0,0,0,0,0,0,0
2.92,0.438127576296105,-0.276162358149671,0,0,0,0,0,0,0,0
2.921,0.438106481227967,-0.276149061420413,0,0,0,0,0,0,0,0
2.922,0.438085322672331,-0.276135724673458,0,0,0,0,0,0,0,0
2.923,0.43806410078317,-0.276122348005856,0,0,0,0,0,0,0,0
2.924,0.438042815714455,-0.276108931514661,0,0,0,0,0,0,0,0
2.925,0.438021467620156,-0.276095475296923,0,0,0,0,0,0,0,0
2.926,0.438000056654246,-0.276081979449695,0,0,0,0,0,0,0,0
2.927,0.437978582970695,-0.276068444070028,0,0,0,0,0,0,0,0
2.928,0.437957046723474,-0.276054869254975,0,0,0,0,0,0,0,0
2.929,0.437935448066556,-0.276041255101586,0,0,0,0,0,0,0,0
2.93,0.437913787153911,-0.276027601706915,0,0,0,0,0,0,0,0
2.931,0.437892064139511,-0.276013909168012,0,0,0,0,0,0,0,0
2.932,0.437870279177326,-0.276000177581929,0,0,0,0,0,0,0,0
2.933,0.437848432421329,-0.275986407045719,0,0,0,0,0,0,0,0
2.934,0.43782652402549,-0.275972597656433,0,0,0,0,0,0,0,0
2.935,0.437804554143781,-0.275958749511122,0,0,0,0,0,0,0,0
2.936,0.437782522930173,-0.27594486270684,0,0,0,0,0,0,0,0
2.937,0.437760430538638,-0.275930937340636,0,0,0,0,0,0,0,0
2.938,0.437738277123146,-0.275916973509565,0,0,0,0,0,0,0,0
2.939,0.437716062837669,-0.275902971310676,0,0,0,0,0,0,0,0
2.94,0.437693787836178,-0.275888930841022,0,0,0,0,0,0,0,0
2.941,0.437671452272645,-0.275874852197655,0,0,0,0,0,0,0,0
2.942,0.437649056301041,-0.275860735477627,0,0,0,0,0,0,0,0
2.943,0.437626600075337,-0.275846580777989,0,0,0,0,0,0,0,0
2.944,0.437604083749505,-0.275832388195793,0,0,0,0,0,0,0,0
2.945,0.437581507477515,-0.275818157828092,0,0,0,0,0,0,0,0
2.946,0.437558871413339,-0.275803889771936,0,0,0,0,0,0,0,0
2.947,0.437536175710948,-0.275789584124378,0,0,0,0,0,0,0,0
2.948,0.437513420524315,-0.275775240982469,0,0,0,0,0,0,0,0
2.949,0.437490606007409,-0.275760860443261,0,0,0,0,0,0,0,0
2.95,0.437467732314202,-0.275746442603807,0,0,0,0,0,0,0,0
2.951,0.437444799598666,-0.275731987561158,0,0,0,0,0,0,0,0
2.952,0.437421808014771,-0.275717495412365,0,0,0,0,0,0,0,0
2.953,0.43739875771649,-0.275702966254481,0,0,0,0,0,0,0,0
2.954,0.437375648857793,-0.275688400184557,0,0,0,0,0,0,0,0
2.955,0.437352481592651,-0.275673797299645,0,0,0,0,0,0,0,0
2.956,0.437329256075037,-0.275659157696797,0,0,0,0,0,0,0,0
2.957,0.437305972458921,-0.275644481473065,0,0,0,0,0,0,0,0
2.958,0.437282630898275,-0.275629768725501,0,0,0,0,0,0,0,0
2.959,0.437259231547069,-0.275615019551156,0,0,0,0,0,0,0,0
2.96,0.437235774559275,-0.275600234047082,0,0,0,0,0,0,0,0
2.961,0.437212260088865,-0.275585412310332,0,0,0,0,0,0,0,0
2.962,0.43718868828981,-0.275570554437956,0,0,0,0,0,0,0,0
2.963,0.437165059316081,-0.275555660527007,0,0,0,0,0,0,0,0
2.964,0.437141373321649,-0.275540730674536,0,0,0,0,0,0,0,0
2.965,0.437117630460486,-0.275525764977596,0,0,0,0,0,0,0,0
2.966,0.437093830886562,-0.275510763533237,0,0,0,0,0,0,0,0
2.967,0.43706997475385,-0.275495726438513,0,0,0,0,0,0,0,0
2.968,0.43704606221632,-0.275480653790474,0,0,0,0,0,0,0,0
2.969,0.437022093427944,-0.275465545686173,0,0,0,0,0,0,0,0
2.97,0.436998068542694,-0.275450402222661,0,0,0,0,0,0,0,0
2.971,0.436973987714539,-0.275435223496991,0,0,0,0,0,0,0,0
2.972,0.436949851097453,-0.275420009606213,0,0,0,0,0,0,0,0
2.973,0.436925658845405,-0.27540476064738,0,0,0,0,0,0,0,0
2.974,0.436901411112367,-0.275389476717544,0,0,0,0,0,0,0,0
2.975,0.436877108052311,-0.275374157913756,0,0,0,0,0,0,0,0
2.976,0.436852749819208,-0.275358804333069,0,0,0,0,0,0,0,0
2.977,0.43682833656703,-0.275343416072533,0,0,0,0,0,0,0,0
2.978,0.436803868449746,-0.275327993229202,0,0,0,0,0,0,0,0
2.979,0.436779345621329,-0.275312535900126,0,0,0,0,0,0,0,0
2.98,0.436754768235751,-0.275297044182357,0,0,0,0,0,0,0,0
2.981,0.436730136446981,-0.275281518172948,0,0,0,0,0,0,0,0
2.982,0.436705450408993,-0.27526595796895,0,0,0,0,0,0,0,0
2.983,0.436680710275756,-0.275250363667415,0,0,0,0,0,0,0,0
2.984,0.436655916201242,-0.275234735365395,0,0,0,0,0,0,0,0
2.985,0.436631068339423,-0.275219073159941,0,0,0,0,0,0,0,0
2.986,0.43660616684427,-0.275203377148105,0,0,0,0,0,0,0,0
2.987,0.436581211869754,-0.27518764742694,0,0,0,0,0,0,0,0
2.988,0.436556203569846,-0.275171884093497,0,0,0,0,0,0,0,0
2.989,0.436531142098518,-0.275156087244828,0,0,0,0,0,0,0,0
2.99,0.436506027609741,-0.275140256977984,0,0,0,0,0,0,0,0
2.991,0.436480860257486,-0.275124393390017,0,0,0,0,0,0,0,0
2.992,0.436455640195725,-0.27510849657798,0,0,0,0,0,0,0,0
2.993,0.436430367578429,-0.275092566638924,0,0,0,0,0,0,0,0
2.994,0.436405042559568,-0.275076603669901,0,0,0,0,0,0,0,0
2.995,0.436379665293116,-0.275060607767962,0,0,0,0,0,0,0,0
2.996,0.436354235933042,-0.27504457903016,0,0,0,0,0,0,0,0
2.997,0.436328754633318,-0.275028517553547,0,0,0,0,0,0,0,0
2.998,0.436303221547915,-0.275012423435173,0,0,0,0,0,0,0,0
2.999,0.436277636830805,-0.274996296772092,0,0,0,0,0,0,0,0
3,0.436252000635959,-0.274980137661354,0,0,0,0,0,0,0,0
3.001,0.436226313117348,-0.274963946200011,0,0,0,0,0,0,0,0
3.002,0.436200574428944,-0.274947722485117,0,0,0,0,0,0,0,0
3.003,0.436174784724717,-0.274931466613721,0,0,0,0,0,0,0,0
3.004,0.43614894415864,-0.274915178682876,0,0,0,0,0,0,0,0
3.005,0.436123052884683,-0.274898858789634,0,0,0,0,0,0,0,0
3.006,0.436097111056817,-0.274882507031047,0,0,0,0,0,0,0,0
3.007,0.436071118829015,-0.274866123504166,0,0,0,0,0,0,0,0
3.008,0.436045076355247,-0.274849708306044,0,0,0,0,0,0,0,0
3.009,0.436018983789484,-0.274833261533731,0,0,0,0,0,0,0,0
3.01,0.435992841285699,-0.274816783284281,0,0,0,0,0,0,0,0
3.011,0.435966648997861,-0.274800273654744,0,0,0,0,0,0,0,0
3.012,0.435940407079943,-0.274783732742172,0,0,0,0,0,0,0,0
3.013,0.435914115685916,-0.274767160643618,0,0,0,0,0,0,0,0
3.014,0.435887774969751,-0.274750557456134,0,0,0,0,0,0,0,0
3.015,0.435861385085419,-0.27473392327677,0,0,0,0,0,0,0,0
3.016,0.435834946186892,-0.274717258202578,0,0,0,0,0,0,0,0
3.017,0.43580845842814,-0.274700562330612,0,0,0,0,0,0,0,0
3.018,0.435781921963136,-0.274683835757922,0,0,0,0,0,0,0,0
3.019,0.435755336945851,-0.27466707858156,0,0,0,0,0,0,0,0
3.02,0.435728703530255,-0.274650290898578,0,0,0,0,0,0,0,0
3.021,0.43570202187032,-0.274633472806028,0,0,0,0,0,0,0,0
3.022,0.435675292120018,-0.274616624400961,0,0,0,0,0,0,0,0
3.023,0.435648514433319,-0.27459974578043,0,0,0,0,0,0,0,0
3.024,0.435621688964196,-0.274582837041487,0,0,0,0,0,0,0,0
3.025,0.435594815866619,-0.274565898281182,0,0,0,0,0,0,0,0
3.026,0.435567895294559,-0.274548929596568,0,0,0,0,0,0,0,0
3.027,0.435540927401988,-0.274531931084697,0,0,0,0,0,0,0,0
3.028,0.435513912342877,-0.274514902842621,0,0,0,0,0,0,0,0
3.029,0.435486850271198,-0.27449784496739,0,0,0,0,0,0,0,0
3.03,0.435459741340922,-0.274480757556058,0,0,0,0,0,0,0,0
3.031,0.435432585706019,-0.274463640705676,0,0,0,0,0,0,0,0
3.032,0.435405383520462,-0.274446494513296,0,0,0,0,0,0,0,0
3.033,0.435378134938222,-0.27442931907597,0,0,0,0,0,0,0,0
3.034,0.435350840113269,-0.274412114490748,0,0,0,0,0,0,0,0
3.035,0.435323499199576,-0.274394880854684,0,0,0,0,0,0,0,0
3.036,0.435296112351113,-0.274377618264829,0,0,0,0,0,0,0,0
3.037,0.435268679721852,-0.274360326818235,0,0,0,0,0,0,0,0
3.038,0.435241201465765,-0.274343006611954,0,0,0,0,0,0,0,0
3.039,0.435213677736821,-0.274325657743037,0,0,0,0,0,0,0,0
3.04,0.435186108688993,-0.274308280308536,0,0,0,0,0,0,0,0
3.041,0.435158494476253,-0.274290874405503,0,0,0,0,0,0,0,0
3.042,0.43513083525257,-0.274273440130991,0,0,0,0,0,0,0,0
3.043,0.435103131171917,-0.27425597758205,0,0,0,0,0,0,0,0
3.044,0.435075382388265,-0.274238486855732,0,0,0,0,0,0,0,0
3.045,0.435047589055586,-0.27422096804909,0,0,0,0,0,0,0,0
3.046,0.435019751327849,-0.274203421259175,0,0,0,0,0,0,0,0
3.047,0.434991869359028,-0.274185846583039,0,0,0,0,0,0,0,0
3.048,0.434963943303092,-0.274168244117734,0,0,0,0,0,0,0,0
3.049,0.434935973314014,-0.274150613960312,0,0,0,0,0,0,0,0
3.05,0.434907959545764,-0.274132956207824,0,0,0,0,0,0,0,0
3.051,0.434879902152315,-0.274115270957322,0,0,0,0,0,0,0,0
3.052,0.434851801287636,-0.274097558305858,0,0,0,0,0,0,0,0
3.053,0.434823657105701,-0.274079818350484,0,0,0,0,0,0,0,0
3.054,0.434795469760479,-0.274062051188252,0,0,0,0,0,0,0,0
3.055,0.434767239405942,-0.274044256916213,0,0,0,0,0,0,0,0
3.056,0.434738966196061,-0.274026435631419,0,0,0,0,0,0,0,0
3.057,0.434710650284808,-0.274008587430923,0,0,0,0,0,0,0,0
3.058,0.434682291826154,-0.273990712411775,0,0,0,0,0,0,0,0
3.059,0.434653890974071,-0.273972810671029,0,0,0,0,0,0,0,0
3.06,0.434625447882529,-0.273954882305735,0,0,0,0,0,0,0,0
3.061,0.4345969627055,-0.273936927412945,0,0,0,0,0,0,0,0
3.062,0.434568435596955,-0.273918946089711,0,0,0,0,0,0,0,0
3.063,0.434539866710866,-0.273900938433085,0,0,0,0,0,0,0,0
3.064,0.434511256201203,-0.27388290454012,0,0,0,0,0,0,0,0
3.065,0.434482604221938,-0.273864844507865,0,0,0,0,0,0,0,0
3.066,0.434453910927043,-0.273846758433375,0,0,0,0,0,0,0,0
3.067,0.434425176470489,-0.273828646413699,0,0,0,0,0,0,0,0
3.068,0.434396401006246,-0.273810508545891,0,0,0,0,0,0,0,0
3.069,0.434367584688287,-0.273792344927001,0,0,0,0,0,0,0,0
3.07,0.434338727670582,-0.273774155654082,0,0,0,0,0,0,0,0
3.071,0.434309830107103,-0.273755940824186,0,0,0,0,0,0,0,0
3.072,0.434280892151821,-0.273737700534364,0,0,0,0,0,0,0,0
3.073,0.434251913958707,-0.273719434881668,0,0,0,0,0,0,0,0
3.074,0.434222895681733,-0.27370114396315,0,0,0,0,0,0,0,0
3.075,0.43419383747487,-0.273682827875861,0,0,0,0,0,0,0,0
3.076,0.43416473949209,-0.273664486716855,0,0,0,0,0,0,0,0
3.077,0.434135601887363,-0.273646120583181,0,0,0,0,0,0,0,0
3.078,0.434106424814661,-0.273627729571893,0,0,0,0,0,0,0,0
3.079,0.434077208427955,-0.273609313780042,0,0,0,0,0,0,0,0
3.08,0.434047952881217,-0.27359087330468,0,0,0,0,0,0,0,0
3.081,0.434018658328417,-0.273572408242858,0,0,0,0,0,0,0,0
3.082,0.433989324923527,-0.273553918691629,0,0,0,0,0,0,0,0
3.083,0.433959952820519,-0.273535404748044,0,0,0,0,0,0,0,0
3.084,0.433930542173364,-0.273516866509155,0,0,0,0,0,0,0,0
3.085,0.433901093136032,-0.273498304072014,0,0,0,0,0,0,0,0
3.086,0.433871605862495,-0.273479717533673,0,0,0,0,0,0,0,0
3.087,0.433842080506726,-0.273461106991183,0,0,0,0,0,0,0,0
3.088,0.433812517222694,-0.273442472541596,0,0,0,0,0,0,0,0
3.089,0.433782916164371,-0.273423814281965,0,0,0,0,0,0,0,0
3.09,0.433753277485728,-0.273405132309341,0,0,0,0,0,0,0,0
3.091,0.433723601340737,-0.273386426720775,0,0,0,0,0,0,0,0
3.092,0.43369388788337,-0.27336769761332,0,0,0,0,0,0,0,0
3.093,0.433664137267596,-0.273348945084027,0,0,0,0,0,0,0,0
3.094,0.433634349647388,-0.273330169229949,0,0,0,0,0,0,0,0
3.095,0.433604525176717,-0.273311370148136,0,0,0,0,0,0,0,0
3.096,0.433574664009554,-0.273292547935642,0,0,0,0,0,0,0,0
3.097,0.433544766299871,-0.273273702689517,0,0,0,0,0,0,0,0
3.098,0.433514832201638,-0.273254834506813,0,0,0,0,0,0,0,0
3.099,0.433484861868828,-0.273235943484583,0,0,0,0,0,0,0,0
3.1,0.433454855455411,-0.273217029719878,0,0,0,0,0,0,0,0
3.101,0.433424813115358,-0.27319809330975,0,0,0,0,0,0,0,0
3.102,0.433394735002642,-0.27317913435125,0,0,0,0,0,0,0,0
3.103,0.433364621271232,-0.273160152941431,0,0,0,0,0,0,0,0
3.104,0.433334472075102,-0.273141149177345,0,0,0,0,0,0,0,0
3.105,0.433304287568221,-0.273122123156042,0,0,0,0,0,0,0,0
3.106,0.433274067904561,-0.273103074974576,0,0,0,0,0,0,0,0
3.107,0.433243813238093,-0.273084004729997,0,0,0,0,0,0,0,0
3.108,0.43321352372279,-0.273064912519358,0,0,0,0,0,0,0,0
3.109,0.433183199512621,-0.27304579843971,0,0,0,0,0,0,0,0
3.11,0.433152840761559,-0.273026662588105,0,0,0,0,0,0,0,0
3.111,0.433122447623574,-0.273007505061596,0,0,0,0,0,0,0,0
3.112,0.433092020252638,-0.272988325957233,0,0,0,0,0,0,0,0
3.113,0.433061558802722,-0.272969125372069,0,0,0,0,0,0,0,0
3.114,0.433031063427798,-0.272949903403156,0,0,0,0,0,0,0,0
3.115,0.433000534281837,-0.272930660147544,0,0,0,0,0,0,0,0
3.116,0.432969971518809,-0.272911395702287,0,0,0,0,0,0,0,0
3.117,0.432939375292687,-0.272892110164436,0,0,0,0,0,0,0,0
3.118,0.432908745757442,-0.272872803631042,0,0,0,0,0,0,0,0
3.119,0.432878083067045,-0.272853476199158,0,0,0,0,0,0,0,0
3.12,0.432847387375466,-0.272834127965836,0,0,0,0,0,0,0,0
3.121,0.432816658836679,-0.272814759028126,0,0,0,0,0,0,0,0
3.122,0.432785897604653,-0.272795369483082,0,0,0,0,0,0,0,0
3.123,0.43275510383336,-0.272775959427754,0,0,0,0,0,0,0,0
3.124,0.432724277676772,-0.272756528959195,0,0,0,0,0,0,0,0
3.125,0.43269341928886,-0.272737078174456,0,0,0,0,0,0,0,0
3.126,0.432662528823594,-0.27271760717059,0,0,0,0,0,0,0,0
3.127,0.432631606434947,-0.272698116044647,0,0,0,0,0,0,0,0
3.128,0.432600652276889,-0.272678604893681,0,0,0,0,0,0,0,0
3.129,0.432569666503393,-0.272659073814742,0,0,0,0,0,0,0,0
3.13,0.432538649268428,-0.272639522904883,0,0,0,0,0,0,0,0
3.131,0.432507600725967,-0.272619952261154,0,0,0,0,0,0,0,0
3.132,0.432476521029981,-0.272600361980609,0,0,0,0,0,0,0,0
3.133,0.432445410334441,-0.272580752160299,0,0,0,0,0,0,0,0
3.134,0.432414268793318,-0.272561122897276,0,0,0,0,0,0,0,0
3.135,0.432383096560584,-0.272541474288591,0,0,0,0,0,0,0,0
3.136,0.432351893790209,-0.272521806431297,0,0,0,0,0,0,0,0
3.137,0.432320660636167,-0.272502119422445,0,0,0,0,0,0,0,0
3.138,0.432289397252426,-0.272482413359086,0,0,0,0,0,0,0,0
3.139,0.43225810379296,-0.272462688338274,0,0,0,0,0,0,0,0
3.14,0.432226780411738,-0.272442944457059,0,0,0,0,0,0,0,0
3.141,0.432195427262733,-0.272423181812494,0,0,0,0,0,0,0,0
3.142,0.432164044499916,-0.27240340050163,0,0,0,0,0,0,0,0
3.143,0.432132632277258,-0.272383600621518,0,0,0,0,0,0,0,0
3.144,0.43210119074873,-0.272363782269212,0,0,0,0,0,0,0,0
3.145,0.432069720068303,-0.272343945541763,0,0,0,0,0,0,0,0
3.146,0.43203822038995,-0.272324090536222,0,0,0,0,0,0,0,0
3.147,0.432006691867641,-0.272304217349641,0,0,0,0,0,0,0,0
3.148,0.431975134655347,-0.272284326079072,0,0,0,0,0,0,0,0
3.149,0.43194354890704,-0.272264416821568,0,0,0,0,0,0,0,0
3.15,0.431911934776691,-0.272244489674179,0,0,0,0,0,0,0,0
3.151,0.431880292418271,-0.272224544733957,0,0,0,0,0,0,0,0
3.152,0.431848621985753,-0.272204582097955,0,0,0,0,0,0,0,0
3.153,0.431816923633106,-0.272184601863225,0,0,0,0,0,0,0,0
3.154,0.431785197514302,-0.272164604126817,0,0,0,0,0,0,0,0
3.155,0.431753443783313,-0.272144588985784,0,0,0,0,0,0,0,0
3.156,0.43172166259411,-0.272124556537177,0,0,0,0,0,0,0,0
3.157,0.431689854100663,-0.272104506878049,0,0,0,0,0,0,0,0
3.158,0.431658018456946,-0.272084440105452,0,0,0,0,0,0,0,0
3.159,0.431626155816928,-0.272064356316436,0,0,0,0,0,0,0,0
3.16,0.431594266334581,-0.272044255608055,0,0,0,0,0,0,0,0
3.161,0.431562350163876,-0.272024138077359,0,0,0,0,0,0,0,0
3.162,0.431530407458785,-0.2720040038214,0,0,0,0,0,0,0,0
3.163,0.431498438373279,-0.271983852937231,0,0,0,0,0,0,0,0
3.164,0.431466443061329,-0.271963685521903,0,0,0,0,0,0,0,0
3.165,0.431434421676907,-0.271943501672468,0,0,0,0,0,0,0,0
3.166,0.431402374373983,-0.271923301485977,0,0,0,0,0,0,0,0
3.167,0.431370301306529,-0.271903085059484,0,0,0,0,0,0,0,0
3.168,0.431338202628517,-0.271882852490038,0,0,0,0,0,0,0,0
3.169,0.431306078493918,-0.271862603874693,0,0,0,0,0,0,0,0
3.17,0.431273929056702,-0.2718423393105,0,0,0,0,0,0,0,0
3.171,0.431241754470842,-0.271822058894511,0,0,0,0,0,0,0,0
3.172,0.431209554890308,-0.271801762723777,0,0,0,0,0,0,0,0
3.173,0.431177330469072,-0.271781450895351,0,0,0,0,0,0,0,0
3.174,0.431145081361105,-0.271761123506284,0,0,0,0,0,0,0,0
3.175,0.431112807720379,-0.271740780653628,0,0,0,0,0,0,0,0
3.176,0.431080509700864,-0.271720422434435,0,0,0,0,0,0,0,0
3.177,0.431048187456533,-0.271700048945757,0,0,0,0,0,0,0,0
3.178,0.431015841141355,-0.271679660284645,0,0,0,0,0,0,0,0
3.179,0.430983470909304,-0.271659256548152,0,0,0,0,0,0,0,0
3.18,0.430951076914349,-0.271638837833328,0,0,0,0,0,0,0,0
3.181,0.430918659310462,-0.271618404237227,0,0,0,0,0,0,0,0
3.182,0.430886218251615,-0.2715979558569,0,0,0,0,0,0,0,0
3.183,0.430853753891779,-0.271577492789398,0,0,0,0,0,0,0,0
3.184,0.430821266384925,-0.271557015131773,0,0,0,0,0,0,0,0
3.185,0.430788755885024,-0.271536522981078,0,0,0,0,0,0,0,0
3.186,0.430756222546048,-0.271516016434364,0,0,0,0,0,0,0,0
3.187,0.430723666521968,-0.271495495588682,0,0,0,0,0,0,0,0
3.188,0.430691087966755,-0.271474960541085,0,0,0,0,0,0,0,0
3.189,0.430658487034381,-0.271454411388625,0,0,0,0,0,0,0,0
3.19,0.430625863878816,-0.271433848228353,0,0,0,0,0,0,0,0
3.191,0.430593218654033,-0.271413271157321,0,0,0,0,0,0,0,0
3.192,0.430560551514002,-0.271392680272581,0,0,0,0,0,0,0,0
3.193,0.430527862612695,-0.271372075671185,0,0,0,0,0,0,0,0
3.194,0.430495152104083,-0.271351457450184,0,0,0,0,0,0,0,0
3.195,0.430462420142137,-0.27133082570663,0,0,0,0,0,0,0,0
3.196,0.430429666880828,-0.271310180537576,0,0,0,0,0,0,0,0
3.197,0.430396892474129,-0.271289522040073,0,0,0,0,0,0,0,0
3.198,0.43036409707601,-0.271268850311172,0,0,0,0,0,0,0,0
3.199,0.430331280840442,-0.271248165447927,0,0,0,0,0,0,0,0
3.2,0.430298443921398,-0.271227467547387,0,0,0,0,0,0,0,0
3.201,0.430265586472847,-0.271206756706606,0,0,0,0,0,0,0,0
3.202,0.430232708648762,-0.271186033022635,0,0,0,0,0,0,0,0
3.203,0.430199810603113,-0.271165296592525,0,0,0,0,0,0,0,0
3.204,0.430166892489872,-0.271144547513329,0,0,0,0,0,0,0,0
3.205,0.430133954463011,-0.271123785882099,0,0,0,0,0,0,0,0
3.206,0.4301009966765,-0.271103011795886,0,0,0,0,0,0,0,0
3.207,0.430068019284311,-0.271082225351743,0,0,0,0,0,0,0,0
3.208,0.430035022440415,-0.27106142664672,0,0,0,0,0,0,0,0
3.209,0.430002006298784,-0.271040615777869,0,0,0,0,0,0,0,0
3.21,0.429968971013388,-0.271019792842244,0,0,0,0,0,0,0,0
3.211,0.429935916738199,-0.270998957936895,0,0,0,0,0,0,0,0
3.212,0.429902843627189,-0.270978111158873,0,0,0,0,0,0,0,0
3.213,0.429869751834328,-0.270957252605232,0,0,0,0,0,0,0,0
3.214,0.429836641513588,-0.270936382373023,0,0,0,0,0,0,0,0
3.215,0.429803512818941,-0.270915500559297,0,0,0,0,0,0,0,0
3.216,0.429770365904357,-0.270894607261107,0,0,0,0,0,0,0,0
3.217,0.429737200923807,-0.270873702575504,0,0,0,0,0,0,0,0
3.218,0.429704018031264,-0.27085278659954,0,0,0,0,0,0,0,0
3.219,0.429670817380698,-0.270831859430267,0,0,0,0,0,0,0,0
3.22,0.429637599126081,-0.270810921164737,0,0,0,0,0,0,0,0
3.221,0.429604363421384,-0.270789971900001,0,0,0,0,0,0,0,0
3.222,0.429571110420578,-0.270769011733111,0,0,0,0,0,0,0,0
3.223,0.429537840277635,-0.27074804076112,0,0,0,0,0,0,0,0
3.224,0.429504553146526,-0.270727059081078,0,0,0,0,0,0,0,0
3.225,0.429471249181221,-0.270706066790038,0,0,0,0,0,0,0,0
3.226,0.429437928535693,-0.270685063985052,0,0,0,0,0,0,0,0
3.227,0.429404591363913,-0.270664050763171,0,0,0,0,0,0,0,0
3.228,0.429371237819852,-0.270643027221448,0,0,0,0,0,0,0,0
3.229,0.429337868057481,-0.270621993456933,0,0,0,0,0,0,0,0
3.23,0.429304482230772,-0.270600949566679,0,0,0,0,0,0,0,0
3.231,0.429271080493696,-0.270579895647738,0,0,0,0,0,0,0,0
3.232,0.429237663000224,-0.270558831797161,0,0,0,0,0,0,0,0
3.233,0.429204229904327,-0.270537758112,0,0,0,0,0,0,0,0
3.234,0.429170781359978,-0.270516674689308,0,0,0,0,0,0,0,0
3.235,0.429137317521146,-0.270495581626135,0,0,0,0,0,0,0,0
3.236,0.429103838541804,-0.270474479019534,0,0,0,0,0,0,0,0
3.237,0.429070344575922,-0.270453366966557,0,0,0,0,0,0,0,0
3.238,0.429036835777473,-0.270432245564255,0,0,0,0,0,0,0,0
3.239,0.429003312300427,-0.27041111490968,0,0,0,0,0,0,0,0
3.24,0.428969774298755,-0.270389975099884,0,0,0,0,0,0,0,0
3.241,0.428936221926429,-0.270368826231919,0,0,0,0,0,0,0,0
3.242,0.42890265533742,-0.270347668402836,0,0,0,0,0,0,0,0
3.243,0.4288690746857,-0.270326501709688,0,0,0,0,0,0,0,0
3.244,0.42883548012524,-0.270305326249526,0,0,0,0,0,0,0,0
3.245,0.42880187181001,-0.270284142119401,0,0,0,0,0,0,0,0
3.246,0.428768249893983,-0.270262949416367,0,0,0,0,0,0,0,0
3.247,0.428734614531129,-0.270241748237475,0,0,0,0,0,0,0,0
3.248,0.428700965875421,-0.270220538679775,0,0,0,0,0,0,0,0
3.249,0.428667304080828,-0.270199320840321,0,0,0,0,0,0,0,0
3.25,0.428633629301324,-0.270178094816165,0,0,0,0,0,0,0,0
3.251,0.428599941690878,-0.270156860704357,0,0,0,0,0,0,0,0
3.252,0.428566241403462,-0.27013561860195,0,0,0,0,0,0,0,0
3.253,0.428532528593047,-0.270114368605995,0,0,0,0,0,0,0,0
3.254,0.428498803413605,-0.270093110813544,0,0,0,0,0,0,0,0
3.255,0.428465066019107,-0.27007184532165,0,0,0,0,0,0,0,0
3.256,0.428431316563525,-0.270050572227364,0,0,0,0,0,0,0,0
3.257,0.428397555200829,-0.270029291627737,0,0,0,0,0,0,0,0
3.258,0.42836378208499,-0.270008003619823,0,0,0,0,0,0,0,0
3.259,0.428329997369982,-0.269986708300671,0,0,0,0,0,0,0,0
3.26,0.428296201209773,-0.269965405767335,0,0,0,0,0,0,0,0
3.261,0.428262393758336,-0.269944096116865,0,0,0,0,0,0,0,0
3.262,0.428228575169642,-0.269922779446315,0,0,0,0,0,0,0,0
3.263,0.428194745597663,-0.269901455852735,0,0,0,0,0,0,0,0
3.264,0.428160905196369,-0.269880125433178,0,0,0,0,0,0,0,0
3.265,0.428127054119732,-0.269858788284695,0,0,0,0,0,0,0,0
3.266,0.428093192521724,-0.269837444504338,0,0,0,0,0,0,0,0
3.267,0.428059320556314,-0.269816094189159,0,0,0,0,0,0,0,0
3.268,0.428025438377476,-0.26979473743621,0,0,0,0,0,0,0,0
3.269,0.42799154613918,-0.269773374342542,0,0,0,0,0,0,0,0
3.27,0.427957643995397,-0.269752005005207,0,0,0,0,0,0,0,0
3.271,0.427923732100099,-0.269730629521258,0,0,0,0,0,0,0,0
3.272,0.427889810607257,-0.269709247987746,0,0,0,0,0,0,0,0
3.273,0.427855879670842,-0.269687860501722,0,0,0,0,0,0,0,0
3.274,0.427821939444826,-0.269666467160239,0,0,0,0,0,0,0,0
3.275,0.427787990083179,-0.269645068060349,0,0,0,0,0,0,0,0
3.276,0.427754031739874,-0.269623663299102,0,0,0,0,0,0,0,0
3.277,0.427720064568881,-0.269602252973552,0,0,0,0,0,0,0,0
3.278,0.427686088724172,-0.26958083718075,0,0,0,0,0,0,0,0
3.279,0.427652104359718,-0.269559416017747,0,0,0,0,0,0,0,0
3.28,0.42761811162949,-0.269537989581596,0,0,0,0,0,0,0,0
3.281,0.42758411068746,-0.269516557969348,0,0,0,0,0,0,0,0
3.282,0.427550101687599,-0.269495121278055,0,0,0,0,0,0,0,0
3.283,0.427516084783878,-0.269473679604769,0,0,0,0,0,0,0,0
3.284,0.427482060130269,-0.269452233046542,0,0,0,0,0,0,0,0
3.285,0.427448027880742,-0.269430781700425,0,0,0,0,0,0,0,0
3.286,0.42741398818927,-0.269409325663471,0,0,0,0,0,0,0,0
3.287,0.427379941209823,-0.26938786503273,0,0,0,0,0,0,0,0
3.288,0.427345887096373,-0.269366399905256,0,0,0,0,0,0,0,0
3.289,0.42731182600289,-0.2693449303781,0,0,0,0,0,0,0,0
3.29,0.427277758083347,-0.269323456548313,0,0,0,0,0,0,0,0
3.291,0.427243683491715,-0.269301978512948,0,0,0,0,0,0,0,0
3.292,0.427209602381964,-0.269280496369056,0,0,0,0,0,0,0,0
3.293,0.427175514908066,-0.269259010213689,0,0,0,0,0,0,0,0
3.294,0.427141421223994,-0.269237520143899,0,0,0,0,0,0,0,0
3.295,0.427107321483716,-0.269216026256737,0,0,0,0,0,0,0,0
3.296,0.427073215841206,-0.269194528649256,0,0,0,0,0,0,0,0
3.297,0.427039104450434,-0.269173027418507,0,0,0,0,0,0,0,0
3.298,0.427004987465372,-0.269151522661543,0,0,0,0,0,0,0,0
3.299,0.426970865039991,-0.269130014475414,0,0,0,0,0,0,0,0
3.3,0.426936737328262,-0.269108502957173,0,0,0,0,0,0,0,0
3.301,0.426902604484156,-0.269086988203872,0,0,0,0,0,0,0,0
3.302,0.426868466661645,-0.269065470312562,0,0,0,0,0,0,0,0
3.303,0.426834324014701,-0.269043949380295,0,0,0,0,0,0,0,0
3.304,0.426800176697294,-0.269022425504123,0,0,0,0,0,0,0,0
3.305,0.426766024863395,-0.269000898781098,0,0,0,0,0,0,0,0
3.306,0.426731868666977,-0.268979369308272,0,0,0,0,0,0,0,0
3.307,0.426697708262009,-0.268957837182696,0,0,0,0,0,0,0,0
3.308,0.426663543802465,-0.268936302501422,0,0,0,0,0,0,0,0
3.309,0.426629375442314,-0.268914765361502,0,0,0,0,0,0,0,0
3.31,0.426595203335529,-0.268893225859989,0,0,0,0,0,0,0,0
3.311,0.426561027636079,-0.268871684093933,0,0,0,0,0,0,0,0
3.312,0.426526848497938,-0.268850140160386,0,0,0,0,0,0,0,0
3.313,0.426492666075076,-0.268828594156401,0,0,0,0,0,0,0,0
3.314,0.426458480521464,-0.268807046179029,0,0,0,0,0,0,0,0
3.315,0.426424291991074,-0.268785496325322,0,0,0,0,0,0,0,0
3.316,0.426390100637876,-0.268763944692331,0,0,0,0,0,0,0,0
3.317,0.426355906615843,-0.268742391377109,0,0,0,0,0,0,0,0
3.318,0.426321710078945,-0.268720836476708,0,0,0,0,0,0,0,0
3.319,0.426287511181155,-0.268699280088179,0,0,0,0,0,0,0,0
3.32,0.426253310076442,-0.268677722308573,0,0,0,0,0,0,0,0
3.321,0.426219106918779,-0.268656163234944,0,0,0,0,0,0,0,0
3.322,0.426184901862136,-0.268634602964342,0,0,0,0,0,0,0,0
3.323,0.426150695060485,-0.26861304159382,0,0,0,0,0,0,0,0
3.324,0.426116486667798,-0.268591479220429,0,0,0,0,0,0,0,0
3.325,0.426082276838046,-0.268569915941221,0,0,0,0,0,0,0,0
3.326,0.426048065725199,-0.268548351853247,0,0,0,0,0,0,0,0
3.327,0.426013853483229,-0.268526787053561,0,0,0,0,0,0,0,0
3.328,0.425979640266108,-0.268505221639213,0,0,0,0,0,0,0,0
3.329,0.425945426227807,-0.268483655707256,0,0,0,0,0,0,0,0
3.33,0.425911211522296,-0.26846208935474,0,0,0,0,0,0,0,0
3.331,0.425876996303548,-0.268440522678719,0,0,0,0,0,0,0,0
3.332,0.425842780725534,-0.268418955776243,0,0,0,0,0,0,0,0
3.333,0.425808564942224,-0.268397388744365,0,0,0,0,0,0,0,0
3.334,0.425774349107591,-0.268375821680136,0,0,0,0,0,0,0,0
3.335,0.425740133375606,-0.268354254680609,0,0,0,0,0,0,0,0
3.336,0.425705917900239,-0.268332687842834,0,0,0,0,0,0,0,0
3.337,0.425671702835462,-0.268311121263864,0,0,0,0,0,0,0,0
3.338,0.425637488335247,-0.268289555040751,0,0,0,0,0,0,0,0
3.339,0.425603274553564,-0.268267989270547,0,0,0,0,0,0,0,0
3.34,0.425569061644386,-0.268246424050303,0,0,0,0,0,0,0,0
3.341,0.425534849761682,-0.26822485947707,0,0,0,0,0,0,0,0
3.342,0.425500639059426,-0.268203295647902,0,0,0,0,0,0,0,0
3.343,0.425466429691587,-0.268181732659849,0,0,0,0,0,0,0,0
3.344,0.425432221812137,-0.268160170609964,0,0,0,0,0,0,0,0
3.345,0.425398015575048,-0.268138609595299,0,0,0,0,0,0,0,0
3.346,0.425363811134291,-0.268117049712904,0,0,0,0,0,0,0,0
3.347,0.425329608643836,-0.268095491059833,0,0,0,0,0,0,0,0
3.348,0.425295408257656,-0.268073933733136,0,0,0,0,0,0,0,0
3.349,0.425261210129722,-0.268052377829866,0,0,0,0,0,0,0,0
3.35,0.425227014414005,-0.268030823447074,0,0,0,0,0,0,0,0
3.351,0.425192821264475,-0.268009270681812,0,0,0,0,0,0,0,0
3.352,0.425158630835106,-0.267987719631133,0,0,0,0,0,0,0,0
3.353,0.425124443279867,-0.267966170392087,0,0,0,0,0,0,0,0
3.354,0.42509025875273,-0.267944623061727,0,0,0,0,0,0,0,0
3.355,0.425056077407667,-0.267923077737104,0,0,0,0,0,0,0,0
3.356,0.425021899398649,-0.267901534515271,0,0,0,0,0,0,0,0
3.357,0.424987724879646,-0.267879993493279,0,0,0,0,0,0,0,0
3.358,0.424953554004631,-0.26785845476818,0,0,0,0,0,0,0,0
3.359,0.424919386927574,-0.267836918437025,0,0,0,0,0,0,0,0
3.36,0.424885223802448,-0.267815384596867,0,0,0,0,0,0,0,0
3.361,0.424851064783222,-0.267793853344758,0,0,0,0,0,0,0,0
3.362,0.424816910023869,-0.267772324777748,0,0,0,0,0,0,0,0
3.363,0.42478275967836,-0.267750798992891,0,0,0,0,0,0,0,0
3.364,0.424748613900665,-0.267729276087237,0,0,0,0,0,0,0,0
3.365,0.424714472844757,-0.267707756157839,0,0,0,0,0,0,0,0
3.366,0.424680336664607,-0.267686239301748,0,0,0,0,0,0,0,0
3.367,0.424646205514186,-0.267664725616017,0,0,0,0,0,0,0,0
3.368,0.424612079547465,-0.267643215197696,0,0,0,0,0,0,0,0
3.369,0.424577958918415,-0.267621708143839,0,0,0,0,0,0,0,0
3.37,0.424543843781009,-0.267600204551496,0,0,0,0,0,0,0,0
3.371,0.424509734289216,-0.26757870451772,0,0,0,0,0,0,0,0
3.372,0.424475630597009,-0.267557208139562,0,0,0,0,0,0,0,0
3.373,0.424441532858359,-0.267535715514074,0,0,0,0,0,0,0,0
3.374,0.424407441227236,-0.267514226738308,0,0,0,0,0,0,0,0
3.375,0.424373355857613,-0.267492741909315,0,0,0,0,0,0,0,0
3.376,0.424339276903461,-0.267471261124149,0,0,0,0,0,0,0,0
3.377,0.42430520451875,-0.267449784479859,0,0,0,0,0,0,0,0
3.378,0.424271138857453,-0.267428312073499,0,0,0,0,0,0,0,0
3.379,0.42423708007354,-0.26740684400212,0,0,0,0,0,0,0,0
3.38,0.424203028320982,-0.267385380362774,0,0,0,0,0,0,0,0
3.381,0.424168983753752,-0.267363921252512,0,0,0,0,0,0,0,0
3.382,0.424134946525821,-0.267342466768387,0,0,0,0,0,0,0,0
3.383,0.424100916791159,-0.26732101700745,0,0,0,0,0,0,0,0
3.384,0.424066894703737,-0.267299572066753,0,0,0,0,0,0,0,0
3.385,0.424032880417529,-0.267278132043347,0,0,0,0,0,0,0,0
3.386,0.423998874086503,-0.267256697034286,0,0,0,0,0,0,0,0
3.387,0.423964875864633,-0.26723526713662,0,0,0,0,0,0,0,0
3.388,0.423930885905888,-0.267213842447401,0,0,0,0,0,0,0,0
3.389,0.423896904364241,-0.267192423063682,0,0,0,0,0,0,0,0
3.39,0.423862931393663,-0.267171009082513,0,0,0,0,0,0,0,0
3.391,0.423828967148125,-0.267149600600948,0,0,0,0,0,0,0,0
3.392,0.423795011781598,-0.267128197716036,0,0,0,0,0,0,0,0
3.393,0.423761065448054,-0.267106800524831,0,0,0,0,0,0,0,0
3.394,0.423727128301463,-0.267085409124385,0,0,0,0,0,0,0,0
3.395,0.423693200495798,-0.267064023611748,0,0,0,0,0,0,0,0
3.396,0.423659282185029,-0.267042644083973,0,0,0,0,0,0,0,0
3.397,0.423625373523128,-0.267021270638112,0,0,0,0,0,0,0,0
3.398,0.423591474664066,-0.266999903371216,0,0,0,0,0,0,0,0
3.399,0.423557585761815,-0.266978542380338,0,0,0,0,0,0,0,0
3.4,0.423523706970345,-0.266957187762528,0,0,0,0,0,0,0,0
3.401,0.423489838443628,-0.26693583961484,0,0,0,0,0,0,0,0
3.402,0.423455980335636,-0.266914498034324,0,0,0,0,0,0,0,0
3.403,0.423422132800338,-0.266893163118033,0,0,0,0,0,0,0,0
3.404,0.423388295991708,-0.266871834963018,0,0,0,0,0,0,0,0
3.405,0.423354470063716,-0.266850513666331,0,0,0,0,0,0,0,0
3.406,0.423320655170333,-0.266829199325024,0,0,0,0,0,0,0,0
3.407,0.423286851465531,-0.266807892036149,0,0,0,0,0,0,0,0
3.408,0.423253059103281,-0.266786591896757,0,0,0,0,0,0,0,0
3.409,0.423219278237555,-0.266765299003901,0,0,0,0,0,0,0,0
3.41,0.423185509022323,-0.266744013454632,0,0,0,0,0,0,0,0
3.411,0.423151751611556,-0.266722735346002,0,0,0,0,0,0,0,0
3.412,0.423118006159228,-0.266701464775063,0,0,0,0,0,0,0,0
3.413,0.423084272819307,-0.266680201838866,0,0,0,0,0,0,0,0
3.414,0.423050551745766,-0.266658946634464,0,0,0,0,0,0,0,0
3.415,0.423016843092577,-0.266637699258909,0,0,0,0,0,0,0,0
3.416,0.42298314701371,-0.266616459809251,0,0,0,0,0,0,0,0
3.417,0.422949463663136,-0.266595228382543,0,0,0,0,0,0,0,0
3.418,0.422915793194827,-0.266574005075837,0,0,0,0,0,0,0,0
3.419,0.422882135762755,-0.266552789986185,0,0,0,0,0,0,0,0
3.42,0.42284849152089,-0.266531583210637,0,0,0,0,0,0,0,0
3.421,0.422814860623204,-0.266510384846247,0,0,0,0,0,0,0,0
3.422,0.422781243223668,-0.266489194990066,0,0,0,0,0,0,0,0
3.423,0.422747639476254,-0.266468013739146,0,0,0,0,0,0,0,0
3.424,0.422714049534932,-0.266446841190538,0,0,0,0,0,0,0,0
3.425,0.422680473553675,-0.266425677441295,0,0,0,0,0,0,0,0
3.426,0.422646911686452,-0.266404522588468,0,0,0,0,0,0,0,0
3.427,0.422613364087237,-0.266383376729109,0,0,0,0,0,0,0,0
3.428,0.422579830909999,-0.26636223996027,0,0,0,0,0,0,0,0
3.429,0.42254631230871,-0.266341112379002,0,0,0,0,0,0,0,0
3.43,0.422512808437342,-0.266319994082358,0,0,0,0,0,0,0,0
3.431,0.422479319449866,-0.266298885167389,0,0,0,0,0,0,0,0
3.432,0.422445845500252,-0.266277785731148,0,0,0,0,0,0,0,0
3.433,0.422412386742474,-0.266256695870685,0,0,0,0,0,0,0,0
3.434,0.4223789433305,-0.266235615683053,0,0,0,0,0,0,0,0
3.435,0.422345515418304,-0.266214545265303,0,0,0,0,0,0,0,0
3.436,0.422312103159856,-0.266193484714488,0,0,0,0,0,0,0,0
3.437,0.422278706709128,-0.266172434127659,0,0,0,0,0,0,0,0
3.438,0.42224532622009,-0.266151393601868,0,0,0,0,0,0,0,0
3.439,0.422211961846715,-0.266130363234167,0,0,0,0,0,0,0,0
3.44,0.422178613742972,-0.266109343121607,0,0,0,0,0,0,0,0
3.441,0.422145282062835,-0.266088333361241,0,0,0,0,0,0,0,0
3.442,0.422111966960274,-0.26606733405012,0,0,0,0,0,0,0,0
3.443,0.42207866858926,-0.266046345285296,0,0,0,0,0,0,0,0
3.444,0.422045387103765,-0.266025367163821,0,0,0,0,0,0,0,0
3.445,0.422012122657759,-0.266004399782747,0,0,0,0,0,0,0,0
3.446,0.421978875405215,-0.265983443239125,0,0,0,0,0,0,0,0
3.447,0.421945645500103,-0.265962497630007,0,0,0,0,0,0,0,0
3.448,0.421912433096395,-0.265941563052446,0,0,0,0,0,0,0,0
3.449,0.421879238348062,-0.265920639603492,0,0,0,0,0,0,0,0
3.45,0.421846061409076,-0.265899727380198,0,0,0,0,0,0,0,0
3.451,0.421812902433407,-0.265878826479616,0,0,0,0,0,0,0,0
3.452,0.421779761575027,-0.265857936998797,0,0,0,0,0,0,0,0
3.453,0.421746638987908,-0.265837059034793,0,0,0,0,0,0,0,0
3.454,0.42171353482602,-0.265816192684657,0,0,0,0,0,0,0,0
3.455,0.421680449243334,-0.265795338045439,0,0,0,0,0,0,0,0
3.456,0.421647382393823,-0.265774495214191,0,0,0,0,0,0,0,0
3.457,0.421614334431458,-0.265753664287966,0,0,0,0,0,0,0,0
3.458,0.421581305510209,-0.265732845363816,0,0,0,0,0,0,0,0
3.459,0.421548295784048,-0.265712038538791,0,0,0,0,0,0,0,0
3.46,0.421515305406947,-0.265691243909944,0,0,0,0,0,0,0,0
3.461,0.421482334532876,-0.265670461574327,0,0,0,0,0,0,0,0
3.462,0.421449383315807,-0.265649691628992,0,0,0,0,0,0,0,0
3.463,0.421416451909711,-0.265628934170989,0,0,0,0,0,0,0,0
3.464,0.42138354046856,-0.265608189297372,0,0,0,0,0,0,0,0
3.465,0.421350649146324,-0.265587457105192,0,0,0,0,0,0,0,0
3.466,0.421317778096976,-0.265566737691501,0,0,0,0,0,0,0,0
3.467,0.421284927474486,-0.26554603115335,0,0,0,0,0,0,0,0
3.468,0.421252097432826,-0.265525337587791,0,0,0,0,0,0,0,0
3.469,0.421219288125966,-0.265504657091877,0,0,0,0,0,0,0,0
3.47,0.421186499707879,-0.265483989762659,0,0,0,0,0,0,0,0
3.471,0.421153732332536,-0.265463335697188,0,0,0,0,0,0,0,0
3.472,0.421120986153907,-0.265442694992517,0,0,0,0,0,0,0,0
3.473,0.421088261325964,-0.265422067745698,0,0,0,0,0,0,0,0
3.474,0.421055558002679,-0.265401454053782,0,0,0,0,0,0,0,0
3.475,0.421022876338023,-0.265380854013821,0,0,0,0,0,0,0,0
3.476,0.420990216485967,-0.265360267722867,0,0,0,0,0,0,0,0
3.477,0.420957578600482,-0.265339695277971,0,0,0,0,0,0,0,0
3.478,0.420924962835539,-0.265319136776186,0,0,0,0,0,0,0,0
3.479,0.420892369345111,-0.265298592314563,0,0,0,0,0,0,0,0
3.48,0.420859798283168,-0.265278061990155,0,0,0,0,0,0,0,0
3.481,0.420827249803681,-0.265257545900012,0,0,0,0,0,0,0,0
3.482,0.420794724060622,-0.265237044141187,0,0,0,0,0,0,0,0
3.483,0.420762221207962,-0.265216556810732,0,0,0,0,0,0,0,0
3.484,0.420729741399673,-0.265196084005698,0,0,0,0,0,0,0,0
3.485,0.420697284789725,-0.265175625823138,0,0,0,0,0,0,0,0
3.486,0.42066485153209,-0.265155182360102,0,0,0,0,0,0,0,0
3.487,0.420632441780739,-0.265134753713643,0,0,0,0,0,0,0,0
3.488,0.420600055689644,-0.265114339980813,0,0,0,0,0,0,0,0
3.489,0.420567693412776,-0.265093941258663,0,0,0,0,0,0,0,0
3.49,0.420535355104106,-0.265073557644246,0,0,0,0,0,0,0,0
3.491,0.420503040917606,-0.265053189234612,0,0,0,0,0,0,0,0
3.492,0.420470751007246,-0.265032836126815,0,0,0,0,0,0,0,0
3.493,0.420438485526998,-0.265012498417905,0,0,0,0,0,0,0,0
3.494,0.420406244630834,-0.264992176204935,0,0,0,0,0,0,0,0
3.495,0.420374028472724,-0.264971869584956,0,0,0,0,0,0,0,0
3.496,0.42034183720664,-0.26495157865502,0,0,0,0,0,0,0,0
3.497,0.420309670986554,-0.26493130351218,0,0,0,0,0,0,0,0
3.498,0.420277529966435,-0.264911044253486,0,0,0,0,0,0,0,0
3.499,0.420245414300257,-0.26489080097599,0,0,0,0,0,0,0,0
3.5,0.42021332414199,-0.264870573776745,0,0,0,0,0,0,0,0
3.501,0.420181259645605,-0.264850362752802,0,0,0,0,0,0,0,0
3.502,0.420149220965074,-0.264830168001214,0,0,0,0,0,0,0,0
3.503,0.420117208254368,-0.264809989619031,0,0,0,0,0,0,0,0
3.504,0.420085221667458,-0.264789827703305,0,0,0,0,0,0,0,0
3.505,0.420053261358315,-0.26476968235109,0,0,0,0,0,0,0,0
3.506,0.420021327480912,-0.264749553659435,0,0,0,0,0,0,0,0
3.507,0.419989420189219,-0.264729441725394,0,0,0,0,0,0,0,0
3.508,0.419957539637207,-0.264709346646017,0,0,0,0,0,0,0,0
3.509,0.419925685978847,-0.264689268518357,0,0,0,0,0,0,0,0
3.51,0.419893859368112,-0.264669207439466,0,0,0,0,0,0,0,0
3.511,0.419862059958973,-0.264649163506395,0,0,0,0,0,0,0,0
3.512,0.4198302879054,-0.264629136816196,0,0,0,0,0,0,0,0
3.513,0.419798543361364,-0.264609127465921,0,0,0,0,0,0,0,0
3.514,0.419766826480838,-0.264589135552622,0,0,0,0,0,0,0,0
3.515,0.419735137417793,-0.264569161173351,0,0,0,0,0,0,0,0
3.516,0.419703476326199,-0.264549204425159,0,0,0,0,0,0,0,0
3.517,0.419671843360028,-0.264529265405098,0,0,0,0,0,0,0,0
3.518,0.419640238673252,-0.264509344210221,0,0,0,0,0,0,0,0
3.519,0.419608662419842,-0.264489440937578,0,0,0,0,0,0,0,0
3.52,0.419577114753768,-0.264469555684222,0,0,0,0,0,0,0,0
3.521,0.419545595829003,-0.264449688547204,0,0,0,0,0,0,0,0
3.522,0.419514105799517,-0.264429839623576,0,0,0,0,0,0,0,0
3.523,0.419482644819283,-0.264410009010391,0,0,0,0,0,0,0,0
3.524,0.41945121304227,-0.2643901968047,0,0,0,0,0,0,0,0
3.525,0.419419810622451,-0.264370403103554,0,0,0,0,0,0,0,0
3.526,0.419388437713796,-0.264350628004006,0,0,0,0,0,0,0,0
3.527,0.419357094470278,-0.264330871603107,0,0,0,0,0,0,0,0
3.528,0.419325781045867,-0.26431113399791,0,0,0,0,0,0,0,0
3.529,0.419294497594534,-0.264291415285465,0,0,0,0,0,0,0,0
3.53,0.419263244270252,-0.264271715562825,0,0,0,0,0,0,0,0
3.531,0.419232021226991,-0.264252034927042,0,0,0,0,0,0,0,0
3.532,0.419200828618722,-0.264232373475167,0,0,0,0,0,0,0,0
3.533,0.419169666599417,-0.264212731304253,0,0,0,0,0,0,0,0
3.534,0.419138535323047,-0.264193108511351,0,0,0,0,0,0,0,0
3.535,0.419107434943584,-0.264173505193512,0,0,0,0,0,0,0,0
3.536,0.419076365614998,-0.264153921447789,0,0,0,0,0,0,0,0
3.537,0.419045327491261,-0.264134357371234,0,0,0,0,0,0,0,0
3.538,0.419014320726345,-0.264114813060898,0,0,0,0,0,0,0,0
3.539,0.41898334547422,-0.264095288613833,0,0,0,0,0,0,0,0
3.54,0.418952401888858,-0.264075784127091,0,0,0,0,0,0,0,0
3.541,0.41892149012423,-0.264056299697723,0,0,0,0,0,0,0,0
3.542,0.418890610334307,-0.264036835422783,0,0,0,0,0,0,0,0
3.543,0.418859762673062,-0.26401739139932,0,0,0,0,0,0,0,0
3.544,0.418828947294464,-0.263997967724388,0,0,0,0,0,0,0,0
3.545,0.418798164352486,-0.263978564495038,0,0,0,0,0,0,0,0
3.546,0.418767414001098,-0.263959181808321,0,0,0,0,0,0,0,0
3.547,0.418736696394272,-0.263939819761291,0,0,0,0,0,0,0,0
3.548,0.41870601168598,-0.263920478450997,0,0,0,0,0,0,0,0
3.549,0.418675360030192,-0.263901157974493,0,0,0,0,0,0,0,0
3.55,0.41864474158088,-0.26388185842883,0,0,0,0,0,0,0,0
3.551,0.418614156492015,-0.26386257991106,0,0,0,0,0,0,0,0
3.552,0.418583604917568,-0.263843322518235,0,0,0,0,0,0,0,0
3.553,0.418553087011511,-0.263824086347406,0,0,0,0,0,0,0,0
3.554,0.418522602927815,-0.263804871495625,0,0,0,0,0,0,0,0
3.555,0.418492152820451,-0.263785678059945,0,0,0,0,0,0,0,0
3.556,0.418461736843391,-0.263766506137417,0,0,0,0,0,0,0,0
3.557,0.418431355150606,-0.263747355825092,0,0,0,0,0,0,0,0
3.558,0.418401007896067,-0.263728227220023,0,0,0,0,0,0,0,0
3.559,0.418370695233745,-0.263709120419261,0,0,0,0,0,0,0,0
3.56,0.418340417317613,-0.263690035519858,0,0,0,0,0,0,0,0
3.561,0.41831017430164,-0.263670972618867,0,0,0,0,0,0,0,0
3.562,0.418279966339798,-0.263651931813338,0,0,0,0,0,0,0,0
3.563,0.418249793586059,-0.263632913200324,0,0,0,0,0,0,0,0
3.564,0.418219656194395,-0.263613916876876,0,0,0,0,0,0,0,0
3.565,0.418189554318775,-0.263594942940047,0,0,0,0,0,0,0,0
3.566,0.418159488113172,-0.263575991486888,0,0,0,0,0,0,0,0
3.567,0.418129457731557,-0.26355706261445,0,0,0,0,0,0,0,0
3.568,0.4180994633279,-0.263538156419787,0,0,0,0,0,0,0,0
3.569,0.418069505056175,-0.263519272999948,0,0,0,0,0,0,0,0
3.57,0.41803958307035,-0.263500412451987,0,0,0,0,0,0,0,0
3.571,0.418009697524399,-0.263481574872956,0,0,0,0,0,0,0,0
3.572,0.417979848572293,-0.263462760359905,0,0,0,0,0,0,0,0
3.573,0.417950036368001,-0.263443969009887,0,0,0,0,0,0,0,0
3.574,0.417920261065497,-0.263425200919954,0,0,0,0,0,0,0,0
3.575,0.417890522818751,-0.263406456187157,0,0,0,0,0,0,0,0
3.576,0.417860821781734,-0.263387734908548,0,0,0,0,0,0,0,0
3.577,0.417831158108418,-0.263369037181179,0,0,0,0,0,0,0,0
3.578,0.417801531952774,-0.263350363102102,0,0,0,0,0,0,0,0
3.579,0.417771943468774,-0.263331712768369,0,0,0,0,0,0,0,0
3.58,0.417742392810388,-0.263313086277031,0,0,0,0,0,0,0,0
3.581,0.417712880131588,-0.263294483725141,0,0,0,0,0,0,0,0
3.582,0.417683405586345,-0.263275905209749,0,0,0,0,0,0,0,0
3.583,0.417653969328631,-0.263257350827909,0,0,0,0,0,0,0,0
3.584,0.417624571512416,-0.263238820676671,0,0,0,0,0,0,0,0
3.585,0.417595212291673,-0.263220314853088,0,0,0,0,0,0,0,0
3.586,0.417565891820372,-0.263201833454211,0,0,0,0,0,0,0,0
3.587,0.417536610252485,-0.263183376577092,0,0,0,0,0,0,0,0
3.588,0.417507367741983,-0.263164944318783,0,0,0,0,0,0,0,0
3.589,0.417478164442837,-0.263146536776336,0,0,0,0,0,0,0,0
3.59,0.417449000509019,-0.263128154046803,0,0,0,0,0,0,0,0
3.591,0.417419876094499,-0.263109796227235,0,0,0,0,0,0,0,0
3.592,0.41739079135325,-0.263091463414684,0,0,0,0,0,0,0,0
3.593,0.417361746439243,-0.263073155706202,0,0,0,0,0,0,0,0
3.594,0.417332741506448,-0.263054873198842,0,0,0,0,0,0,0,0
3.595,0.417303776708837,-0.263036615989653,0,0,0,0,0,0,0,0
3.596,0.417274852200381,-0.26301838417569,0,0,0,0,0,0,0,0
3.597,0.417245968135052,-0.263000177854002,0,0,0,0,0,0,0,0
3.598,0.417217124666821,-0.262981997121643,0,0,0,0,0,0,0,0
3.599,0.417188321949659,-0.262963842075663,0,0,0,0,0,0,0,0
3.6,0.417159560137538,-0.262945712813116,0,0,0,0,0,0,0,0
3.601,0.417130839384429,-0.262927609431052,0,0,0,0,0,0,0,0
3.602,0.417102159844302,-0.262909532026523,0,0,0,0,0,0,0,0
3.603,0.417073521671131,-0.262891480696581,0,0,0,0,0,0,0,0
3.604,0.417044925018884,-0.262873455538279,0,0,0,0,0,0,0,0
3.605,0.417016370041535,-0.262855456648667,0,0,0,0,0,0,0,0
3.606,0.416987856893054,-0.262837484124797,0,0,0,0,0,0,0,0
3.607,0.416959385727413,-0.262819538063723,0,0,0,0,0,0,0,0
3.608,0.416930956698583,-0.262801618562494,0,0,0,0,0,0,0,0
3.609,0.416902569960535,-0.262783725718164,0,0,0,0,0,0,0,0
3.61,0.41687422566724,-0.262765859627783,0,0,0,0,0,0,0,0
3.611,0.41684592397267,-0.262748020388404,0,0,0,0,0,0,0,0
3.612,0.416817665030796,-0.262730208097078,0,0,0,0,0,0,0,0
3.613,0.416789448995589,-0.262712422850858,0,0,0,0,0,0,0,0
3.614,0.416761276021022,-0.262694664746795,0,0,0,0,0,0,0,0
3.615,0.416733146261064,-0.262676933881941,0,0,0,0,0,0,0,0
3.616,0.416705059869687,-0.262659230353348,0,0,0,0,0,0,0,0
3.617,0.416677017000863,-0.262641554258067,0,0,0,0,0,0,0,0
3.618,0.416649017808562,-0.26262390569315,0,0,0,0,0,0,0,0
3.619,0.416621062446757,-0.26260628475565,0,0,0,0,0,0,0,0
3.62,0.416593151069418,-0.262588691542618,0,0,0,0,0,0,0,0
3.621,0.416565283830517,-0.262571126151105,0,0,0,0,0,0,0,0
3.622,0.416537460884025,-0.262553588678165,0,0,0,0,0,0,0,0
3.623,0.416509682383913,-0.262536079220847,0,0,0,0,0,0,0,0
3.624,0.416481948484153,-0.262518597876205,0,0,0,0,0,0,0,0
3.625,0.416454259338716,-0.26250114474129,0,0,0,0,0,0,0,0
3.626,0.416426615101573,-0.262483719913154,0,0,0,0,0,0,0,0
3.627,0.416399015926695,-0.262466323488848,0,0,0,0,0,0,0,0
3.628,0.416371461968054,-0.262448955565425,0,0,0,0,0,0,0,0
3.629,0.416343953379621,-0.262431616239937,0,0,0,0,0,0,0,0
3.63,0.416316490315368,-0.262414305609434,0,0,0,0,0,0,0,0
3.631,0.416289072929265,-0.262397023770969,0,0,0,0,0,0,0,0
3.632,0.416261701375284,-0.262379770821594,0,0,0,0,0,0,0,0
3.633,0.416234375807397,-0.262362546858361,0,0,0,0,0,0,0,0
3.634,0.416207096379574,-0.262345351978321,0,0,0,0,0,0,0,0
3.635,0.416179863245786,-0.262328186278527,0,0,0,0,0,0,0,0
3.636,0.416152676560006,-0.262311049856029,0,0,0,0,0,0,0,0
3.637,0.416125536476205,-0.26229394280788,0,0,0,0,0,0,0,0
3.638,0.416098443148353,-0.262276865231132,0,0,0,0,0,0,0,0
3.639,0.416071396730422,-0.262259817222836,0,0,0,0,0,0,0,0
3.64,0.416044397376383,-0.262242798880044,0,0,0,0,0,0,0,0
3.641,0.416017445240208,-0.262225810299809,0,0,0,0,0,0,0,0
3.642,0.415990540475868,-0.262208851579181,0,0,0,0,0,0,0,0
3.643,0.415963683237334,-0.262191922815213,0,0,0,0,0,0,0,0
3.644,0.415936873678577,-0.262175024104957,0,0,0,0,0,0,0,0
3.645,0.41591011195357,-0.262158155545464,0,0,0,0,0,0,0,0
3.646,0.415883398216282,-0.262141317233786,0,0,0,0,0,0,0,0
3.647,0.415856732620686,-0.262124509266975,0,0,0,0,0,0,0,0
3.648,0.415830115320752,-0.262107731742083,0,0,0,0,0,0,0,0
3.649,0.415803546470452,-0.262090984756162,0,0,0,0,0,0,0,0
3.65,0.415777026223758,-0.262074268406262,0,0,0,0,0,0,0,0
3.651,0.41575055473464,-0.262057582789437,0,0,0,0,0,0,0,0
3.652,0.41572413215707,-0.262040928002738,0,0,0,0,0,0,0,0
3.653,0.415697758645019,-0.262024304143217,0,0,0,0,0,0,0,0
3.654,0.415671434352459,-0.262007711307926,0,0,0,0,0,0,0,0
3.655,0.41564515943336,-0.261991149593916,0,0,0,0,0,0,0,0
3.656,0.415618934041694,-0.261974619098239,0,0,0,0,0,0,0,0
3.657,0.415592758331433,-0.261958119917948,0,0,0,0,0,0,0,0
3.658,0.415566632456547,-0.261941652150093,0,0,0,0,0,0,0,0
3.659,0.415540556571008,-0.261925215891727,0,0,0,0,0,0,0,0
3.66,0.415514530828787,-0.261908811239901,0,0,0,0,0,0,0,0
3.661,0.415488555383856,-0.261892438291668,0,0,0,0,0,0,0,0
3.662,0.415462630390185,-0.261876097144079,0,0,0,0,0,0,0,0
3.663,0.415436756001747,-0.261859787894186,0,0,0,0,0,0,0,0
3.664,0.415410932372512,-0.261843510639041,0,0,0,0,0,0,0,0
3.665,0.415385159656451,-0.261827265475695,0,0,0,0,0,0,0,0
3.666,0.415359438007537,-0.261811052501201,0,0,0,0,0,0,0,0
3.667,0.41533376757974,-0.26179487181261,0,0,0,0,0,0,0,0
3.668,0.415308148527031,-0.261778723506974,0,0,0,0,0,0,0,0
3.669,0.415282581003382,-0.261762607681345,0,0,0,0,0,0,0,0
3.67,0.415257065162765,-0.261746524432775,0,0,0,0,0,0,0,0
3.671,0.415231601159149,-0.261730473858314,0,0,0,0,0,0,0,0
3.672,0.415206189146508,-0.261714456055017,0,0,0,0,0,0,0,0
3.673,0.415180829278811,-0.261698471119933,0,0,0,0,0,0,0,0
3.674,0.415155521710031,-0.261682519150116,0,0,0,0,0,0,0,0
3.675,0.415130266594139,-0.261666600242616,0,0,0,0,0,0,0,0
3.676,0.415105064085105,-0.261650714494485,0,0,0,0,0,0,0,0
3.677,0.415079914336902,-0.261634862002776,0,0,0,0,0,0,0,0
3.678,0.4150548175035,-0.26161904286454,0,0,0,0,0,0,0,0
3.679,0.41502977373887,-0.261603257176829,0,0,0,0,0,0,0,0
3.68,0.415004783196985,-0.261587505036695,0,0,0,0,0,0,0,0
3.681,0.414979846031815,-0.26157178654119,0,0,0,0,0,0,0,0
3.682,0.414954962397332,-0.261556101787365,0,0,0,0,0,0,0,0
3.683,0.414930132447507,-0.261540450872272,0,0,0,0,0,0,0,0
3.684,0.414905356336311,-0.261524833892963,0,0,0,0,0,0,0,0
3.685,0.414880634217716,-0.26150925094649,0,0,0,0,0,0,0,0
3.686,0.414855966245692,-0.261493702129905,0,0,0,0,0,0,0,0
3.687,0.414831352574212,-0.261478187540259,0,0,0,0,0,0,0,0
3.688,0.414806793357246,-0.261462707274604,0,0,0,0,0,0,0,0
3.689,0.414782288748766,-0.261447261429993,0,0,0,0,0,0,0,0
3.69,0.414757838902743,-0.261431850103477,0,0,0,0,0,0,0,0
3.691,0.414733443973148,-0.261416473392107,0,0,0,0,0,0,0,0
3.692,0.414709104113953,-0.261401131392936,0,0,0,0,0,0,0,0
3.693,0.414684819479128,-0.261385824203015,0,0,0,0,0,0,0,0
3.694,0.414660590222646,-0.261370551919396,0,0,0,0,0,0,0,0
3.695,0.414636416498478,-0.261355314639132,0,0,0,0,0,0,0,0
3.696,0.414612298460594,-0.261340112459273,0,0,0,0,0,0,0,0
3.697,0.414588236262966,-0.261324945476872,0,0,0,0,0,0,0,0
3.698,0.414564230059566,-0.26130981378898,0,0,0,0,0,0,0,0
3.699,0.414540280004364,-0.26129471749265,0,0,0,0,0,0,0,0
3.7,0.414516386251332,-0.261279656684932,0,0,0,0,0,0,0,0
3.701,0.414492548954442,-0.26126463146288,0,0,0,0,0,0,0,0
3.702,0.414468768267664,-0.261249641923544,0,0,0,0,0,0,0,0
3.703,0.414445044344969,-0.261234688163976,0,0,0,0,0,0,0,0
3.704,0.41442137734033,-0.261219770281229,0,0,0,0,0,0,0,0
3.705,0.414397767407718,-0.261204888372354,0,0,0,0,0,0,0,0
3.706,0.414374214701103,-0.261190042534403,0,0,0,0,0,0,0,0
3.707,0.414350719374457,-0.261175232864428,0,0,0,0,0,0,0,0
3.708,0.414327281581752,-0.261160459459481,0,0,0,0,0,0,0,0
3.709,0.414303901476958,-0.261145722416612,0,0,0,0,0,0,0,0
3.71,0.414280579214047,-0.261131021832875,0,0,0,0,0,0,0,0
3.711,0.41425731494699,-0.261116357805321,0,0,0,0,0,0,0,0
3.712,0.414234108829759,-0.261101730431002,0,0,0,0,0,0,0,0
3.713,0.414210961016325,-0.261087139806969,0,0,0,0,0,0,0,0
3.714,0.414187871660658,-0.261072586030275,0,0,0,0,0,0,0,0
3.715,0.414164840916731,-0.261058069197971,0,0,0,0,0,0,0,0
3.716,0.414141868938515,-0.261043589407109,0,0,0,0,0,0,0,0
3.717,0.414118955879981,-0.261029146754741,0,0,0,0,0,0,0,0
3.718,0.4140961018951,-0.261014741337919,0,0,0,0,0,0,0,0
3.719,0.414073307137843,-0.261000373253694,0,0,0,0,0,0,0,0
3.72,0.414050571762182,-0.260986042599119,0,0,0,0,0,0,0,0
3.721,0.414027895922089,-0.260971749471244,0,0,0,0,0,0,0,0
3.722,0.414005279771534,-0.260957493967123,0,0,0,0,0,0,0,0
3.723,0.413982723464488,-0.260943276183807,0,0,0,0,0,0,0,0
3.724,0.413960227154924,-0.260929096218347,0,0,0,0,0,0,0,0
3.725,0.413937790996812,-0.260914954167795,0,0,0,0,0,0,0,0
3.726,0.413915415144124,-0.260900850129204,0,0,0,0,0,0,0,0
3.727,0.41389309975083,-0.260886784199624,0,0,0,0,0,0,0,0
3.728,0.413870844970903,-0.260872756476109,0,0,0,0,0,0,0,0
3.729,0.413848650958313,-0.260858767055709,0,0,0,0,0,0,0,0
3.73,0.413826517867032,-0.260844816035476,0,0,0,0,0,0,0,0
3.731,0.413804445851031,-0.260830903512463,0,0,0,0,0,0,0,0
3.732,0.413782435064282,-0.260817029583721,0,0,0,0,0,0,0,0
3.733,0.413760485660755,-0.260803194346302,0,0,0,0,0,0,0,0
3.734,0.413738597794422,-0.260789397897257,0,0,0,0,0,0,0,0
3.735,0.413716771619255,-0.260775640333639,0,0,0,0,0,0,0,0
3.736,0.413695007289224,-0.2607619217525,0,0,0,0,0,0,0,0
3.737,0.4136733049583,-0.26074824225089,0,0,0,0,0,0,0,0
3.738,0.413651664780456,-0.260734601925863,0,0,0,0,0,0,0,0
3.739,0.413630086909663,-0.260721000874469,0,0,0,0,0,0,0,0
3.74,0.413608571499891,-0.260707439193761,0,0,0,0,0,0,0,0
3.741,0.413587118705112,-0.26069391698079,0,0,0,0,0,0,0,0
3.742,0.413565728679298,-0.260680434332609,0,0,0,0,0,0,0,0
3.743,0.413544401576419,-0.260666991346268,0,0,0,0,0,0,0,0
3.744,0.413523137550447,-0.260653588118821,0,0,0,0,0,0,0,0
3.745,0.413501936755353,-0.260640224747318,0,0,0,0,0,0,0,0
3.746,0.413480799345109,-0.260626901328811,0,0,0,0,0,0,0,0
3.747,0.413459725473686,-0.260613617960353,0,0,0,0,0,0,0,0
3.748,0.413438715295054,-0.260600374738995,0,0,0,0,0,0,0,0
3.749,0.413417768963186,-0.260587171761789,0,0,0,0,0,0,0,0
3.75,0.413396886632053,-0.260574009125786,0,0,0,0,0,0,0,0
3.751,0.413376068455626,-0.26056088692804,0,0,0,0,0,0,0,0
3.752,0.413355314587876,-0.2605478052656,0,0,0,0,0,0,0,0
3.753,0.413334625182774,-0.26053476423552,0,0,0,0,0,0,0,0
3.754,0.413314000394293,-0.26052176393485,0,0,0,0,0,0,0,0
3.755,0.413293440376402,-0.260508804460644,0,0,0,0,0,0,0,0
3.756,0.413272945283074,-0.260495885909952,0,0,0,0,0,0,0,0
3.757,0.41325251526828,-0.260483008379826,0,0,0,0,0,0,0,0
3.758,0.413232150485991,-0.260470171967319,0,0,0,0,0,0,0,0
3.759,0.413211851090178,-0.260457376769481,0,0,0,0,0,0,0,0
3.76,0.413191617234813,-0.260444622883366,0,0,0,0,0,0,0,0
3.761,0.413171449073866,-0.260431910406024,0,0,0,0,0,0,0,0
3.762,0.41315134676131,-0.260419239434508,0,0,0,0,0,0,0,0
3.763,0.413131310451115,-0.260406610065869,0,0,0,0,0,0,0,0
3.764,0.413111340297254,-0.260394022397159,0,0,0,0,0,0,0,0
3.765,0.413091436453696,-0.26038147652543,0,0,0,0,0,0,0,0
3.766,0.413071599074414,-0.260368972547733,0,0,0,0,0,0,0,0
3.767,0.413051828313378,-0.260356510561122,0,0,0,0,0,0,0,0
3.768,0.41303212432456,-0.260344090662646,0,0,0,0,0,0,0,0
3.769,0.413012487261932,-0.260331712949359,0,0,0,0,0,0,0,0
3.77,0.412992917279464,-0.260319377518312,0,0,0,0,0,0,0,0
3.771,0.412973414531128,-0.260307084466557,0,0,0,0,0,0,0,0
3.772,0.412953979170895,-0.260294833891145,0,0,0,0,0,0,0,0
3.773,0.412934611352737,-0.260282625889129,0,0,0,0,0,0,0,0
3.774,0.412915311230624,-0.26027046055756,0,0,0,0,0,0,0,0
3.775,0.412896078958529,-0.26025833799349,0,0,0,0,0,0,0,0
3.776,0.412876914690422,-0.26024625829397,0,0,0,0,0,0,0,0
3.777,0.412857818580274,-0.260234221556054,0,0,0,0,0,0,0,0
3.778,0.412838790782057,-0.260222227876792,0,0,0,0,0,0,0,0
3.779,0.412819831449743,-0.260210277353236,0,0,0,0,0,0,0,0
3.78,0.412800940737302,-0.260198370082439,0,0,0,0,0,0,0,0
3.781,0.412782118798706,-0.260186506161451,0,0,0,0,0,0,0,0
3.782,0.412763365787926,-0.260174685687325,0,0,0,0,0,0,0,0
3.783,0.412744681858933,-0.260162908757113,0,0,0,0,0,0,0,0
3.784,0.412726067165699,-0.260151175467866,0,0,0,0,0,0,0,0
3.785,0.412707521862195,-0.260139485916637,0,0,0,0,0,0,0,0
3.786,0.412689046102392,-0.260127840200476,0,0,0,0,0,0,0,0
3.787,0.412670640040262,-0.260116238416436,0,0,0,0,0,0,0,0
3.788,0.412652303829776,-0.260104680661569,0,0,0,0,0,0,0,0
3.789,0.412634037624905,-0.260093167032926,0,0,0,0,0,0,0,0
3.79,0.41261584157962,-0.260081697627559,0,0,0,0,0,0,0,0
3.791,0.412597715847893,-0.260070272542521,0,0,0,0,0,0,0,0
3.792,0.412579660583696,-0.260058891874862,0,0,0,0,0,0,0,0
3.793,0.412561675940998,-0.260047555721635,0,0,0,0,0,0,0,0
3.794,0.412543762073772,-0.260036264179892,0,0,0,0,0,0,0,0
3.795,0.412525919135989,-0.260025017346684,0,0,0,0,0,0,0,0
3.796,0.41250814728162,-0.260013815319063,0,0,0,0,0,0,0,0
3.797,0.412490446664637,-0.260002658194081,0,0,0,0,0,0,0,0
3.798,0.412472817439011,-0.25999154606879,0,0,0,0,0,0,0,0
3.799,0.412455259758713,-0.259980479040241,0,0,0,0,0,0,0,0
3.8,0.412437773777714,-0.259969457205487,0,0,0,0,0,0,0,0
3.801,0.412420359649985,-0.259958480661579,0,0,0,0,0,0,0,0
3.802,0.412403017529499,-0.259947549505569,0,0,0,0,0,0,0,0
3.803,0.412385747570226,-0.259936663834509,0,0,0,0,0,0,0,0
3.804,0.412368549926138,-0.25992582374545,0,0,0,0,0,0,0,0
3.805,0.412351424751205,-0.259915029335445,0,0,0,0,0,0,0,0
3.806,0.4123343721994,-0.259904280701545,0,0,0,0,0,0,0,0
3.807,0.412317392424693,-0.259893577940802,0,0,0,0,0,0,0,0
3.808,0.412300485581056,-0.259882921150268,0,0,0,0,0,0,0,0
3.809,0.41228365182246,-0.259872310426995,0,0,0,0,0,0,0,0
3.81,0.412266891302876,-0.259861745868035,0,0,0,0,0,0,0,0
3.811,0.412250204176276,-0.259851227570438,0,0,0,0,0,0,0,0
3.812,0.412233590596631,-0.259840755631258,0,0,0,0,0,0,0,0
3.813,0.412217050717912,-0.259830330147546,0,0,0,0,0,0,0,0
3.814,0.412200584694091,-0.259819951216354,0,0,0,0,0,0,0,0
3.815,0.412184192679138,-0.259809618934733,0,0,0,0,0,0,0,0
3.816,0.412167874827026,-0.259799333399735,0,0,0,0,0,0,0,0
3.817,0.412151631291724,-0.259789094708413,0,0,0,0,0,0,0,0
3.818,0.412135462227206,-0.259778902957818,0,0,0,0,0,0,0,0
3.819,0.412119367787442,-0.259768758245002,0,0,0,0,0,0,0,0
3.82,0.412103348126403,-0.259758660667016,0,0,0,0,0,0,0,0
3.821,0.41208740339806,-0.259748610320913,0,0,0,0,0,0,0,0
3.822,0.412071533756385,-0.259738607303744,0,0,0,0,0,0,0,0
3.823,0.41205573935535,-0.259728651712561,0,0,0,0,0,0,0,0
3.824,0.412040020348925,-0.259718743644416,0,0,0,0,0,0,0,0
3.825,0.412024376891082,-0.259708883196361,0,0,0,0,0,0,0,0
3.826,0.412008809135791,-0.259699070465447,0,0,0,0,0,0,0,0
3.827,0.411993317237025,-0.259689305548727,0,0,0,0,0,0,0,0
3.828,0.411977901348755,-0.259679588543252,0,0,0,0,0,0,0,0
3.829,0.411962561624952,-0.259669919546074,0,0,0,0,0,0,0,0
3.83,0.411947298219587,-0.259660298654244,0,0,0,0,0,0,0,0
3.831,0.411932111286631,-0.259650725964816,0,0,0,0,0,0,0,0
3.832,0.411917000980057,-0.259641201574839,0,0,0,0,0,0,0,0
3.833,0.411901967453834,-0.259631725581367,0,0,0,0,0,0,0,0
3.834,0.411887010861935,-0.259622298081451,0,0,0,0,0,0,0,0
3.835,0.41187213135833,-0.259612919172143,0,0,0,0,0,0,0,0
3.836,0.411857329096992,-0.259603588950494,0,0,0,0,0,0,0,0
3.837,0.41184260423189,-0.259594307513557,0,0,0,0,0,0,0,0
3.838,0.411827956916998,-0.259585074958383,0,0,0,0,0,0,0,0
3.839,0.411813387306285,-0.259575891382025,0,0,0,0,0,0,0,0
3.84,0.411798895553723,-0.259566756881533,0,0,0,0,0,0,0,0
3.841,0.411784481813284,-0.25955767155396,0,0,0,0,0,0,0,0
3.842,0.411770146238939,-0.259548635496357,0,0,0,0,0,0,0,0
3.843,0.411755888984659,-0.259539648805777,0,0,0,0,0,0,0,0
3.844,0.411741710204415,-0.259530711579271,0,0,0,0,0,0,0,0
3.845,0.411727610052178,-0.259521823913891,0,0,0,0,0,0,0,0
3.846,0.411713588681921,-0.259512985906689,0,0,0,0,0,0,0,0
3.847,0.411699646247614,-0.259504197654717,0,0,0,0,0,0,0,0
3.848,0.411685782903228,-0.259495459255026,0,0,0,0,0,0,0,0
3.849,0.411671998802735,-0.259486770804668,0,0,0,0,0,0,0,0
3.85,0.411658294100107,-0.259478132400695,0,0,0,0,0,0,0,0
3.851,0.411644668949313,-0.259469544140159,0,0,0,0,0,0,0,0
3.852,0.411631123504327,-0.259461006120112,0,0,0,0,0,0,0,0
3.853,0.411617657919118,-0.259452518437605,0,0,0,0,0,0,0,0
3.854,0.411604272347659,-0.25944408118969,0,0,0,0,0,0,0,0
3.855,0.41159096694392,-0.25943569447342,0,0,0,0,0,0,0,0
3.856,0.411577741861874,-0.259427358385846,0,0,0,0,0,0,0,0
3.857,0.41156459725549,-0.259419073024019,0,0,0,0,0,0,0,0
3.858,0.411551533278741,-0.259410838484992,0,0,0,0,0,0,0,0
3.859,0.411538550085597,-0.259402654865816,0,0,0,0,0,0,0,0
3.86,0.411525647830031,-0.259394522263544,0,0,0,0,0,0,0,0
3.861,0.411512826666013,-0.259386440775226,0,0,0,0,0,0,0,0
3.862,0.411500086747515,-0.259378410497915,0,0,0,0,0,0,0,0
3.863,0.411487428228507,-0.259370431528663,0,0,0,0,0,0,0,0
3.864,0.411474851262962,-0.259362503964522,0,0,0,0,0,0,0,0
3.865,0.41146235600485,-0.259354627902542,0,0,0,0,0,0,0,0
3.866,0.411449942608144,-0.259346803439777,0,0,0,0,0,0,0,0
3.867,0.411437611226813,-0.259339030673277,0,0,0,0,0,0,0,0
3.868,0.41142536201483,-0.259331309700096,0,0,0,0,0,0,0,0
3.869,0.411413195126165,-0.259323640617283,0,0,0,0,0,0,0,0
3.87,0.411401110714791,-0.259316023521892,0,0,0,0,0,0,0,0
3.871,0.411389108934677,-0.259308458510975,0,0,0,0,0,0,0,0
3.872,0.411377189939797,-0.259300945681582,0,0,0,0,0,0,0,0
3.873,0.41136535388412,-0.259293485130766,0,0,0,0,0,0,0,0
3.874,0.411353600921618,-0.259286076955578,0,0,0,0,0,0,0,0
3.875,0.411341931206263,-0.259278721253071,0,0,0,0,0,0,0,0
3.876,0.411330344892026,-0.259271418120296,0,0,0,0,0,0,0,0
3.877,0.411318842132878,-0.259264167654305,0,0,0,0,0,0,0,0
3.878,0.41130742308279,-0.25925696995215,0,0,0,0,0,0,0,0
3.879,0.411296087895733,-0.259249825110883,0,0,0,0,0,0,0,0
3.88,0.41128483672568,-0.259242733227555,0,0,0,0,0,0,0,0
3.881,0.411273669726601,-0.259235694399218,0,0,0,0,0,0,0,0
3.882,0.411262587052467,-0.259228708722924,0,0,0,0,0,0,0,0
3.883,0.411251588857251,-0.259221776295725,0,0,0,0,0,0,0,0
3.884,0.411240675294922,-0.259214897214673,0,0,0,0,0,0,0,0
3.885,0.411229846519453,-0.25920807157682,0,0,0,0,0,0,0,0
3.886,0.411219102684814,-0.259201299479217,0,0,0,0,0,0,0,0
3.887,0.411208443944978,-0.259194581018916,0,0,0,0,0,0,0,0
3.888,0.411197870453915,-0.259187916292968,0,0,0,0,0,0,0,0
3.889,0.411187382365596,-0.259181305398427,0,0,0,0,0,0,0,0
3.89,0.411176979833993,-0.259174748432343,0,0,0,0,0,0,0,0
3.891,0.411166663013078,-0.259168245491769,0,0,0,0,0,0,0,0
3.892,0.411156432056821,-0.259161796673756,0,0,0,0,0,0,0,0
3.893,0.411146287119193,-0.259155402075356,0,0,0,0,0,0,0,0
3.894,0.411136228354167,-0.259149061793621,0,0,0,0,0,0,0,0
3.895,0.411126255915714,-0.259142775925602,0,0,0,0,0,0,0,0
3.896,0.411116369957803,-0.259136544568352,0,0,0,0,0,0,0,0
3.897,0.411106570634408,-0.259130367818922,0,0,0,0,0,0,0,0
3.898,0.411096858099499,-0.259124245774364,0,0,0,0,0,0,0,0
3.899,0.411087232507048,-0.25911817853173,0,0,0,0,0,0,0,0
3.9,0.411077694011025,-0.259112166188072,0,0,0,0,0,0,0,0
3.901,0.411068242765403,-0.259106208840441,0,0,0,0,0,0,0,0
3.902,0.411058878924151,-0.25910030658589,0,0,0,0,0,0,0,0
3.903,0.411049602641243,-0.25909445952147,0,0,0,0,0,0,0,0
3.904,0.411040414070649,-0.259088667744233,0,0,0,0,0,0,0,0
3.905,0.41103131336634,-0.259082931351231,0,0,0,0,0,0,0,0
3.906,0.411022300682287,-0.259077250439515,0,0,0,0,0,0,0,0
3.907,0.411013376172463,-0.259071625106137,0,0,0,0,0,0,0,0
3.908,0.411004539990837,-0.25906605544815,0,0,0,0,0,0,0,0
3.909,0.410995792291383,-0.259060541562605,0,0,0,0,0,0,0,0
3.91,0.41098713322807,-0.259055083546554,0,0,0,0,0,0,0,0
3.911,0.410978562954869,-0.259049681497048,0,0,0,0,0,0,0,0
3.912,0.410970081625754,-0.25904433551114,0,0,0,0,0,0,0,0
3.913,0.410961689394694,-0.259039045685882,0,0,0,0,0,0,0,0
3.914,0.410953386415661,-0.259033812118324,0,0,0,0,0,0,0,0
3.915,0.410945172842626,-0.259028634905519,0,0,0,0,0,0,0,0
3.916,0.410937048829561,-0.259023514144519,0,0,0,0,0,0,0,0
3.917,0.410929014530436,-0.259018449932376,0,0,0,0,0,0,0,0
3.918,0.410921070099224,-0.25901344236614,0,0,0,0,0,0,0,0
3.919,0.410913215689895,-0.259008491542865,0,0,0,0,0,0,0,0
3.92,0.410905451456421,-0.259003597559603,0,0,0,0,0,0,0,0
3.921,0.410897777552773,-0.258998760513403,0,0,0,0,0,0,0,0
3.922,0.410890194132922,-0.25899398050132,0,0,0,0,0,0,0,0
3.923,0.41088270135084,-0.258989257620404,0,0,0,0,0,0,0,0
3.924,0.410875299360497,-0.258984591967707,0,0,0,0,0,0,0,0
3.925,0.410867988315866,-0.258979983640281,0,0,0,0,0,0,0,0
3.926,0.410860768370918,-0.258975432735178,0,0,0,0,0,0,0,0
3.927,0.410853639679623,-0.258970939349449,0,0,0,0,0,0,0,0
3.928,0.410846602395953,-0.258966503580148,0,0,0,0,0,0,0,0
3.929,0.41083965667388,-0.258962125524324,0,0,0,0,0,0,0,0
3.93,0.410832802667374,-0.258957805279031,0,0,0,0,0,0,0,0
3.931,0.410826040530407,-0.258953542941319,0,0,0,0,0,0,0,0
3.932,0.410819370416951,-0.258949338608242,0,0,0,0,0,0,0,0
3.933,0.410812792480976,-0.258945192376849,0,0,0,0,0,0,0,0
3.934,0.410806306876453,-0.258941104344195,0,0,0,0,0,0,0,0
3.935,0.410799913757355,-0.258937074607329,0,0,0,0,0,0,0,0
3.936,0.410793613277653,-0.258933103263304,0,0,0,0,0,0,0,0
3.937,0.410787405591317,-0.258929190409173,0,0,0,0,0,0,0,0
3.938,0.410781290852319,-0.258925336141985,0,0,0,0,0,0,0,0
3.939,0.410775269214631,-0.258921540558795,0,0,0,0,0,0,0,0
3.94,0.410769340832223,-0.258917803756652,0,0,0,0,0,0,0,0
3.941,0.410763505859067,-0.25891412583261,0,0,0,0,0,0,0,0
3.942,0.410757764449134,-0.258910506883719,0,0,0,0,0,0,0,0
3.943,0.410752116756395,-0.258906947007032,0,0,0,0,0,0,0,0
3.944,0.410746562934823,-0.258903446299601,0,0,0,0,0,0,0,0
3.945,0.410741103138387,-0.258900004858477,0,0,0,0,0,0,0,0
3.946,0.41073573752106,-0.258896622780712,0,0,0,0,0,0,0,0
3.947,0.410730466236813,-0.258893300163358,0,0,0,0,0,0,0,0
3.948,0.410725289439616,-0.258890037103467,0,0,0,0,0,0,0,0
3.949,0.410720207283442,-0.25888683369809,0,0,0,0,0,0,0,0
3.95,0.410715219922261,-0.25888369004428,0,0,0,0,0,0,0,0
3.951,0.410710327510045,-0.258880606239088,0,0,0,0,0,0,0,0
3.952,0.410705530200766,-0.258877582379566,0,0,0,0,0,0,0,0
3.953,0.410700828148394,-0.258874618562766,0,0,0,0,0,0,0,0
3.954,0.4106962215069,-0.258871714885739,0,0,0,0,0,0,0,0
3.955,0.410691710430256,-0.258868871445538,0,0,0,0,0,0,0,0
3.956,0.410687295072434,-0.258866088339214,0,0,0,0,0,0,0,0
3.957,0.410682975587405,-0.258863365663819,0,0,0,0,0,0,0,0
3.958,0.410678752129139,-0.258860703516405,0,0,0,0,0,0,0,0
3.959,0.410674624851608,-0.258858101994024,0,0,0,0,0,0,0,0
3.96,0.410670593908785,-0.258855561193727,0,0,0,0,0,0,0,0
3.961,0.410666659454638,-0.258853081212567,0,0,0,0,0,0,0,0
3.962,0.410662821643141,-0.258850662147595,0,0,0,0,0,0,0,0
3.963,0.410659080628264,-0.258848304095863,0,0,0,0,0,0,0,0
3.964,0.410655436563979,-0.258846007154422,0,0,0,0,0,0,0,0
3.965,0.410651889604257,-0.258843771420325,0,0,0,0,0,0,0,0
3.966,0.410648439903069,-0.258841596990624,0,0,0,0,0,0,0,0
3.967,0.410645087614387,-0.258839483962369,0,0,0,0,0,0,0,0
3.968,0.410641832892182,-0.258837432432614,0,0,0,0,0,0,0,0
3.969,0.410638675890424,-0.25883544249841,0,0,0,0,0,0,0,0
3.97,0.410635616763086,-0.258833514256808,0,0,0,0,0,0,0,0
3.971,0.410632655664139,-0.258831647804861,0,0,0,0,0,0,0,0
3.972,0.410629792747554,-0.258829843239619,0,0,0,0,0,0,0,0
3.973,0.410627028167302,-0.258828100658136,0,0,0,0,0,0,0,0
3.974,0.410624362077355,-0.258826420157463,0,0,0,0,0,0,0,0
3.975,0.410621794631684,-0.258824801834652,0,0,0,0,0,0,0,0
3.976,0.41061932598426,-0.258823245786754,0,0,0,0,0,0,0,0
3.977,0.410616956289054,-0.258821752110822,0,0,0,0,0,0,0,0
3.978,0.410614685700039,-0.258820320903906,0,0,0,0,0,0,0,0
3.979,0.410612514371184,-0.25881895226306,0,0,0,0,0,0,0,0
3.98,0.410610442456461,-0.258817646285335,0,0,0,0,0,0,0,0
3.981,0.410608470109843,-0.258816403067782,0,0,0,0,0,0,0,0
3.982,0.410606597485299,-0.258815222707453,0,0,0,0,0,0,0,0
3.983,0.410604824736802,-0.258814105301401,0,0,0,0,0,0,0,0
3.984,0.410603152018322,-0.258813050946676,0,0,0,0,0,0,0,0
3.985,0.410601579483831,-0.258812059740332,0,0,0,0,0,0,0,0
3.986,0.4106001072873,-0.258811131779419,0,0,0,0,0,0,0,0
3.987,0.410598735582701,-0.25881026716099,0,0,0,0,0,0,0,0
3.988,0.410597464524004,-0.258809465982096,0,0,0,0,0,0,0,0
3.989,0.410596294265181,-0.258808728339789,0,0,0,0,0,0,0,0
3.99,0.410595224960204,-0.258808054331121,0,0,0,0,0,0,0,0
3.991,0.410594256763043,-0.258807444053144,0,0,0,0,0,0,0,0
3.992,0.410593389827671,-0.258806897602909,0,0,0,0,0,0,0,0
3.993,0.410592624308057,-0.258806415077468,0,0,0,0,0,0,0,0
3.994,0.410591960358174,-0.258805996573874,0,0,0,0,0,0,0,0
3.995,0.410591398131993,-0.258805642189178,0,0,0,0,0,0,0,0
3.996,0.410590937783484,-0.258805352020432,0,0,0,0,0,0,0,0
3.997,0.410590579466621,-0.258805126164687,0,0,0,0,0,0,0,0
3.998,0.410590323335372,-0.258804964718995,0,0,0,0,0,0,0,0
3.999,0.410590169543711,-0.258804867780409,0,0,0,0,0,0,0,0
4,0.410590118245608,-0.25880483544598,0,0,0,0,0,0,0,0
4.001,0.410590169543711,-0.258804867780409,0,0,0,0,0,0,0,0
4.002,0.410590323335373,-0.258804964718995,0,0,0,0,0,0,0,0
4.003,0.410590579466621,-0.258805126164687,0,0,0,0,0,0,0,0
4.004,0.410590937783484,-0.258805352020432,0,0,0,0,0,0,0,0
4.005,0.410591398131993,-0.258805642189178,0,0,0,0,0,0,0,0
4.006,0.410591960358174,-0.258805996573874,0,0,0,0,0,0,0,0
4.007,0.410592624308057,-0.258806415077468,0,0,0,0,0,0,0,0
4.008,0.410593389827671,-0.258806897602909,0,0,0,0,0,0,0,0
4.009,0.410594256763043,-0.258807444053144,0,0,0,0,0,0,0,0
4.01,0.410595224960204,-0.258808054331121,0,0,0,0,0,0,0,0
4.011,0.410596294265181,-0.258808728339789,0,0,0,0,0,0,0,0
4.012,0.410597464524004,-0.258809465982096,0,0,0,0,0,0,0,0
4.013,0.410598735582701,-0.25881026716099,0,0,0,0,0,0,0,0
4.014,0.4106001072873,-0.258811131779419,0,0,0,0,0,0,0,0
4.015,0.410601579483831,-0.258812059740332,0,0,0,0,0,0,0,0
4.016,0.410603152018322,-0.258813050946676,0,0,0,0,0,0,0,0
4.017,0.410604824736802,-0.258814105301401,0,0,0,0,0,0,0,0
4.018,0.410606597485299,-0.258815222707453,0,0,0,0,0,0,0,0
4.019,0.410608470109843,-0.258816403067782,0,0,0,0,0,0,0,0
4.02,0.410610442456462,-0.258817646285335,0,0,0,0,0,0,0,0
4.021,0.410612514371184,-0.25881895226306,0,0,0,0,0,0,0,0
4.022,0.410614685700039,-0.258820320903906,0,0,0,0,0,0,0,0
4.023,0.410616956289054,-0.258821752110822,0,0,0,0,0,0,0,0
4.024,0.41061932598426,-0.258823245786754,0,0,0,0,0,0,0,0
4.025,0.410621794631684,-0.258824801834652,0,0,0,0,0,0,0,0
4.026,0.410624362077355,-0.258826420157463,0,0,0,0,0,0,0,0
4.027,0.410627028167303,-0.258828100658136,0,0,0,0,0,0,0,0
4.028,0.410629792747554,-0.258829843239619,0,0,0,0,0,0,0,0
4.029,0.410632655664139,-0.258831647804861,0,0,0,0,0,0,0,0
4.03,0.410635616763087,-0.258833514256808,0,0,0,0,0,0,0,0
4.031,0.410638675890424,-0.25883544249841,0,0,0,0,0,0,0,0
4.032,0.410641832892182,-0.258837432432614,0,0,0,0,0,0,0,0
4.033,0.410645087614387,-0.258839483962369,0,0,0,0,0,0,0,0
4.034,0.410648439903069,-0.258841596990624,0,0,0,0,0,0,0,0
4.035,0.410651889604257,-0.258843771420325,0,0,0,0,0,0,0,0
4.036,0.410655436563979,-0.258846007154422,0,0,0,0,0,0,0,0
4.037,0.410659080628265,-0.258848304095863,0,0,0,0,0,0,0,0
4.038,0.410662821643141,-0.258850662147595,0,0,0,0,0,0,0,0
4.039,0.410666659454638,-0.258853081212567,0,0,0,0,0,0,0,0
4.04,0.410670593908785,-0.258855561193727,0,0,0,0,0,0,0,0
4.041,0.410674624851609,-0.258858101994024,0,0,0,0,0,0,0,0
4.042,0.410678752129139,-0.258860703516405,0,0,0,0,0,0,0,0
4.043,0.410682975587405,-0.258863365663819,0,0,0,0,0,0,0,0
4.044,0.410687295072434,-0.258866088339214,0,0,0,0,0,0,0,0
4.045,0.410691710430257,-0.258868871445538,0,0,0,0,0,0,0,0
4.046,0.4106962215069,-0.258871714885739,0,0,0,0,0,0,0,0
4.047,0.410700828148394,-0.258874618562766,0,0,0,0,0,0,0,0
4.048,0.410705530200766,-0.258877582379566,0,0,0,0,0,0,0,0
4.049,0.410710327510046,-0.258880606239088,0,0,0,0,0,0,0,0
4.05,0.410715219922261,-0.25888369004428,0,0,0,0,0,0,0,0
4.051,0.410720207283442,-0.25888683369809,0,0,0,0,0,0,0,0
4.052,0.410725289439616,-0.258890037103467,0,0,0,0,0,0,0,0
4.053,0.410730466236813,-0.258893300163358,0,0,0,0,0,0,0,0
4.054,0.41073573752106,-0.258896622780712,0,0,0,0,0,0,0,0
4.055,0.410741103138387,-0.258900004858477,0,0,0,0,0,0,0,0
4.056,0.410746562934823,-0.258903446299601,0,0,0,0,0,0,0,0
4.057,0.410752116756395,-0.258906947007032,0,0,0,0,0,0,0,0
4.058,0.410757764449134,-0.258910506883719,0,0,0,0,0,0,0,0
4.059,0.410763505859067,-0.25891412583261,0,0,0,0,0,0,0,0
4.06,0.410769340832223,-0.258917803756652,0,0,0,0,0,0,0,0
4.061,0.410775269214631,-0.258921540558795,0,0,0,0,0,0,0,0
4.062,0.410781290852319,-0.258925336141985,0,0,0,0,0,0,0,0
4.063,0.410787405591317,-0.258929190409173,0,0,0,0,0,0,0,0
4.064,0.410793613277653,-0.258933103263304,0,0,0,0,0,0,0,0
4.065,0.410799913757355,-0.258937074607329,0,0,0,0,0,0,0,0
4.066,0.410806306876454,-0.258941104344195,0,0,0,0,0,0,0,0
4.067,0.410812792480976,-0.258945192376849,0,0,0,0,0,0,0,0
4.068,0.410819370416951,-0.258949338608242,0,0,0,0,0,0,0,0
4.069,0.410826040530407,-0.258953542941319,0,0,0,0,0,0,0,0
4.07,0.410832802667374,-0.258957805279031,0,0,0,0,0,0,0,0
4.071,0.41083965667388,-0.258962125524324,0,0,0,0,0,0,0,0
4.072,0.410846602395953,-0.258966503580148,0,0,0,0,0,0,0,0
4.073,0.410853639679623,-0.25897093934945,0,0,0,0,0,0,0,0
4.074,0.410860768370918,-0.258975432735178,0,0,0,0,0,0,0,0
4.075,0.410867988315867,-0.258979983640281,0,0,0,0,0,0,0,0
4.076,0.410875299360498,-0.258984591967707,0,0,0,0,0,0,0,0
4.077,0.41088270135084,-0.258989257620404,0,0,0,0,0,0,0,0
4.078,0.410890194132922,-0.25899398050132,0,0,0,0,0,0,0,0
4.079,0.410897777552773,-0.258998760513403,0,0,0,0,0,0,0,0
4.08,0.410905451456421,-0.259003597559603,0,0,0,0,0,0,0,0
4.081,0.410913215689895,-0.259008491542865,0,0,0,0,0,0,0,0
4.082,0.410921070099224,-0.25901344236614,0,0,0,0,0,0,0,0
4.083,0.410929014530436,-0.259018449932376,0,0,0,0,0,0,0,0
4.084,0.410937048829561,-0.259023514144519,0,0,0,0,0,0,0,0
4.085,0.410945172842626,-0.259028634905519,0,0,0,0,0,0,0,0
4.086,0.410953386415661,-0.259033812118324,0,0,0,0,0,0,0,0
4.087,0.410961689394694,-0.259039045685882,0,0,0,0,0,0,0,0
4.088,0.410970081625754,-0.25904433551114,0,0,0,0,0,0,0,0
4.089,0.41097856295487,-0.259049681497048,0,0,0,0,0,0,0,0
4.09,0.41098713322807,-0.259055083546554,0,0,0,0,0,0,0,0
4.091,0.410995792291383,-0.259060541562605,0,0,0,0,0,0,0,0
4.092,0.411004539990838,-0.25906605544815,0,0,0,0,0,0,0,0
4.093,0.411013376172463,-0.259071625106137,0,0,0,0,0,0,0,0
4.094,0.411022300682287,-0.259077250439515,0,0,0,0,0,0,0,0
4.095,0.41103131336634,-0.259082931351231,0,0,0,0,0,0,0,0
4.096,0.411040414070649,-0.259088667744233,0,0,0,0,0,0,0,0
4.097,0.411049602641243,-0.25909445952147,0,0,0,0,0,0,0,0
4.098,0.411058878924152,-0.25910030658589,0,0,0,0,0,0,0,0
4.099,0.411068242765403,-0.259106208840441,0,0,0,0,0,0,0,0
4.1,0.411077694011025,-0.259112166188072,0,0,0,0,0,0,0,0
4.101,0.411087232507048,-0.25911817853173,0,0,0,0,0,0,0,0
4.102,0.411096858099499,-0.259124245774364,0,0,0,0,0,0,0,0
4.103,0.411106570634408,-0.259130367818922,0,0,0,0,0,0,0,0
4.104,0.411116369957803,-0.259136544568352,0,0,0,0,0,0,0,0
4.105,0.411126255915714,-0.259142775925602,0,0,0,0,0,0,0,0
4.106,0.411136228354167,-0.259149061793621,0,0,0,0,0,0,0,0
4.107,0.411146287119194,-0.259155402075356,0,0,0,0,0,0,0,0
4.108,0.411156432056821,-0.259161796673756,0,0,0,0,0,0,0,0
4.109,0.411166663013078,-0.259168245491769,0,0,0,0,0,0,0,0
4.11,0.411176979833993,-0.259174748432343,0,0,0,0,0,0,0,0
4.111,0.411187382365596,-0.259181305398427,0,0,0,0,0,0,0,0
4.112,0.411197870453915,-0.259187916292968,0,0,0,0,0,0,0,0
4.113,0.411208443944978,-0.259194581018916,0,0,0,0,0,0,0,0
4.114,0.411219102684814,-0.259201299479217,0,0,0,0,0,0,0,0
4.115,0.411229846519453,-0.25920807157682,0,0,0,0,0,0,0,0
4.116,0.411240675294922,-0.259214897214673,0,0,0,0,0,0,0,0
4.117,0.411251588857251,-0.259221776295725,0,0,0,0,0,0,0,0
4.118,0.411262587052467,-0.259228708722924,0,0,0,0,0,0,0,0
4.119,0.411273669726601,-0.259235694399218,0,0,0,0,0,0,0,0
4.12,0.41128483672568,-0.259242733227555,0,0,0,0,0,0,0,0
4.121,0.411296087895733,-0.259249825110883,0,0,0,0,0,0,0,0
4.122,0.41130742308279,-0.25925696995215,0,0,0,0,0,0,0,0
4.123,0.411318842132878,-0.259264167654305,0,0,0,0,0,0,0,0
4.124,0.411330344892026,-0.259271418120296,0,0,0,0,0,0,0,0
4.125,0.411341931206263,-0.259278721253071,0,0,0,0,0,0,0,0
4.126,0.411353600921618,-0.259286076955578,0,0,0,0,0,0,0,0
4.127,0.41136535388412,-0.259293485130766,0,0,0,0,0,0,0,0
4.128,0.411377189939797,-0.259300945681582,0,0,0,0,0,0,0,0
4.129,0.411389108934677,-0.259308458510975,0,0,0,0,0,0,0,0
4.13,0.411401110714791,-0.259316023521892,0,0,0,0,0,0,0,0
4.131,0.411413195126165,-0.259323640617283,0,0,0,0,0,0,0,0
4.132,0.41142536201483,-0.259331309700096,0,0,0,0,0,0,0,0
4.133,0.411437611226813,-0.259339030673277,0,0,0,0,0,0,0,0
4.134,0.411449942608144,-0.259346803439777,0,0,0,0,0,0,0,0
4.135,0.411462356004851,-0.259354627902542,0,0,0,0,0,0,0,0
4.136,0.411474851262962,-0.259362503964522,0,0,0,0,0,0,0,0
4.137,0.411487428228507,-0.259370431528663,0,0,0,0,0,0,0,0
4.138,0.411500086747515,-0.259378410497915,0,0,0,0,0,0,0,0
4.139,0.411512826666013,-0.259386440775226,0,0,0,0,0,0,0,0
4.14,0.411525647830031,-0.259394522263544,0,0,0,0,0,0,0,0
4.141,0.411538550085597,-0.259402654865816,0,0,0,0,0,0,0,0
4.142,0.411551533278741,-0.259410838484992,0,0,0,0,0,0,0,0
4.143,0.41156459725549,-0.259419073024019,0,0,0,0,0,0,0,0
4.144,0.411577741861874,-0.259427358385846,0,0,0,0,0,0,0,0
4.145,0.41159096694392,-0.25943569447342,0,0,0,0,0,0,0,0
4.146,0.411604272347659,-0.25944408118969,0,0,0,0,0,0,0,0
4.147,0.411617657919118,-0.259452518437605,0,0,0,0,0,0,0,0
4.148,0.411631123504327,-0.259461006120112,0,0,0,0,0,0,0,0
4.149,0.411644668949314,-0.259469544140159,0,0,0,0,0,0,0,0
4.15,0.411658294100107,-0.259478132400695,0,0,0,0,0,0,0,0
4.151,0.411671998802736,-0.259486770804668,0,0,0,0,0,0,0,0
4.152,0.411685782903228,-0.259495459255026,0,0,0,0,0,0,0,0
4.153,0.411699646247614,-0.259504197654717,0,0,0,0,0,0,0,0
4.154,0.411713588681921,-0.259512985906689,0,0,0,0,0,0,0,0
4.155,0.411727610052178,-0.259521823913891,0,0,0,0,0,0,0,0
4.156,0.411741710204415,-0.259530711579271,0,0,0,0,0,0,0,0
4.157,0.411755888984659,-0.259539648805777,0,0,0,0,0,0,0,0
4.158,0.411770146238939,-0.259548635496357,0,0,0,0,0,0,0,0
4.159,0.411784481813284,-0.25955767155396,0,0,0,0,0,0,0,0
4.16,0.411798895553724,-0.259566756881533,0,0,0,0,0,0,0,0
4.161,0.411813387306285,-0.259575891382025,0,0,0,0,0,0,0,0
4.162,0.411827956916998,-0.259585074958383,0,0,0,0,0,0,0,0
4.163,0.411842604231891,-0.259594307513557,0,0,0,0,0,0,0,0
4.164,0.411857329096992,-0.259603588950494,0,0,0,0,0,0,0,0
4.165,0.41187213135833,-0.259612919172143,0,0,0,0,0,0,0,0
4.166,0.411887010861935,-0.259622298081451,0,0,0,0,0,0,0,0
4.167,0.411901967453834,-0.259631725581367,0,0,0,0,0,0,0,0
4.168,0.411917000980057,-0.259641201574839,0,0,0,0,0,0,0,0
4.169,0.411932111286631,-0.259650725964816,0,0,0,0,0,0,0,0
4.17,0.411947298219587,-0.259660298654244,0,0,0,0,0,0,0,0
4.171,0.411962561624952,-0.259669919546074,0,0,0,0,0,0,0,0
4.172,0.411977901348755,-0.259679588543252,0,0,0,0,0,0,0,0
4.173,0.411993317237026,-0.259689305548727,0,0,0,0,0,0,0,0
4.174,0.412008809135791,-0.259699070465447,0,0,0,0,0,0,0,0
4.175,0.412024376891082,-0.259708883196361,0,0,0,0,0,0,0,0
4.176,0.412040020348925,-0.259718743644416,0,0,0,0,0,0,0,0
4.177,0.41205573935535,-0.259728651712561,0,0,0,0,0,0,0,0
4.178,0.412071533756385,-0.259738607303744,0,0,0,0,0,0,0,0
4.179,0.41208740339806,-0.259748610320913,0,0,0,0,0,0,0,0
4.18,0.412103348126403,-0.259758660667016,0,0,0,0,0,0,0,0
4.181,0.412119367787442,-0.259768758245002,0,0,0,0,0,0,0,0
4.182,0.412135462227206,-0.259778902957818,0,0,0,0,0,0,0,0
4.183,0.412151631291725,-0.259789094708413,0,0,0,0,0,0,0,0
4.184,0.412167874827026,-0.259799333399735,0,0,0,0,0,0,0,0
4.185,0.412184192679138,-0.259809618934733,0,0,0,0,0,0,0,0
4.186,0.412200584694091,-0.259819951216354,0,0,0,0,0,0,0,0
4.187,0.412217050717912,-0.259830330147546,0,0,0,0,0,0,0,0
4.188,0.412233590596631,-0.259840755631258,0,0,0,0,0,0,0,0
4.189,0.412250204176276,-0.259851227570438,0,0,0,0,0,0,0,0
4.19,0.412266891302876,-0.259861745868035,0,0,0,0,0,0,0,0
4.191,0.41228365182246,-0.259872310426995,0,0,0,0,0,0,0,0
4.192,0.412300485581056,-0.259882921150269,0,0,0,0,0,0,0,0
4.193,0.412317392424693,-0.259893577940802,0,0,0,0,0,0,0,0
4.194,0.4123343721994,-0.259904280701545,0,0,0,0,0,0,0,0
4.195,0.412351424751206,-0.259915029335445,0,0,0,0,0,0,0,0
4.196,0.412368549926138,-0.25992582374545,0,0,0,0,0,0,0,0
4.197,0.412385747570226,-0.259936663834509,0,0,0,0,0,0,0,0
4.198,0.412403017529499,-0.259947549505569,0,0,0,0,0,0,0,0
4.199,0.412420359649986,-0.259958480661579,0,0,0,0,0,0,0,0
4.2,0.412437773777714,-0.259969457205487,0,0,0,0,0,0,0,0
4.201,0.412455259758713,-0.259980479040241,0,0,0,0,0,0,0,0
4.202,0.412472817439011,-0.25999154606879,0,0,0,0,0,0,0,0
4.203,0.412490446664637,-0.260002658194081,0,0,0,0,0,0,0,0
4.204,0.412508147281621,-0.260013815319063,0,0,0,0,0,0,0,0
4.205,0.412525919135989,-0.260025017346684,0,0,0,0,0,0,0,0
4.206,0.412543762073772,-0.260036264179892,0,0,0,0,0,0,0,0
4.207,0.412561675940998,-0.260047555721635,0,0,0,0,0,0,0,0
4.208,0.412579660583696,-0.260058891874862,0,0,0,0,0,0,0,0
4.209,0.412597715847893,-0.260070272542521,0,0,0,0,0,0,0,0
4.21,0.41261584157962,-0.260081697627559,0,0,0,0,0,0,0,0
4.211,0.412634037624905,-0.260093167032926,0,0,0,0,0,0,0,0
4.212,0.412652303829776,-0.260104680661569,0,0,0,0,0,0,0,0
4.213,0.412670640040262,-0.260116238416436,0,0,0,0,0,0,0,0
4.214,0.412689046102392,-0.260127840200476,0,0,0,0,0,0,0,0
4.215,0.412707521862195,-0.260139485916637,0,0,0,0,0,0,0,0
4.216,0.412726067165699,-0.260151175467866,0,0,0,0,0,0,0,0
4.217,0.412744681858933,-0.260162908757113,0,0,0,0,0,0,0,0
4.218,0.412763365787926,-0.260174685687325,0,0,0,0,0,0,0,0
4.219,0.412782118798706,-0.260186506161451,0,0,0,0,0,0,0,0
4.22,0.412800940737302,-0.260198370082439,0,0,0,0,0,0,0,0
4.221,0.412819831449743,-0.260210277353236,0,0,0,0,0,0,0,0
4.222,0.412838790782057,-0.260222227876792,0,0,0,0,0,0,0,0
4.223,0.412857818580274,-0.260234221556054,0,0,0,0,0,0,0,0
4.224,0.412876914690422,-0.26024625829397,0,0,0,0,0,0,0,0
4.225,0.412896078958529,-0.26025833799349,0,0,0,0,0,0,0,0
4.226,0.412915311230624,-0.26027046055756,0,0,0,0,0,0,0,0
4.227,0.412934611352737,-0.260282625889129,0,0,0,0,0,0,0,0
4.228,0.412953979170895,-0.260294833891145,0,0,0,0,0,0,0,0
4.229,0.412973414531128,-0.260307084466557,0,0,0,0,0,0,0,0
4.23,0.412992917279464,-0.260319377518312,0,0,0,0,0,0,0,0
4.231,0.413012487261932,-0.260331712949359,0,0,0,0,0,0,0,0
4.232,0.41303212432456,-0.260344090662646,0,0,0,0,0,0,0,0
4.233,0.413051828313378,-0.260356510561122,0,0,0,0,0,0,0,0
4.234,0.413071599074414,-0.260368972547733,0,0,0,0,0,0,0,0
4.235,0.413091436453696,-0.26038147652543,0,0,0,0,0,0,0,0
4.236,0.413111340297254,-0.260394022397159,0,0,0,0,0,0,0,0
4.237,0.413131310451116,-0.260406610065869,0,0,0,0,0,0,0,0
4.238,0.41315134676131,-0.260419239434508,0,0,0,0,0,0,0,0
4.239,0.413171449073866,-0.260431910406024,0,0,0,0,0,0,0,0
4.24,0.413191617234813,-0.260444622883366,0,0,0,0,0,0,0,0
4.241,0.413211851090178,-0.260457376769481,0,0,0,0,0,0,0,0
4.242,0.413232150485991,-0.260470171967319,0,0,0,0,0,0,0,0
4.243,0.41325251526828,-0.260483008379826,0,0,0,0,0,0,0,0
4.244,0.413272945283074,-0.260495885909951,0,0,0,0,0,0,0,0
4.245,0.413293440376402,-0.260508804460644,0,0,0,0,0,0,0,0
4.246,0.413314000394293,-0.26052176393485,0,0,0,0,0,0,0,0
4.247,0.413334625182774,-0.26053476423552,0,0,0,0,0,0,0,0
4.248,0.413355314587876,-0.2605478052656,0,0,0,0,0,0,0,0
4.249,0.413376068455626,-0.26056088692804,0,0,0,0,0,0,0,0
4.25,0.413396886632053,-0.260574009125786,0,0,0,0,0,0,0,0
4.251,0.413417768963186,-0.260587171761789,0,0,0,0,0,0,0,0
4.252,0.413438715295054,-0.260600374738995,0,0,0,0,0,0,0,0
4.253,0.413459725473686,-0.260613617960353,0,0,0,0,0,0,0,0
4.254,0.413480799345109,-0.260626901328811,0,0,0,0,0,0,0,0
4.255,0.413501936755353,-0.260640224747318,0,0,0,0,0,0,0,0
4.256,0.413523137550447,-0.260653588118821,0,0,0,0,0,0,0,0
4.257,0.413544401576419,-0.260666991346268,0,0,0,0,0,0,0,0
4.258,0.413565728679298,-0.260680434332609,0,0,0,0,0,0,0,0
4.259,0.413587118705112,-0.26069391698079,0,0,0,0,0,0,0,0
4.26,0.413608571499891,-0.260707439193761,0,0,0,0,0,0,0,0
4.261,0.413630086909663,-0.260721000874469,0,0,0,0,0,0,0,0
4.262,0.413651664780457,-0.260734601925863,0,0,0,0,0,0,0,0
4.263,0.413673304958301,-0.26074824225089,0,0,0,0,0,0,0,0
4.264,0.413695007289224,-0.2607619217525,0,0,0,0,0,0,0,0
4.265,0.413716771619255,-0.260775640333639,0,0,0,0,0,0,0,0
4.266,0.413738597794422,-0.260789397897257,0,0,0,0,0,0,0,0
4.267,0.413760485660755,-0.260803194346302,0,0,0,0,0,0,0,0
4.268,0.413782435064282,-0.260817029583721,0,0,0,0,0,0,0,0
4.269,0.413804445851031,-0.260830903512463,0,0,0,0,0,0,0,0
4.27,0.413826517867032,-0.260844816035476,0,0,0,0,0,0,0,0
4.271,0.413848650958313,-0.260858767055709,0,0,0,0,0,0,0,0
4.272,0.413870844970903,-0.260872756476109,0,0,0,0,0,0,0,0
4.273,0.41389309975083,-0.260886784199624,0,0,0,0,0,0,0,0
4.274,0.413915415144124,-0.260900850129203,0,0,0,0,0,0,0,0
4.275,0.413937790996812,-0.260914954167795,0,0,0,0,0,0,0,0
4.276,0.413960227154924,-0.260929096218347,0,0,0,0,0,0,0,0
4.277,0.413982723464489,-0.260943276183807,0,0,0,0,0,0,0,0
4.278,0.414005279771534,-0.260957493967123,0,0,0,0,0,0,0,0
4.279,0.414027895922089,-0.260971749471244,0,0,0,0,0,0,0,0
4.28,0.414050571762182,-0.260986042599119,0,0,0,0,0,0,0,0
4.281,0.414073307137843,-0.261000373253694,0,0,0,0,0,0,0,0
4.282,0.4140961018951,-0.261014741337919,0,0,0,0,0,0,0,0
4.283,0.414118955879981,-0.261029146754741,0,0,0,0,0,0,0,0
4.284,0.414141868938515,-0.261043589407109,0,0,0,0,0,0,0,0
4.285,0.414164840916731,-0.261058069197971,0,0,0,0,0,0,0,0
4.286,0.414187871660658,-0.261072586030275,0,0,0,0,0,0,0,0
4.287,0.414210961016325,-0.261087139806969,0,0,0,0,0,0,0,0
4.288,0.414234108829759,-0.261101730431002,0,0,0,0,0,0,0,0
4.289,0.41425731494699,-0.261116357805321,0,0,0,0,0,0,0,0
4.29,0.414280579214047,-0.261131021832875,0,0,0,0,0,0,0,0
4.291,0.414303901476958,-0.261145722416612,0,0,0,0,0,0,0,0
4.292,0.414327281581752,-0.26116045945948,0,0,0,0,0,0,0,0
4.293,0.414350719374457,-0.261175232864428,0,0,0,0,0,0,0,0
4.294,0.414374214701103,-0.261190042534403,0,0,0,0,0,0,0,0
4.295,0.414397767407718,-0.261204888372354,0,0,0,0,0,0,0,0
4.296,0.414421377340331,-0.261219770281229,0,0,0,0,0,0,0,0
4.297,0.41444504434497,-0.261234688163976,0,0,0,0,0,0,0,0
4.298,0.414468768267664,-0.261249641923544,0,0,0,0,0,0,0,0
4.299,0.414492548954442,-0.26126463146288,0,0,0,0,0,0,0,0
4.3,0.414516386251332,-0.261279656684932,0,0,0,0,0,0,0,0
4.301,0.414540280004364,-0.26129471749265,0,0,0,0,0,0,0,0
4.302,0.414564230059566,-0.26130981378898,0,0,0,0,0,0,0,0
4.303,0.414588236262966,-0.261324945476872,0,0,0,0,0,0,0,0
4.304,0.414612298460594,-0.261340112459273,0,0,0,0,0,0,0,0
4.305,0.414636416498478,-0.261355314639132,0,0,0,0,0,0,0,0
4.306,0.414660590222646,-0.261370551919396,0,0,0,0,0,0,0,0
4.307,0.414684819479128,-0.261385824203015,0,0,0,0,0,0,0,0
4.308,0.414709104113953,-0.261401131392936,0,0,0,0,0,0,0,0
4.309,0.414733443973148,-0.261416473392107,0,0,0,0,0,0,0,0
4.31,0.414757838902743,-0.261431850103477,0,0,0,0,0,0,0,0
4.311,0.414782288748766,-0.261447261429993,0,0,0,0,0,0,0,0
4.312,0.414806793357246,-0.261462707274604,0,0,0,0,0,0,0,0
4.313,0.414831352574212,-0.261478187540259,0,0,0,0,0,0,0,0
4.314,0.414855966245693,-0.261493702129905,0,0,0,0,0,0,0,0
4.315,0.414880634217716,-0.26150925094649,0,0,0,0,0,0,0,0
4.316,0.414905356336311,-0.261524833892963,0,0,0,0,0,0,0,0
4.317,0.414930132447507,-0.261540450872272,0,0,0,0,0,0,0,0
4.318,0.414954962397332,-0.261556101787365,0,0,0,0,0,0,0,0
4.319,0.414979846031815,-0.26157178654119,0,0,0,0,0,0,0,0
4.32,0.415004783196985,-0.261587505036695,0,0,0,0,0,0,0,0
4.321,0.41502977373887,-0.261603257176829,0,0,0,0,0,0,0,0
4.322,0.4150548175035,-0.26161904286454,0,0,0,0,0,0,0,0
4.323,0.415079914336902,-0.261634862002776,0,0,0,0,0,0,0,0
4.324,0.415105064085105,-0.261650714494485,0,0,0,0,0,0,0,0
4.325,0.415130266594139,-0.261666600242616,0,0,0,0,0,0,0,0
4.326,0.415155521710031,-0.261682519150116,0,0,0,0,0,0,0,0
4.327,0.415180829278812,-0.261698471119933,0,0,0,0,0,0,0,0
4.328,0.415206189146508,-0.261714456055017,0,0,0,0,0,0,0,0
4.329,0.41523160115915,-0.261730473858314,0,0,0,0,0,0,0,0
4.33,0.415257065162765,-0.261746524432775,0,0,0,0,0,0,0,0
4.331,0.415282581003382,-0.261762607681345,0,0,0,0,0,0,0,0
4.332,0.415308148527031,-0.261778723506974,0,0,0,0,0,0,0,0
4.333,0.41533376757974,-0.26179487181261,0,0,0,0,0,0,0,0
4.334,0.415359438007537,-0.261811052501201,0,0,0,0,0,0,0,0
4.335,0.415385159656452,-0.261827265475695,0,0,0,0,0,0,0,0
4.336,0.415410932372512,-0.261843510639041,0,0,0,0,0,0,0,0
4.337,0.415436756001747,-0.261859787894186,0,0,0,0,0,0,0,0
4.338,0.415462630390185,-0.261876097144079,0,0,0,0,0,0,0,0
4.339,0.415488555383856,-0.261892438291668,0,0,0,0,0,0,0,0
4.34,0.415514530828787,-0.261908811239901,0,0,0,0,0,0,0,0
4.341,0.415540556571008,-0.261925215891727,0,0,0,0,0,0,0,0
4.342,0.415566632456547,-0.261941652150093,0,0,0,0,0,0,0,0
4.343,0.415592758331433,-0.261958119917948,0,0,0,0,0,0,0,0
4.344,0.415618934041694,-0.261974619098239,0,0,0,0,0,0,0,0
4.345,0.41564515943336,-0.261991149593916,0,0,0,0,0,0,0,0
4.346,0.415671434352459,-0.262007711307926,0,0,0,0,0,0,0,0
4.347,0.415697758645019,-0.262024304143217,0,0,0,0,0,0,0,0
4.348,0.41572413215707,-0.262040928002738,0,0,0,0,0,0,0,0
4.349,0.41575055473464,-0.262057582789437,0,0,0,0,0,0,0,0
4.35,0.415777026223758,-0.262074268406262,0,0,0,0,0,0,0,0
4.351,0.415803546470453,-0.262090984756162,0,0,0,0,0,0,0,0
4.352,0.415830115320752,-0.262107731742083,0,0,0,0,0,0,0,0
4.353,0.415856732620686,-0.262124509266975,0,0,0,0,0,0,0,0
4.354,0.415883398216282,-0.262141317233786,0,0,0,0,0,0,0,0
4.355,0.41591011195357,-0.262158155545464,0,0,0,0,0,0,0,0
4.356,0.415936873678577,-0.262175024104957,0,0,0,0,0,0,0,0
4.357,0.415963683237334,-0.262191922815213,0,0,0,0,0,0,0,0
4.358,0.415990540475868,-0.262208851579181,0,0,0,0,0,0,0,0
4.359,0.416017445240208,-0.262225810299809,0,0,0,0,0,0,0,0
4.36,0.416044397376383,-0.262242798880044,0,0,0,0,0,0,0,0
4.361,0.416071396730422,-0.262259817222836,0,0,0,0,0,0,0,0
4.362,0.416098443148353,-0.262276865231132,0,0,0,0,0,0,0,0
4.363,0.416125536476205,-0.26229394280788,0,0,0,0,0,0,0,0
4.364,0.416152676560006,-0.262311049856029,0,0,0,0,0,0,0,0
4.365,0.416179863245786,-0.262328186278527,0,0,0,0,0,0,0,0
4.366,0.416207096379574,-0.262345351978321,0,0,0,0,0,0,0,0
4.367,0.416234375807397,-0.262362546858361,0,0,0,0,0,0,0,0
4.368,0.416261701375284,-0.262379770821595,0,0,0,0,0,0,0,0
4.369,0.416289072929265,-0.262397023770969,0,0,0,0,0,0,0,0
4.37,0.416316490315368,-0.262414305609434,0,0,0,0,0,0,0,0
4.371,0.416343953379621,-0.262431616239937,0,0,0,0,0,0,0,0
4.372,0.416371461968054,-0.262448955565425,0,0,0,0,0,0,0,0
4.373,0.416399015926695,-0.262466323488848,0,0,0,0,0,0,0,0
4.374,0.416426615101573,-0.262483719913154,0,0,0,0,0,0,0,0
4.375,0.416454259338716,-0.26250114474129,0,0,0,0,0,0,0,0
4.376,0.416481948484153,-0.262518597876205,0,0,0,0,0,0,0,0
4.377,0.416509682383913,-0.262536079220847,0,0,0,0,0,0,0,0
4.378,0.416537460884025,-0.262553588678165,0,0,0,0,0,0,0,0
4.379,0.416565283830517,-0.262571126151105,0,0,0,0,0,0,0,0
4.38,0.416593151069418,-0.262588691542618,0,0,0,0,0,0,0,0
4.381,0.416621062446757,-0.26260628475565,0,0,0,0,0,0,0,0
4.382,0.416649017808562,-0.26262390569315,0,0,0,0,0,0,0,0
4.383,0.416677017000863,-0.262641554258067,0,0,0,0,0,0,0,0
4.384,0.416705059869687,-0.262659230353348,0,0,0,0,0,0,0,0
4.385,0.416733146261064,-0.262676933881941,0,0,0,0,0,0,0,0
4.386,0.416761276021022,-0.262694664746795,0,0,0,0,0,0,0,0
4.387,0.41678944899559,-0.262712422850858,0,0,0,0,0,0,0,0
4.388,0.416817665030796,-0.262730208097078,0,0,0,0,0,0,0,0
4.389,0.41684592397267,-0.262748020388404,0,0,0,0,0,0,0,0
4.39,0.41687422566724,-0.262765859627783,0,0,0,0,0,0,0,0
4.391,0.416902569960535,-0.262783725718164,0,0,0,0,0,0,0,0
4.392,0.416930956698583,-0.262801618562494,0,0,0,0,0,0,0,0
4.393,0.416959385727413,-0.262819538063723,0,0,0,0,0,0,0,0
4.394,0.416987856893055,-0.262837484124797,0,0,0,0,0,0,0,0
4.395,0.417016370041535,-0.262855456648667,0,0,0,0,0,0,0,0
4.396,0.417044925018885,-0.262873455538279,0,0,0,0,0,0,0,0
4.397,0.417073521671131,-0.262891480696581,0,0,0,0,0,0,0,0
4.398,0.417102159844303,-0.262909532026523,0,0,0,0,0,0,0,0
4.399,0.417130839384429,-0.262927609431052,0,0,0,0,0,0,0,0
4.4,0.417159560137538,-0.262945712813116,0,0,0,0,0,0,0,0
4.401,0.417188321949659,-0.262963842075663,0,0,0,0,0,0,0,0
4.402,0.417217124666821,-0.262981997121643,0,0,0,0,0,0,0,0
4.403,0.417245968135052,-0.263000177854002,0,0,0,0,0,0,0,0
4.404,0.417274852200381,-0.26301838417569,0,0,0,0,0,0,0,0
4.405,0.417303776708837,-0.263036615989653,0,0,0,0,0,0,0,0
4.406,0.417332741506448,-0.263054873198842,0,0,0,0,0,0,0,0
4.407,0.417361746439243,-0.263073155706202,0,0,0,0,0,0,0,0
4.408,0.41739079135325,-0.263091463414684,0,0,0,0,0,0,0,0
4.409,0.4174198760945,-0.263109796227235,0,0,0,0,0,0,0,0
4.41,0.417449000509019,-0.263128154046803,0,0,0,0,0,0,0,0
4.411,0.417478164442837,-0.263146536776336,0,0,0,0,0,0,0,0
4.412,0.417507367741983,-0.263164944318783,0,0,0,0,0,0,0,0
4.413,0.417536610252485,-0.263183376577092,0,0,0,0,0,0,0,0
4.414,0.417565891820372,-0.263201833454211,0,0,0,0,0,0,0,0
4.415,0.417595212291673,-0.263220314853088,0,0,0,0,0,0,0,0
4.416,0.417624571512417,-0.263238820676671,0,0,0,0,0,0,0,0
4.417,0.417653969328631,-0.263257350827909,0,0,0,0,0,0,0,0
4.418,0.417683405586345,-0.263275905209749,0,0,0,0,0,0,0,0
4.419,0.417712880131588,-0.263294483725141,0,0,0,0,0,0,0,0
4.42,0.417742392810388,-0.263313086277031,0,0,0,0,0,0,0,0
4.421,0.417771943468774,-0.263331712768369,0,0,0,0,0,0,0,0
4.422,0.417801531952774,-0.263350363102102,0,0,0,0,0,0,0,0
4.423,0.417831158108418,-0.263369037181179,0,0,0,0,0,0,0,0
4.424,0.417860821781734,-0.263387734908548,0,0,0,0,0,0,0,0
4.425,0.417890522818751,-0.263406456187157,0,0,0,0,0,0,0,0
4.426,0.417920261065497,-0.263425200919954,0,0,0,0,0,0,0,0
4.427,0.417950036368001,-0.263443969009887,0,0,0,0,0,0,0,0
4.428,0.417979848572293,-0.263462760359905,0,0,0,0,0,0,0,0
4.429,0.418009697524399,-0.263481574872956,0,0,0,0,0,0,0,0
4.43,0.41803958307035,-0.263500412451987,0,0,0,0,0,0,0,0
4.431,0.418069505056175,-0.263519272999948,0,0,0,0,0,0,0,0
4.432,0.4180994633279,-0.263538156419787,0,0,0,0,0,0,0,0
4.433,0.418129457731557,-0.26355706261445,0,0,0,0,0,0,0,0
4.434,0.418159488113172,-0.263575991486888,0,0,0,0,0,0,0,0
4.435,0.418189554318775,-0.263594942940047,0,0,0,0,0,0,0,0
4.436,0.418219656194395,-0.263613916876876,0,0,0,0,0,0,0,0
4.437,0.41824979358606,-0.263632913200324,0,0,0,0,0,0,0,0
4.438,0.418279966339798,-0.263651931813338,0,0,0,0,0,0,0,0
4.439,0.41831017430164,-0.263670972618867,0,0,0,0,0,0,0,0
4.44,0.418340417317613,-0.263690035519858,0,0,0,0,0,0,0,0
4.441,0.418370695233745,-0.263709120419261,0,0,0,0,0,0,0,0
4.442,0.418401007896067,-0.263728227220023,0,0,0,0,0,0,0,0
4.443,0.418431355150606,-0.263747355825092,0,0,0,0,0,0,0,0
4.444,0.418461736843391,-0.263766506137417,0,0,0,0,0,0,0,0
4.445,0.418492152820451,-0.263785678059945,0,0,0,0,0,0,0,0
4.446,0.418522602927815,-0.263804871495625,0,0,0,0,0,0,0,0
4.447,0.418553087011511,-0.263824086347406,0,0,0,0,0,0,0,0
4.448,0.418583604917568,-0.263843322518235,0,0,0,0,0,0,0,0
4.449,0.418614156492015,-0.26386257991106,0,0,0,0,0,0,0,0
4.45,0.41864474158088,-0.26388185842883,0,0,0,0,0,0,0,0
4.451,0.418675360030192,-0.263901157974493,0,0,0,0,0,0,0,0
4.452,0.41870601168598,-0.263920478450997,0,0,0,0,0,0,0,0
4.453,0.418736696394272,-0.263939819761291,0,0,0,0,0,0,0,0
4.454,0.418767414001098,-0.263959181808321,0,0,0,0,0,0,0,0
4.455,0.418798164352486,-0.263978564495038,0,0,0,0,0,0,0,0
4.456,0.418828947294464,-0.263997967724388,0,0,0,0,0,0,0,0
4.457,0.418859762673062,-0.26401739139932,0,0,0,0,0,0,0,0
4.458,0.418890610334307,-0.264036835422783,0,0,0,0,0,0,0,0
4.459,0.41892149012423,-0.264056299697723,0,0,0,0,0,0,0,0
4.46,0.418952401888858,-0.264075784127091,0,0,0,0,0,0,0,0
4.461,0.41898334547422,-0.264095288613833,0,0,0,0,0,0,0,0
4.462,0.419014320726345,-0.264114813060898,0,0,0,0,0,0,0,0
4.463,0.419045327491261,-0.264134357371234,0,0,0,0,0,0,0,0
4.464,0.419076365614998,-0.264153921447789,0,0,0,0,0,0,0,0
4.465,0.419107434943584,-0.264173505193512,0,0,0,0,0,0,0,0
4.466,0.419138535323047,-0.264193108511351,0,0,0,0,0,0,0,0
4.467,0.419169666599417,-0.264212731304253,0,0,0,0,0,0,0,0
4.468,0.419200828618722,-0.264232373475167,0,0,0,0,0,0,0,0
4.469,0.419232021226991,-0.264252034927042,0,0,0,0,0,0,0,0
4.47,0.419263244270252,-0.264271715562825,0,0,0,0,0,0,0,0
4.471,0.419294497594534,-0.264291415285465,0,0,0,0,0,0,0,0
4.472,0.419325781045867,-0.26431113399791,0,0,0,0,0,0,0,0
4.473,0.419357094470278,-0.264330871603107,0,0,0,0,0,0,0,0
4.474,0.419388437713796,-0.264350628004006,0,0,0,0,0,0,0,0
4.475,0.419419810622451,-0.264370403103554,0,0,0,0,0,0,0,0
4.476,0.41945121304227,-0.2643901968047,0,0,0,0,0,0,0,0
4.477,0.419482644819283,-0.264410009010391,0,0,0,0,0,0,0,0
4.478,0.419514105799517,-0.264429839623576,0,0,0,0,0,0,0,0
4.479,0.419545595829003,-0.264449688547204,0,0,0,0,0,0,0,0
4.48,0.419577114753768,-0.264469555684222,0,0,0,0,0,0,0,0
4.481,0.419608662419842,-0.264489440937578,0,0,0,0,0,0,0,0
4.482,0.419640238673252,-0.264509344210221,0,0,0,0,0,0,0,0
4.483,0.419671843360029,-0.264529265405098,0,0,0,0,0,0,0,0
4.484,0.419703476326199,-0.264549204425159,0,0,0,0,0,0,0,0
4.485,0.419735137417793,-0.264569161173351,0,0,0,0,0,0,0,0
4.486,0.419766826480838,-0.264589135552622,0,0,0,0,0,0,0,0
4.487,0.419798543361364,-0.264609127465921,0,0,0,0,0,0,0,0
4.488,0.4198302879054,-0.264629136816196,0,0,0,0,0,0,0,0
4.489,0.419862059958973,-0.264649163506395,0,0,0,0,0,0,0,0
4.49,0.419893859368112,-0.264669207439466,0,0,0,0,0,0,0,0
4.491,0.419925685978848,-0.264689268518357,0,0,0,0,0,0,0,0
4.492,0.419957539637207,-0.264709346646017,0,0,0,0,0,0,0,0
4.493,0.419989420189219,-0.264729441725394,0,0,0,0,0,0,0,0
4.494,0.420021327480912,-0.264749553659435,0,0,0,0,0,0,0,0
4.495,0.420053261358315,-0.26476968235109,0,0,0,0,0,0,0,0
4.496,0.420085221667458,-0.264789827703305,0,0,0,0,0,0,0,0
4.497,0.420117208254368,-0.264809989619031,0,0,0,0,0,0,0,0
4.498,0.420149220965074,-0.264830168001214,0,0,0,0,0,0,0,0
4.499,0.420181259645605,-0.264850362752802,0,0,0,0,0,0,0,0
4.5,0.42021332414199,-0.264870573776745,0,0,0,0,0,0,0,0
4.501,0.420245414300257,-0.26489080097599,0,0,0,0,0,0,0,0
4.502,0.420277529966436,-0.264911044253486,0,0,0,0,0,0,0,0
4.503,0.420309670986554,-0.26493130351218,0,0,0,0,0,0,0,0
4.504,0.42034183720664,-0.26495157865502,0,0,0,0,0,0,0,0
4.505,0.420374028472724,-0.264971869584956,0,0,0,0,0,0,0,0
4.506,0.420406244630834,-0.264992176204935,0,0,0,0,0,0,0,0
4.507,0.420438485526998,-0.265012498417905,0,0,0,0,0,0,0,0
4.508,0.420470751007246,-0.265032836126815,0,0,0,0,0,0,0,0
4.509,0.420503040917606,-0.265053189234613,0,0,0,0,0,0,0,0
4.51,0.420535355104106,-0.265073557644246,0,0,0,0,0,0,0,0
4.511,0.420567693412776,-0.265093941258663,0,0,0,0,0,0,0,0
4.512,0.420600055689645,-0.265114339980813,0,0,0,0,0,0,0,0
4.513,0.420632441780739,-0.265134753713643,0,0,0,0,0,0,0,0
4.514,0.42066485153209,-0.265155182360102,0,0,0,0,0,0,0,0
4.515,0.420697284789725,-0.265175625823138,0,0,0,0,0,0,0,0
4.516,0.420729741399673,-0.265196084005698,0,0,0,0,0,0,0,0
4.517,0.420762221207962,-0.265216556810732,0,0,0,0,0,0,0,0
4.518,0.420794724060622,-0.265237044141187,0,0,0,0,0,0,0,0
4.519,0.420827249803681,-0.265257545900012,0,0,0,0,0,0,0,0
4.52,0.420859798283168,-0.265278061990155,0,0,0,0,0,0,0,0
4.521,0.420892369345111,-0.265298592314563,0,0,0,0,0,0,0,0
4.522,0.420924962835539,-0.265319136776186,0,0,0,0,0,0,0,0
4.523,0.420957578600482,-0.265339695277971,0,0,0,0,0,0,0,0
4.524,0.420990216485967,-0.265360267722867,0,0,0,0,0,0,0,0
4.525,0.421022876338023,-0.265380854013821,0,0,0,0,0,0,0,0
4.526,0.421055558002679,-0.265401454053782,0,0,0,0,0,0,0,0
4.527,0.421088261325964,-0.265422067745698,0,0,0,0,0,0,0,0
4.528,0.421120986153907,-0.265442694992517,0,0,0,0,0,0,0,0
4.529,0.421153732332536,-0.265463335697188,0,0,0,0,0,0,0,0
4.53,0.421186499707879,-0.265483989762659,0,0,0,0,0,0,0,0
4.531,0.421219288125966,-0.265504657091877,0,0,0,0,0,0,0,0
4.532,0.421252097432826,-0.265525337587791,0,0,0,0,0,0,0,0
4.533,0.421284927474486,-0.26554603115335,0,0,0,0,0,0,0,0
4.534,0.421317778096976,-0.265566737691501,0,0,0,0,0,0,0,0
4.535,0.421350649146324,-0.265587457105192,0,0,0,0,0,0,0,0
4.536,0.42138354046856,-0.265608189297372,0,0,0,0,0,0,0,0
4.537,0.421416451909711,-0.265628934170989,0,0,0,0,0,0,0,0
4.538,0.421449383315807,-0.265649691628992,0,0,0,0,0,0,0,0
4.539,0.421482334532876,-0.265670461574327,0,0,0,0,0,0,0,0
4.54,0.421515305406947,-0.265691243909944,0,0,0,0,0,0,0,0
4.541,0.421548295784048,-0.265712038538791,0,0,0,0,0,0,0,0
4.542,0.421581305510209,-0.265732845363816,0,0,0,0,0,0,0,0
4.543,0.421614334431458,-0.265753664287966,0,0,0,0,0,0,0,0
4.544,0.421647382393824,-0.265774495214191,0,0,0,0,0,0,0,0
4.545,0.421680449243335,-0.265795338045439,0,0,0,0,0,0,0,0
4.546,0.42171353482602,-0.265816192684657,0,0,0,0,0,0,0,0
4.547,0.421746638987908,-0.265837059034793,0,0,0,0,0,0,0,0
4.548,0.421779761575027,-0.265857936998797,0,0,0,0,0,0,0,0
4.549,0.421812902433407,-0.265878826479616,0,0,0,0,0,0,0,0
4.55,0.421846061409076,-0.265899727380198,0,0,0,0,0,0,0,0
4.551,0.421879238348062,-0.265920639603492,0,0,0,0,0,0,0,0
4.552,0.421912433096395,-0.265941563052446,0,0,0,0,0,0,0,0
4.553,0.421945645500103,-0.265962497630007,0,0,0,0,0,0,0,0
4.554,0.421978875405215,-0.265983443239125,0,0,0,0,0,0,0,0
4.555,0.422012122657759,-0.266004399782747,0,0,0,0,0,0,0,0
4.556,0.422045387103765,-0.266025367163821,0,0,0,0,0,0,0,0
4.557,0.42207866858926,-0.266046345285296,0,0,0,0,0,0,0,0
4.558,0.422111966960274,-0.26606733405012,0,0,0,0,0,0,0,0
4.559,0.422145282062835,-0.266088333361241,0,0,0,0,0,0,0,0
4.56,0.422178613742973,-0.266109343121607,0,0,0,0,0,0,0,0
4.561,0.422211961846715,-0.266130363234167,0,0,0,0,0,0,0,0
4.562,0.42224532622009,-0.266151393601868,0,0,0,0,0,0,0,0
4.563,0.422278706709128,-0.266172434127659,0,0,0,0,0,0,0,0
4.564,0.422312103159856,-0.266193484714488,0,0,0,0,0,0,0,0
4.565,0.422345515418304,-0.266214545265303,0,0,0,0,0,0,0,0
4.566,0.4223789433305,-0.266235615683053,0,0,0,0,0,0,0,0
4.567,0.422412386742474,-0.266256695870685,0,0,0,0,0,0,0,0
4.568,0.422445845500252,-0.266277785731148,0,0,0,0,0,0,0,0
4.569,0.422479319449866,-0.266298885167389,0,0,0,0,0,0,0,0
4.57,0.422512808437342,-0.266319994082358,0,0,0,0,0,0,0,0
4.571,0.42254631230871,-0.266341112379002,0,0,0,0,0,0,0,0
4.572,0.422579830909999,-0.26636223996027,0,0,0,0,0,0,0,0
4.573,0.422613364087237,-0.266383376729109,0,0,0,0,0,0,0,0
4.574,0.422646911686452,-0.266404522588468,0,0,0,0,0,0,0,0
4.575,0.422680473553675,-0.266425677441295,0,0,0,0,0,0,0,0
4.576,0.422714049534932,-0.266446841190538,0,0,0,0,0,0,0,0
4.577,0.422747639476254,-0.266468013739146,0,0,0,0,0,0,0,0
4.578,0.422781243223668,-0.266489194990066,0,0,0,0,0,0,0,0
4.579,0.422814860623204,-0.266510384846247,0,0,0,0,0,0,0,0
4.58,0.42284849152089,-0.266531583210637,0,0,0,0,0,0,0,0
4.581,0.422882135762755,-0.266552789986185,0,0,0,0,0,0,0,0
4.582,0.422915793194827,-0.266574005075837,0,0,0,0,0,0,0,0
4.583,0.422949463663136,-0.266595228382543,0,0,0,0,0,0,0,0
4.584,0.42298314701371,-0.266616459809251,0,0,0,0,0,0,0,0
4.585,0.423016843092577,-0.266637699258909,0,0,0,0,0,0,0,0
4.586,0.423050551745766,-0.266658946634464,0,0,0,0,0,0,0,0
4.587,0.423084272819307,-0.266680201838866,0,0,0,0,0,0,0,0
4.588,0.423118006159228,-0.266701464775063,0,0,0,0,0,0,0,0
4.589,0.423151751611557,-0.266722735346002,0,0,0,0,0,0,0,0
4.59,0.423185509022323,-0.266744013454632,0,0,0,0,0,0,0,0
4.591,0.423219278237555,-0.266765299003901,0,0,0,0,0,0,0,0
4.592,0.423253059103281,-0.266786591896757,0,0,0,0,0,0,0,0
4.593,0.423286851465531,-0.266807892036149,0,0,0,0,0,0,0,0
4.594,0.423320655170333,-0.266829199325024,0,0,0,0,0,0,0,0
4.595,0.423354470063716,-0.266850513666331,0,0,0,0,0,0,0,0
4.596,0.423388295991708,-0.266871834963018,0,0,0,0,0,0,0,0
4.597,0.423422132800338,-0.266893163118033,0,0,0,0,0,0,0,0
4.598,0.423455980335636,-0.266914498034324,0,0,0,0,0,0,0,0
4.599,0.423489838443628,-0.26693583961484,0,0,0,0,0,0,0,0
4.6,0.423523706970345,-0.266957187762528,0,0,0,0,0,0,0,0
4.601,0.423557585761815,-0.266978542380338,0,0,0,0,0,0,0,0
4.602,0.423591474664067,-0.266999903371216,0,0,0,0,0,0,0,0
4.603,0.423625373523128,-0.267021270638112,0,0,0,0,0,0,0,0
4.604,0.423659282185029,-0.267042644083973,0,0,0,0,0,0,0,0
4.605,0.423693200495798,-0.267064023611748,0,0,0,0,0,0,0,0
4.606,0.423727128301463,-0.267085409124385,0,0,0,0,0,0,0,0
4.607,0.423761065448054,-0.267106800524831,0,0,0,0,0,0,0,0
4.608,0.423795011781598,-0.267128197716036,0,0,0,0,0,0,0,0
4.609,0.423828967148125,-0.267149600600948,0,0,0,0,0,0,0,0
4.61,0.423862931393663,-0.267171009082513,0,0,0,0,0,0,0,0
4.611,0.423896904364241,-0.267192423063682,0,0,0,0,0,0,0,0
4.612,0.423930885905888,-0.267213842447401,0,0,0,0,0,0,0,0
4.613,0.423964875864633,-0.26723526713662,0,0,0,0,0,0,0,0
4.614,0.423998874086503,-0.267256697034286,0,0,0,0,0,0,0,0
4.615,0.424032880417529,-0.267278132043347,0,0,0,0,0,0,0,0
4.616,0.424066894703737,-0.267299572066753,0,0,0,0,0,0,0,0
4.617,0.424100916791159,-0.26732101700745,0,0,0,0,0,0,0,0
4.618,0.424134946525821,-0.267342466768387,0,0,0,0,0,0,0,0
4.619,0.424168983753752,-0.267363921252512,0,0,0,0,0,0,0,0
4.62,0.424203028320983,-0.267385380362774,0,0,0,0,0,0,0,0
4.621,0.42423708007354,-0.26740684400212,0,0,0,0,0,0,0,0
4.622,0.424271138857453,-0.267428312073499,0,0,0,0,0,0,0,0
4.623,0.42430520451875,-0.267449784479859,0,0,0,0,0,0,0,0
4.624,0.424339276903461,-0.267471261124149,0,0,0,0,0,0,0,0
4.625,0.424373355857613,-0.267492741909315,0,0,0,0,0,0,0,0
4.626,0.424407441227236,-0.267514226738308,0,0,0,0,0,0,0,0
4.627,0.424441532858359,-0.267535715514074,0,0,0,0,0,0,0,0
4.628,0.424475630597009,-0.267557208139562,0,0,0,0,0,0,0,0
4.629,0.424509734289216,-0.26757870451772,0,0,0,0,0,0,0,0
4.63,0.424543843781009,-0.267600204551496,0,0,0,0,0,0,0,0
4.631,0.424577958918415,-0.267621708143839,0,0,0,0,0,0,0,0
4.632,0.424612079547465,-0.267643215197696,0,0,0,0,0,0,0,0
4.633,0.424646205514186,-0.267664725616017,0,0,0,0,0,0,0,0
4.634,0.424680336664607,-0.267686239301748,0,0,0,0,0,0,0,0
4.635,0.424714472844757,-0.267707756157839,0,0,0,0,0,0,0,0
4.636,0.424748613900665,-0.267729276087237,0,0,0,0,0,0,0,0
4.637,0.42478275967836,-0.267750798992891,0,0,0,0,0,0,0,0
4.638,0.424816910023869,-0.267772324777748,0,0,0,0,0,0,0,0
4.639,0.424851064783222,-0.267793853344758,0,0,0,0,0,0,0,0
4.64,0.424885223802448,-0.267815384596867,0,0,0,0,0,0,0,0
4.641,0.424919386927574,-0.267836918437025,0,0,0,0,0,0,0,0
4.642,0.424953554004631,-0.26785845476818,0,0,0,0,0,0,0,0
4.643,0.424987724879646,-0.267879993493279,0,0,0,0,0,0,0,0
4.644,0.425021899398649,-0.267901534515271,0,0,0,0,0,0,0,0
4.645,0.425056077407667,-0.267923077737104,0,0,0,0,0,0,0,0
4.646,0.42509025875273,-0.267944623061727,0,0,0,0,0,0,0,0
4.647,0.425124443279867,-0.267966170392087,0,0,0,0,0,0,0,0
4.648,0.425158630835106,-0.267987719631133,0,0,0,0,0,0,0,0
4.649,0.425192821264476,-0.268009270681812,0,0,0,0,0,0,0,0
4.65,0.425227014414005,-0.268030823447074,0,0,0,0,0,0,0,0
4.651,0.425261210129722,-0.268052377829866,0,0,0,0,0,0,0,0
4.652,0.425295408257656,-0.268073933733136,0,0,0,0,0,0,0,0
4.653,0.425329608643836,-0.268095491059833,0,0,0,0,0,0,0,0
4.654,0.425363811134291,-0.268117049712904,0,0,0,0,0,0,0,0
4.655,0.425398015575048,-0.268138609595299,0,0,0,0,0,0,0,0
4.656,0.425432221812137,-0.268160170609964,0,0,0,0,0,0,0,0
4.657,0.425466429691587,-0.268181732659849,0,0,0,0,0,0,0,0
4.658,0.425500639059426,-0.268203295647902,0,0,0,0,0,0,0,0
4.659,0.425534849761682,-0.26822485947707,0,0,0,0,0,0,0,0
4.66,0.425569061644386,-0.268246424050303,0,0,0,0,0,0,0,0
4.661,0.425603274553564,-0.268267989270547,0,0,0,0,0,0,0,0
4.662,0.425637488335247,-0.268289555040751,0,0,0,0,0,0,0,0
4.663,0.425671702835462,-0.268311121263864,0,0,0,0,0,0,0,0
4.664,0.425705917900239,-0.268332687842834,0,0,0,0,0,0,0,0
4.665,0.425740133375606,-0.268354254680609,0,0,0,0,0,0,0,0
4.666,0.425774349107591,-0.268375821680136,0,0,0,0,0,0,0,0
4.667,0.425808564942224,-0.268397388744365,0,0,0,0,0,0,0,0
4.668,0.425842780725534,-0.268418955776243,0,0,0,0,0,0,0,0
4.669,0.425876996303548,-0.268440522678719,0,0,0,0,0,0,0,0
4.67,0.425911211522296,-0.26846208935474,0,0,0,0,0,0,0,0
4.671,0.425945426227807,-0.268483655707256,0,0,0,0,0,0,0,0
4.672,0.425979640266108,-0.268505221639213,0,0,0,0,0,0,0,0
4.673,0.426013853483229,-0.268526787053561,0,0,0,0,0,0,0,0
4.674,0.426048065725199,-0.268548351853247,0,0,0,0,0,0,0,0
4.675,0.426082276838046,-0.268569915941221,0,0,0,0,0,0,0,0
4.676,0.426116486667798,-0.268591479220429,0,0,0,0,0,0,0,0
4.677,0.426150695060486,-0.26861304159382,0,0,0,0,0,0,0,0
4.678,0.426184901862136,-0.268634602964342,0,0,0,0,0,0,0,0
4.679,0.426219106918779,-0.268656163234944,0,0,0,0,0,0,0,0
4.68,0.426253310076442,-0.268677722308573,0,0,0,0,0,0,0,0
4.681,0.426287511181155,-0.268699280088179,0,0,0,0,0,0,0,0
4.682,0.426321710078945,-0.268720836476708,0,0,0,0,0,0,0,0
4.683,0.426355906615843,-0.268742391377109,0,0,0,0,0,0,0,0
4.684,0.426390100637876,-0.268763944692331,0,0,0,0,0,0,0,0
4.685,0.426424291991074,-0.268785496325322,0,0,0,0,0,0,0,0
4.686,0.426458480521464,-0.268807046179029,0,0,0,0,0,0,0,0
4.687,0.426492666075076,-0.268828594156401,0,0,0,0,0,0,0,0
4.688,0.426526848497938,-0.268850140160386,0,0,0,0,0,0,0,0
4.689,0.42656102763608,-0.268871684093933,0,0,0,0,0,0,0,0
4.69,0.426595203335529,-0.268893225859989,0,0,0,0,0,0,0,0
4.691,0.426629375442314,-0.268914765361502,0,0,0,0,0,0,0,0
4.692,0.426663543802465,-0.268936302501422,0,0,0,0,0,0,0,0
4.693,0.42669770826201,-0.268957837182696,0,0,0,0,0,0,0,0
4.694,0.426731868666977,-0.268979369308272,0,0,0,0,0,0,0,0
4.695,0.426766024863395,-0.269000898781098,0,0,0,0,0,0,0,0
4.696,0.426800176697294,-0.269022425504123,0,0,0,0,0,0,0,0
4.697,0.426834324014701,-0.269043949380295,0,0,0,0,0,0,0,0
4.698,0.426868466661646,-0.269065470312562,0,0,0,0,0,0,0,0
4.699,0.426902604484156,-0.269086988203872,0,0,0,0,0,0,0,0
4.7,0.426936737328262,-0.269108502957173,0,0,0,0,0,0,0,0
4.701,0.426970865039991,-0.269130014475414,0,0,0,0,0,0,0,0
4.702,0.427004987465372,-0.269151522661543,0,0,0,0,0,0,0,0
4.703,0.427039104450434,-0.269173027418507,0,0,0,0,0,0,0,0
4.704,0.427073215841206,-0.269194528649256,0,0,0,0,0,0,0,0
4.705,0.427107321483716,-0.269216026256737,0,0,0,0,0,0,0,0
4.706,0.427141421223994,-0.269237520143898,0,0,0,0,0,0,0,0
4.707,0.427175514908067,-0.269259010213689,0,0,0,0,0,0,0,0
4.708,0.427209602381964,-0.269280496369056,0,0,0,0,0,0,0,0
4.709,0.427243683491715,-0.269301978512948,0,0,0,0,0,0,0,0
4.71,0.427277758083347,-0.269323456548313,0,0,0,0,0,0,0,0
4.711,0.42731182600289,-0.2693449303781,0,0,0,0,0,0,0,0
4.712,0.427345887096373,-0.269366399905256,0,0,0,0,0,0,0,0
4.713,0.427379941209823,-0.26938786503273,0,0,0,0,0,0,0,0
4.714,0.42741398818927,-0.269409325663471,0,0,0,0,0,0,0,0
4.715,0.427448027880742,-0.269430781700425,0,0,0,0,0,0,0,0
4.716,0.427482060130269,-0.269452233046542,0,0,0,0,0,0,0,0
4.717,0.427516084783878,-0.269473679604769,0,0,0,0,0,0,0,0
4.718,0.427550101687599,-0.269495121278055,0,0,0,0,0,0,0,0
4.719,0.42758411068746,-0.269516557969348,0,0,0,0,0,0,0,0
4.72,0.42761811162949,-0.269537989581596,0,0,0,0,0,0,0,0
4.721,0.427652104359718,-0.269559416017747,0,0,0,0,0,0,0,0
4.722,0.427686088724172,-0.26958083718075,0,0,0,0,0,0,0,0
4.723,0.427720064568881,-0.269602252973552,0,0,0,0,0,0,0,0
4.724,0.427754031739874,-0.269623663299102,0,0,0,0,0,0,0,0
4.725,0.427787990083179,-0.269645068060349,0,0,0,0,0,0,0,0
4.726,0.427821939444826,-0.269666467160239,0,0,0,0,0,0,0,0
4.727,0.427855879670842,-0.269687860501722,0,0,0,0,0,0,0,0
4.728,0.427889810607257,-0.269709247987746,0,0,0,0,0,0,0,0
4.729,0.427923732100099,-0.269730629521258,0,0,0,0,0,0,0,0
4.73,0.427957643995397,-0.269752005005207,0,0,0,0,0,0,0,0
4.731,0.42799154613918,-0.269773374342542,0,0,0,0,0,0,0,0
4.732,0.428025438377476,-0.26979473743621,0,0,0,0,0,0,0,0
4.733,0.428059320556315,-0.269816094189159,0,0,0,0,0,0,0,0
4.734,0.428093192521724,-0.269837444504338,0,0,0,0,0,0,0,0
4.735,0.428127054119732,-0.269858788284695,0,0,0,0,0,0,0,0
4.736,0.428160905196369,-0.269880125433178,0,0,0,0,0,0,0,0
4.737,0.428194745597663,-0.269901455852735,0,0,0,0,0,0,0,0
4.738,0.428228575169642,-0.269922779446315,0,0,0,0,0,0,0,0
4.739,0.428262393758336,-0.269944096116865,0,0,0,0,0,0,0,0
4.74,0.428296201209773,-0.269965405767335,0,0,0,0,0,0,0,0
4.741,0.428329997369982,-0.269986708300671,0,0,0,0,0,0,0,0
4.742,0.428363782084991,-0.270008003619823,0,0,0,0,0,0,0,0
4.743,0.428397555200829,-0.270029291627737,0,0,0,0,0,0,0,0
4.744,0.428431316563525,-0.270050572227364,0,0,0,0,0,0,0,0
4.745,0.428465066019107,-0.27007184532165,0,0,0,0,0,0,0,0
4.746,0.428498803413605,-0.270093110813544,0,0,0,0,0,0,0,0
4.747,0.428532528593047,-0.270114368605995,0,0,0,0,0,0,0,0
4.748,0.428566241403462,-0.270135618601949,0,0,0,0,0,0,0,0
4.749,0.428599941690878,-0.270156860704357,0,0,0,0,0,0,0,0
4.75,0.428633629301324,-0.270178094816165,0,0,0,0,0,0,0,0
4.751,0.428667304080829,-0.270199320840321,0,0,0,0,0,0,0,0
4.752,0.428700965875421,-0.270220538679775,0,0,0,0,0,0,0,0
4.753,0.428734614531129,-0.270241748237475,0,0,0,0,0,0,0,0
4.754,0.428768249893983,-0.270262949416367,0,0,0,0,0,0,0,0
4.755,0.42880187181001,-0.270284142119401,0,0,0,0,0,0,0,0
4.756,0.42883548012524,-0.270305326249526,0,0,0,0,0,0,0,0
4.757,0.4288690746857,-0.270326501709688,0,0,0,0,0,0,0,0
4.758,0.42890265533742,-0.270347668402836,0,0,0,0,0,0,0,0
4.759,0.428936221926429,-0.270368826231919,0,0,0,0,0,0,0,0
4.76,0.428969774298755,-0.270389975099884,0,0,0,0,0,0,0,0
4.761,0.429003312300427,-0.27041111490968,0,0,0,0,0,0,0,0
4.762,0.429036835777473,-0.270432245564255,0,0,0,0,0,0,0,0
4.763,0.429070344575922,-0.270453366966557,0,0,0,0,0,0,0,0
4.764,0.429103838541804,-0.270474479019534,0,0,0,0,0,0,0,0
4.765,0.429137317521146,-0.270495581626135,0,0,0,0,0,0,0,0
4.766,0.429170781359978,-0.270516674689308,0,0,0,0,0,0,0,0
4.767,0.429204229904327,-0.270537758112,0,0,0,0,0,0,0,0
4.768,0.429237663000224,-0.270558831797161,0,0,0,0,0,0,0,0
4.769,0.429271080493696,-0.270579895647738,0,0,0,0,0,0,0,0
4.77,0.429304482230772,-0.270600949566679,0,0,0,0,0,0,0,0
4.771,0.429337868057481,-0.270621993456933,0,0,0,0,0,0,0,0
4.772,0.429371237819852,-0.270643027221448,0,0,0,0,0,0,0,0
4.773,0.429404591363913,-0.270664050763171,0,0,0,0,0,0,0,0
4.774,0.429437928535693,-0.270685063985052,0,0,0,0,0,0,0,0
4.775,0.429471249181221,-0.270706066790038,0,0,0,0,0,0,0,0
4.776,0.429504553146526,-0.270727059081078,0,0,0,0,0,0,0,0
4.777,0.429537840277635,-0.27074804076112,0,0,0,0,0,0,0,0
4.778,0.429571110420578,-0.270769011733111,0,0,0,0,0,0,0,0
4.779,0.429604363421384,-0.270789971900001,0,0,0,0,0,0,0,0
4.78,0.429637599126081,-0.270810921164737,0,0,0,0,0,0,0,0
4.781,0.429670817380699,-0.270831859430267,0,0,0,0,0,0,0,0
4.782,0.429704018031264,-0.27085278659954,0,0,0,0,0,0,0,0
4.783,0.429737200923808,-0.270873702575504,0,0,0,0,0,0,0,0
4.784,0.429770365904357,-0.270894607261107,0,0,0,0,0,0,0,0
4.785,0.429803512818941,-0.270915500559297,0,0,0,0,0,0,0,0
4.786,0.429836641513588,-0.270936382373023,0,0,0,0,0,0,0,0
4.787,0.429869751834328,-0.270957252605232,0,0,0,0,0,0,0,0
4.788,0.429902843627189,-0.270978111158873,0,0,0,0,0,0,0,0
4.789,0.429935916738199,-0.270998957936895,0,0,0,0,0,0,0,0
4.79,0.429968971013388,-0.271019792842244,0,0,0,0,0,0,0,0
4.791,0.430002006298784,-0.271040615777869,0,0,0,0,0,0,0,0
4.792,0.430035022440415,-0.27106142664672,0,0,0,0,0,0,0,0
4.793,0.430068019284311,-0.271082225351743,0,0,0,0,0,0,0,0
4.794,0.4301009966765,-0.271103011795886,0,0,0,0,0,0,0,0
4.795,0.430133954463011,-0.271123785882099,0,0,0,0,0,0,0,0
4.796,0.430166892489872,-0.271144547513329,0,0,0,0,0,0,0,0
4.797,0.430199810603113,-0.271165296592525,0,0,0,0,0,0,0,0
4.798,0.430232708648762,-0.271186033022635,0,0,0,0,0,0,0,0
4.799,0.430265586472847,-0.271206756706606,0,0,0,0,0,0,0,0
4.8,0.430298443921398,-0.271227467547387,0,0,0,0,0,0,0,0
4.801,0.430331280840442,-0.271248165447927,0,0,0,0,0,0,0,0
4.802,0.43036409707601,-0.271268850311172,0,0,0,0,0,0,0,0
4.803,0.430396892474129,-0.271289522040073,0,0,0,0,0,0,0,0
4.804,0.430429666880829,-0.271310180537576,0,0,0,0,0,0,0,0
4.805,0.430462420142137,-0.27133082570663,0,0,0,0,0,0,0,0
4.806,0.430495152104083,-0.271351457450184,0,0,0,0,0,0,0,0
4.807,0.430527862612695,-0.271372075671185,0,0,0,0,0,0,0,0
4.808,0.430560551514002,-0.271392680272581,0,0,0,0,0,0,0,0
4.809,0.430593218654033,-0.271413271157321,0,0,0,0,0,0,0,0
4.81,0.430625863878816,-0.271433848228353,0,0,0,0,0,0,0,0
4.811,0.430658487034381,-0.271454411388625,0,0,0,0,0,0,0,0
4.812,0.430691087966755,-0.271474960541085,0,0,0,0,0,0,0,0
4.813,0.430723666521968,-0.271495495588682,0,0,0,0,0,0,0,0
4.814,0.430756222546048,-0.271516016434364,0,0,0,0,0,0,0,0
4.815,0.430788755885024,-0.271536522981078,0,0,0,0,0,0,0,0
4.816,0.430821266384925,-0.271557015131773,0,0,0,0,0,0,0,0
4.817,0.430853753891779,-0.271577492789398,0,0,0,0,0,0,0,0
4.818,0.430886218251615,-0.2715979558569,0,0,0,0,0,0,0,0
4.819,0.430918659310463,-0.271618404237227,0,0,0,0,0,0,0,0
4.82,0.430951076914349,-0.271638837833328,0,0,0,0,0,0,0,0
4.821,0.430983470909304,-0.271659256548152,0,0,0,0,0,0,0,0
4.822,0.431015841141355,-0.271679660284645,0,0,0,0,0,0,0,0
4.823,0.431048187456533,-0.271700048945757,0,0,0,0,0,0,0,0
4.824,0.431080509700864,-0.271720422434435,0,0,0,0,0,0,0,0
4.825,0.431112807720379,-0.271740780653628,0,0,0,0,0,0,0,0
4.826,0.431145081361105,-0.271761123506284,0,0,0,0,0,0,0,0
4.827,0.431177330469072,-0.271781450895351,0,0,0,0,0,0,0,0
4.828,0.431209554890308,-0.271801762723777,0,0,0,0,0,0,0,0
4.829,0.431241754470842,-0.271822058894511,0,0,0,0,0,0,0,0
4.83,0.431273929056702,-0.2718423393105,0,0,0,0,0,0,0,0
4.831,0.431306078493918,-0.271862603874693,0,0,0,0,0,0,0,0
4.832,0.431338202628517,-0.271882852490038,0,0,0,0,0,0,0,0
4.833,0.431370301306529,-0.271903085059484,0,0,0,0,0,0,0,0
4.834,0.431402374373983,-0.271923301485977,0,0,0,0,0,0,0,0
4.835,0.431434421676907,-0.271943501672468,0,0,0,0,0,0,0,0
4.836,0.431466443061329,-0.271963685521903,0,0,0,0,0,0,0,0
4.837,0.431498438373279,-0.271983852937231,0,0,0,0,0,0,0,0
4.838,0.431530407458785,-0.2720040038214,0,0,0,0,0,0,0,0
4.839,0.431562350163876,-0.272024138077359,0,0,0,0,0,0,0,0
4.84,0.431594266334581,-0.272044255608055,0,0,0,0,0,0,0,0
4.841,0.431626155816928,-0.272064356316436,0,0,0,0,0,0,0,0
4.842,0.431658018456946,-0.272084440105452,0,0,0,0,0,0,0,0
4.843,0.431689854100663,-0.272104506878049,0,0,0,0,0,0,0,0
4.844,0.43172166259411,-0.272124556537177,0,0,0,0,0,0,0,0
4.845,0.431753443783313,-0.272144588985784,0,0,0,0,0,0,0,0
4.846,0.431785197514302,-0.272164604126817,0,0,0,0,0,0,0,0
4.847,0.431816923633106,-0.272184601863225,0,0,0,0,0,0,0,0
4.848,0.431848621985753,-0.272204582097955,0,0,0,0,0,0,0,0
4.849,0.431880292418271,-0.272224544733957,0,0,0,0,0,0,0,0
4.85,0.431911934776691,-0.272244489674179,0,0,0,0,0,0,0,0
4.851,0.43194354890704,-0.272264416821568,0,0,0,0,0,0,0,0
4.852,0.431975134655347,-0.272284326079072,0,0,0,0,0,0,0,0
4.853,0.432006691867641,-0.272304217349641,0,0,0,0,0,0,0,0
4.854,0.43203822038995,-0.272324090536222,0,0,0,0,0,0,0,0
4.855,0.432069720068303,-0.272343945541763,0,0,0,0,0,0,0,0
4.856,0.43210119074873,-0.272363782269212,0,0,0,0,0,0,0,0
4.857,0.432132632277258,-0.272383600621518,0,0,0,0,0,0,0,0
4.858,0.432164044499916,-0.27240340050163,0,0,0,0,0,0,0,0
4.859,0.432195427262733,-0.272423181812494,0,0,0,0,0,0,0,0
4.86,0.432226780411738,-0.272442944457059,0,0,0,0,0,0,0,0
4.861,0.43225810379296,-0.272462688338274,0,0,0,0,0,0,0,0
4.862,0.432289397252426,-0.272482413359086,0,0,0,0,0,0,0,0
4.863,0.432320660636167,-0.272502119422445,0,0,0,0,0,0,0,0
4.864,0.432351893790209,-0.272521806431297,0,0,0,0,0,0,0,0
4.865,0.432383096560584,-0.272541474288591,0,0,0,0,0,0,0,0
4.866,0.432414268793318,-0.272561122897276,0,0,0,0,0,0,0,0
4.867,0.432445410334441,-0.272580752160299,0,0,0,0,0,0,0,0
4.868,0.432476521029981,-0.272600361980609,0,0,0,0,0,0,0,0
4.869,0.432507600725967,-0.272619952261154,0,0,0,0,0,0,0,0
4.87,0.432538649268428,-0.272639522904883,0,0,0,0,0,0,0,0
4.871,0.432569666503393,-0.272659073814742,0,0,0,0,0,0,0,0
4.872,0.432600652276889,-0.272678604893681,0,0,0,0,0,0,0,0
4.873,0.432631606434947,-0.272698116044647,0,0,0,0,0,0,0,0
4.874,0.432662528823594,-0.27271760717059,0,0,0,0,0,0,0,0
4.875,0.43269341928886,-0.272737078174456,0,0,0,0,0,0,0,0
4.876,0.432724277676772,-0.272756528959195,0,0,0,0,0,0,0,0
4.877,0.43275510383336,-0.272775959427754,0,0,0,0,0,0,0,0
4.878,0.432785897604653,-0.272795369483082,0,0,0,0,0,0,0,0
4.879,0.432816658836679,-0.272814759028126,0,0,0,0,0,0,0,0
4.88,0.432847387375466,-0.272834127965836,0,0,0,0,0,0,0,0
4.881,0.432878083067045,-0.272853476199158,0,0,0,0,0,0,0,0
4.882,0.432908745757442,-0.272872803631042,0,0,0,0,0,0,0,0
4.883,0.432939375292687,-0.272892110164436,0,0,0,0,0,0,0,0
4.884,0.432969971518809,-0.272911395702287,0,0,0,0,0,0,0,0
4.885,0.433000534281837,-0.272930660147544,0,0,0,0,0,0,0,0
4.886,0.433031063427798,-0.272949903403156,0,0,0,0,0,0,0,0
4.887,0.433061558802722,-0.272969125372069,0,0,0,0,0,0,0,0
4.888,0.433092020252638,-0.272988325957233,0,0,0,0,0,0,0,0
4.889,0.433122447623574,-0.273007505061596,0,0,0,0,0,0,0,0
4.89,0.433152840761559,-0.273026662588105,0,0,0,0,0,0,0,0
4.891,0.433183199512621,-0.27304579843971,0,0,0,0,0,0,0,0
4.892,0.43321352372279,-0.273064912519358,0,0,0,0,0,0,0,0
4.893,0.433243813238094,-0.273084004729997,0,0,0,0,0,0,0,0
4.894,0.433274067904561,-0.273103074974576,0,0,0,0,0,0,0,0
4.895,0.433304287568221,-0.273122123156042,0,0,0,0,0,0,0,0
4.896,0.433334472075102,-0.273141149177345,0,0,0,0,0,0,0,0
4.897,0.433364621271232,-0.273160152941431,0,0,0,0,0,0,0,0
4.898,0.433394735002642,-0.27317913435125,0,0,0,0,0,0,0,0
4.899,0.433424813115358,-0.27319809330975,0,0,0,0,0,0,0,0
4.9,0.433454855455411,-0.273217029719878,0,0,0,0,0,0,0,0
4.901,0.433484861868828,-0.273235943484583,0,0,0,0,0,0,0,0
4.902,0.433514832201639,-0.273254834506813,0,0,0,0,0,0,0,0
4.903,0.433544766299871,-0.273273702689517,0,0,0,0,0,0,0,0
4.904,0.433574664009554,-0.273292547935642,0,0,0,0,0,0,0,0
4.905,0.433604525176717,-0.273311370148136,0,0,0,0,0,0,0,0
4.906,0.433634349647388,-0.273330169229949,0,0,0,0,0,0,0,0
4.907,0.433664137267596,-0.273348945084027,0,0,0,0,0,0,0,0
4.908,0.43369388788337,-0.27336769761332,0,0,0,0,0,0,0,0
4.909,0.433723601340737,-0.273386426720775,0,0,0,0,0,0,0,0
4.91,0.433753277485728,-0.273405132309341,0,0,0,0,0,0,0,0
4.911,0.433782916164371,-0.273423814281965,0,0,0,0,0,0,0,0
4.912,0.433812517222694,-0.273442472541596,0,0,0,0,0,0,0,0
4.913,0.433842080506726,-0.273461106991183,0,0,0,0,0,0,0,0
4.914,0.433871605862496,-0.273479717533673,0,0,0,0,0,0,0,0
4.915,0.433901093136032,-0.273498304072014,0,0,0,0,0,0,0,0
4.916,0.433930542173364,-0.273516866509155,0,0,0,0,0,0,0,0
4.917,0.433959952820519,-0.273535404748044,0,0,0,0,0,0,0,0
4.918,0.433989324923527,-0.273553918691629,0,0,0,0,0,0,0,0
4.919,0.434018658328417,-0.273572408242858,0,0,0,0,0,0,0,0
4.92,0.434047952881217,-0.27359087330468,0,0,0,0,0,0,0,0
4.921,0.434077208427955,-0.273609313780042,0,0,0,0,0,0,0,0
4.922,0.434106424814661,-0.273627729571893,0,0,0,0,0,0,0,0
4.923,0.434135601887363,-0.273646120583181,0,0,0,0,0,0,0,0
4.924,0.43416473949209,-0.273664486716855,0,0,0,0,0,0,0,0
4.925,0.43419383747487,-0.273682827875861,0,0,0,0,0,0,0,0
4.926,0.434222895681733,-0.27370114396315,0,0,0,0,0,0,0,0
4.927,0.434251913958707,-0.273719434881668,0,0,0,0,0,0,0,0
4.928,0.434280892151821,-0.273737700534364,0,0,0,0,0,0,0,0
4.929,0.434309830107103,-0.273755940824186,0,0,0,0,0,0,0,0
4.93,0.434338727670582,-0.273774155654082,0,0,0,0,0,0,0,0
4.931,0.434367584688287,-0.273792344927001,0,0,0,0,0,0,0,0
4.932,0.434396401006246,-0.273810508545891,0,0,0,0,0,0,0,0
4.933,0.434425176470489,-0.273828646413699,0,0,0,0,0,0,0,0
4.934,0.434453910927043,-0.273846758433375,0,0,0,0,0,0,0,0
4.935,0.434482604221938,-0.273864844507865,0,0,0,0,0,0,0,0
4.936,0.434511256201203,-0.27388290454012,0,0,0,0,0,0,0,0
4.937,0.434539866710866,-0.273900938433085,0,0,0,0,0,0,0,0
4.938,0.434568435596955,-0.273918946089711,0,0,0,0,0,0,0,0
4.939,0.4345969627055,-0.273936927412945,0,0,0,0,0,0,0,0
4.94,0.434625447882529,-0.273954882305735,0,0,0,0,0,0,0,0
4.941,0.434653890974071,-0.273972810671029,0,0,0,0,0,0,0,0
4.942,0.434682291826154,-0.273990712411775,0,0,0,0,0,0,0,0
4.943,0.434710650284808,-0.274008587430923,0,0,0,0,0,0,0,0
4.944,0.434738966196061,-0.274026435631419,0,0,0,0,0,0,0,0
4.945,0.434767239405942,-0.274044256916213,0,0,0,0,0,0,0,0
4.946,0.434795469760479,-0.274062051188252,0,0,0,0,0,0,0,0
4.947,0.434823657105701,-0.274079818350484,0,0,0,0,0,0,0,0
4.948,0.434851801287636,-0.274097558305858,0,0,0,0,0,0,0,0
4.949,0.434879902152315,-0.274115270957322,0,0,0,0,0,0,0,0
4.95,0.434907959545764,-0.274132956207824,0,0,0,0,0,0,0,0
4.951,0.434935973314014,-0.274150613960312,0,0,0,0,0,0,0,0
4.952,0.434963943303092,-0.274168244117734,0,0,0,0,0,0,0,0
4.953,0.434991869359028,-0.274185846583039,0,0,0,0,0,0,0,0
4.954,0.435019751327849,-0.274203421259175,0,0,0,0,0,0,0,0
4.955,0.435047589055586,-0.27422096804909,0,0,0,0,0,0,0,0
4.956,0.435075382388265,-0.274238486855732,0,0,0,0,0,0,0,0
4.957,0.435103131171917,-0.27425597758205,0,0,0,0,0,0,0,0
4.958,0.43513083525257,-0.274273440130991,0,0,0,0,0,0,0,0
4.959,0.435158494476253,-0.274290874405503,0,0,0,0,0,0,0,0
4.96,0.435186108688993,-0.274308280308536,0,0,0,0,0,0,0,0
4.961,0.435213677736821,-0.274325657743037,0,0,0,0,0,0,0,0
4.962,0.435241201465765,-0.274343006611954,0,0,0,0,0,0,0,0
4.963,0.435268679721852,-0.274360326818235,0,0,0,0,0,0,0,0
4.964,0.435296112351113,-0.274377618264829,0,0,0,0,0,0,0,0
4.965,0.435323499199576,-0.274394880854684,0,0,0,0,0,0,0,0
4.966,0.435350840113269,-0.274412114490748,0,0,0,0,0,0,0,0
4.967,0.435378134938222,-0.27442931907597,0,0,0,0,0,0,0,0
4.968,0.435405383520462,-0.274446494513296,0,0,0,0,0,0,0,0
4.969,0.435432585706019,-0.274463640705676,0,0,0,0,0,0,0,0
4.97,0.435459741340922,-0.274480757556058,0,0,0,0,0,0,0,0
4.971,0.435486850271198,-0.27449784496739,0,0,0,0,0,0,0,0
4.972,0.435513912342877,-0.274514902842621,0,0,0,0,0,0,0,0
4.973,0.435540927401988,-0.274531931084697,0,0,0,0,0,0,0,0
4.974,0.435567895294559,-0.274548929596568,0,0,0,0,0,0,0,0
4.975,0.435594815866619,-0.274565898281182,0,0,0,0,0,0,0,0
4.976,0.435621688964196,-0.274582837041487,0,0,0,0,0,0,0,0
4.977,0.43564851443332,-0.27459974578043,0,0,0,0,0,0,0,0
4.978,0.435675292120018,-0.274616624400961,0,0,0,0,0,0,0,0
4.979,0.43570202187032,-0.274633472806028,0,0,0,0,0,0,0,0
4.98,0.435728703530255,-0.274650290898578,0,0,0,0,0,0,0,0
4.981,0.435755336945851,-0.27466707858156,0,0,0,0,0,0,0,0
4.982,0.435781921963136,-0.274683835757922,0,0,0,0,0,0,0,0
4.983,0.43580845842814,-0.274700562330612,0,0,0,0,0,0,0,0
4.984,0.435834946186892,-0.274717258202578,0,0,0,0,0,0,0,0
4.985,0.435861385085419,-0.27473392327677,0,0,0,0,0,0,0,0
4.986,0.435887774969751,-0.274750557456134,0,0,0,0,0,0,0,0
4.987,0.435914115685916,-0.274767160643618,0,0,0,0,0,0,0,0
4.988,0.435940407079943,-0.274783732742172,0,0,0,0,0,0,0,0
4.989,0.435966648997861,-0.274800273654744,0,0,0,0,0,0,0,0
4.99,0.435992841285699,-0.274816783284281,0,0,0,0,0,0,0,0
4.991,0.436018983789485,-0.274833261533731,0,0,0,0,0,0,0,0
4.992,0.436045076355247,-0.274849708306044,0,0,0,0,0,0,0,0
4.993,0.436071118829015,-0.274866123504166,0,0,0,0,0,0,0,0
4.994,0.436097111056817,-0.274882507031047,0,0,0,0,0,0,0,0
4.995,0.436123052884683,-0.274898858789634,0,0,0,0,0,0,0,0
4.996,0.43614894415864,-0.274915178682876,0,0,0,0,0,0,0,0
4.997,0.436174784724717,-0.274931466613721,0,0,0,0,0,0,0,0
4.998,0.436200574428944,-0.274947722485117,0,0,0,0,0,0,0,0
4.999,0.436226313117348,-0.274963946200011,0,0,0,0,0,0,0,0
5,0.436252000635959,-0.274980137661354,0,0,0,0,0,0,0,0
5.001,0.436277636830805,-0.274996296772092,0,0,0,0,0,0,0,0
5.002,0.436303221547915,-0.275012423435173,0,0,0,0,0,0,0,0
5.003,0.436328754633318,-0.275028517553547,0,0,0,0,0,0,0,0
5.004,0.436354235933042,-0.27504457903016,0,0,0,0,0,0,0,0
5.005,0.436379665293116,-0.275060607767962,0,0,0,0,0,0,0,0
5.006,0.436405042559568,-0.275076603669901,0,0,0,0,0,0,0,0
5.007,0.436430367578429,-0.275092566638924,0,0,0,0,0,0,0,0
5.008,0.436455640195725,-0.27510849657798,0,0,0,0,0,0,0,0
5.009,0.436480860257486,-0.275124393390017,0,0,0,0,0,0,0,0
5.01,0.436506027609741,-0.275140256977984,0,0,0,0,0,0,0,0
5.011,0.436531142098518,-0.275156087244828,0,0,0,0,0,0,0,0
5.012,0.436556203569846,-0.275171884093497,0,0,0,0,0,0,0,0
5.013,0.436581211869754,-0.27518764742694,0,0,0,0,0,0,0,0
5.014,0.43660616684427,-0.275203377148105,0,0,0,0,0,0,0,0
5.015,0.436631068339423,-0.275219073159941,0,0,0,0,0,0,0,0
5.016,0.436655916201242,-0.275234735365395,0,0,0,0,0,0,0,0
5.017,0.436680710275756,-0.275250363667415,0,0,0,0,0,0,0,0
5.018,0.436705450408993,-0.27526595796895,0,0,0,0,0,0,0,0
5.019,0.436730136446981,-0.275281518172948,0,0,0,0,0,0,0,0
5.02,0.436754768235751,-0.275297044182357,0,0,0,0,0,0,0,0
5.021,0.436779345621329,-0.275312535900126,0,0,0,0,0,0,0,0
5.022,0.436803868449746,-0.275327993229202,0,0,0,0,0,0,0,0
5.023,0.43682833656703,-0.275343416072533,0,0,0,0,0,0,0,0
5.024,0.436852749819208,-0.275358804333069,0,0,0,0,0,0,0,0
5.025,0.436877108052311,-0.275374157913756,0,0,0,0,0,0,0,0
5.026,0.436901411112367,-0.275389476717544,0,0,0,0,0,0,0,0
5.027,0.436925658845405,-0.27540476064738,0,0,0,0,0,0,0,0
5.028,0.436949851097453,-0.275420009606213,0,0,0,0,0,0,0,0
5.029,0.436973987714539,-0.275435223496991,0,0,0,0,0,0,0,0
5.03,0.436998068542694,-0.275450402222661,0,0,0,0,0,0,0,0
5.031,0.437022093427944,-0.275465545686173,0,0,0,0,0,0,0,0
5.032,0.43704606221632,-0.275480653790474,0,0,0,0,0,0,0,0
5.033,0.43706997475385,-0.275495726438513,0,0,0,0,0,0,0,0
5.034,0.437093830886562,-0.275510763533237,0,0,0,0,0,0,0,0
5.035,0.437117630460486,-0.275525764977596,0,0,0,0,0,0,0,0
5.036,0.437141373321649,-0.275540730674536,0,0,0,0,0,0,0,0
5.037,0.437165059316081,-0.275555660527007,0,0,0,0,0,0,0,0
5.038,0.43718868828981,-0.275570554437956,0,0,0,0,0,0,0,0
5.039,0.437212260088865,-0.275585412310332,0,0,0,0,0,0,0,0
5.04,0.437235774559275,-0.275600234047082,0,0,0,0,0,0,0,0
5.041,0.437259231547069,-0.275615019551156,0,0,0,0,0,0,0,0
5.042,0.437282630898275,-0.275629768725501,0,0,0,0,0,0,0,0
5.043,0.437305972458921,-0.275644481473065,0,0,0,0,0,0,0,0
5.044,0.437329256075037,-0.275659157696797,0,0,0,0,0,0,0,0
5.045,0.437352481592651,-0.275673797299645,0,0,0,0,0,0,0,0
5.046,0.437375648857793,-0.275688400184557,0,0,0,0,0,0,0,0
5.047,0.43739875771649,-0.275702966254481,0,0,0,0,0,0,0,0
5.048,0.437421808014771,-0.275717495412365,0,0,0,0,0,0,0,0
5.049,0.437444799598666,-0.275731987561158,0,0,0,0,0,0,0,0
5.05,0.437467732314202,-0.275746442603807,0,0,0,0,0,0,0,0
5.051,0.437490606007409,-0.275760860443261,0,0,0,0,0,0,0,0
5.052,0.437513420524315,-0.275775240982469,0,0,0,0,0,0,0,0
5.053,0.437536175710948,-0.275789584124378,0,0,0,0,0,0,0,0
5.054,0.437558871413339,-0.275803889771936,0,0,0,0,0,0,0,0
5.055,0.437581507477515,-0.275818157828092,0,0,0,0,0,0,0,0
5.056,0.437604083749505,-0.275832388195793,0,0,0,0,0,0,0,0
5.057,0.437626600075337,-0.275846580777989,0,0,0,0,0,0,0,0
5.058,0.437649056301041,-0.275860735477627,0,0,0,0,0,0,0,0
5.059,0.437671452272645,-0.275874852197655,0,0,0,0,0,0,0,0
5.06,0.437693787836178,-0.275888930841022,0,0,0,0,0,0,0,0
5.061,0.437716062837669,-0.275902971310676,0,0,0,0,0,0,0,0
5.062,0.437738277123146,-0.275916973509565,0,0,0,0,0,0,0,0
5.063,0.437760430538638,-0.275930937340636,0,0,0,0,0,0,0,0
5.064,0.437782522930173,-0.27594486270684,0,0,0,0,0,0,0,0
5.065,0.437804554143781,-0.275958749511122,0,0,0,0,0,0,0,0
5.066,0.43782652402549,-0.275972597656433,0,0,0,0,0,0,0,0
5.067,0.437848432421329,-0.275986407045719,0,0,0,0,0,0,0,0
5.068,0.437870279177326,-0.276000177581929,0,0,0,0,0,0,0,0
5.069,0.437892064139511,-0.276013909168012,0,0,0,0,0,0,0,0
5.07,0.437913787153911,-0.276027601706915,0,0,0,0,0,0,0,0
5.071,0.437935448066556,-0.276041255101586,0,0,0,0,0,0,0,0
5.072,0.437957046723474,-0.276054869254975,0,0,0,0,0,0,0,0
5.073,0.437978582970695,-0.276068444070028,0,0,0,0,0,0,0,0
5.074,0.438000056654246,-0.276081979449695,0,0,0,0,0,0,0,0
5.075,0.438021467620156,-0.276095475296923,0,0,0,0,0,0,0,0
5.076,0.438042815714455,-0.276108931514661,0,0,0,0,0,0,0,0
5.077,0.43806410078317,-0.276122348005856,0,0,0,0,0,0,0,0
5.078,0.438085322672331,-0.276135724673458,0,0,0,0,0,0,0,0
5.079,0.438106481227967,-0.276149061420413,0,0,0,0,0,0,0,0
5.08,0.438127576296105,-0.276162358149671,0,0,0,0,0,0,0,0
5.081,0.438148607722775,-0.276175614764179,0,0,0,0,0,0,0,0
5.082,0.438169575354005,-0.276188831166886,0,0,0,0,0,0,0,0
5.083,0.438190479035825,-0.27620200726074,0,0,0,0,0,0,0,0
5.084,0.438211318614262,-0.276215142948689,0,0,0,0,0,0,0,0
5.085,0.438232093935346,-0.276228238133681,0,0,0,0,0,0,0,0
5.086,0.438252804845104,-0.276241292718665,0,0,0,0,0,0,0,0
5.087,0.438273451189567,-0.276254306606588,0,0,0,0,0,0,0,0
5.088,0.438294032814763,-0.276267279700399,0,0,0,0,0,0,0,0
5.089,0.438314549566719,-0.276280211903047,0,0,0,0,0,0,0,0
5.09,0.438335001291466,-0.276293103117478,0,0,0,0,0,0,0,0
5.091,0.438355387835032,-0.276305953246641,0,0,0,0,0,0,0,0
5.092,0.438375709043445,-0.276318762193486,0,0,0,0,0,0,0,0
5.093,0.438395964762734,-0.276331529860959,0,0,0,0,0,0,0,0
5.094,0.438416154838927,-0.276344256152009,0,0,0,0,0,0,0,0
5.095,0.438436279118055,-0.276356940969584,0,0,0,0,0,0,0,0
5.096,0.438456337446145,-0.276369584216632,0,0,0,0,0,0,0,0
5.097,0.438476329669225,-0.276382185796102,0,0,0,0,0,0,0,0
5.098,0.438496255633326,-0.276394745610941,0,0,0,0,0,0,0,0
5.099,0.438516115184474,-0.276407263564099,0,0,0,0,0,0,0,0
5.1,0.4385359081687,-0.276419739558522,0,0,0,0,0,0,0,0
5.101,0.438555634432032,-0.27643217349716,0,0,0,0,0,0,0,0
5.102,0.438575293820498,-0.27644456528296,0,0,0,0,0,0,0,0
5.103,0.438594886180127,-0.27645691481887,0,0,0,0,0,0,0,0
5.104,0.438614411356948,-0.27646922200784,0,0,0,0,0,0,0,0
5.105,0.43863386919699,-0.276481486752816,0,0,0,0,0,0,0,0
5.106,0.438653259546281,-0.276493708956748,0,0,0,0,0,0,0,0
5.107,0.43867258225085,-0.276505888522583,0,0,0,0,0,0,0,0
5.108,0.438691837156726,-0.27651802535327,0,0,0,0,0,0,0,0
5.109,0.438711024109937,-0.276530119351756,0,0,0,0,0,0,0,0
5.11,0.438730142956513,-0.27654217042099,0,0,0,0,0,0,0,0
5.111,0.438749193542481,-0.27655417846392,0,0,0,0,0,0,0,0
5.112,0.438768175713871,-0.276566143383495,0,0,0,0,0,0,0,0
5.113,0.438787089316711,-0.276578065082662,0,0,0,0,0,0,0,0
5.114,0.43880593419703,-0.27658994346437,0,0,0,0,0,0,0,0
5.115,0.438824710200857,-0.276601778431567,0,0,0,0,0,0,0,0
5.116,0.43884341717422,-0.2766135698872,0,0,0,0,0,0,0,0
5.117,0.438862054963148,-0.276625317734219,0,0,0,0,0,0,0,0
5.118,0.43888062341367,-0.276637021875571,0,0,0,0,0,0,0,0
5.119,0.438899122371814,-0.276648682214205,0,0,0,0,0,0,0,0
5.12,0.43891755168361,-0.276660298653069,0,0,0,0,0,0,0,0
5.121,0.438935911195085,-0.276671871095111,0,0,0,0,0,0,0,0
5.122,0.438954200752269,-0.276683399443279,0,0,0,0,0,0,0,0
5.123,0.43897242020119,-0.276694883600521,0,0,0,0,0,0,0,0
5.124,0.438990569387878,-0.276706323469785,0,0,0,0,0,0,0,0
5.125,0.43900864815836,-0.276717718954021,0,0,0,0,0,0,0,0
5.126,0.439026656358666,-0.276729069956175,0,0,0,0,0,0,0,0
5.127,0.439044593834823,-0.276740376379197,0,0,0,0,0,0,0,0
5.128,0.439062460432862,-0.276751638126033,0,0,0,0,0,0,0,0
5.129,0.43908025599881,-0.276762855099633,0,0,0,0,0,0,0,0
5.13,0.439097980378696,-0.276774027202945,0,0,0,0,0,0,0,0
5.131,0.439115633418549,-0.276785154338917,0,0,0,0,0,0,0,0
5.132,0.439133214964398,-0.276796236410497,0,0,0,0,0,0,0,0
5.133,0.439150724862272,-0.276807273320633,0,0,0,0,0,0,0,0
5.134,0.439168162958198,-0.276818264972273,0,0,0,0,0,0,0,0
5.135,0.439185529098206,-0.276829211268366,0,0,0,0,0,0,0,0
5.136,0.439202823128325,-0.27684011211186,0,0,0,0,0,0,0,0
5.137,0.439220044894582,-0.276850967405702,0,0,0,0,0,0,0,0
5.138,0.439237194243008,-0.276861777052842,0,0,0,0,0,0,0,0
5.139,0.43925427101963,-0.276872540956227,0,0,0,0,0,0,0,0
5.14,0.439271275070478,-0.276883259018806,0,0,0,0,0,0,0,0
5.141,0.43928820624158,-0.276893931143526,0,0,0,0,0,0,0,0
5.142,0.439305064378964,-0.276904557233336,0,0,0,0,0,0,0,0
5.143,0.43932184932866,-0.276915137191185,0,0,0,0,0,0,0,0
5.144,0.439338560936696,-0.276925670920019,0,0,0,0,0,0,0,0
5.145,0.4393551990491,-0.276936158322788,0,0,0,0,0,0,0,0
5.146,0.439371763511903,-0.27694659930244,0,0,0,0,0,0,0,0
5.147,0.439388254171131,-0.276956993761923,0,0,0,0,0,0,0,0
5.148,0.439404670872815,-0.276967341604184,0,0,0,0,0,0,0,0
5.149,0.439421013462982,-0.276977642732173,0,0,0,0,0,0,0,0
5.15,0.439437281787661,-0.276987897048837,0,0,0,0,0,0,0,0
5.151,0.439453475692882,-0.276998104457125,0,0,0,0,0,0,0,0
5.152,0.439469595024672,-0.277008264859984,0,0,0,0,0,0,0,0
5.153,0.439485639629061,-0.277018378160364,0,0,0,0,0,0,0,0
5.154,0.439501609352077,-0.277028444261211,0,0,0,0,0,0,0,0
5.155,0.439517504039749,-0.277038463065475,0,0,0,0,0,0,0,0
5.156,0.439533323538105,-0.277048434476103,0,0,0,0,0,0,0,0
5.157,0.439549067693175,-0.277058358396045,0,0,0,0,0,0,0,0
5.158,0.439564736350987,-0.277068234728246,0,0,0,0,0,0,0,0
5.159,0.439580329357569,-0.277078063375657,0,0,0,0,0,0,0,0
5.16,0.439595846558951,-0.277087844241226,0,0,0,0,0,0,0,0
5.161,0.439611287801161,-0.2770975772279,0,0,0,0,0,0,0,0
5.162,0.439626652930228,-0.277107262238627,0,0,0,0,0,0,0,0
5.163,0.439641941792181,-0.277116899176356,0,0,0,0,0,0,0,0
5.164,0.439657154233047,-0.277126487944035,0,0,0,0,0,0,0,0
5.165,0.439672290098857,-0.277136028444613,0,0,0,0,0,0,0,0
5.166,0.439687349235638,-0.277145520581036,0,0,0,0,0,0,0,0
5.167,0.43970233148942,-0.277154964256255,0,0,0,0,0,0,0,0
5.168,0.43971723670623,-0.277164359373216,0,0,0,0,0,0,0,0
5.169,0.439732064732099,-0.277173705834868,0,0,0,0,0,0,0,0
5.17,0.439746815413054,-0.277183003544159,0,0,0,0,0,0,0,0
5.171,0.439761488595124,-0.277192252404037,0,0,0,0,0,0,0,0
5.172,0.439776084124338,-0.277201452317451,0,0,0,0,0,0,0,0
5.173,0.439790601846724,-0.277210603187349,0,0,0,0,0,0,0,0
5.174,0.439805041608312,-0.277219704916678,0,0,0,0,0,0,0,0
5.175,0.43981940325513,-0.277228757408388,0,0,0,0,0,0,0,0
5.176,0.439833686633207,-0.277237760565426,0,0,0,0,0,0,0,0
5.177,0.439847891588571,-0.27724671429074,0,0,0,0,0,0,0,0
5.178,0.439862017967251,-0.277255618487279,0,0,0,0,0,0,0,0
5.179,0.439876065615276,-0.27726447305799,0,0,0,0,0,0,0,0
5.18,0.439890034378674,-0.277273277905823,0,0,0,0,0,0,0,0
5.181,0.439903924103475,-0.277282032933725,0,0,0,0,0,0,0,0
5.182,0.439917734635707,-0.277290738044644,0,0,0,0,0,0,0,0
5.183,0.439931465821398,-0.277299393141529,0,0,0,0,0,0,0,0
5.184,0.439945117506578,-0.277307998127327,0,0,0,0,0,0,0,0
5.185,0.439958689537274,-0.277316552904987,0,0,0,0,0,0,0,0
5.186,0.439972181759517,-0.277325057377458,0,0,0,0,0,0,0,0
5.187,0.439985594019334,-0.277333511447687,0,0,0,0,0,0,0,0
5.188,0.439998926162754,-0.277341915018622,0,0,0,0,0,0,0,0
5.189,0.440012178035806,-0.277350267993212,0,0,0,0,0,0,0,0
5.19,0.440025349484519,-0.277358570274405,0,0,0,0,0,0,0,0
5.191,0.44003844035492,-0.277366821765148,0,0,0,0,0,0,0,0
5.192,0.44005145049304,-0.277375022368391,0,0,0,0,0,0,0,0
5.193,0.440064379744907,-0.277383171987082,0,0,0,0,0,0,0,0
5.194,0.440077227956549,-0.277391270524168,0,0,0,0,0,0,0,0
5.195,0.440089994973995,-0.277399317882598,0,0,0,0,0,0,0,0
5.196,0.440102680643274,-0.27740731396532,0,0,0,0,0,0,0,0
5.197,0.440115284810415,-0.277415258675282,0,0,0,0,0,0,0,0
5.198,0.440127807321445,-0.277423151915432,0,0,0,0,0,0,0,0
5.199,0.440140248022395,-0.277430993588719,0,0,0,0,0,0,0,0
5.2,0.440152606759292,-0.277438783598091,0,0,0,0,0,0,0,0
5.201,0.440164883378166,-0.277446521846495,0,0,0,0,0,0,0,0
5.202,0.440177077725045,-0.277454208236881,0,0,0,0,0,0,0,0
5.203,0.440189189645957,-0.277461842672196,0,0,0,0,0,0,0,0
5.204,0.440201218986932,-0.277469425055388,0,0,0,0,0,0,0,0
5.205,0.440213165593998,-0.277476955289406,0,0,0,0,0,0,0,0
5.206,0.440225029313184,-0.277484433277198,0,0,0,0,0,0,0,0
5.207,0.440236809990519,-0.277491858921712,0,0,0,0,0,0,0,0
5.208,0.440248507472031,-0.277499232125896,0,0,0,0,0,0,0,0
5.209,0.440260121603749,-0.277506552792699,0,0,0,0,0,0,0,0
5.21,0.440271652231701,-0.277513820825068,0,0,0,0,0,0,0,0
5.211,0.440283099201917,-0.277521036125952,0,0,0,0,0,0,0,0
5.212,0.440294462360425,-0.277528198598298,0,0,0,0,0,0,0,0
5.213,0.440305741553254,-0.277535308145056,0,0,0,0,0,0,0,0
5.214,0.440316936626433,-0.277542364669174,0,0,0,0,0,0,0,0
5.215,0.440328047425989,-0.277549368073599,0,0,0,0,0,0,0,0
5.216,0.440339073797953,-0.277556318261279,0,0,0,0,0,0,0,0
5.217,0.440350015588352,-0.277563215135164,0,0,0,0,0,0,0,0
5.218,0.440360872643216,-0.2775700585982,0,0,0,0,0,0,0,0
5.219,0.440371644808572,-0.277576848553337,0,0,0,0,0,0,0,0
5.22,0.440382331930451,-0.277583584903523,0,0,0,0,0,0,0,0
5.221,0.44039293385488,-0.277590267551705,0,0,0,0,0,0,0,0
5.222,0.440403450427888,-0.277596896400831,0,0,0,0,0,0,0,0
5.223,0.440413881495504,-0.277603471353851,0,0,0,0,0,0,0,0
5.224,0.440424226903756,-0.277609992313712,0,0,0,0,0,0,0,0
5.225,0.440434486498674,-0.277616459183363,0,0,0,0,0,0,0,0
5.226,0.440444660126286,-0.277622871865751,0,0,0,0,0,0,0,0
5.227,0.44045474763262,-0.277629230263824,0,0,0,0,0,0,0,0
5.228,0.440464748863706,-0.277635534280532,0,0,0,0,0,0,0,0
5.229,0.440474663665572,-0.277641783818822,0,0,0,0,0,0,0,0
5.23,0.440484491884247,-0.277647978781642,0,0,0,0,0,0,0,0
5.231,0.440494233365759,-0.277654119071941,0,0,0,0,0,0,0,0
5.232,0.440503887956138,-0.277660204592666,0,0,0,0,0,0,0,0
5.233,0.440513455501411,-0.277666235246766,0,0,0,0,0,0,0,0
5.234,0.440522935847608,-0.27767221093719,0,0,0,0,0,0,0,0
5.235,0.440532328840758,-0.277678131566884,0,0,0,0,0,0,0,0
5.236,0.440541634326888,-0.277683997038798,0,0,0,0,0,0,0,0
5.237,0.440550852152028,-0.27768980725588,0,0,0,0,0,0,0,0
5.238,0.440559982162207,-0.277695562121077,0,0,0,0,0,0,0,0
5.239,0.440569024203453,-0.277701261537339,0,0,0,0,0,0,0,0
5.24,0.440577978121795,-0.277706905407613,0,0,0,0,0,0,0,0
5.241,0.440586843763261,-0.277712493634847,0,0,0,0,0,0,0,0
5.242,0.440595620973881,-0.277718026121989,0,0,0,0,0,0,0,0
5.243,0.440604309599682,-0.277723502771989,0,0,0,0,0,0,0,0
5.244,0.440612909486695,-0.277728923487793,0,0,0,0,0,0,0,0
5.245,0.440621420480946,-0.27773428817235,0,0,0,0,0,0,0,0
5.246,0.440629842428466,-0.277739596728609,0,0,0,0,0,0,0,0
5.247,0.440638175175283,-0.277744849059517,0,0,0,0,0,0,0,0
5.248,0.440646418567425,-0.277750045068023,0,0,0,0,0,0,0,0
5.249,0.440654572450921,-0.277755184657075,0,0,0,0,0,0,0,0
5.25,0.440662636671801,-0.277760267729621,0,0,0,0,0,0,0,0
5.251,0.440670611076091,-0.277765294188609,0,0,0,0,0,0,0,0
5.252,0.440678495509823,-0.277770263936988,0,0,0,0,0,0,0,0
5.253,0.440686289819023,-0.277775176877705,0,0,0,0,0,0,0,0
5.254,0.440693993849721,-0.277780032913709,0,0,0,0,0,0,0,0
5.255,0.440701607447946,-0.277784831947948,0,0,0,0,0,0,0,0
5.256,0.440709130459725,-0.27778957388337,0,0,0,0,0,0,0,0
5.257,0.440716562731089,-0.277794258622924,0,0,0,0,0,0,0,0
5.258,0.440723904108065,-0.277798886069557,0,0,0,0,0,0,0,0
5.259,0.440731154436682,-0.277803456126217,0,0,0,0,0,0,0,0
5.26,0.44073831356297,-0.277807968695854,0,0,0,0,0,0,0,0
5.261,0.440745381332956,-0.277812423681415,0,0,0,0,0,0,0,0
5.262,0.440752357592669,-0.277816820985848,0,0,0,0,0,0,0,0
5.263,0.440759242188139,-0.277821160512102,0,0,0,0,0,0,0,0
5.264,0.440766034965393,-0.277825442163124,0,0,0,0,0,0,0,0
5.265,0.440772735770461,-0.277829665841863,0,0,0,0,0,0,0,0
5.266,0.440779344449371,-0.277833831451268,0,0,0,0,0,0,0,0
5.267,0.440785860848152,-0.277837938894285,0,0,0,0,0,0,0,0
5.268,0.440792284812833,-0.277841988073864,0,0,0,0,0,0,0,0
5.269,0.440798616189442,-0.277845978892952,0,0,0,0,0,0,0,0
5.27,0.440804854824008,-0.277849911254499,0,0,0,0,0,0,0,0
5.271,0.44081100056256,-0.277853785061451,0,0,0,0,0,0,0,0
5.272,0.440817053251126,-0.277857600216757,0,0,0,0,0,0,0,0
5.273,0.440823012735735,-0.277861356623366,0,0,0,0,0,0,0,0
5.274,0.440828878862417,-0.277865054184225,0,0,0,0,0,0,0,0
5.275,0.440834651477198,-0.277868692802284,0,0,0,0,0,0,0,0
5.276,0.440840330426109,-0.277872272380489,0,0,0,0,0,0,0,0
5.277,0.440845915555178,-0.277875792821789,0,0,0,0,0,0,0,0
5.278,0.440851406710434,-0.277879254029132,0,0,0,0,0,0,0,0
5.279,0.440856803737905,-0.277882655905467,0,0,0,0,0,0,0,0
5.28,0.440862106483621,-0.277885998353741,0,0,0,0,0,0,0,0
5.281,0.440867314793609,-0.277889281276904,0,0,0,0,0,0,0,0
5.282,0.440872428513898,-0.277892504577902,0,0,0,0,0,0,0,0
5.283,0.440877447490518,-0.277895668159684,0,0,0,0,0,0,0,0
5.284,0.440882371569497,-0.277898771925199,0,0,0,0,0,0,0,0
5.285,0.440887200596863,-0.277901815777395,0,0,0,0,0,0,0,0
5.286,0.440891934418646,-0.277904799619219,0,0,0,0,0,0,0,0
5.287,0.440896572880874,-0.277907723353621,0,0,0,0,0,0,0,0
5.288,0.440901115829575,-0.277910586883547,0,0,0,0,0,0,0,0
5.289,0.440905563110779,-0.277913390111947,0,0,0,0,0,0,0,0
5.29,0.440909914570514,-0.277916132941768,0,0,0,0,0,0,0,0
5.291,0.440914170054809,-0.27791881527596,0,0,0,0,0,0,0,0
5.292,0.440918329409692,-0.277921437017468,0,0,0,0,0,0,0,0
5.293,0.440922392481193,-0.277923998069244,0,0,0,0,0,0,0,0
5.294,0.44092635911534,-0.277926498334233,0,0,0,0,0,0,0,0
5.295,0.440930229158161,-0.277928937715385,0,0,0,0,0,0,0,0
5.296,0.440934002455686,-0.277931316115647,0,0,0,0,0,0,0,0
5.297,0.440937678853943,-0.277933633437968,0,0,0,0,0,0,0,0
5.298,0.440941258198961,-0.277935889585297,0,0,0,0,0,0,0,0
5.299,0.440944740336768,-0.27793808446058,0,0,0,0,0,0,0,0
5.3,0.440948125113393,-0.277940217966767,0,0,0,0,0,0,0,0
5.301,0.440951412374865,-0.277942290006806,0,0,0,0,0,0,0,0
5.302,0.440954601967213,-0.277944300483644,0,0,0,0,0,0,0,0
5.303,0.440957693736466,-0.27794624930023,0,0,0,0,0,0,0,0
5.304,0.440960687528651,-0.277948136359512,0,0,0,0,0,0,0,0
5.305,0.440963583189798,-0.277949961564439,0,0,0,0,0,0,0,0
5.306,0.440966380565936,-0.277951724817958,0,0,0,0,0,0,0,0
5.307,0.440969079503092,-0.277953426023018,0,0,0,0,0,0,0,0
5.308,0.440971679847297,-0.277955065082567,0,0,0,0,0,0,0,0
5.309,0.440974181444578,-0.277956641899553,0,0,0,0,0,0,0,0
5.31,0.440976584140964,-0.277958156376924,0,0,0,0,0,0,0,0
5.311,0.440978887782484,-0.277959608417629,0,0,0,0,0,0,0,0
5.312,0.440981092215167,-0.277960997924615,0,0,0,0,0,0,0,0
5.313,0.440983197285042,-0.277962324800831,0,0,0,0,0,0,0,0
5.314,0.440985202838136,-0.277963588949225,0,0,0,0,0,0,0,0
5.315,0.440987108720479,-0.277964790272745,0,0,0,0,0,0,0,0
5.316,0.4409889147781,-0.27796592867434,0,0,0,0,0,0,0,0
5.317,0.440990620857027,-0.277967004056957,0,0,0,0,0,0,0,0
5.318,0.440992226803289,-0.277968016323545,0,0,0,0,0,0,0,0
5.319,0.440993732462914,-0.277968965377052,0,0,0,0,0,0,0,0
5.32,0.440995137681932,-0.277969851120426,0,0,0,0,0,0,0,0
5.321,0.440996442306371,-0.277970673456615,0,0,0,0,0,0,0,0
5.322,0.44099764618226,-0.277971432288568,0,0,0,0,0,0,0,0
5.323,0.440998749155627,-0.277972127519232,0,0,0,0,0,0,0,0
5.324,0.440999751072501,-0.277972759051557,0,0,0,0,0,0,0,0
5.325,0.441000651778911,-0.277973326788489,0,0,0,0,0,0,0,0
5.326,0.441001451120886,-0.277973830632978,0,0,0,0,0,0,0,0
5.327,0.441002148944453,-0.277974270487971,0,0,0,0,0,0,0,0
5.328,0.441002745095643,-0.277974646256417,0,0,0,0,0,0,0,0
5.329,0.441003239420484,-0.277974957841263,0,0,0,0,0,0,0,0
5.33,0.441003631765004,-0.277975205145459,0,0,0,0,0,0,0,0
5.331,0.441003921975231,-0.277975388071952,0,0,0,0,0,0,0,0
5.332,0.441004109897196,-0.27797550652369,0,0,0,0,0,0,0,0
5.333,0.441004195376926,-0.277975560403622,0,0,0,0,0,0,0,0
5.334,0.441004178260451,-0.277975549614695,0,0,0,0,0,0,0,0
5.335,0.441004058393798,-0.277975474059858,0,0,0,0,0,0,0,0
5.336,0.441003835622997,-0.27797533364206,0,0,0,0,0,0,0,0
5.337,0.441003509794076,-0.277975128264248,0,0,0,0,0,0,0,0
5.338,0.441003080753065,-0.27797485782937,0,0,0,0,0,0,0,0
5.339,0.441002548345991,-0.277974522240375,0,0,0,0,0,0,0,0
5.34,0.441001912418883,-0.277974121400211,0,0,0,0,0,0,0,0
5.341,0.441001172817771,-0.277973655211825,0,0,0,0,0,0,0,0
5.342,0.441000329388682,-0.277973123578168,0,0,0,0,0,0,0,0
5.343,0.440999381977646,-0.277972526402185,0,0,0,0,0,0,0,0
5.344,0.440998330430692,-0.277971863586826,0,0,0,0,0,0,0,0
5.345,0.440997174593847,-0.277971135035039,0,0,0,0,0,0,0,0
5.346,0.440995914313141,-0.277970340649772,0,0,0,0,0,0,0,0
5.347,0.440994549434602,-0.277969480333973,0,0,0,0,0,0,0,0
5.348,0.44099307980426,-0.27796855399059,0,0,0,0,0,0,0,0
5.349,0.440991505268142,-0.277967561522572,0,0,0,0,0,0,0,0
5.35,0.440989825672277,-0.277966502832867,0,0,0,0,0,0,0,0
5.351,0.440988040862695,-0.277965377824423,0,0,0,0,0,0,0,0
5.352,0.440986150685424,-0.277964186400187,0,0,0,0,0,0,0,0
5.353,0.440984154986493,-0.277962928463109,0,0,0,0,0,0,0,0
5.354,0.440982053611929,-0.277961603916137,0,0,0,0,0,0,0,0
5.355,0.440979846407763,-0.277960212662218,0,0,0,0,0,0,0,0
5.356,0.440977533220022,-0.277958754604301,0,0,0,0,0,0,0,0
5.357,0.440975113894736,-0.277957229645334,0,0,0,0,0,0,0,0
5.358,0.440972588277933,-0.277955637688265,0,0,0,0,0,0,0,0
5.359,0.440969956215642,-0.277953978636043,0,0,0,0,0,0,0,0
5.36,0.440967217553892,-0.277952252391615,0,0,0,0,0,0,0,0
5.361,0.44096437213871,-0.27795045885793,0,0,0,0,0,0,0,0
5.362,0.440961419816127,-0.277948597937936,0,0,0,0,0,0,0,0
5.363,0.44095836043217,-0.277946669534582,0,0,0,0,0,0,0,0
5.364,0.440955193832869,-0.277944673550814,0,0,0,0,0,0,0,0
5.365,0.440951919864252,-0.277942609889582,0,0,0,0,0,0,0,0
5.366,0.440948538372347,-0.277940478453834,0,0,0,0,0,0,0,0
5.367,0.440945049203184,-0.277938279146518,0,0,0,0,0,0,0,0
5.368,0.440941452202791,-0.277936011870581,0,0,0,0,0,0,0,0
5.369,0.440937747217198,-0.277933676528973,0,0,0,0,0,0,0,0
5.37,0.440933934092431,-0.277931273024642,0,0,0,0,0,0,0,0
5.371,0.440930012674521,-0.277928801260535,0,0,0,0,0,0,0,0
5.372,0.440925982809496,-0.277926261139601,0,0,0,0,0,0,0,0
5.373,0.440921844343385,-0.277923652564788,0,0,0,0,0,0,0,0
5.374,0.440917597122216,-0.277920975439044,0,0,0,0,0,0,0,0
5.375,0.440913240992019,-0.277918229665318,0,0,0,0,0,0,0,0
5.376,0.440908775798821,-0.277915415146557,0,0,0,0,0,0,0,0
5.377,0.440904201388652,-0.27791253178571,0,0,0,0,0,0,0,0
5.378,0.44089951760754,-0.277909579485725,0,0,0,0,0,0,0,0
5.379,0.440894724301514,-0.27790655814955,0,0,0,0,0,0,0,0
5.38,0.440889821316602,-0.277903467680134,0,0,0,0,0,0,0,0
5.381,0.440884808498834,-0.277900307980424,0,0,0,0,0,0,0,0
5.382,0.440879685694238,-0.277897078953368,0,0,0,0,0,0,0,0
5.383,0.440874452748843,-0.277893780501916,0,0,0,0,0,0,0,0
5.384,0.440869109508678,-0.277890412529015,0,0,0,0,0,0,0,0
5.385,0.44086365581977,-0.277886974937612,0,0,0,0,0,0,0,0
5.386,0.440858091528149,-0.277883467630658,0,0,0,0,0,0,0,0
5.387,0.440852416479844,-0.277879890511099,0,0,0,0,0,0,0,0
5.388,0.440846630520884,-0.277876243481884,0,0,0,0,0,0,0,0
5.389,0.440840733497296,-0.27787252644596,0,0,0,0,0,0,0,0
5.39,0.44083472525511,-0.277868739306277,0,0,0,0,0,0,0,0
5.391,0.440828605640355,-0.277864881965783,0,0,0,0,0,0,0,0
5.392,0.440822374499058,-0.277860954327425,0,0,0,0,0,0,0,0
5.393,0.44081603167725,-0.277856956294151,0,0,0,0,0,0,0,0
5.394,0.440809577020958,-0.277852887768911,0,0,0,0,0,0,0,0
5.395,0.440803010376211,-0.277848748654652,0,0,0,0,0,0,0,0
5.396,0.440796331589038,-0.277844538854322,0,0,0,0,0,0,0,0
5.397,0.440789540505468,-0.27784025827087,0,0,0,0,0,0,0,0
5.398,0.440782636971529,-0.277835906807243,0,0,0,0,0,0,0,0
5.399,0.440775620833251,-0.27783148436639,0,0,0,0,0,0,0,0
5.4,0.440768491936661,-0.27782699085126,0,0,0,0,0,0,0,0
5.401,0.440761250127788,-0.277822426164799,0,0,0,0,0,0,0,0
5.402,0.440753895252662,-0.277817790209957,0,0,0,0,0,0,0,0
5.403,0.440746427157311,-0.277813082889682,0,0,0,0,0,0,0,0
5.404,0.440738845687763,-0.277808304106921,0,0,0,0,0,0,0,0
5.405,0.440731150690047,-0.277803453764623,0,0,0,0,0,0,0,0
5.406,0.440723342010193,-0.277798531765737,0,0,0,0,0,0,0,0
5.407,0.440715419494228,-0.27779353801321,0,0,0,0,0,0,0,0
5.408,0.440707382988182,-0.27778847240999,0,0,0,0,0,0,0,0
5.409,0.440699232338083,-0.277783334859027,0,0,0,0,0,0,0,0
5.41,0.440690967389959,-0.277778125263267,0,0,0,0,0,0,0,0
5.411,0.440682587989841,-0.277772843525659,0,0,0,0,0,0,0,0
5.412,0.440674093983755,-0.277767489549152,0,0,0,0,0,0,0,0
5.413,0.440665485217731,-0.277762063236693,0,0,0,0,0,0,0,0
5.414,0.440656761537799,-0.277756564491231,0,0,0,0,0,0,0,0
5.415,0.440647922789985,-0.277750993215713,0,0,0,0,0,0,0,0
5.416,0.440638968820319,-0.277745349313089,0,0,0,0,0,0,0,0
5.417,0.440629899474831,-0.277739632686306,0,0,0,0,0,0,0,0
5.418,0.440620714599547,-0.277733843238312,0,0,0,0,0,0,0,0
5.419,0.440611414040498,-0.277727980872056,0,0,0,0,0,0,0,0
5.42,0.440601997643712,-0.277722045490486,0,0,0,0,0,0,0,0
5.421,0.440592465255218,-0.27771603699655,0,0,0,0,0,0,0,0
5.422,0.440582816721043,-0.277709955293196,0,0,0,0,0,0,0,0
5.423,0.440573051887218,-0.277703800283372,0,0,0,0,0,0,0,0
5.424,0.44056317059977,-0.277697571870027,0,0,0,0,0,0,0,0
5.425,0.440553172704729,-0.277691269956109,0,0,0,0,0,0,0,0
5.426,0.440543058048123,-0.277684894444565,0,0,0,0,0,0,0,0
5.427,0.440532826475981,-0.277678445238345,0,0,0,0,0,0,0,0
5.428,0.440522477834331,-0.277671922240396,0,0,0,0,0,0,0,0
5.429,0.440512011969203,-0.277665325353666,0,0,0,0,0,0,0,0
5.43,0.440501428726624,-0.277658654481104,0,0,0,0,0,0,0,0
5.431,0.440490727952625,-0.277651909525658,0,0,0,0,0,0,0,0
5.432,0.440479909493232,-0.277645090390276,0,0,0,0,0,0,0,0
5.433,0.440468973194476,-0.277638196977906,0,0,0,0,0,0,0,0
5.434,0.440457918902384,-0.277631229191497,0,0,0,0,0,0,0,0
5.435,0.440446746462986,-0.277624186933996,0,0,0,0,0,0,0,0
5.436,0.44043545572231,-0.277617070108352,0,0,0,0,0,0,0,0
5.437,0.440424046526385,-0.277609878617513,0,0,0,0,0,0,0,0
5.438,0.440412518721239,-0.277602612364427,0,0,0,0,0,0,0,0
5.439,0.440400872152902,-0.277595271252042,0,0,0,0,0,0,0,0
5.44,0.440389106667402,-0.277587855183307,0,0,0,0,0,0,0,0
5.441,0.440377222110767,-0.27758036406117,0,0,0,0,0,0,0,0
5.442,0.440365218329027,-0.277572797788579,0,0,0,0,0,0,0,0
5.443,0.44035309516821,-0.277565156268481,0,0,0,0,0,0,0,0
5.444,0.440340852474345,-0.277557439403826,0,0,0,0,0,0,0,0
5.445,0.44032849009346,-0.277549647097562,0,0,0,0,0,0,0,0
5.446,0.440316007871585,-0.277541779252636,0,0,0,0,0,0,0,0
5.447,0.440303405654748,-0.277533835771997,0,0,0,0,0,0,0,0
5.448,0.440290683288977,-0.277525816558593,0,0,0,0,0,0,0,0
5.449,0.440277840620301,-0.277517721515372,0,0,0,0,0,0,0,0
5.45,0.44026487749475,-0.277509550545283,0,0,0,0,0,0,0,0
5.451,0.440251793758351,-0.277501303551273,0,0,0,0,0,0,0,0
5.452,0.440238589257134,-0.277492980436291,0,0,0,0,0,0,0,0
5.453,0.440225263837127,-0.277484581103285,0,0,0,0,0,0,0,0
5.454,0.440211817344359,-0.277476105455203,0,0,0,0,0,0,0,0
5.455,0.440198249624859,-0.277467553394993,0,0,0,0,0,0,0,0
5.456,0.440184560524655,-0.277458924825604,0,0,0,0,0,0,0,0
5.457,0.440170749889775,-0.277450219649984,0,0,0,0,0,0,0,0
5.458,0.44015681756625,-0.27744143777108,0,0,0,0,0,0,0,0
5.459,0.440142763400107,-0.277432579091842,0,0,0,0,0,0,0,0
5.46,0.440128587237375,-0.277423643515217,0,0,0,0,0,0,0,0
5.461,0.440114288924083,-0.277414630944153,0,0,0,0,0,0,0,0
5.462,0.440099868306259,-0.277405541281599,0,0,0,0,0,0,0,0
5.463,0.440085325229933,-0.277396374430503,0,0,0,0,0,0,0,0
5.464,0.440070659541132,-0.277387130293813,0,0,0,0,0,0,0,0
5.465,0.440055871085887,-0.277377808774477,0,0,0,0,0,0,0,0
5.466,0.440040959710224,-0.277368409775443,0,0,0,0,0,0,0,0
5.467,0.440025925260174,-0.27735893319966,0,0,0,0,0,0,0,0
5.468,0.440010767581764,-0.277349378950076,0,0,0,0,0,0,0,0
5.469,0.439995486521024,-0.277339746929639,0,0,0,0,0,0,0,0
5.47,0.439980081923982,-0.277330037041297,0,0,0,0,0,0,0,0
5.471,0.439964553636667,-0.277320249187998,0,0,0,0,0,0,0,0
5.472,0.439948901505107,-0.27731038327269,0,0,0,0,0,0,0,0
5.473,0.439933125375332,-0.277300439198323,0,0,0,0,0,0,0,0
5.474,0.43991722509337,-0.277290416867843,0,0,0,0,0,0,0,0
5.475,0.439901200505249,-0.277280316184199,0,0,0,0,0,0,0,0
5.476,0.439885051456999,-0.27727013705034,0,0,0,0,0,0,0,0
5.477,0.439868777794648,-0.277259879369213,0,0,0,0,0,0,0,0
5.478,0.439852379364225,-0.277249543043767,0,0,0,0,0,0,0,0
5.479,0.439835856011758,-0.277239127976949,0,0,0,0,0,0,0,0
5.48,0.439819207583277,-0.277228634071708,0,0,0,0,0,0,0,0
5.481,0.439802433924809,-0.277218061230993,0,0,0,0,0,0,0,0
5.482,0.439785534882384,-0.277207409357751,0,0,0,0,0,0,0,0
5.483,0.439768510302031,-0.277196678354931,0,0,0,0,0,0,0,0
5.484,0.439751360029777,-0.27718586812548,0,0,0,0,0,0,0,0
5.485,0.439734083911653,-0.277174978572347,0,0,0,0,0,0,0,0
5.486,0.439716681793686,-0.277164009598481,0,0,0,0,0,0,0,0
5.487,0.439699153521904,-0.277152961106828,0,0,0,0,0,0,0,0
5.488,0.439681498942338,-0.277141833000339,0,0,0,0,0,0,0,0
5.489,0.439663717901016,-0.277130625181959,0,0,0,0,0,0,0,0
5.49,0.439645810243965,-0.277119337554639,0,0,0,0,0,0,0,0
5.491,0.439627775817216,-0.277107970021326,0,0,0,0,0,0,0,0
5.492,0.439609614466796,-0.277096522484968,0,0,0,0,0,0,0,0
5.493,0.439591326038735,-0.277084994848513,0,0,0,0,0,0,0,0
5.494,0.439572910379061,-0.277073387014911,0,0,0,0,0,0,0,0
5.495,0.439554367333803,-0.277061698887107,0,0,0,0,0,0,0,0
5.496,0.439535696748989,-0.277049930368052,0,0,0,0,0,0,0,0
5.497,0.439516898470648,-0.277038081360693,0,0,0,0,0,0,0,0
5.498,0.43949797234481,-0.277026151767979,0,0,0,0,0,0,0,0
5.499,0.439478918217502,-0.277014141492857,0,0,0,0,0,0,0,0
5.5,0.439459735934753,-0.277002050438275,0,0,0,0,0,0,0,0
5.501,0.439440425342592,-0.276989878507183,0,0,0,0,0,0,0,0
5.502,0.439420986287048,-0.276977625602528,0,0,0,0,0,0,0,0
5.503,0.43940141861415,-0.276965291627258,0,0,0,0,0,0,0,0
5.504,0.439381722169926,-0.276952876484321,0,0,0,0,0,0,0,0
5.505,0.439361896800404,-0.276940380076667,0,0,0,0,0,0,0,0
5.506,0.439341942351615,-0.276927802307242,0,0,0,0,0,0,0,0
5.507,0.439321858669585,-0.276915143078995,0,0,0,0,0,0,0,0
5.508,0.439301645600344,-0.276902402294874,0,0,0,0,0,0,0,0
5.509,0.439281302989922,-0.276889579857828,0,0,0,0,0,0,0,0
5.51,0.439260830684345,-0.276876675670804,0,0,0,0,0,0,0,0
5.511,0.439240228529644,-0.276863689636751,0,0,0,0,0,0,0,0
5.512,0.439219496371846,-0.276850621658617,0,0,0,0,0,0,0,0
5.513,0.439198634056981,-0.276837471639351,0,0,0,0,0,0,0,0
5.514,0.439177641431078,-0.276824239481899,0,0,0,0,0,0,0,0
5.515,0.439156518340164,-0.276810925089211,0,0,0,0,0,0,0,0
5.516,0.439135264630269,-0.276797528364235,0,0,0,0,0,0,0,0
5.517,0.439113880147421,-0.276784049209919,0,0,0,0,0,0,0,0
5.518,0.439092364737649,-0.276770487529211,0,0,0,0,0,0,0,0
5.519,0.439070718246982,-0.276756843225059,0,0,0,0,0,0,0,0
5.52,0.439048940521448,-0.276743116200412,0,0,0,0,0,0,0,0
5.521,0.439027031407077,-0.276729306358217,0,0,0,0,0,0,0,0
5.522,0.439004990749896,-0.276715413601423,0,0,0,0,0,0,0,0
5.523,0.438982818395935,-0.276701437832978,0,0,0,0,0,0,0,0
5.524,0.438960514191222,-0.276687378955831,0,0,0,0,0,0,0,0
5.525,0.438938077981786,-0.276673236872929,0,0,0,0,0,0,0,0
5.526,0.438915509613656,-0.27665901148722,0,0,0,0,0,0,0,0
5.527,0.438892808932861,-0.276644702701653,0,0,0,0,0,0,0,0
5.528,0.438869975785428,-0.276630310419176,0,0,0,0,0,0,0,0
5.529,0.438847010017387,-0.276615834542738,0,0,0,0,0,0,0,0
5.53,0.438823911474767,-0.276601274975285,0,0,0,0,0,0,0,0
5.531,0.438800680003596,-0.276586631619767,0,0,0,0,0,0,0,0
5.532,0.438777315449903,-0.276571904379132,0,0,0,0,0,0,0,0
5.533,0.438753817659716,-0.276557093156328,0,0,0,0,0,0,0,0
5.534,0.438730186479065,-0.276542197854303,0,0,0,0,0,0,0,0
5.535,0.438706421753978,-0.276527218376005,0,0,0,0,0,0,0,0
5.536,0.438682523330484,-0.276512154624382,0,0,0,0,0,0,0,0
5.537,0.438658491054611,-0.276497006502384,0,0,0,0,0,0,0,0
5.538,0.438634324772388,-0.276481773912957,0,0,0,0,0,0,0,0
5.539,0.438610024329844,-0.27646645675905,0,0,0,0,0,0,0,0
5.54,0.438585589573008,-0.276451054943611,0,0,0,0,0,0,0,0
5.541,0.438561020347908,-0.276435568369589,0,0,0,0,0,0,0,0
5.542,0.438536316500573,-0.276419996939931,0,0,0,0,0,0,0,0
5.543,0.438511477877031,-0.276404340557586,0,0,0,0,0,0,0,0
5.544,0.438486504323312,-0.276388599125502,0,0,0,0,0,0,0,0
5.545,0.438461395685445,-0.276372772546627,0,0,0,0,0,0,0,0
5.546,0.438436151809456,-0.276356860723909,0,0,0,0,0,0,0,0
5.547,0.438410772541377,-0.276340863560297,0,0,0,0,0,0,0,0
5.548,0.438385257727234,-0.276324780958739,0,0,0,0,0,0,0,0
5.549,0.438359607213058,-0.276308612822182,0,0,0,0,0,0,0,0
5.55,0.438333820844876,-0.276292359053576,0,0,0,0,0,0,0,0
5.551,0.438307898468718,-0.276276019555868,0,0,0,0,0,0,0,0
5.552,0.438281839930611,-0.276259594232006,0,0,0,0,0,0,0,0
5.553,0.438255645076586,-0.276243082984939,0,0,0,0,0,0,0,0
5.554,0.438229313752669,-0.276226485717615,0,0,0,0,0,0,0,0
5.555,0.438202845804891,-0.276209802332981,0,0,0,0,0,0,0,0
5.556,0.43817624107928,-0.276193032733987,0,0,0,0,0,0,0,0
5.557,0.438149499421864,-0.276176176823581,0,0,0,0,0,0,0,0
5.558,0.438122620678673,-0.27615923450471,0,0,0,0,0,0,0,0
5.559,0.438095604695734,-0.276142205680322,0,0,0,0,0,0,0,0
5.56,0.438068451319078,-0.276125090253367,0,0,0,0,0,0,0,0
5.561,0.438041160394731,-0.276107888126791,0,0,0,0,0,0,0,0
5.562,0.438013731768724,-0.276090599203544,0,0,0,0,0,0,0,0
5.563,0.437986165287084,-0.276073223386574,0,0,0,0,0,0,0,0
5.564,0.437958460795841,-0.276055760578828,0,0,0,0,0,0,0,0
5.565,0.437930618141024,-0.276038210683255,0,0,0,0,0,0,0,0
5.566,0.43790263716866,-0.276020573602803,0,0,0,0,0,0,0,0
5.567,0.437874517724779,-0.276002849240421,0,0,0,0,0,0,0,0
5.568,0.437846259655409,-0.275985037499056,0,0,0,0,0,0,0,0
5.569,0.437817862806579,-0.275967138281656,0,0,0,0,0,0,0,0
5.57,0.437789327024318,-0.27594915149117,0,0,0,0,0,0,0,0
5.571,0.437760652154654,-0.275931077030546,0,0,0,0,0,0,0,0
5.572,0.437731838043617,-0.275912914802733,0,0,0,0,0,0,0,0
5.573,0.437702884537234,-0.275894664710677,0,0,0,0,0,0,0,0
5.574,0.437673791481535,-0.275876326657329,0,0,0,0,0,0,0,0
5.575,0.437644558722548,-0.275857900545635,0,0,0,0,0,0,0,0
5.576,0.437615186106302,-0.275839386278544,0,0,0,0,0,0,0,0
5.577,0.437585673478826,-0.275820783759004,0,0,0,0,0,0,0,0
5.578,0.437556020686148,-0.275802092889963,0,0,0,0,0,0,0,0
5.579,0.437526227574297,-0.27578331357437,0,0,0,0,0,0,0,0
5.58,0.437496293989302,-0.275764445715173,0,0,0,0,0,0,0,0
5.581,0.437466219777192,-0.275745489215319,0,0,0,0,0,0,0,0
5.582,0.437436004783995,-0.275726443977758,0,0,0,0,0,0,0,0
5.583,0.437405648855739,-0.275707309905436,0,0,0,0,0,0,0,0
5.584,0.437375151838455,-0.275688086901303,0,0,0,0,0,0,0,0
5.585,0.437344513578169,-0.275668774868307,0,0,0,0,0,0,0,0
5.586,0.437313733920912,-0.275649373709396,0,0,0,0,0,0,0,0
5.587,0.437282812712711,-0.275629883327517,0,0,0,0,0,0,0,0
5.588,0.437251749799596,-0.27561030362562,0,0,0,0,0,0,0,0
5.589,0.437220545027595,-0.275590634506652,0,0,0,0,0,0,0,0
5.59,0.437189198242737,-0.275570875873561,0,0,0,0,0,0,0,0
5.591,0.43715770929105,-0.275551027629297,0,0,0,0,0,0,0,0
5.592,0.437126078018564,-0.275531089676806,0,0,0,0,0,0,0,0
5.593,0.437094304271307,-0.275511061919037,0,0,0,0,0,0,0,0
5.594,0.437062387895307,-0.275490944258939,0,0,0,0,0,0,0,0
5.595,0.437030328736594,-0.275470736599459,0,0,0,0,0,0,0,0
5.596,0.436998126641195,-0.275450438843546,0,0,0,0,0,0,0,0
5.597,0.436965781455141,-0.275430050894147,0,0,0,0,0,0,0,0
5.598,0.436933293024459,-0.275409572654212,0,0,0,0,0,0,0,0
5.599,0.436900661195178,-0.275389004026687,0,0,0,0,0,0,0,0
5.6,0.436867885813327,-0.275368344914523,0,0,0,0,0,0,0,0
5.601,0.436834966724935,-0.275347595220666,0,0,0,0,0,0,0,0
5.602,0.43680190377603,-0.275326754848064,0,0,0,0,0,0,0,0
5.603,0.436768696812641,-0.275305823699667,0,0,0,0,0,0,0,0
5.604,0.436735345680797,-0.275284801678421,0,0,0,0,0,0,0,0
5.605,0.436701850226527,-0.275263688687276,0,0,0,0,0,0,0,0
5.606,0.436668210295858,-0.27524248462918,0,0,0,0,0,0,0,0
5.607,0.43663442573482,-0.27522118940708,0,0,0,0,0,0,0,0
5.608,0.436600496389442,-0.275199802923926,0,0,0,0,0,0,0,0
5.609,0.436566422105752,-0.275178325082664,0,0,0,0,0,0,0,0
5.61,0.436532202729779,-0.275156755786243,0,0,0,0,0,0,0,0
5.611,0.436497838107552,-0.275135094937612,0,0,0,0,0,0,0,0
5.612,0.436463328085099,-0.275113342439719,0,0,0,0,0,0,0,0
5.613,0.436428672508449,-0.275091498195512,0,0,0,0,0,0,0,0
5.614,0.436393871223631,-0.275069562107938,0,0,0,0,0,0,0,0
5.615,0.436358924076674,-0.275047534079947,0,0,0,0,0,0,0,0
5.616,0.436323830913605,-0.275025414014486,0,0,0,0,0,0,0,0
5.617,0.436288591580455,-0.275003201814504,0,0,0,0,0,0,0,0
5.618,0.436253205923251,-0.274980897382948,0,0,0,0,0,0,0,0
5.619,0.436217673788023,-0.274958500622768,0,0,0,0,0,0,0,0
5.62,0.436181995020798,-0.27493601143691,0,0,0,0,0,0,0,0
5.621,0.436146169467606,-0.274913429728324,0,0,0,0,0,0,0,0
5.622,0.436110196974476,-0.274890755399957,0,0,0,0,0,0,0,0
5.623,0.436074077387436,-0.274867988354759,0,0,0,0,0,0,0,0
5.624,0.436037810552515,-0.274845128495676,0,0,0,0,0,0,0,0
5.625,0.436001396315741,-0.274822175725657,0,0,0,0,0,0,0,0
5.626,0.435964834523143,-0.27479912994765,0,0,0,0,0,0,0,0
5.627,0.435928125020751,-0.274775991064604,0,0,0,0,0,0,0,0
5.628,0.435891267654592,-0.274752758979466,0,0,0,0,0,0,0,0
5.629,0.435854262270695,-0.274729433595186,0,0,0,0,0,0,0,0
5.63,0.43581710871509,-0.27470601481471,0,0,0,0,0,0,0,0
5.631,0.435779806833804,-0.274682502540987,0,0,0,0,0,0,0,0
5.632,0.435742356472867,-0.274658896676966,0,0,0,0,0,0,0,0
5.633,0.435704757478307,-0.274635197125594,0,0,0,0,0,0,0,0
5.634,0.435667009696153,-0.274611403789821,0,0,0,0,0,0,0,0
5.635,0.435629112972433,-0.274587516572593,0,0,0,0,0,0,0,0
5.636,0.435591067153177,-0.274563535376859,0,0,0,0,0,0,0,0
5.637,0.435552872084413,-0.274539460105568,0,0,0,0,0,0,0,0
5.638,0.43551452761217,-0.274515290661667,0,0,0,0,0,0,0,0
5.639,0.435476033582476,-0.274491026948104,0,0,0,0,0,0,0,0
5.64,0.43543738984136,-0.274466668867829,0,0,0,0,0,0,0,0
5.641,0.435398596234851,-0.274442216323789,0,0,0,0,0,0,0,0
5.642,0.435359652608977,-0.274417669218932,0,0,0,0,0,0,0,0
5.643,0.435320558809768,-0.274393027456206,0,0,0,0,0,0,0,0
5.644,0.435281314683252,-0.27436829093856,0,0,0,0,0,0,0,0
5.645,0.435241920075457,-0.274343459568942,0,0,0,0,0,0,0,0
5.646,0.435202374832413,-0.274318533250299,0,0,0,0,0,0,0,0
5.647,0.435162678800148,-0.274293511885581,0,0,0,0,0,0,0,0
5.648,0.43512283182469,-0.274268395377736,0,0,0,0,0,0,0,0
5.649,0.435082833752069,-0.274243183629711,0,0,0,0,0,0,0,0
5.65,0.435042684428314,-0.274217876544454,0,0,0,0,0,0,0,0
5.651,0.435002383699452,-0.274192474024915,0,0,0,0,0,0,0,0
5.652,0.434961931411513,-0.27416697597404,0,0,0,0,0,0,0,0
5.653,0.434921327410525,-0.274141382294779,0,0,0,0,0,0,0,0
5.654,0.434880571542517,-0.27411569289008,0,0,0,0,0,0,0,0
5.655,0.434839663653518,-0.27408990766289,0,0,0,0,0,0,0,0
5.656,0.434798603589556,-0.274064026516158,0,0,0,0,0,0,0,0
5.657,0.43475739119666,-0.274038049352832,0,0,0,0,0,0,0,0
5.658,0.43471602632086,-0.27401197607586,0,0,0,0,0,0,0,0
5.659,0.434674508808182,-0.273985806588191,0,0,0,0,0,0,0,0
5.66,0.434632838504657,-0.273959540792773,0,0,0,0,0,0,0,0
5.661,0.434591015256313,-0.273933178592553,0,0,0,0,0,0,0,0
5.662,0.434549038909179,-0.27390671989048,0,0,0,0,0,0,0,0
5.663,0.434506909309283,-0.273880164589502,0,0,0,0,0,0,0,0
5.664,0.434464626302654,-0.273853512592568,0,0,0,0,0,0,0,0
5.665,0.434422189735321,-0.273826763802625,0,0,0,0,0,0,0,0
5.666,0.434379599453312,-0.273799918122622,0,0,0,0,0,0,0,0
5.667,0.434336855302657,-0.273772975455507,0,0,0,0,0,0,0,0
5.668,0.434293957129383,-0.273745935704228,0,0,0,0,0,0,0,0
5.669,0.43425090477952,-0.273718798771733,0,0,0,0,0,0,0,0
5.67,0.434207698099097,-0.27369156456097,0,0,0,0,0,0,0,0
5.671,0.434164336934141,-0.273664232974889,0,0,0,0,0,0,0,0
5.672,0.434120821130682,-0.273636803916436,0,0,0,0,0,0,0,0
5.673,0.434077150534748,-0.27360927728856,0,0,0,0,0,0,0,0
5.674,0.434033324992369,-0.27358165299421,0,0,0,0,0,0,0,0
5.675,0.433989344349572,-0.273553930936333,0,0,0,0,0,0,0,0
5.676,0.433945208452387,-0.273526111017877,0,0,0,0,0,0,0,0
5.677,0.433900917146842,-0.273498193141791,0,0,0,0,0,0,0,0
5.678,0.433856470278967,-0.273470177211024,0,0,0,0,0,0,0,0
5.679,0.433811867694788,-0.273442063128522,0,0,0,0,0,0,0,0
5.68,0.433767109240337,-0.273413850797235,0,0,0,0,0,0,0,0
5.681,0.43372219476164,-0.27338554012011,0,0,0,0,0,0,0,0
5.682,0.433677124104727,-0.273357131000096,0,0,0,0,0,0,0,0
5.683,0.433631897115626,-0.273328623340141,0,0,0,0,0,0,0,0
5.684,0.433586513640367,-0.273300017043193,0,0,0,0,0,0,0,0
5.685,0.433540973524978,-0.2732713120122,0,0,0,0,0,0,0,0
5.686,0.433495276615487,-0.273242508150111,0,0,0,0,0,0,0,0
5.687,0.433449422757923,-0.273213605359873,0,0,0,0,0,0,0,0
5.688,0.433403411798316,-0.273184603544435,0,0,0,0,0,0,0,0
5.689,0.433357243582693,-0.273155502606746,0,0,0,0,0,0,0,0
5.69,0.433310917957083,-0.273126302449752,0,0,0,0,0,0,0,0
5.691,0.433264434767516,-0.273097002976403,0,0,0,0,0,0,0,0
5.692,0.43321779386002,-0.273067604089646,0,0,0,0,0,0,0,0
5.693,0.433170995080623,-0.27303810569243,0,0,0,0,0,0,0,0
5.694,0.433124038275354,-0.273008507687704,0,0,0,0,0,0,0,0
5.695,0.433076923290242,-0.272978809978414,0,0,0,0,0,0,0,0
5.696,0.433029649971316,-0.272949012467509,0,0,0,0,0,0,0,0
5.697,0.432982218164604,-0.272919115057939,0,0,0,0,0,0,0,0
5.698,0.432934627716136,-0.272889117652649,0,0,0,0,0,0,0,0
5.699,0.432886878471939,-0.27285902015459,0,0,0,0,0,0,0,0
5.7,0.432838970278042,-0.272828822466709,0,0,0,0,0,0,0,0
5.701,0.432790902980475,-0.272798524491954,0,0,0,0,0,0,0,0
5.702,0.432742676425266,-0.272768126133274,0,0,0,0,0,0,0,0
5.703,0.432694290458443,-0.272737627293616,0,0,0,0,0,0,0,0
5.704,0.432645744926036,-0.272707027875929,0,0,0,0,0,0,0,0
5.705,0.432597039674072,-0.272676327783161,0,0,0,0,0,0,0,0
5.706,0.432548174548581,-0.27264552691826,0,0,0,0,0,0,0,0
5.707,0.432499149395592,-0.272614625184175,0,0,0,0,0,0,0,0
5.708,0.432449964061133,-0.272583622483853,0,0,0,0,0,0,0,0
5.709,0.432400618391232,-0.272552518720243,0,0,0,0,0,0,0,0
5.71,0.432351112231919,-0.272521313796293,0,0,0,0,0,0,0,0
5.711,0.432301445429223,-0.272490007614951,0,0,0,0,0,0,0,0
5.712,0.432251617829171,-0.272458600079165,0,0,0,0,0,0,0,0
5.713,0.432201629277793,-0.272427091091884,0,0,0,0,0,0,0,0
5.714,0.432151479621117,-0.272395480556055,0,0,0,0,0,0,0,0
5.715,0.432101168705173,-0.272363768374628,0,0,0,0,0,0,0,0
5.716,0.432050696375988,-0.272331954450549,0,0,0,0,0,0,0,0
5.717,0.432000062479591,-0.272300038686768,0,0,0,0,0,0,0,0
5.718,0.431949266862012,-0.272268020986232,0,0,0,0,0,0,0,0
5.719,0.431898309369279,-0.27223590125189,0,0,0,0,0,0,0,0
5.72,0.43184718984742,-0.272203679386689,0,0,0,0,0,0,0,0
5.721,0.431795908142465,-0.272171355293579,0,0,0,0,0,0,0,0
5.722,0.431744464100441,-0.272138928875507,0,0,0,0,0,0,0,0
5.723,0.431692857567378,-0.272106400035421,0,0,0,0,0,0,0,0
5.724,0.431641088389305,-0.272073768676269,0,0,0,0,0,0,0,0
5.725,0.43158915641225,-0.272041034701001,0,0,0,0,0,0,0,0
5.726,0.431537061482241,-0.272008198012563,0,0,0,0,0,0,0,0
5.727,0.431484803445309,-0.271975258513905,0,0,0,0,0,0,0,0
5.728,0.43143238214748,-0.271942216107974,0,0,0,0,0,0,0,0
5.729,0.431379797434784,-0.271909070697718,0,0,0,0,0,0,0,0
5.73,0.43132704915325,-0.271875822186086,0,0,0,0,0,0,0,0
5.731,0.431274137148906,-0.271842470476026,0,0,0,0,0,0,0,0
5.732,0.431221061267782,-0.271809015470486,0,0,0,0,0,0,0,0
5.733,0.431167821355905,-0.271775457072414,0,0,0,0,0,0,0,0
5.734,0.431114417259304,-0.271741795184758,0,0,0,0,0,0,0,0
5.735,0.431060848824009,-0.271708029710467,0,0,0,0,0,0,0,0
5.736,0.431007115896048,-0.271674160552489,0,0,0,0,0,0,0,0
5.737,0.430953218321449,-0.271640187613772,0,0,0,0,0,0,0,0
5.738,0.430899155946241,-0.271606110797265,0,0,0,0,0,0,0,0
5.739,0.430844928616454,-0.271571930005914,0,0,0,0,0,0,0,0
5.74,0.430790536178115,-0.271537645142669,0,0,0,0,0,0,0,0
5.741,0.430735978477254,-0.271503256110478,0,0,0,0,0,0,0,0
5.742,0.430681255359898,-0.271468762812288,0,0,0,0,0,0,0,0
5.743,0.430626366672078,-0.271434165151049,0,0,0,0,0,0,0,0
5.744,0.430571312259821,-0.271399463029708,0,0,0,0,0,0,0,0
5.745,0.430516091969156,-0.271364656351214,0,0,0,0,0,0,0,0
5.746,0.430460705646112,-0.271329745018514,0,0,0,0,0,0,0,0
5.747,0.430405153136718,-0.271294728934557,0,0,0,0,0,0,0,0
5.748,0.430349434287002,-0.271259608002291,0,0,0,0,0,0,0,0
5.749,0.430293548942994,-0.271224382124665,0,0,0,0,0,0,0,0
5.75,0.430237496950721,-0.271189051204625,0,0,0,0,0,0,0,0
5.751,0.430181278156212,-0.271153615145122,0,0,0,0,0,0,0,0
5.752,0.430124892405497,-0.271118073849102,0,0,0,0,0,0,0,0
5.753,0.430068339544603,-0.271082427219514,0,0,0,0,0,0,0,0
5.754,0.43001161941956,-0.271046675159306,0,0,0,0,0,0,0,0
5.755,0.429954731876397,-0.271010817571427,0,0,0,0,0,0,0,0
5.756,0.429897676761141,-0.270974854358824,0,0,0,0,0,0,0,0
5.757,0.429840453919822,-0.270938785424446,0,0,0,0,0,0,0,0
5.758,0.429783063198468,-0.270902610671241,0,0,0,0,0,0,0,0
5.759,0.429725504443109,-0.270866330002157,0,0,0,0,0,0,0,0
5.76,0.429667777499772,-0.270829943320142,0,0,0,0,0,0,0,0
5.761,0.429609882214487,-0.270793450528145,0,0,0,0,0,0,0,0
5.762,0.429551818433282,-0.270756851529113,0,0,0,0,0,0,0,0
5.763,0.429493586002187,-0.270720146225995,0,0,0,0,0,0,0,0
5.764,0.429435184767228,-0.270683334521739,0,0,0,0,0,0,0,0
5.765,0.429376614574436,-0.270646416319294,0,0,0,0,0,0,0,0
5.766,0.429317875269839,-0.270609391521606,0,0,0,0,0,0,0,0
5.767,0.429258966699466,-0.270572260031626,0,0,0,0,0,0,0,0
5.768,0.429199888709345,-0.2705350217523,0,0,0,0,0,0,0,0
5.769,0.429140641145506,-0.270497676586577,0,0,0,0,0,0,0,0
5.77,0.429081223853976,-0.270460224437405,0,0,0,0,0,0,0,0
5.771,0.429021636680785,-0.270422665207733,0,0,0,0,0,0,0,0
5.772,0.428961879471961,-0.270384998800508,0,0,0,0,0,0,0,0
5.773,0.428901952073533,-0.270347225118679,0,0,0,0,0,0,0,0
5.774,0.42884185433153,-0.270309344065193,0,0,0,0,0,0,0,0
5.775,0.428781586091981,-0.270271355543,0,0,0,0,0,0,0,0
5.776,0.428721147200913,-0.270233259455047,0,0,0,0,0,0,0,0
5.777,0.428660537504356,-0.270195055704283,0,0,0,0,0,0,0,0
5.778,0.428599756848339,-0.270156744193655,0,0,0,0,0,0,0,0
5.779,0.42853880507889,-0.270118324826112,0,0,0,0,0,0,0,0
5.78,0.428477682042038,-0.270079797504602,0,0,0,0,0,0,0,0
5.781,0.428416387583811,-0.270041162132073,0,0,0,0,0,0,0,0
5.782,0.428354921550239,-0.270002418611474,0,0,0,0,0,0,0,0
5.783,0.42829328378735,-0.269963566845752,0,0,0,0,0,0,0,0
5.784,0.428231474141172,-0.269924606737856,0,0,0,0,0,0,0,0
5.785,0.428169492457735,-0.269885538190734,0,0,0,0,0,0,0,0
5.786,0.428107338583068,-0.269846361107334,0,0,0,0,0,0,0,0
5.787,0.428045012363198,-0.269807075390604,0,0,0,0,0,0,0,0
5.788,0.427982513644154,-0.269767680943493,0,0,0,0,0,0,0,0
5.789,0.427919842271966,-0.269728177668948,0,0,0,0,0,0,0,0
5.79,0.427856998092662,-0.269688565469919,0,0,0,0,0,0,0,0
5.791,0.427793980952271,-0.269648844249352,0,0,0,0,0,0,0,0
5.792,0.427730790696821,-0.269609013910197,0,0,0,0,0,0,0,0
5.793,0.427667427172341,-0.269569074355401,0,0,0,0,0,0,0,0
5.794,0.42760389022486,-0.269529025487913,0,0,0,0,0,0,0,0
5.795,0.427540179700406,-0.26948886721068,0,0,0,0,0,0,0,0
5.796,0.427476295445009,-0.269448599426652,0,0,0,0,0,0,0,0
5.797,0.427412237304696,-0.269408222038776,0,0,0,0,0,0,0,0
5.798,0.427348005125498,-0.26936773495,0,0,0,0,0,0,0,0
5.799,0.427283598753441,-0.269327138063273,0,0,0,0,0,0,0,0
5.8,0.427219018034556,-0.269286431281542,0,0,0,0,0,0,0,0
5.801,0.42715426281487,-0.269245614507757,0,0,0,0,0,0,0,0
5.802,0.427089332940413,-0.269204687644864,0,0,0,0,0,0,0,0
5.803,0.427024228257213,-0.269163650595813,0,0,0,0,0,0,0,0
5.804,0.426958948611298,-0.269122503263551,0,0,0,0,0,0,0,0
5.805,0.426893493848699,-0.269081245551027,0,0,0,0,0,0,0,0
5.806,0.426827863815442,-0.269039877361189,0,0,0,0,0,0,0,0
5.807,0.426762058357558,-0.268998398596985,0,0,0,0,0,0,0,0
5.808,0.426696077321074,-0.268956809161363,0,0,0,0,0,0,0,0
5.809,0.42662992055202,-0.268915108957272,0,0,0,0,0,0,0,0
5.81,0.426563587896424,-0.268873297887659,0,0,0,0,0,0,0,0
5.811,0.426497079200314,-0.268831375855473,0,0,0,0,0,0,0,0
5.812,0.42643039430972,-0.268789342763662,0,0,0,0,0,0,0,0
5.813,0.426363533070671,-0.268747198515175,0,0,0,0,0,0,0,0
5.814,0.426296495329194,-0.268704943012958,0,0,0,0,0,0,0,0
5.815,0.426229280931319,-0.268662576159961,0,0,0,0,0,0,0,0
5.816,0.426161889723074,-0.268620097859132,0,0,0,0,0,0,0,0
5.817,0.426094321550488,-0.268577508013419,0,0,0,0,0,0,0,0
5.818,0.42602657625959,-0.26853480652577,0,0,0,0,0,0,0,0
5.819,0.425958653696408,-0.268491993299133,0,0,0,0,0,0,0,0
5.82,0.425890553706972,-0.268449068236457,0,0,0,0,0,0,0,0
5.821,0.425822276137309,-0.268406031240689,0,0,0,0,0,0,0,0
5.822,0.425753820833449,-0.268362882214778,0,0,0,0,0,0,0,0
5.823,0.425685187641421,-0.268319621061672,0,0,0,0,0,0,0,0
5.824,0.425616376407252,-0.26827624768432,0,0,0,0,0,0,0,0
5.825,0.425547386976972,-0.268232761985669,0,0,0,0,0,0,0,0
5.826,0.425478219196609,-0.268189163868667,0,0,0,0,0,0,0,0
5.827,0.425408872912192,-0.268145453236264,0,0,0,0,0,0,0,0
5.828,0.425339347969751,-0.268101629991406,0,0,0,0,0,0,0,0
5.829,0.425269644215312,-0.268057694037042,0,0,0,0,0,0,0,0
5.83,0.425199761494906,-0.268013645276121,0,0,0,0,0,0,0,0
5.831,0.425129699654561,-0.26796948361159,0,0,0,0,0,0,0,0
5.832,0.425059458540305,-0.267925208946398,0,0,0,0,0,0,0,0
5.833,0.424989037998168,-0.267880821183493,0,0,0,0,0,0,0,0
5.834,0.424918437874178,-0.267836320225823,0,0,0,0,0,0,0,0
5.835,0.424847658014363,-0.267791705976337,0,0,0,0,0,0,0,0
5.836,0.424776698264753,-0.267746978337981,0,0,0,0,0,0,0,0
5.837,0.424705558471377,-0.267702137213706,0,0,0,0,0,0,0,0
5.838,0.424634238480261,-0.267657182506458,0,0,0,0,0,0,0,0
5.839,0.424562738137437,-0.267612114119187,0,0,0,0,0,0,0,0
5.84,0.424491057288932,-0.267566931954839,0,0,0,0,0,0,0,0
5.841,0.424419195780775,-0.267521635916364,0,0,0,0,0,0,0,0
5.842,0.424347153458994,-0.26747622590671,0,0,0,0,0,0,0,0
5.843,0.424274930169619,-0.267430701828824,0,0,0,0,0,0,0,0
5.844,0.424202525758678,-0.267385063585655,0,0,0,0,0,0,0,0
5.845,0.4241299400722,-0.267339311080152,0,0,0,0,0,0,0,0
5.846,0.424057172956213,-0.267293444215261,0,0,0,0,0,0,0,0
5.847,0.423984224256746,-0.267247462893933,0,0,0,0,0,0,0,0
5.848,0.423911093819828,-0.267201367019114,0,0,0,0,0,0,0,0
5.849,0.423837781491488,-0.267155156493752,0,0,0,0,0,0,0,0
5.85,0.423764287117755,-0.267108831220797,0,0,0,0,0,0,0,0
5.851,0.423690610544656,-0.267062391103197,0,0,0,0,0,0,0,0
5.852,0.423616751618221,-0.267015836043898,0,0,0,0,0,0,0,0
5.853,0.423542710184479,-0.266969165945851,0,0,0,0,0,0,0,0
5.854,0.423468486089457,-0.266922380712002,0,0,0,0,0,0,0,0
5.855,0.423394079179186,-0.2668754802453,0,0,0,0,0,0,0,0
5.856,0.423319489299693,-0.266828464448694,0,0,0,0,0,0,0,0
5.857,0.423244716297007,-0.26678133322513,0,0,0,0,0,0,0,0
5.858,0.423169760017157,-0.266734086477559,0,0,0,0,0,0,0,0
5.859,0.423094620306172,-0.266686724108927,0,0,0,0,0,0,0,0
5.86,0.42301929701008,-0.266639246022183,0,0,0,0,0,0,0,0
5.861,0.422943789974911,-0.266591652120275,0,0,0,0,0,0,0,0
5.862,0.422868099046692,-0.266543942306152,0,0,0,0,0,0,0,0
5.863,0.422792224071453,-0.266496116482761,0,0,0,0,0,0,0,0
5.864,0.422716164895222,-0.266448174553051,0,0,0,0,0,0,0,0
5.865,0.422639921364027,-0.266400116419969,0,0,0,0,0,0,0,0
5.866,0.422563493323899,-0.266351941986465,0,0,0,0,0,0,0,0
5.867,0.422486880620864,-0.266303651155486,0,0,0,0,0,0,0,0
5.868,0.422410083100953,-0.26625524382998,0,0,0,0,0,0,0,0
5.869,0.422333100610194,-0.266206719912896,0,0,0,0,0,0,0,0
5.87,0.422255932994615,-0.266158079307182,0,0,0,0,0,0,0,0
5.871,0.422178580100245,-0.266109321915786,0,0,0,0,0,0,0,0
5.872,0.422101041773113,-0.266060447641656,0,0,0,0,0,0,0,0
5.873,0.422023317859247,-0.266011456387741,0,0,0,0,0,0,0,0
5.874,0.421945408204677,-0.265962348056988,0,0,0,0,0,0,0,0
5.875,0.42186731265543,-0.265913122552345,0,0,0,0,0,0,0,0
5.876,0.421789031057537,-0.265863779776762,0,0,0,0,0,0,0,0
5.877,0.421710563257025,-0.265814319633186,0,0,0,0,0,0,0,0
5.878,0.421631909099922,-0.265764742024565,0,0,0,0,0,0,0,0
5.879,0.421553068432259,-0.265715046853848,0,0,0,0,0,0,0,0
5.88,0.421474041100063,-0.265665234023982,0,0,0,0,0,0,0,0
5.881,0.421394826949363,-0.265615303437916,0,0,0,0,0,0,0,0
5.882,0.421315425826189,-0.265565254998599,0,0,0,0,0,0,0,0
5.883,0.421235837576567,-0.265515088608977,0,0,0,0,0,0,0,0
5.884,0.421156062046528,-0.265464804172,0,0,0,0,0,0,0,0
5.885,0.421076099082101,-0.265414401590615,0,0,0,0,0,0,0,0
5.886,0.420995948529312,-0.265363880767772,0,0,0,0,0,0,0,0
5.887,0.420915610234193,-0.265313241606417,0,0,0,0,0,0,0,0
5.888,0.42083508404277,-0.2652624840095,0,0,0,0,0,0,0,0
5.889,0.420754369801074,-0.265211607879968,0,0,0,0,0,0,0,0
5.89,0.420673467355131,-0.265160613120769,0,0,0,0,0,0,0,0
5.891,0.420592376550972,-0.265109499634852,0,0,0,0,0,0,0,0
5.892,0.420511097234625,-0.265058267325165,0,0,0,0,0,0,0,0
5.893,0.420429629252119,-0.265006916094657,0,0,0,0,0,0,0,0
5.894,0.420347972449482,-0.264955445846274,0,0,0,0,0,0,0,0
5.895,0.420266126672743,-0.264903856482966,0,0,0,0,0,0,0,0
5.896,0.420184091767931,-0.264852147907681,0,0,0,0,0,0,0,0
5.897,0.420101867581075,-0.264800320023366,0,0,0,0,0,0,0,0
5.898,0.420019453958202,-0.264748372732971,0,0,0,0,0,0,0,0
5.899,0.419936850745343,-0.264696305939443,0,0,0,0,0,0,0,0
5.9,0.419854057788525,-0.26464411954573,0,0,0,0,0,0,0,0
5.901,0.419771074933777,-0.264591813454781,0,0,0,0,0,0,0,0
5.902,0.419687902027129,-0.264539387569543,0,0,0,0,0,0,0,0
5.903,0.419604538914608,-0.264486841792966,0,0,0,0,0,0,0,0
5.904,0.419520985442244,-0.264434176027997,0,0,0,0,0,0,0,0
5.905,0.419437241456064,-0.264381390177584,0,0,0,0,0,0,0,0
5.906,0.419353306802099,-0.264328484144676,0,0,0,0,0,0,0,0
5.907,0.419269181326376,-0.26427545783222,0,0,0,0,0,0,0,0
5.908,0.419184864874925,-0.264222311143165,0,0,0,0,0,0,0,0
5.909,0.419100357293773,-0.26416904398046,0,0,0,0,0,0,0,0
5.91,0.41901565842895,-0.264115656247051,0,0,0,0,0,0,0,0
5.911,0.418930768126484,-0.264062147845889,0,0,0,0,0,0,0,0
5.912,0.418845686232405,-0.264008518679919,0,0,0,0,0,0,0,0
5.913,0.41876041259274,-0.263954768652092,0,0,0,0,0,0,0,0
5.914,0.418674947053519,-0.263900897665355,0,0,0,0,0,0,0,0
5.915,0.41858928946077,-0.263846905622656,0,0,0,0,0,0,0,0
5.916,0.418503439660521,-0.263792792426943,0,0,0,0,0,0,0,0
5.917,0.418417397498803,-0.263738557981165,0,0,0,0,0,0,0,0
5.918,0.418331162821642,-0.26368420218827,0,0,0,0,0,0,0,0
5.919,0.418244735475069,-0.263629724951205,0,0,0,0,0,0,0,0
5.92,0.418158115305112,-0.26357512617292,0,0,0,0,0,0,0,0
5.921,0.418071302157798,-0.263520405756362,0,0,0,0,0,0,0,0
5.922,0.417984295879158,-0.26346556360448,0,0,0,0,0,0,0,0
5.923,0.41789709631522,-0.263410599620222,0,0,0,0,0,0,0,0
5.924,0.417809703312013,-0.263355513706535,0,0,0,0,0,0,0,0
5.925,0.417722116715564,-0.263300305766368,0,0,0,0,0,0,0,0
5.926,0.417634336371904,-0.26324497570267,0,0,0,0,0,0,0,0
5.927,0.41754636212706,-0.263189523418388,0,0,0,0,0,0,0,0
5.928,0.417458193827062,-0.263133948816471,0,0,0,0,0,0,0,0
5.929,0.417369831317937,-0.263078251799867,0,0,0,0,0,0,0,0
5.93,0.417281274445716,-0.263022432271523,0,0,0,0,0,0,0,0
5.931,0.417192523056426,-0.262966490134389,0,0,0,0,0,0,0,0
5.932,0.417103576996096,-0.262910425291412,0,0,0,0,0,0,0,0
5.933,0.417014436110755,-0.262854237645541,0,0,0,0,0,0,0,0
5.934,0.416925100246431,-0.262797927099724,0,0,0,0,0,0,0,0
5.935,0.416835569249154,-0.262741493556908,0,0,0,0,0,0,0,0
5.936,0.416745842964952,-0.262684936920043,0,0,0,0,0,0,0,0
5.937,0.416655921239854,-0.262628257092076,0,0,0,0,0,0,0,0
5.938,0.416565803919888,-0.262571453975955,0,0,0,0,0,0,0,0
5.939,0.416475490851083,-0.26251452747463,0,0,0,0,0,0,0,0
5.94,0.416384981879468,-0.262457477491047,0,0,0,0,0,0,0,0
5.941,0.416294276851071,-0.262400303928155,0,0,0,0,0,0,0,0
5.942,0.416203375611922,-0.262343006688902,0,0,0,0,0,0,0,0
5.943,0.416112278008049,-0.262285585676237,0,0,0,0,0,0,0,0
5.944,0.41602098388548,-0.262228040793108,0,0,0,0,0,0,0,0
5.945,0.415929493090245,-0.262170371942462,0,0,0,0,0,0,0,0
5.946,0.415837805468372,-0.262112579027249,0,0,0,0,0,0,0,0
5.947,0.415745920865889,-0.262054661950415,0,0,0,0,0,0,0,0
5.948,0.415653839128826,-0.26199662061491,0,0,0,0,0,0,0,0
5.949,0.415561560103212,-0.261938454923682,0,0,0,0,0,0,0,0
5.95,0.415469083635074,-0.261880164779678,0,0,0,0,0,0,0,0
5.951,0.415376409570442,-0.261821750085847,0,0,0,0,0,0,0,0
5.952,0.415283537755344,-0.261763210745137,0,0,0,0,0,0,0,0
5.953,0.415190468035809,-0.261704546660497,0,0,0,0,0,0,0,0
5.954,0.415097200257865,-0.261645757734874,0,0,0,0,0,0,0,0
5.955,0.415003734267543,-0.261586843871217,0,0,0,0,0,0,0,0
5.956,0.414910069910869,-0.261527804972474,0,0,0,0,0,0,0,0
5.957,0.414816207033873,-0.261468640941593,0,0,0,0,0,0,0,0
5.958,0.414722145482584,-0.261409351681522,0,0,0,0,0,0,0,0
5.959,0.41462788510303,-0.261349937095209,0,0,0,0,0,0,0,0
5.96,0.414533425741239,-0.261290397085603,0,0,0,0,0,0,0,0
5.961,0.414438767243242,-0.261230731555652,0,0,0,0,0,0,0,0
5.962,0.414343909455066,-0.261170940408304,0,0,0,0,0,0,0,0
5.963,0.41424885222274,-0.261111023546507,0,0,0,0,0,0,0,0
5.964,0.414153595392292,-0.261050980873209,0,0,0,0,0,0,0,0
5.965,0.414058138809752,-0.260990812291359,0,0,0,0,0,0,0,0
5.966,0.413962482321149,-0.260930517703905,0,0,0,0,0,0,0,0
5.967,0.41386662577251,-0.260870097013795,0,0,0,0,0,0,0,0
5.968,0.413770569009865,-0.260809550123977,0,0,0,0,0,0,0,0
5.969,0.413674311879242,-0.260748876937399,0,0,0,0,0,0,0,0
5.97,0.41357785422667,-0.260688077357009,0,0,0,0,0,0,0,0
5.971,0.413481195898178,-0.260627151285757,0,0,0,0,0,0,0,0
5.972,0.413384336739794,-0.260566098626589,0,0,0,0,0,0,0,0
5.973,0.413287276597547,-0.260504919282454,0,0,0,0,0,0,0,0
5.974,0.413190015317466,-0.2604436131563,0,0,0,0,0,0,0,0
5.975,0.41309255274558,-0.260382180151076,0,0,0,0,0,0,0,0
5.976,0.412994888727917,-0.26032062016973,0,0,0,0,0,0,0,0
5.977,0.412897023110506,-0.260258933115209,0,0,0,0,0,0,0,0
5.978,0.412798955739375,-0.260197118890462,0,0,0,0,0,0,0,0
5.979,0.412700686460554,-0.260135177398437,0,0,0,0,0,0,0,0
5.98,0.412602215120071,-0.260073108542083,0,0,0,0,0,0,0,0
5.981,0.412503541563955,-0.260010912224347,0,0,0,0,0,0,0,0
5.982,0.412404665638234,-0.259948588348178,0,0,0,0,0,0,0,0
5.983,0.412305587188937,-0.259886136816524,0,0,0,0,0,0,0,0
5.984,0.412206306062093,-0.259823557532333,0,0,0,0,0,0,0,0
5.985,0.412106822103731,-0.259760850398554,0,0,0,0,0,0,0,0
5.986,0.412007135159879,-0.259698015318133,0,0,0,0,0,0,0,0
5.987,0.411907245076566,-0.259635052194021,0,0,0,0,0,0,0,0
5.988,0.411807151699821,-0.259571960929164,0,0,0,0,0,0,0,0
5.989,0.411706854875672,-0.259508741426511,0,0,0,0,0,0,0,0
5.99,0.411606354450149,-0.259445393589011,0,0,0,0,0,0,0,0
5.991,0.411505650269279,-0.259381917319611,0,0,0,0,0,0,0,0
5.992,0.411404742179092,-0.25931831252126,0,0,0,0,0,0,0,0
5.993,0.411303630025615,-0.259254579096905,0,0,0,0,0,0,0,0
5.994,0.411202313654879,-0.259190716949495,0,0,0,0,0,0,0,0
5.995,0.411100792912912,-0.259126725981979,0,0,0,0,0,0,0,0
5.996,0.410999067645742,-0.259062606097304,0,0,0,0,0,0,0,0
5.997,0.410897137699397,-0.258998357198418,0,0,0,0,0,0,0,0
5.998,0.410795002919908,-0.25893397918827,0,0,0,0,0,0,0,0
5.999,0.410692663153302,-0.258869471969808,0,0,0,0,0,0,0,0
6,0.410590118245608,-0.25880483544598,0,0,0,0,0,0,0,0
6.001,0.410487265497974,-0.258740004883227,0,0,0,0,0,0,0,0
6.002,0.410384002622134,-0.258674915806793,0,0,0,0,0,0,0,0
6.003,0.410280330080005,-0.258609568507835,0,0,0,0,0,0,0,0
6.004,0.410176248333498,-0.258543963277509,0,0,0,0,0,0,0,0
6.005,0.410071757844529,-0.258478100406968,0,0,0,0,0,0,0,0
6.006,0.409966859075011,-0.258411980187369,0,0,0,0,0,0,0,0
6.007,0.409861552486859,-0.258345602909867,0,0,0,0,0,0,0,0
6.008,0.409755838541985,-0.258278968865618,0,0,0,0,0,0,0,0
6.009,0.409649717702304,-0.258212078345777,0,0,0,0,0,0,0,0
6.01,0.409543190429729,-0.258144931641499,0,0,0,0,0,0,0,0
6.011,0.409436257186176,-0.258077529043941,0,0,0,0,0,0,0,0
6.012,0.409328918433556,-0.258009870844257,0,0,0,0,0,0,0,0
6.013,0.409221174633785,-0.257941957333602,0,0,0,0,0,0,0,0
6.014,0.409113026248777,-0.257873788803133,0,0,0,0,0,0,0,0
6.015,0.409004473740444,-0.257805365544005,0,0,0,0,0,0,0,0
6.016,0.408895517570701,-0.257736687847373,0,0,0,0,0,0,0,0
6.017,0.408786158201463,-0.257667756004392,0,0,0,0,0,0,0,0
6.018,0.408676396094642,-0.257598570306218,0,0,0,0,0,0,0,0
6.019,0.408566231712152,-0.257529131044007,0,0,0,0,0,0,0,0
6.02,0.408455665515909,-0.257459438508914,0,0,0,0,0,0,0,0
6.021,0.408344697967824,-0.257389492992094,0,0,0,0,0,0,0,0
6.022,0.408233329529813,-0.257319294784703,0,0,0,0,0,0,0,0
6.023,0.408121560663789,-0.257248844177896,0,0,0,0,0,0,0,0
6.024,0.408009391831667,-0.257178141462829,0,0,0,0,0,0,0,0
6.025,0.407896823495359,-0.257107186930657,0,0,0,0,0,0,0,0
6.026,0.40778385611678,-0.257035980872536,0,0,0,0,0,0,0,0
6.027,0.407670490157843,-0.25696452357962,0,0,0,0,0,0,0,0
6.028,0.407556726080464,-0.256892815343066,0,0,0,0,0,0,0,0
6.029,0.407442564346554,-0.256820856454029,0,0,0,0,0,0,0,0
6.03,0.407328005418029,-0.256748647203664,0,0,0,0,0,0,0,0
6.031,0.407213049756803,-0.256676187883127,0,0,0,0,0,0,0,0
6.032,0.407097697824788,-0.256603478783573,0,0,0,0,0,0,0,0
6.033,0.4069819500839,-0.256530520196158,0,0,0,0,0,0,0,0
6.034,0.406865806996051,-0.256457312412036,0,0,0,0,0,0,0,0
6.035,0.406749269023156,-0.256383855722364,0,0,0,0,0,0,0,0
6.036,0.406632336627129,-0.256310150418298,0,0,0,0,0,0,0,0
6.037,0.406515010269884,-0.256236196790991,0,0,0,0,0,0,0,0
6.038,0.406397290413333,-0.256161995131601,0,0,0,0,0,0,0,0
6.039,0.406279177519393,-0.256087545731281,0,0,0,0,0,0,0,0
6.04,0.406160672049975,-0.256012848881189,0,0,0,0,0,0,0,0
6.041,0.406041774466994,-0.255937904872478,0,0,0,0,0,0,0,0
6.042,0.405922485232365,-0.255862713996305,0,0,0,0,0,0,0,0
6.043,0.405802804808,-0.255787276543826,0,0,0,0,0,0,0,0
6.044,0.405682733655814,-0.255711592806194,0,0,0,0,0,0,0,0
6.045,0.40556227223772,-0.255635663074567,0,0,0,0,0,0,0,0
6.046,0.405441421015633,-0.255559487640099,0,0,0,0,0,0,0,0
6.047,0.405320180451467,-0.255483066793945,0,0,0,0,0,0,0,0
6.048,0.405198551007134,-0.255406400827262,0,0,0,0,0,0,0,0
6.049,0.40507653314455,-0.255329490031205,0,0,0,0,0,0,0,0
6.05,0.404954127325628,-0.255252334696929,0,0,0,0,0,0,0,0
6.051,0.404831334012281,-0.255174935115589,0,0,0,0,0,0,0,0
6.052,0.404708153666425,-0.255097291578341,0,0,0,0,0,0,0,0
6.053,0.404584586749972,-0.255019404376341,0,0,0,0,0,0,0,0
6.054,0.404460633724837,-0.254941273800743,0,0,0,0,0,0,0,0
6.055,0.404336295052933,-0.254862900142704,0,0,0,0,0,0,0,0
6.056,0.404211571196174,-0.254784283693379,0,0,0,0,0,0,0,0
6.057,0.404086462616475,-0.254705424743922,0,0,0,0,0,0,0,0
6.058,0.403960969775749,-0.254626323585491,0,0,0,0,0,0,0,0
6.059,0.40383509313591,-0.254546980509239,0,0,0,0,0,0,0,0
6.06,0.403708833158871,-0.254467395806323,0,0,0,0,0,0,0,0
6.061,0.403582190306548,-0.254387569767898,0,0,0,0,0,0,0,0
6.062,0.403455165040852,-0.254307502685119,0,0,0,0,0,0,0,0
6.063,0.4033277578237,-0.254227194849142,0,0,0,0,0,0,0,0
6.064,0.403199969117004,-0.254146646551123,0,0,0,0,0,0,0,0
6.065,0.403071799382678,-0.254065858082216,0,0,0,0,0,0,0,0
6.066,0.402943249082636,-0.253984829733577,0,0,0,0,0,0,0,0
6.067,0.402814318678792,-0.253903561796362,0,0,0,0,0,0,0,0
6.068,0.402685008633061,-0.253822054561726,0,0,0,0,0,0,0,0
6.069,0.402555319407355,-0.253740308320824,0,0,0,0,0,0,0,0
6.07,0.402425251463588,-0.253658323364812,0,0,0,0,0,0,0,0
6.071,0.402294805263676,-0.253576099984846,0,0,0,0,0,0,0,0
6.072,0.40216398126953,-0.25349363847208,0,0,0,0,0,0,0,0
6.073,0.402032779943066,-0.253410939117671,0,0,0,0,0,0,0,0
6.074,0.401901201746198,-0.253328002212773,0,0,0,0,0,0,0,0
6.075,0.401769247140838,-0.253244828048542,0,0,0,0,0,0,0,0
6.076,0.401636916588901,-0.253161416916134,0,0,0,0,0,0,0,0
6.077,0.401504210552301,-0.253077769106704,0,0,0,0,0,0,0,0
6.078,0.401371129492952,-0.252993884911407,0,0,0,0,0,0,0,0
6.079,0.401237673872768,-0.2529097646214,0,0,0,0,0,0,0,0
6.08,0.401103844153662,-0.252825408527836,0,0,0,0,0,0,0,0
6.081,0.400969640797548,-0.252740816921872,0,0,0,0,0,0,0,0
6.082,0.400835064266341,-0.252655990094664,0,0,0,0,0,0,0,0
6.083,0.400700115021954,-0.252570928337366,0,0,0,0,0,0,0,0
6.084,0.400564793526301,-0.252485631941134,0,0,0,0,0,0,0,0
6.085,0.400429100241296,-0.252400101197123,0,0,0,0,0,0,0,0
6.086,0.400293035628853,-0.25231433639649,0,0,0,0,0,0,0,0
6.087,0.400156600150885,-0.252228337830389,0,0,0,0,0,0,0,0
6.088,0.400019794269307,-0.252142105789976,0,0,0,0,0,0,0,0
6.089,0.399882618446032,-0.252055640566406,0,0,0,0,0,0,0,0
6.09,0.399745073142975,-0.251968942450834,0,0,0,0,0,0,0,0
6.091,0.399607158822049,-0.251882011734417,0,0,0,0,0,0,0,0
6.092,0.399468875945168,-0.25179484870831,0,0,0,0,0,0,0,0
6.093,0.399330224974247,-0.251707453663667,0,0,0,0,0,0,0,0
6.094,0.399191206371198,-0.251619826891645,0,0,0,0,0,0,0,0
6.095,0.399051820597935,-0.251531968683399,0,0,0,0,0,0,0,0
6.096,0.398912068116374,-0.251443879330084,0,0,0,0,0,0,0,0
6.097,0.398771949388427,-0.251355559122856,0,0,0,0,0,0,0,0
6.098,0.398631464876008,-0.25126700835287,0,0,0,0,0,0,0,0
6.099,0.398490615041031,-0.251178227311282,0,0,0,0,0,0,0,0
6.1,0.398349400345411,-0.251089216289247,0,0,0,0,0,0,0,0
6.101,0.398207821251061,-0.25099997557792,0,0,0,0,0,0,0,0
6.102,0.398065878219895,-0.250910505468458,0,0,0,0,0,0,0,0
6.103,0.397923571713827,-0.250820806252015,0,0,0,0,0,0,0,0
6.104,0.39778090219477,-0.250730878219746,0,0,0,0,0,0,0,0
6.105,0.397637870124639,-0.250640721662808,0,0,0,0,0,0,0,0
6.106,0.397494475965347,-0.250550336872356,0,0,0,0,0,0,0,0
6.107,0.397350720178809,-0.250459724139545,0,0,0,0,0,0,0,0
6.108,0.397206603226938,-0.250368883755531,0,0,0,0,0,0,0,0
6.109,0.397062125571648,-0.250277816011468,0,0,0,0,0,0,0,0
6.11,0.396917287674853,-0.250186521198513,0,0,0,0,0,0,0,0
6.111,0.396772089998467,-0.250094999607821,0,0,0,0,0,0,0,0
6.112,0.396626533004404,-0.250003251530548,0,0,0,0,0,0,0,0
6.113,0.396480617154577,-0.249911277257848,0,0,0,0,0,0,0,0
6.114,0.396334342910901,-0.249819077080878,0,0,0,0,0,0,0,0
6.115,0.396187710735289,-0.249726651290792,0,0,0,0,0,0,0,0
6.116,0.396040721089656,-0.249634000178746,0,0,0,0,0,0,0,0
6.117,0.395893374435915,-0.249541124035896,0,0,0,0,0,0,0,0
6.118,0.39574567123598,-0.249448023153397,0,0,0,0,0,0,0,0
6.119,0.395597611951765,-0.249354697822405,0,0,0,0,0,0,0,0
6.12,0.395449197045183,-0.249261148334074,0,0,0,0,0,0,0,0
6.121,0.39530042697815,-0.249167374979561,0,0,0,0,0,0,0,0
6.122,0.395151302212578,-0.24907337805002,0,0,0,0,0,0,0,0
6.123,0.395001823210381,-0.248979157836608,0,0,0,0,0,0,0,0
6.124,0.394851990433474,-0.248884714630479,0,0,0,0,0,0,0,0
6.125,0.39470180434377,-0.24879004872279,0,0,0,0,0,0,0,0
6.126,0.394551265403184,-0.248695160404695,0,0,0,0,0,0,0,0
6.127,0.394400374073628,-0.24860004996735,0,0,0,0,0,0,0,0
6.128,0.394249130817017,-0.24850471770191,0,0,0,0,0,0,0,0
6.129,0.394097536095265,-0.248409163899531,0,0,0,0,0,0,0,0
6.13,0.393945590370286,-0.248313388851369,0,0,0,0,0,0,0,0
6.131,0.393793294103993,-0.248217392848578,0,0,0,0,0,0,0,0
6.132,0.3936406477583,-0.248121176182314,0,0,0,0,0,0,0,0
6.133,0.393487651795122,-0.248024739143733,0,0,0,0,0,0,0,0
6.134,0.393334306676372,-0.24792808202399,0,0,0,0,0,0,0,0
6.135,0.393180612863965,-0.247831205114241,0,0,0,0,0,0,0,0
6.136,0.393026570819813,-0.247734108705641,0,0,0,0,0,0,0,0
6.137,0.392872181005831,-0.247636793089345,0,0,0,0,0,0,0,0
6.138,0.392717443883932,-0.247539258556508,0,0,0,0,0,0,0,0
6.139,0.392562359916032,-0.247441505398287,0,0,0,0,0,0,0,0
6.14,0.392406929564043,-0.247343533905837,0,0,0,0,0,0,0,0
6.141,0.392251153289879,-0.247245344370313,0,0,0,0,0,0,0,0
6.142,0.392095031555454,-0.24714693708287,0,0,0,0,0,0,0,0
6.143,0.391938564822683,-0.247048312334665,0,0,0,0,0,0,0,0
6.144,0.391781753553478,-0.246949470416852,0,0,0,0,0,0,0,0
6.145,0.391624598209755,-0.246850411620586,0,0,0,0,0,0,0,0
6.146,0.391467099253426,-0.246751136237024,0,0,0,0,0,0,0,0
6.147,0.391309257146406,-0.246651644557321,0,0,0,0,0,0,0,0
6.148,0.391151072350609,-0.246551936872633,0,0,0,0,0,0,0,0
6.149,0.390992545327948,-0.246452013474113,0,0,0,0,0,0,0,0
6.15,0.390833676540337,-0.246351874652919,0,0,0,0,0,0,0,0
6.151,0.390674466449691,-0.246251520700206,0,0,0,0,0,0,0,0
6.152,0.390514915517923,-0.246150951907128,0,0,0,0,0,0,0,0
6.153,0.390355024206946,-0.246050168564842,0,0,0,0,0,0,0,0
6.154,0.390194792978676,-0.245949170964502,0,0,0,0,0,0,0,0
6.155,0.390034222295025,-0.245847959397265,0,0,0,0,0,0,0,0
6.156,0.389873312617908,-0.245746534154286,0,0,0,0,0,0,0,0
6.157,0.389712064409238,-0.24564489552672,0,0,0,0,0,0,0,0
6.158,0.38955047813093,-0.245543043805722,0,0,0,0,0,0,0,0
6.159,0.389388554244897,-0.245440979282449,0,0,0,0,0,0,0,0
6.16,0.389226293213053,-0.245338702248055,0,0,0,0,0,0,0,0
6.161,0.389063695497312,-0.245236212993696,0,0,0,0,0,0,0,0
6.162,0.388900761559588,-0.245133511810527,0,0,0,0,0,0,0,0
6.163,0.388737491861795,-0.245030598989704,0,0,0,0,0,0,0,0
6.164,0.388573886865847,-0.244927474822383,0,0,0,0,0,0,0,0
6.165,0.388409947033657,-0.244824139599718,0,0,0,0,0,0,0,0
6.166,0.38824567282714,-0.244720593612865,0,0,0,0,0,0,0,0
6.167,0.388081064708209,-0.24461683715298,0,0,0,0,0,0,0,0
6.168,0.387916123138778,-0.244512870511217,0,0,0,0,0,0,0,0
6.169,0.387750848580761,-0.244408693978734,0,0,0,0,0,0,0,0
6.17,0.387585241496072,-0.244304307846684,0,0,0,0,0,0,0,0
6.171,0.387419302346626,-0.244199712406223,0,0,0,0,0,0,0,0
6.172,0.387253031594335,-0.244094907948508,0,0,0,0,0,0,0,0
6.173,0.387086429701113,-0.243989894764692,0,0,0,0,0,0,0,0
6.174,0.386919497128875,-0.243884673145932,0,0,0,0,0,0,0,0
6.175,0.386752234339535,-0.243779243383383,0,0,0,0,0,0,0,0
6.176,0.386584641795005,-0.243673605768201,0,0,0,0,0,0,0,0
6.177,0.386416719957201,-0.243567760591541,0,0,0,0,0,0,0,0
6.178,0.386248469288036,-0.243461708144558,0,0,0,0,0,0,0,0
6.179,0.386079890249424,-0.243355448718408,0,0,0,0,0,0,0,0
6.18,0.385910983303279,-0.243248982604246,0,0,0,0,0,0,0,0
6.181,0.385741748911514,-0.243142310093228,0,0,0,0,0,0,0,0
6.182,0.385572187536044,-0.243035431476509,0,0,0,0,0,0,0,0
6.183,0.385402299638783,-0.242928347045245,0,0,0,0,0,0,0,0
6.184,0.385232085681643,-0.242821057090591,0,0,0,0,0,0,0,0
6.185,0.38506154612654,-0.242713561903702,0,0,0,0,0,0,0,0
6.186,0.384890681435388,-0.242605861775735,0,0,0,0,0,0,0,0
6.187,0.384719492070099,-0.242497956997843,0,0,0,0,0,0,0,0
6.188,0.384547978492588,-0.242389847861184,0,0,0,0,0,0,0,0
6.189,0.384376141164769,-0.242281534656911,0,0,0,0,0,0,0,0
6.19,0.384203980548555,-0.242173017676182,0,0,0,0,0,0,0,0
6.191,0.384031497105861,-0.24206429721015,0,0,0,0,0,0,0,0
6.192,0.3838586912986,-0.241955373549972,0,0,0,0,0,0,0,0
6.193,0.383685563588687,-0.241846246986803,0,0,0,0,0,0,0,0
6.194,0.383512114438035,-0.241736917811799,0,0,0,0,0,0,0,0
6.195,0.383338344308558,-0.241627386316114,0,0,0,0,0,0,0,0
6.196,0.38316425366217,-0.241517652790905,0,0,0,0,0,0,0,0
6.197,0.382989842960784,-0.241407717527327,0,0,0,0,0,0,0,0
6.198,0.382815112666316,-0.241297580816534,0,0,0,0,0,0,0,0
6.199,0.382640063240678,-0.241187242949684,0,0,0,0,0,0,0,0
6.2,0.382464695145784,-0.24107670421793,0,0,0,0,0,0,0,0
6.201,0.382289008843549,-0.240965964912429,0,0,0,0,0,0,0,0
6.202,0.382113004795886,-0.240855025324336,0,0,0,0,0,0,0,0
6.203,0.381936683464709,-0.240743885744807,0,0,0,0,0,0,0,0
6.204,0.381760045311933,-0.240632546464996,0,0,0,0,0,0,0,0
6.205,0.38158309079947,-0.24052100777606,0,0,0,0,0,0,0,0
6.206,0.381405820389235,-0.240409269969153,0,0,0,0,0,0,0,0
6.207,0.381228234543141,-0.240297333335431,0,0,0,0,0,0,0,0
6.208,0.381050333723103,-0.24018519816605,0,0,0,0,0,0,0,0
6.209,0.380872118391035,-0.240072864752165,0,0,0,0,0,0,0,0
6.21,0.380693589008849,-0.239960333384932,0,0,0,0,0,0,0,0
6.211,0.380514746038461,-0.239847604355505,0,0,0,0,0,0,0,0
6.212,0.380335589941785,-0.239734677955041,0,0,0,0,0,0,0,0
6.213,0.380156121180733,-0.239621554474695,0,0,0,0,0,0,0,0
6.214,0.379976340217219,-0.239508234205622,0,0,0,0,0,0,0,0
6.215,0.379796247513159,-0.239394717438978,0,0,0,0,0,0,0,0
6.216,0.379615843530465,-0.239281004465917,0,0,0,0,0,0,0,0
6.217,0.379435128731052,-0.239167095577597,0,0,0,0,0,0,0,0
6.218,0.379254103576833,-0.239052991065171,0,0,0,0,0,0,0,0
6.219,0.379072768529722,-0.238938691219796,0,0,0,0,0,0,0,0
6.22,0.378891124051634,-0.238824196332626,0,0,0,0,0,0,0,0
6.221,0.378709170604481,-0.238709506694818,0,0,0,0,0,0,0,0
6.222,0.378526908650179,-0.238594622597527,0,0,0,0,0,0,0,0
6.223,0.37834433865064,-0.238479544331908,0,0,0,0,0,0,0,0
6.224,0.378161461067778,-0.238364272189117,0,0,0,0,0,0,0,0
6.225,0.377978276363509,-0.238248806460308,0,0,0,0,0,0,0,0
6.226,0.377794784999745,-0.238133147436638,0,0,0,0,0,0,0,0
6.227,0.3776109874384,-0.238017295409263,0,0,0,0,0,0,0,0
6.228,0.377426884141388,-0.237901250669336,0,0,0,0,0,0,0,0
6.229,0.377242475570623,-0.237785013508015,0,0,0,0,0,0,0,0
6.23,0.37705776218802,-0.237668584216453,0,0,0,0,0,0,0,0
6.231,0.376872744455491,-0.237551963085808,0,0,0,0,0,0,0,0
6.232,0.376687422834951,-0.237435150407233,0,0,0,0,0,0,0,0
6.233,0.376501797788314,-0.237318146471886,0,0,0,0,0,0,0,0
6.234,0.376315869777493,-0.23720095157092,0,0,0,0,0,0,0,0
6.235,0.376129639264402,-0.237083565995492,0,0,0,0,0,0,0,0
6.236,0.375943106710956,-0.236965990036756,0,0,0,0,0,0,0,0
6.237,0.375756272579068,-0.236848223985869,0,0,0,0,0,0,0,0
6.238,0.375569137330652,-0.236730268133986,0,0,0,0,0,0,0,0
6.239,0.375381701427621,-0.236612122772262,0,0,0,0,0,0,0,0
6.24,0.375193965331891,-0.236493788191853,0,0,0,0,0,0,0,0
6.241,0.375005929505374,-0.236375264683914,0,0,0,0,0,0,0,0
6.242,0.374817594409985,-0.2362565525396,0,0,0,0,0,0,0,0
6.243,0.374628960507637,-0.236137652050068,0,0,0,0,0,0,0,0
6.244,0.374440028260245,-0.236018563506472,0,0,0,0,0,0,0,0
6.245,0.374250798129722,-0.235899287199967,0,0,0,0,0,0,0,0
6.246,0.374061270577982,-0.23577982342171,0,0,0,0,0,0,0,0
6.247,0.373871446066939,-0.235660172462856,0,0,0,0,0,0,0,0
6.248,0.373681325058507,-0.23554033461456,0,0,0,0,0,0,0,0
6.249,0.373490908014599,-0.235420310167978,0,0,0,0,0,0,0,0
6.25,0.37330019539713,-0.235300099414265,0,0,0,0,0,0,0,0
6.251,0.373109187668014,-0.235179702644576,0,0,0,0,0,0,0,0
6.252,0.372917885289164,-0.235059120150068,0,0,0,0,0,0,0,0
6.253,0.372726288722494,-0.234938352221894,0,0,0,0,0,0,0,0
6.254,0.372534398429919,-0.234817399151212,0,0,0,0,0,0,0,0
6.255,0.372342214873352,-0.234696261229176,0,0,0,0,0,0,0,0
6.256,0.372149738514706,-0.234574938746941,0,0,0,0,0,0,0,0
6.257,0.371956969815896,-0.234453431995664,0,0,0,0,0,0,0,0
6.258,0.371763909238836,-0.234331741266499,0,0,0,0,0,0,0,0
6.259,0.37157055724544,-0.234209866850603,0,0,0,0,0,0,0,0
6.26,0.371376914297621,-0.234087809039129,0,0,0,0,0,0,0,0
6.261,0.371182980857293,-0.233965568123235,0,0,0,0,0,0,0,0
6.262,0.370988757386371,-0.233843144394075,0,0,0,0,0,0,0,0
6.263,0.370794244346767,-0.233720538142805,0,0,0,0,0,0,0,0
6.264,0.370599442200397,-0.23359774966058,0,0,0,0,0,0,0,0
6.265,0.370404351409174,-0.233474779238556,0,0,0,0,0,0,0,0
6.266,0.370208972435011,-0.233351627167888,0,0,0,0,0,0,0,0
6.267,0.370013305739823,-0.233228293739732,0,0,0,0,0,0,0,0
6.268,0.369817351785523,-0.233104779245242,0,0,0,0,0,0,0,0
6.269,0.369621111034026,-0.232981083975575,0,0,0,0,0,0,0,0
6.27,0.369424583947245,-0.232857208221886,0,0,0,0,0,0,0,0
6.271,0.369227770987095,-0.23273315227533,0,0,0,0,0,0,0,0
6.272,0.369030672615488,-0.232608916427063,0,0,0,0,0,0,0,0
6.273,0.368833289294339,-0.23248450096824,0,0,0,0,0,0,0,0
6.274,0.368635621485562,-0.232359906190017,0,0,0,0,0,0,0,0
6.275,0.368437669651071,-0.232235132383549,0,0,0,0,0,0,0,0
6.276,0.36823943425278,-0.232110179839991,0,0,0,0,0,0,0,0
6.277,0.368040915752602,-0.231985048850499,0,0,0,0,0,0,0,0
6.278,0.367842114612451,-0.231859739706229,0,0,0,0,0,0,0,0
6.279,0.367643031294241,-0.231734252698336,0,0,0,0,0,0,0,0
6.28,0.367443666259887,-0.231608588117975,0,0,0,0,0,0,0,0
6.281,0.367244019971302,-0.231482746256301,0,0,0,0,0,0,0,0
6.282,0.367044092890399,-0.231356727404471,0,0,0,0,0,0,0,0
6.283,0.366843885479093,-0.231230531853639,0,0,0,0,0,0,0,0
6.284,0.366643398199298,-0.231104159894962,0,0,0,0,0,0,0,0
6.285,0.366442631512928,-0.230977611819593,0,0,0,0,0,0,0,0
6.286,0.366241585881896,-0.23085088791869,0,0,0,0,0,0,0,0
6.287,0.366040261768116,-0.230723988483407,0,0,0,0,0,0,0,0
6.288,0.365838659633502,-0.2305969138049,0,0,0,0,0,0,0,0
6.289,0.365636779939969,-0.230469664174324,0,0,0,0,0,0,0,0
6.29,0.365434623149429,-0.230342239882835,0,0,0,0,0,0,0,0
6.291,0.365232189723797,-0.230214641221588,0,0,0,0,0,0,0,0
6.292,0.365029480124987,-0.230086868481739,0,0,0,0,0,0,0,0
6.293,0.364826494814912,-0.229958921954442,0,0,0,0,0,0,0,0
6.294,0.364623234255487,-0.229830801930854,0,0,0,0,0,0,0,0
6.295,0.364419698908626,-0.22970250870213,0,0,0,0,0,0,0,0
6.296,0.364215889236241,-0.229574042559425,0,0,0,0,0,0,0,0
6.297,0.364011805700248,-0.229445403793895,0,0,0,0,0,0,0,0
6.298,0.36380744876256,-0.229316592696695,0,0,0,0,0,0,0,0
6.299,0.363602818885091,-0.229187609558981,0,0,0,0,0,0,0,0
6.3,0.363397916529754,-0.229058454671908,0,0,0,0,0,0,0,0
6.301,0.363192742158464,-0.228929128326631,0,0,0,0,0,0,0,0
6.302,0.362987296233135,-0.228799630814306,0,0,0,0,0,0,0,0
6.303,0.36278157921568,-0.228669962426089,0,0,0,0,0,0,0,0
6.304,0.362575591568013,-0.228540123453134,0,0,0,0,0,0,0,0
6.305,0.362369333752049,-0.228410114186598,0,0,0,0,0,0,0,0
6.306,0.3621628062297,-0.228279934917636,0,0,0,0,0,0,0,0
6.307,0.361956009462882,-0.228149585937402,0,0,0,0,0,0,0,0
6.308,0.361748943913507,-0.228019067537054,0,0,0,0,0,0,0,0
6.309,0.36154161004349,-0.227888380007745,0,0,0,0,0,0,0,0
6.31,0.361334008314745,-0.227757523640632,0,0,0,0,0,0,0,0
6.311,0.361126139189185,-0.227626498726869,0,0,0,0,0,0,0,0
6.312,0.360918003128725,-0.227495305557613,0,0,0,0,0,0,0,0
6.313,0.360709600595278,-0.227363944424019,0,0,0,0,0,0,0,0
6.314,0.360500932050758,-0.227232415617242,0,0,0,0,0,0,0,0
6.315,0.360291997957079,-0.227100719428438,0,0,0,0,0,0,0,0
6.316,0.360082798776155,-0.226968856148762,0,0,0,0,0,0,0,0
6.317,0.3598733349699,-0.226836826069369,0,0,0,0,0,0,0,0
6.318,0.359663607000227,-0.226704629481416,0,0,0,0,0,0,0,0
6.319,0.359453615329051,-0.226572266676057,0,0,0,0,0,0,0,0
6.32,0.359243360418286,-0.226439737944447,0,0,0,0,0,0,0,0
6.321,0.359032842729844,-0.226307043577744,0,0,0,0,0,0,0,0
6.322,0.358822062725641,-0.2261741838671,0,0,0,0,0,0,0,0
6.323,0.35861102086759,-0.226041159103673,0,0,0,0,0,0,0,0
6.324,0.358399717617605,-0.225907969578618,0,0,0,0,0,0,0,0
6.325,0.3581881534376,-0.22577461558309,0,0,0,0,0,0,0,0
6.326,0.357976328789489,-0.225641097408244,0,0,0,0,0,0,0,0
6.327,0.357764244135185,-0.225507415345236,0,0,0,0,0,0,0,0
6.328,0.357551899936603,-0.225373569685222,0,0,0,0,0,0,0,0
6.329,0.357339296655656,-0.225239560719356,0,0,0,0,0,0,0,0
6.33,0.357126434754258,-0.225105388738795,0,0,0,0,0,0,0,0
6.331,0.356913314694324,-0.224971054034693,0,0,0,0,0,0,0,0
6.332,0.356699936937767,-0.224836556898207,0,0,0,0,0,0,0,0
6.333,0.3564863019465,-0.224701897620491,0,0,0,0,0,0,0,0
6.334,0.356272410182438,-0.224567076492701,0,0,0,0,0,0,0,0
6.335,0.356058262107495,-0.224432093805993,0,0,0,0,0,0,0,0
6.336,0.355843858183585,-0.224296949851521,0,0,0,0,0,0,0,0
6.337,0.355629198872621,-0.224161644920442,0,0,0,0,0,0,0,0
6.338,0.355414284636517,-0.224026179303911,0,0,0,0,0,0,0,0
6.339,0.355199115937188,-0.223890553293083,0,0,0,0,0,0,0,0
6.34,0.354983693236547,-0.223754767179113,0,0,0,0,0,0,0,0
6.341,0.354768016996507,-0.223618821253158,0,0,0,0,0,0,0,0
6.342,0.354552087678984,-0.223482715806372,0,0,0,0,0,0,0,0
6.343,0.35433590574589,-0.223346451129911,0,0,0,0,0,0,0,0
6.344,0.35411947165914,-0.223210027514931,0,0,0,0,0,0,0,0
6.345,0.353902785880647,-0.223073445252587,0,0,0,0,0,0,0,0
6.346,0.353685848872326,-0.222936704634034,0,0,0,0,0,0,0,0
6.347,0.35346866109609,-0.222799805950427,0,0,0,0,0,0,0,0
6.348,0.353251223013854,-0.222662749492923,0,0,0,0,0,0,0,0
6.349,0.35303353508753,-0.222525535552676,0,0,0,0,0,0,0,0
6.35,0.352815597779033,-0.222388164420843,0,0,0,0,0,0,0,0
6.351,0.352597411550277,-0.222250636388578,0,0,0,0,0,0,0,0
6.352,0.352378976863176,-0.222112951747037,0,0,0,0,0,0,0,0
6.353,0.352160294179643,-0.221975110787375,0,0,0,0,0,0,0,0
6.354,0.351941363961593,-0.221837113800748,0,0,0,0,0,0,0,0
6.355,0.351722186670939,-0.221698961078312,0,0,0,0,0,0,0,0
6.356,0.351502762769596,-0.221560652911221,0,0,0,0,0,0,0,0
6.357,0.351283092719476,-0.221422189590631,0,0,0,0,0,0,0,0
6.358,0.351063176982495,-0.221283571407698,0,0,0,0,0,0,0,0
6.359,0.350843016020565,-0.221144798653577,0,0,0,0,0,0,0,0
6.36,0.350622610295601,-0.221005871619424,0,0,0,0,0,0,0,0
6.361,0.350401960269517,-0.220866790596393,0,0,0,0,0,0,0,0
6.362,0.350181066404226,-0.220727555875641,0,0,0,0,0,0,0,0
6.363,0.349959929161643,-0.220588167748322,0,0,0,0,0,0,0,0
6.364,0.349738549003681,-0.220448626505593,0,0,0,0,0,0,0,0
6.365,0.349516926392254,-0.220308932438608,0,0,0,0,0,0,0,0
6.366,0.349295061789276,-0.220169085838524,0,0,0,0,0,0,0,0
6.367,0.349072955656661,-0.220029086996495,0,0,0,0,0,0,0,0
6.368,0.348850608456323,-0.219888936203677,0,0,0,0,0,0,0,0
6.369,0.348628020650176,-0.219748633751225,0,0,0,0,0,0,0,0
6.37,0.348405192700133,-0.219608179930295,0,0,0,0,0,0,0,0
6.371,0.348182125068109,-0.219467575032043,0,0,0,0,0,0,0,0
6.372,0.347958818216017,-0.219326819347623,0,0,0,0,0,0,0,0
6.373,0.347735272605771,-0.219185913168192,0,0,0,0,0,0,0,0
6.374,0.347511488699286,-0.219044856784904,0,0,0,0,0,0,0,0
6.375,0.347287466958474,-0.218903650488915,0,0,0,0,0,0,0,0
6.376,0.347063207845251,-0.218762294571381,0,0,0,0,0,0,0,0
6.377,0.346838711821529,-0.218620789323457,0,0,0,0,0,0,0,0
6.378,0.346613979349223,-0.218479135036298,0,0,0,0,0,0,0,0
6.379,0.346389010890246,-0.21833733200106,0,0,0,0,0,0,0,0
6.38,0.346163806906513,-0.218195380508898,0,0,0,0,0,0,0,0
6.381,0.345938367859937,-0.218053280850968,0,0,0,0,0,0,0,0
6.382,0.345712694212432,-0.217911033318425,0,0,0,0,0,0,0,0
6.383,0.345486786425912,-0.217768638202425,0,0,0,0,0,0,0,0
6.384,0.345260644962292,-0.217626095794122,0,0,0,0,0,0,0,0
6.385,0.345034270283484,-0.217483406384673,0,0,0,0,0,0,0,0
6.386,0.344807662851403,-0.217340570265233,0,0,0,0,0,0,0,0
6.387,0.344580823127962,-0.217197587726958,0,0,0,0,0,0,0,0
6.388,0.344353751575076,-0.217054459061002,0,0,0,0,0,0,0,0
6.389,0.344126448654658,-0.216911184558521,0,0,0,0,0,0,0,0
6.39,0.343898914828623,-0.216767764510671,0,0,0,0,0,0,0,0
6.391,0.343671150558883,-0.216624199208608,0,0,0,0,0,0,0,0
6.392,0.343443156307354,-0.216480488943485,0,0,0,0,0,0,0,0
6.393,0.343214932535949,-0.21633663400646,0,0,0,0,0,0,0,0
6.394,0.342986479706581,-0.216192634688687,0,0,0,0,0,0,0,0
6.395,0.342757798281165,-0.216048491281322,0,0,0,0,0,0,0,0
6.396,0.342528888721615,-0.21590420407552,0,0,0,0,0,0,0,0
6.397,0.342299751489844,-0.215759773362437,0,0,0,0,0,0,0,0
6.398,0.342070387047766,-0.215615199433229,0,0,0,0,0,0,0,0
6.399,0.341840795857296,-0.215470482579049,0,0,0,0,0,0,0,0
6.4,0.341610978380346,-0.215325623091055,0,0,0,0,0,0,0,0
6.401,0.341380935078832,-0.215180621260402,0,0,0,0,0,0,0,0
6.402,0.341150666414666,-0.215035477378244,0,0,0,0,0,0,0,0
6.403,0.340920172849763,-0.214890191735738,0,0,0,0,0,0,0,0
6.404,0.340689454846037,-0.214744764624038,0,0,0,0,0,0,0,0
6.405,0.340458512865401,-0.214599196334301,0,0,0,0,0,0,0,0
6.406,0.34022734736977,-0.214453487157682,0,0,0,0,0,0,0,0
6.407,0.339995958821057,-0.214307637385335,0,0,0,0,0,0,0,0
6.408,0.339764347681176,-0.214161647308418,0,0,0,0,0,0,0,0
6.409,0.339532514412041,-0.214015517218084,0,0,0,0,0,0,0,0
6.41,0.339300459475566,-0.21386924740549,0,0,0,0,0,0,0,0
6.411,0.339068183333665,-0.21372283816179,0,0,0,0,0,0,0,0
6.412,0.338835686448252,-0.213576289778141,0,0,0,0,0,0,0,0
6.413,0.33860296928124,-0.213429602545698,0,0,0,0,0,0,0,0
6.414,0.338370032294543,-0.213282776755616,0,0,0,0,0,0,0,0
6.415,0.338136875950076,-0.213135812699051,0,0,0,0,0,0,0,0
6.416,0.337903500709752,-0.212988710667158,0,0,0,0,0,0,0,0
6.417,0.337669907035485,-0.212841470951092,0,0,0,0,0,0,0,0
6.418,0.337436095389189,-0.212694093842009,0,0,0,0,0,0,0,0
6.419,0.337202066232778,-0.212546579631065,0,0,0,0,0,0,0,0
6.42,0.336967820028166,-0.212398928609415,0,0,0,0,0,0,0,0
6.421,0.336733357237266,-0.212251141068213,0,0,0,0,0,0,0,0
6.422,0.336498678321993,-0.212103217298617,0,0,0,0,0,0,0,0
6.423,0.33626378374426,-0.211955157591781,0,0,0,0,0,0,0,0
6.424,0.336028673965982,-0.21180696223886,0,0,0,0,0,0,0,0
6.425,0.335793349449071,-0.211658631531011,0,0,0,0,0,0,0,0
6.426,0.335557810655443,-0.211510165759388,0,0,0,0,0,0,0,0
6.427,0.335322058047011,-0.211361565215147,0,0,0,0,0,0,0,0
6.428,0.335086092085688,-0.211212830189443,0,0,0,0,0,0,0,0
6.429,0.334849913233389,-0.211063960973432,0,0,0,0,0,0,0,0
6.43,0.334613521952028,-0.210914957858269,0,0,0,0,0,0,0,0
6.431,0.334376918703518,-0.210765821135111,0,0,0,0,0,0,0,0
6.432,0.334140103949773,-0.210616551095111,0,0,0,0,0,0,0,0
6.433,0.333903078152708,-0.210467148029426,0,0,0,0,0,0,0,0
6.434,0.333665841774236,-0.21031761222921,0,0,0,0,0,0,0,0
6.435,0.333428395276271,-0.210167943985621,0,0,0,0,0,0,0,0
6.436,0.333190739120726,-0.210018143589812,0,0,0,0,0,0,0,0
6.437,0.332952873769517,-0.209868211332939,0,0,0,0,0,0,0,0
6.438,0.332714799684556,-0.209718147506159,0,0,0,0,0,0,0,0
6.439,0.332476517327758,-0.209567952400625,0,0,0,0,0,0,0,0
6.44,0.332238027161036,-0.209417626307495,0,0,0,0,0,0,0,0
6.441,0.331999329646304,-0.209267169517922,0,0,0,0,0,0,0,0
6.442,0.331760425245476,-0.209116582323063,0,0,0,0,0,0,0,0
6.443,0.331521314420467,-0.208965865014073,0,0,0,0,0,0,0,0
6.444,0.331281997633189,-0.208815017882107,0,0,0,0,0,0,0,0
6.445,0.331042475345557,-0.208664041218321,0,0,0,0,0,0,0,0
6.446,0.330802748019485,-0.20851293531387,0,0,0,0,0,0,0,0
6.447,0.330562816116887,-0.20836170045991,0,0,0,0,0,0,0,0
6.448,0.330322680099676,-0.208210336947597,0,0,0,0,0,0,0,0
6.449,0.330082340429766,-0.208058845068085,0,0,0,0,0,0,0,0
6.45,0.329841797569072,-0.20790722511253,0,0,0,0,0,0,0,0
6.451,0.329601051979506,-0.207755477372087,0,0,0,0,0,0,0,0
6.452,0.329360104122984,-0.207603602137912,0,0,0,0,0,0,0,0
6.453,0.329118954461419,-0.207451599701161,0,0,0,0,0,0,0,0
6.454,0.328877603456724,-0.207299470352989,0,0,0,0,0,0,0,0
6.455,0.328636051570814,-0.207147214384551,0,0,0,0,0,0,0,0
6.456,0.328394299265603,-0.206994832087002,0,0,0,0,0,0,0,0
6.457,0.328152347003004,-0.206842323751499,0,0,0,0,0,0,0,0
6.458,0.327910195244931,-0.206689689669196,0,0,0,0,0,0,0,0
6.459,0.327667844453298,-0.20653693013125,0,0,0,0,0,0,0,0
6.46,0.32742529509002,-0.206384045428814,0,0,0,0,0,0,0,0
6.461,0.327182547617009,-0.206231035853046,0,0,0,0,0,0,0,0
6.462,0.32693960249618,-0.2060779016951,0,0,0,0,0,0,0,0
6.463,0.326696460189447,-0.205924643246132,0,0,0,0,0,0,0,0
6.464,0.326453121158724,-0.205771260797297,0,0,0,0,0,0,0,0
6.465,0.326209585865924,-0.205617754639751,0,0,0,0,0,0,0,0
6.466,0.325965854772961,-0.205464125064648,0,0,0,0,0,0,0,0
6.467,0.32572192834175,-0.205310372363146,0,0,0,0,0,0,0,0
6.468,0.325477807034204,-0.205156496826398,0,0,0,0,0,0,0,0
6.469,0.325233491312237,-0.205002498745561,0,0,0,0,0,0,0,0
6.47,0.324988981637762,-0.204848378411789,0,0,0,0,0,0,0,0
6.471,0.324744278472695,-0.204694136116239,0,0,0,0,0,0,0,0
6.472,0.324499382278948,-0.204539772150066,0,0,0,0,0,0,0,0
6.473,0.324254293518435,-0.204385286804424,0,0,0,0,0,0,0,0
6.474,0.324009012653071,-0.204230680370471,0,0,0,0,0,0,0,0
6.475,0.32376354014477,-0.20407595313936,0,0,0,0,0,0,0,0
6.476,0.323517876455444,-0.203921105402248,0,0,0,0,0,0,0,0
6.477,0.323272022047009,-0.20376613745029,0,0,0,0,0,0,0,0
6.478,0.323025977381378,-0.203611049574641,0,0,0,0,0,0,0,0
6.479,0.322779742920464,-0.203455842066457,0,0,0,0,0,0,0,0
6.48,0.322533319126182,-0.203300515216893,0,0,0,0,0,0,0,0
6.481,0.322286706460446,-0.203145069317105,0,0,0,0,0,0,0,0
6.482,0.322039905385169,-0.202989504658248,0,0,0,0,0,0,0,0
6.483,0.321792916362266,-0.202833821531478,0,0,0,0,0,0,0,0
6.484,0.32154573985365,-0.20267802022795,0,0,0,0,0,0,0,0
6.485,0.321298376321235,-0.202522101038819,0,0,0,0,0,0,0,0
6.486,0.321050826226935,-0.202366064255241,0,0,0,0,0,0,0,0
6.487,0.320803090032664,-0.202209910168371,0,0,0,0,0,0,0,0
6.488,0.320555168200336,-0.202053639069366,0,0,0,0,0,0,0,0
6.489,0.320307061191864,-0.201897251249379,0,0,0,0,0,0,0,0
6.49,0.320058769469163,-0.201740746999567,0,0,0,0,0,0,0,0
6.491,0.319810293494147,-0.201584126611085,0,0,0,0,0,0,0,0
6.492,0.319561633728728,-0.201427390375089,0,0,0,0,0,0,0,0
6.493,0.319312790634822,-0.201270538582733,0,0,0,0,0,0,0,0
6.494,0.319063764674342,-0.201113571525175,0,0,0,0,0,0,0,0
6.495,0.318814556309202,-0.200956489493567,0,0,0,0,0,0,0,0
6.496,0.318565166001316,-0.200799292779068,0,0,0,0,0,0,0,0
6.497,0.318315594212598,-0.200641981672831,0,0,0,0,0,0,0,0
6.498,0.318065841404961,-0.200484556466012,0,0,0,0,0,0,0,0
6.499,0.31781590804032,-0.200327017449766,0,0,0,0,0,0,0,0
6.5,0.317565794580588,-0.20016936491525,0,0,0,0,0,0,0,0
6.501,0.317315501487679,-0.200011599153618,0,0,0,0,0,0,0,0
6.502,0.317065029223508,-0.199853720456027,0,0,0,0,0,0,0,0
6.503,0.316814378249987,-0.19969572911363,0,0,0,0,0,0,0,0
6.504,0.316563549029032,-0.199537625417585,0,0,0,0,0,0,0,0
6.505,0.316312542022555,-0.199379409659045,0,0,0,0,0,0,0,0
6.506,0.316061357692471,-0.199221082129167,0,0,0,0,0,0,0,0
6.507,0.315809996500694,-0.199062643119107,0,0,0,0,0,0,0,0
6.508,0.315558458909136,-0.198904092920019,0,0,0,0,0,0,0,0
6.509,0.315306745379714,-0.198745431823059,0,0,0,0,0,0,0,0
6.51,0.315054856374339,-0.198586660119383,0,0,0,0,0,0,0,0
6.511,0.314802792354927,-0.198427778100145,0,0,0,0,0,0,0,0
6.512,0.31455055378339,-0.198268786056501,0,0,0,0,0,0,0,0
6.513,0.314298141121644,-0.198109684279608,0,0,0,0,0,0,0,0
6.514,0.314045554831601,-0.19795047306062,0,0,0,0,0,0,0,0
6.515,0.313792795375176,-0.197791152690692,0,0,0,0,0,0,0,0
6.516,0.313539863214282,-0.19763172346098,0,0,0,0,0,0,0,0
6.517,0.313286758810834,-0.197472185662641,0,0,0,0,0,0,0,0
6.518,0.313033482626745,-0.197312539586827,0,0,0,0,0,0,0,0
6.519,0.312780035123929,-0.197152785524697,0,0,0,0,0,0,0,0
6.52,0.3125264167643,-0.196992923767404,0,0,0,0,0,0,0,0
6.521,0.312272628009773,-0.196832954606104,0,0,0,0,0,0,0,0
6.522,0.312018669322259,-0.196672878331954,0,0,0,0,0,0,0,0
6.523,0.311764541163675,-0.196512695236107,0,0,0,0,0,0,0,0
6.524,0.311510243995933,-0.19635240560972,0,0,0,0,0,0,0,0
6.525,0.311255778280948,-0.196192009743948,0,0,0,0,0,0,0,0
6.526,0.311001144480633,-0.196031507929947,0,0,0,0,0,0,0,0
6.527,0.310746343056902,-0.195870900458871,0,0,0,0,0,0,0,0
6.528,0.31049137447167,-0.195710187621877,0,0,0,0,0,0,0,0
6.529,0.310236239186849,-0.195549369710119,0,0,0,0,0,0,0,0
6.53,0.309980937664354,-0.195388447014754,0,0,0,0,0,0,0,0
6.531,0.309725470366099,-0.195227419826937,0,0,0,0,0,0,0,0
6.532,0.309469837753998,-0.195066288437823,0,0,0,0,0,0,0,0
6.533,0.309214040289964,-0.194905053138567,0,0,0,0,0,0,0,0
6.534,0.308958078435912,-0.194743714220325,0,0,0,0,0,0,0,0
6.535,0.308701952653754,-0.194582271974253,0,0,0,0,0,0,0,0
6.536,0.308445663405407,-0.194420726691506,0,0,0,0,0,0,0,0
6.537,0.308189211152782,-0.194259078663238,0,0,0,0,0,0,0,0
6.538,0.307932596357794,-0.194097328180607,0,0,0,0,0,0,0,0
6.539,0.307675819482357,-0.193935475534767,0,0,0,0,0,0,0,0
6.54,0.307418880988384,-0.193773521016874,0,0,0,0,0,0,0,0
6.541,0.30716178133779,-0.193611464918082,0,0,0,0,0,0,0,0
6.542,0.306904520992489,-0.193449307529549,0,0,0,0,0,0,0,0
6.543,0.306647100414394,-0.193287049142428,0,0,0,0,0,0,0,0
6.544,0.306389520065419,-0.193124690047875,0,0,0,0,0,0,0,0
6.545,0.306131780407478,-0.192962230537047,0,0,0,0,0,0,0,0
6.546,0.305873881902486,-0.192799670901097,0,0,0,0,0,0,0,0
6.547,0.305615825012355,-0.192637011431183,0,0,0,0,0,0,0,0
6.548,0.305357610199,-0.192474252418458,0,0,0,0,0,0,0,0
6.549,0.305099237924335,-0.19231139415408,0,0,0,0,0,0,0,0
6.55,0.304840708650273,-0.192148436929202,0,0,0,0,0,0,0,0
6.551,0.304582022838728,-0.19198538103498,0,0,0,0,0,0,0,0
6.552,0.304323180951615,-0.191822226762571,0,0,0,0,0,0,0,0
6.553,0.304064183450847,-0.191658974403129,0,0,0,0,0,0,0,0
6.554,0.303805030798338,-0.19149562424781,0,0,0,0,0,0,0,0
6.555,0.303545723456003,-0.191332176587769,0,0,0,0,0,0,0,0
6.556,0.303286261885754,-0.191168631714162,0,0,0,0,0,0,0,0
6.557,0.303026646549505,-0.191004989918144,0,0,0,0,0,0,0,0
6.558,0.302766877909171,-0.19084125149087,0,0,0,0,0,0,0,0
6.559,0.302506956426666,-0.190677416723496,0,0,0,0,0,0,0,0
6.56,0.302246882563903,-0.190513485907178,0,0,0,0,0,0,0,0
6.561,0.301986656782797,-0.190349459333071,0,0,0,0,0,0,0,0
6.562,0.30172627954526,-0.19018533729233,0,0,0,0,0,0,0,0
6.563,0.301465751313208,-0.190021120076111,0,0,0,0,0,0,0,0
6.564,0.301205072548553,-0.189856807975569,0,0,0,0,0,0,0,0
6.565,0.30094424371321,-0.18969240128186,0,0,0,0,0,0,0,0
6.566,0.300683265269093,-0.189527900286139,0,0,0,0,0,0,0,0
6.567,0.300422137678115,-0.189363305279561,0,0,0,0,0,0,0,0
6.568,0.300160861402191,-0.189198616553282,0,0,0,0,0,0,0,0
6.569,0.299899436903234,-0.189033834398458,0,0,0,0,0,0,0,0
6.57,0.299637864643159,-0.188868959106243,0,0,0,0,0,0,0,0
6.571,0.299376145083878,-0.188703990967794,0,0,0,0,0,0,0,0
6.572,0.299114278687307,-0.188538930274266,0,0,0,0,0,0,0,0
6.573,0.298852265915358,-0.188373777316814,0,0,0,0,0,0,0,0
6.574,0.298590107229946,-0.188208532386593,0,0,0,0,0,0,0,0
6.575,0.298327803092984,-0.188043195774759,0,0,0,0,0,0,0,0
6.576,0.298065353966387,-0.187877767772468,0,0,0,0,0,0,0,0
6.577,0.297802760312069,-0.187712248670875,0,0,0,0,0,0,0,0
6.578,0.297540022591942,-0.187546638761135,0,0,0,0,0,0,0,0
6.579,0.297277141267922,-0.187380938334404,0,0,0,0,0,0,0,0
6.58,0.297014116801922,-0.187215147681837,0,0,0,0,0,0,0,0
6.581,0.296750949655856,-0.18704926709459,0,0,0,0,0,0,0,0
6.582,0.296487640291637,-0.186883296863818,0,0,0,0,0,0,0,0
6.583,0.296224189171181,-0.186717237280676,0,0,0,0,0,0,0,0
6.584,0.2959605967564,-0.186551088636321,0,0,0,0,0,0,0,0
6.585,0.295696863509208,-0.186384851221907,0,0,0,0,0,0,0,0
6.586,0.295432989891519,-0.18621852532859,0,0,0,0,0,0,0,0
6.587,0.295168976365248,-0.186052111247525,0,0,0,0,0,0,0,0
6.588,0.294904823392308,-0.185885609269868,0,0,0,0,0,0,0,0
6.589,0.294640531434613,-0.185719019686774,0,0,0,0,0,0,0,0
6.59,0.294376100954077,-0.185552342789399,0,0,0,0,0,0,0,0
6.591,0.294111532412613,-0.185385578868898,0,0,0,0,0,0,0,0
6.592,0.293846826272136,-0.185218728216426,0,0,0,0,0,0,0,0
6.593,0.29358198299456,-0.185051791123139,0,0,0,0,0,0,0,0
6.594,0.293317003041798,-0.184884767880193,0,0,0,0,0,0,0,0
6.595,0.293051886875764,-0.184717658778743,0,0,0,0,0,0,0,0
6.596,0.292786634958372,-0.184550464109944,0,0,0,0,0,0,0,0
6.597,0.292521247751537,-0.184383184164951,0,0,0,0,0,0,0,0
6.598,0.292255725717171,-0.184215819234921,0,0,0,0,0,0,0,0
6.599,0.291990069317189,-0.184048369611008,0,0,0,0,0,0,0,0
6.6,0.291724279013505,-0.183880835584369,0,0,0,0,0,0,0,0
6.601,0.291458355268032,-0.183713217446158,0,0,0,0,0,0,0,0
6.602,0.291192298542685,-0.18354551548753,0,0,0,0,0,0,0,0
6.603,0.290926109299377,-0.183377729999643,0,0,0,0,0,0,0,0
6.604,0.290659788000023,-0.18320986127365,0,0,0,0,0,0,0,0
6.605,0.290393335106535,-0.183041909600707,0,0,0,0,0,0,0,0
6.606,0.290126751080829,-0.18287387527197,0,0,0,0,0,0,0,0
6.607,0.289860036384817,-0.182705758578594,0,0,0,0,0,0,0,0
6.608,0.289593191480414,-0.182537559811734,0,0,0,0,0,0,0,0
6.609,0.289326216829534,-0.182369279262547,0,0,0,0,0,0,0,0
6.61,0.28905911289409,-0.182200917222187,0,0,0,0,0,0,0,0
6.611,0.288791880135997,-0.18203247398181,0,0,0,0,0,0,0,0
6.612,0.288524519017168,-0.181863949832571,0,0,0,0,0,0,0,0
6.613,0.288257029999517,-0.181695345065626,0,0,0,0,0,0,0,0
6.614,0.287989413544958,-0.18152665997213,0,0,0,0,0,0,0,0
6.615,0.287721670115405,-0.181357894843239,0,0,0,0,0,0,0,0
6.616,0.287453800172772,-0.181189049970108,0,0,0,0,0,0,0,0
6.617,0.287185804178973,-0.181020125643892,0,0,0,0,0,0,0,0
6.618,0.286917682595921,-0.180851122155747,0,0,0,0,0,0,0,0
6.619,0.286649435885531,-0.180682039796829,0,0,0,0,0,0,0,0
6.62,0.286381064509716,-0.180512878858292,0,0,0,0,0,0,0,0
6.621,0.28611256893039,-0.180343639631293,0,0,0,0,0,0,0,0
6.622,0.285843949609467,-0.180174322406987,0,0,0,0,0,0,0,0
6.623,0.285575207008862,-0.180004927476529,0,0,0,0,0,0,0,0
6.624,0.285306341590487,-0.179835455131074,0,0,0,0,0,0,0,0
6.625,0.285037353816257,-0.179665905661778,0,0,0,0,0,0,0,0
6.626,0.284768244148086,-0.179496279359797,0,0,0,0,0,0,0,0
6.627,0.284499013047887,-0.179326576516286,0,0,0,0,0,0,0,0
6.628,0.284229660977574,-0.1791567974224,0,0,0,0,0,0,0,0
6.629,0.283960188399062,-0.178986942369295,0,0,0,0,0,0,0,0
6.63,0.283690595774264,-0.178817011648126,0,0,0,0,0,0,0,0
6.631,0.283420883565094,-0.178647005550049,0,0,0,0,0,0,0,0
6.632,0.283151052233466,-0.178476924366219,0,0,0,0,0,0,0,0
6.633,0.282881102241294,-0.178306768387791,0,0,0,0,0,0,0,0
6.634,0.282611034050492,-0.178136537905922,0,0,0,0,0,0,0,0
6.635,0.282340848122973,-0.177966233211766,0,0,0,0,0,0,0,0
6.636,0.282070544920652,-0.177795854596479,0,0,0,0,0,0,0,0
6.637,0.281800124905441,-0.177625402351216,0,0,0,0,0,0,0,0
6.638,0.281529588539257,-0.177454876767133,0,0,0,0,0,0,0,0
6.639,0.281258936284011,-0.177284278135385,0,0,0,0,0,0,0,0
6.64,0.280988168601619,-0.177113606747127,0,0,0,0,0,0,0,0
6.641,0.280717285953993,-0.176942862893516,0,0,0,0,0,0,0,0
6.642,0.280446288803048,-0.176772046865706,0,0,0,0,0,0,0,0
6.643,0.280175177610698,-0.176601158954854,0,0,0,0,0,0,0,0
6.644,0.279903952838856,-0.176430199452113,0,0,0,0,0,0,0,0
6.645,0.279632614949437,-0.176259168648641,0,0,0,0,0,0,0,0
6.646,0.279361164404354,-0.176088066835591,0,0,0,0,0,0,0,0
6.647,0.279089601665521,-0.175916894304121,0,0,0,0,0,0,0,0
6.648,0.278817927194852,-0.175745651345385,0,0,0,0,0,0,0,0
6.649,0.278546141454261,-0.175574338250538,0,0,0,0,0,0,0,0
6.65,0.278274244905662,-0.175402955310736,0,0,0,0,0,0,0,0
6.651,0.278002238010969,-0.175231502817135,0,0,0,0,0,0,0,0
6.652,0.277730121232095,-0.175059981060889,0,0,0,0,0,0,0,0
6.653,0.277457895030955,-0.174888390333155,0,0,0,0,0,0,0,0
6.654,0.277185559869463,-0.174716730925088,0,0,0,0,0,0,0,0
6.655,0.276913116209531,-0.174545003127843,0,0,0,0,0,0,0,0
6.656,0.276640564513075,-0.174373207232576,0,0,0,0,0,0,0,0
6.657,0.276367905242007,-0.174201343530442,0,0,0,0,0,0,0,0
6.658,0.276095138858243,-0.174029412312596,0,0,0,0,0,0,0,0
6.659,0.275822265823695,-0.173857413870194,0,0,0,0,0,0,0,0
6.66,0.275549286600278,-0.173685348494392,0,0,0,0,0,0,0,0
6.661,0.275276201649906,-0.173513216476345,0,0,0,0,0,0,0,0
6.662,0.275003011434492,-0.173341018107208,0,0,0,0,0,0,0,0
6.663,0.27472971641595,-0.173168753678136,0,0,0,0,0,0,0,0
6.664,0.274456317056195,-0.172996423480286,0,0,0,0,0,0,0,0
6.665,0.274182813817139,-0.172824027804813,0,0,0,0,0,0,0,0
6.666,0.273909207160698,-0.172651566942871,0,0,0,0,0,0,0,0
6.667,0.273635497548784,-0.172479041185618,0,0,0,0,0,0,0,0
6.668,0.273361685443312,-0.172306450824207,0,0,0,0,0,0,0,0
6.669,0.273087771306196,-0.172133796149794,0,0,0,0,0,0,0,0
6.67,0.272813755599349,-0.171961077453536,0,0,0,0,0,0,0,0
6.671,0.272539638784686,-0.171788295026586,0,0,0,0,0,0,0,0
6.672,0.27226542132412,-0.171615449160101,0,0,0,0,0,0,0,0
6.673,0.271991103679565,-0.171442540145237,0,0,0,0,0,0,0,0
6.674,0.271716686312935,-0.171269568273148,0,0,0,0,0,0,0,0
6.675,0.271442169686144,-0.17109653383499,0,0,0,0,0,0,0,0
6.676,0.271167554261106,-0.170923437121918,0,0,0,0,0,0,0,0
6.677,0.270892840499734,-0.170750278425089,0,0,0,0,0,0,0,0
6.678,0.270618028863943,-0.170577058035657,0,0,0,0,0,0,0,0
6.679,0.270343119815647,-0.170403776244777,0,0,0,0,0,0,0,0
6.68,0.270068113816759,-0.170230433343606,0,0,0,0,0,0,0,0
6.681,0.269793011329192,-0.170057029623298,0,0,0,0,0,0,0,0
6.682,0.269517812814862,-0.16988356537501,0,0,0,0,0,0,0,0
6.683,0.269242518735683,-0.169710040889896,0,0,0,0,0,0,0,0
6.684,0.268967129553567,-0.169536456459112,0,0,0,0,0,0,0,0
6.685,0.268691645730428,-0.169362812373814,0,0,0,0,0,0,0,0
6.686,0.268416067728182,-0.169189108925156,0,0,0,0,0,0,0,0
6.687,0.26814039600874,-0.169015346404295,0,0,0,0,0,0,0,0
6.688,0.267864631034019,-0.168841525102386,0,0,0,0,0,0,0,0
6.689,0.26758877326593,-0.168667645310583,0,0,0,0,0,0,0,0
6.69,0.267312823166389,-0.168493707320044,0,0,0,0,0,0,0,0
6.691,0.267036781197309,-0.168319711421922,0,0,0,0,0,0,0,0
6.692,0.266760647820603,-0.168145657907374,0,0,0,0,0,0,0,0
6.693,0.266484423498187,-0.167971547067555,0,0,0,0,0,0,0,0
6.694,0.266208108691973,-0.16779737919362,0,0,0,0,0,0,0,0
6.695,0.265931703863875,-0.167623154576725,0,0,0,0,0,0,0,0
6.696,0.265655209475809,-0.167448873508025,0,0,0,0,0,0,0,0
6.697,0.265378625989686,-0.167274536278676,0,0,0,0,0,0,0,0
6.698,0.265101953867422,-0.167100143179833,0,0,0,0,0,0,0,0
6.699,0.26482519357093,-0.166925694502652,0,0,0,0,0,0,0,0
6.7,0.264548345562124,-0.166751190538288,0,0,0,0,0,0,0,0
6.701,0.264271410302917,-0.166576631577896,0,0,0,0,0,0,0,0
6.702,0.263994388255225,-0.166402017912632,0,0,0,0,0,0,0,0
6.703,0.26371727988096,-0.166227349833652,0,0,0,0,0,0,0,0
6.704,0.263440085642037,-0.16605262763211,0,0,0,0,0,0,0,0
6.705,0.263162806000368,-0.165877851599163,0,0,0,0,0,0,0,0
6.706,0.26288544141787,-0.165703022025965,0,0,0,0,0,0,0,0
6.707,0.262607992356454,-0.165528139203672,0,0,0,0,0,0,0,0
6.708,0.262330459278036,-0.16535320342344,0,0,0,0,0,0,0,0
6.709,0.262052842644528,-0.165178214976424,0,0,0,0,0,0,0,0
6.71,0.261775142917846,-0.165003174153779,0,0,0,0,0,0,0,0
6.711,0.261497360559901,-0.164828081246661,0,0,0,0,0,0,0,0
6.712,0.26121949603261,-0.164652936546226,0,0,0,0,0,0,0,0
6.713,0.260941549797885,-0.164477740343628,0,0,0,0,0,0,0,0
6.714,0.260663522317641,-0.164302492930023,0,0,0,0,0,0,0,0
6.715,0.26038541405379,-0.164127194596567,0,0,0,0,0,0,0,0
6.716,0.260107225468248,-0.163951845634415,0,0,0,0,0,0,0,0
6.717,0.259828957022928,-0.163776446334723,0,0,0,0,0,0,0,0
6.718,0.259550609179743,-0.163600996988645,0,0,0,0,0,0,0,0
6.719,0.259272182400609,-0.163425497887338,0,0,0,0,0,0,0,0
6.72,0.258993677147438,-0.163249949321957,0,0,0,0,0,0,0,0
6.721,0.258715093882144,-0.163074351583657,0,0,0,0,0,0,0,0
6.722,0.258436433066643,-0.162898704963594,0,0,0,0,0,0,0,0
6.723,0.258157695162846,-0.162723009752923,0,0,0,0,0,0,0,0
6.724,0.257878880632668,-0.162547266242799,0,0,0,0,0,0,0,0
6.725,0.257599989938024,-0.162371474724378,0,0,0,0,0,0,0,0
6.726,0.257321023540826,-0.162195635488816,0,0,0,0,0,0,0,0
6.727,0.25704198190299,-0.162019748827268,0,0,0,0,0,0,0,0
6.728,0.256762865486428,-0.161843815030889,0,0,0,0,0,0,0,0
6.729,0.256483674753054,-0.161667834390835,0,0,0,0,0,0,0,0
6.73,0.256204410164783,-0.161491807198261,0,0,0,0,0,0,0,0
6.731,0.255925072183529,-0.161315733744323,0,0,0,0,0,0,0,0
6.732,0.255645661271205,-0.161139614320176,0,0,0,0,0,0,0,0
6.733,0.255366177889725,-0.160963449216976,0,0,0,0,0,0,0,0
6.734,0.255086622501003,-0.160787238725877,0,0,0,0,0,0,0,0
6.735,0.254806995566952,-0.160610983138036,0,0,0,0,0,0,0,0
6.736,0.254527297549488,-0.160434682744608,0,0,0,0,0,0,0,0
6.737,0.254247528910523,-0.160258337836748,0,0,0,0,0,0,0,0
6.738,0.253967690111972,-0.160081948705612,0,0,0,0,0,0,0,0
6.739,0.253687781615748,-0.159905515642355,0,0,0,0,0,0,0,0
6.74,0.253407803883765,-0.159729038938132,0,0,0,0,0,0,0,0
6.741,0.253127757377938,-0.1595525188841,0,0,0,0,0,0,0,0
6.742,0.25284764256018,-0.159375955771413,0,0,0,0,0,0,0,0
6.743,0.252567459892405,-0.159199349891227,0,0,0,0,0,0,0,0
6.744,0.252287209836526,-0.159022701534698,0,0,0,0,0,0,0,0
6.745,0.252006892854459,-0.15884601099298,0,0,0,0,0,0,0,0
6.746,0.251726509408115,-0.158669278557229,0,0,0,0,0,0,0,0
6.747,0.251446059959411,-0.158492504518602,0,0,0,0,0,0,0,0
6.748,0.251165544970259,-0.158315689168252,0,0,0,0,0,0,0,0
6.749,0.250884964902573,-0.158138832797336,0,0,0,0,0,0,0,0
6.75,0.250604320218267,-0.157961935697009,0,0,0,0,0,0,0,0
6.751,0.250323611379255,-0.157784998158427,0,0,0,0,0,0,0,0
6.752,0.250042838847451,-0.157608020472744,0,0,0,0,0,0,0,0
6.753,0.249762003084769,-0.157431002931117,0,0,0,0,0,0,0,0
6.754,0.249481104553123,-0.1572539458247,0,0,0,0,0,0,0,0
6.755,0.249200143714426,-0.15707684944465,0,0,0,0,0,0,0,0
6.756,0.248919121030592,-0.156899714082121,0,0,0,0,0,0,0,0
6.757,0.248638036963536,-0.15672254002827,0,0,0,0,0,0,0,0
6.758,0.248356891975171,-0.156545327574251,0,0,0,0,0,0,0,0
6.759,0.248075686527411,-0.15636807701122,0,0,0,0,0,0,0,0
6.76,0.247794421082171,-0.156190788630333,0,0,0,0,0,0,0,0
6.761,0.247513096101363,-0.156013462722744,0,0,0,0,0,0,0,0
6.762,0.247231712046901,-0.155836099579609,0,0,0,0,0,0,0,0
6.763,0.246950269380701,-0.155658699492085,0,0,0,0,0,0,0,0
6.764,0.246668768564675,-0.155481262751325,0,0,0,0,0,0,0,0
6.765,0.246387210060737,-0.155303789648486,0,0,0,0,0,0,0,0
6.766,0.246105594330801,-0.155126280474724,0,0,0,0,0,0,0,0
6.767,0.245823921836782,-0.154948735521192,0,0,0,0,0,0,0,0
6.768,0.245542193040593,-0.154771155079048,0,0,0,0,0,0,0,0
6.769,0.245260408404147,-0.154593539439446,0,0,0,0,0,0,0,0
6.77,0.24497856838936,-0.154415888893542,0,0,0,0,0,0,0,0
6.771,0.244696673458144,-0.154238203732491,0,0,0,0,0,0,0,0
6.772,0.244414724072414,-0.154060484247449,0,0,0,0,0,0,0,0
6.773,0.244132720694083,-0.153882730729571,0,0,0,0,0,0,0,0
6.774,0.243850663785065,-0.153704943470012,0,0,0,0,0,0,0,0
6.775,0.243568553807275,-0.153527122759929,0,0,0,0,0,0,0,0
6.776,0.243286391222626,-0.153349268890476,0,0,0,0,0,0,0,0
6.777,0.243004176493032,-0.153171382152808,0,0,0,0,0,0,0,0
6.778,0.242721910080406,-0.152993462838083,0,0,0,0,0,0,0,0
6.779,0.242439592446664,-0.152815511237454,0,0,0,0,0,0,0,0
6.78,0.242157224053718,-0.152637527642077,0,0,0,0,0,0,0,0
6.781,0.241874805363482,-0.152459512343108,0,0,0,0,0,0,0,0
6.782,0.241592336837871,-0.152281465631702,0,0,0,0,0,0,0,0
6.783,0.241309818938798,-0.152103387799014,0,0,0,0,0,0,0,0
6.784,0.241027252128178,-0.151925279136201,0,0,0,0,0,0,0,0
6.785,0.240744636867923,-0.151747139934417,0,0,0,0,0,0,0,0
6.786,0.240461973619949,-0.151568970484817,0,0,0,0,0,0,0,0
6.787,0.240179262846168,-0.151390771078559,0,0,0,0,0,0,0,0
6.788,0.239896505008494,-0.151212542006795,0,0,0,0,0,0,0,0
6.789,0.239613700568843,-0.151034283560683,0,0,0,0,0,0,0,0
6.79,0.239330849989127,-0.150855996031378,0,0,0,0,0,0,0,0
6.791,0.23904795373126,-0.150677679710034,0,0,0,0,0,0,0,0
6.792,0.238765012257157,-0.150499334887809,0,0,0,0,0,0,0,0
6.793,0.23848202602873,-0.150320961855856,0,0,0,0,0,0,0,0
6.794,0.238198995507895,-0.150142560905331,0,0,0,0,0,0,0,0
6.795,0.237915921156564,-0.14996413232739,0,0,0,0,0,0,0,0
6.796,0.237632803436652,-0.149785676413189,0,0,0,0,0,0,0,0
6.797,0.237349642810073,-0.149607193453882,0,0,0,0,0,0,0,0
6.798,0.237066439738741,-0.149428683740626,0,0,0,0,0,0,0,0
6.799,0.236783194684569,-0.149250147564575,0,0,0,0,0,0,0,0
6.8,0.236499908109471,-0.149071585216884,0,0,0,0,0,0,0,0
6.801,0.236216580475361,-0.148892996988711,0,0,0,0,0,0,0,0
6.802,0.235933212244153,-0.148714383171209,0,0,0,0,0,0,0,0
6.803,0.235649803877761,-0.148535744055535,0,0,0,0,0,0,0,0
6.804,0.235366355838099,-0.148357079932843,0,0,0,0,0,0,0,0
6.805,0.235082868587081,-0.14817839109429,0,0,0,0,0,0,0,0
6.806,0.234799342586621,-0.14799967783103,0,0,0,0,0,0,0,0
6.807,0.234515778298631,-0.147820940434219,0,0,0,0,0,0,0,0
6.808,0.234232176185028,-0.147642179195013,0,0,0,0,0,0,0,0
6.809,0.233948536707723,-0.147463394404567,0,0,0,0,0,0,0,0
6.81,0.233664860328632,-0.147284586354037,0,0,0,0,0,0,0,0
6.811,0.233381147509667,-0.147105755334577,0,0,0,0,0,0,0,0
6.812,0.233097398712744,-0.146926901637343,0,0,0,0,0,0,0,0
6.813,0.232813614399775,-0.146748025553491,0,0,0,0,0,0,0,0
6.814,0.232529795032675,-0.146569127374177,0,0,0,0,0,0,0,0
6.815,0.232245941073358,-0.146390207390555,0,0,0,0,0,0,0,0
6.816,0.231962052983736,-0.146211265893781,0,0,0,0,0,0,0,0
6.817,0.231678131225725,-0.14603230317501,0,0,0,0,0,0,0,0
6.818,0.231394176261239,-0.145853319525399,0,0,0,0,0,0,0,0
6.819,0.23111018855219,-0.145674315236102,0,0,0,0,0,0,0,0
6.82,0.230826168560493,-0.145495290598274,0,0,0,0,0,0,0,0
6.821,0.230542116748063,-0.145316245903072,0,0,0,0,0,0,0,0
6.822,0.230258033576812,-0.145137181441651,0,0,0,0,0,0,0,0
6.823,0.229973919508654,-0.144958097505165,0,0,0,0,0,0,0,0
6.824,0.229689775005504,-0.144778994384772,0,0,0,0,0,0,0,0
6.825,0.229405600529276,-0.144599872371625,0,0,0,0,0,0,0,0
6.826,0.229121396541882,-0.144420731756881,0,0,0,0,0,0,0,0
6.827,0.228837163505238,-0.144241572831694,0,0,0,0,0,0,0,0
6.828,0.228552901881257,-0.144062395887221,0,0,0,0,0,0,0,0
6.829,0.228268612131853,-0.143883201214617,0,0,0,0,0,0,0,0
6.83,0.227984294718939,-0.143703989105037,0,0,0,0,0,0,0,0
6.831,0.22769995010443,-0.143524759849637,0,0,0,0,0,0,0,0
6.832,0.22741557875024,-0.143345513739571,0,0,0,0,0,0,0,0
6.833,0.227131181118282,-0.143166251065997,0,0,0,0,0,0,0,0
6.834,0.22684675767047,-0.142986972120068,0,0,0,0,0,0,0,0
6.835,0.226562308868719,-0.14280767719294,0,0,0,0,0,0,0,0
6.836,0.226277835174942,-0.14262836657577,0,0,0,0,0,0,0,0
6.837,0.225993337051052,-0.142449040559712,0,0,0,0,0,0,0,0
6.838,0.225708814958965,-0.142269699435921,0,0,0,0,0,0,0,0
6.839,0.225424269360593,-0.142090343495554,0,0,0,0,0,0,0,0
6.84,0.225139700717851,-0.141910973029765,0,0,0,0,0,0,0,0
6.841,0.224855109492652,-0.14173158832971,0,0,0,0,0,0,0,0
6.842,0.224570496146911,-0.141552189686545,0,0,0,0,0,0,0,0
6.843,0.224285861142541,-0.141372777391425,0,0,0,0,0,0,0,0
6.844,0.224001204941456,-0.141193351735505,0,0,0,0,0,0,0,0
6.845,0.223716528005571,-0.141013913009941,0,0,0,0,0,0,0,0
6.846,0.223431830796798,-0.140834461505888,0,0,0,0,0,0,0,0
6.847,0.223147113777052,-0.140654997514502,0,0,0,0,0,0,0,0
6.848,0.222862377408246,-0.140475521326938,0,0,0,0,0,0,0,0
6.849,0.222577622152295,-0.140296033234352,0,0,0,0,0,0,0,0
6.85,0.222292848471113,-0.140116533527898,0,0,0,0,0,0,0,0
6.851,0.222008056826613,-0.139937022498733,0,0,0,0,0,0,0,0
6.852,0.221723247680709,-0.139757500438012,0,0,0,0,0,0,0,0
6.853,0.221438421495315,-0.13957796763689,0,0,0,0,0,0,0,0
6.854,0.221153578732345,-0.139398424386523,0,0,0,0,0,0,0,0
6.855,0.220868719853713,-0.139218870978067,0,0,0,0,0,0,0,0
6.856,0.220583845321333,-0.139039307702675,0,0,0,0,0,0,0,0
6.857,0.220298955597118,-0.138859734851505,0,0,0,0,0,0,0,0
6.858,0.220014051142983,-0.138680152715712,0,0,0,0,0,0,0,0
6.859,0.219729132420841,-0.13850056158645,0,0,0,0,0,0,0,0
6.86,0.219444199892607,-0.138320961754876,0,0,0,0,0,0,0,0
6.861,0.219159254020194,-0.138141353512145,0,0,0,0,0,0,0,0
6.862,0.218874295265516,-0.137961737149412,0,0,0,0,0,0,0,0
6.863,0.218589324090486,-0.137782112957833,0,0,0,0,0,0,0,0
6.864,0.21830434095702,-0.137602481228563,0,0,0,0,0,0,0,0
6.865,0.21801934632703,-0.137422842252757,0,0,0,0,0,0,0,0
6.866,0.217734340662431,-0.137243196321572,0,0,0,0,0,0,0,0
6.867,0.217449324425136,-0.137063543726162,0,0,0,0,0,0,0,0
6.868,0.217164298077059,-0.136883884757682,0,0,0,0,0,0,0,0
6.869,0.216879262080115,-0.13670421970729,0,0,0,0,0,0,0,0
6.87,0.216594216896217,-0.136524548866139,0,0,0,0,0,0,0,0
6.871,0.216309162987279,-0.136344872525385,0,0,0,0,0,0,0,0
6.872,0.216024100815215,-0.136165190976184,0,0,0,0,0,0,0,0
6.873,0.215739030841938,-0.135985504509692,0,0,0,0,0,0,0,0
6.874,0.215453953529363,-0.135805813417062,0,0,0,0,0,0,0,0
6.875,0.215168869339404,-0.135626117989452,0,0,0,0,0,0,0,0
6.876,0.214883778733974,-0.135446418518016,0,0,0,0,0,0,0,0
6.877,0.214598682174987,-0.13526671529391,0,0,0,0,0,0,0,0
6.878,0.214313580124358,-0.13508700860829,0,0,0,0,0,0,0,0
6.879,0.214028473044,-0.13490729875231,0,0,0,0,0,0,0,0
6.88,0.213743361395826,-0.134727586017126,0,0,0,0,0,0,0,0
6.881,0.213458245641751,-0.134547870693895,0,0,0,0,0,0,0,0
6.882,0.213173126243689,-0.13436815307377,0,0,0,0,0,0,0,0
6.883,0.212888003663554,-0.134188433447907,0,0,0,0,0,0,0,0
6.884,0.212602878363259,-0.134008712107463,0,0,0,0,0,0,0,0
6.885,0.212317750804718,-0.133828989343592,0,0,0,0,0,0,0,0
6.886,0.212032621449846,-0.13364926544745,0,0,0,0,0,0,0,0
6.887,0.211747490760556,-0.133469540710192,0,0,0,0,0,0,0,0
6.888,0.211462359198761,-0.133289815422974,0,0,0,0,0,0,0,0
6.889,0.211177227226377,-0.133110089876951,0,0,0,0,0,0,0,0
6.89,0.210892095305317,-0.132930364363279,0,0,0,0,0,0,0,0
6.891,0.210606963897493,-0.132750639173112,0,0,0,0,0,0,0,0
6.892,0.210321833464822,-0.132570914597607,0,0,0,0,0,0,0,0
6.893,0.210036704469216,-0.13239119092792,0,0,0,0,0,0,0,0
6.894,0.209751577372589,-0.132211468455204,0,0,0,0,0,0,0,0
6.895,0.209466452636856,-0.132031747470616,0,0,0,0,0,0,0,0
6.896,0.209181330723929,-0.131852028265312,0,0,0,0,0,0,0,0
6.897,0.208896212095724,-0.131672311130446,0,0,0,0,0,0,0,0
6.898,0.208611097214153,-0.131492596357174,0,0,0,0,0,0,0,0
6.899,0.208325986541131,-0.131312884236652,0,0,0,0,0,0,0,0
6.9,0.208040880538572,-0.131133175060035,0,0,0,0,0,0,0,0
6.901,0.207755779668389,-0.130953469118478,0,0,0,0,0,0,0,0
6.902,0.207470684392496,-0.130773766703137,0,0,0,0,0,0,0,0
6.903,0.207185595172808,-0.130594068105168,0,0,0,0,0,0,0,0
6.904,0.206900512471238,-0.130414373615725,0,0,0,0,0,0,0,0
6.905,0.2066154367497,-0.130234683525965,0,0,0,0,0,0,0,0
6.906,0.206330368470107,-0.130054998127042,0,0,0,0,0,0,0,0
6.907,0.206045308094375,-0.129875317710112,0,0,0,0,0,0,0,0
6.908,0.205760256084416,-0.129695642566331,0,0,0,0,0,0,0,0
6.909,0.205475212902145,-0.129515972986854,0,0,0,0,0,0,0,0
6.91,0.205190179009475,-0.129336309262836,0,0,0,0,0,0,0,0
6.911,0.20490515486832,-0.129156651685433,0,0,0,0,0,0,0,0
6.912,0.204620140940595,-0.1289770005458,0,0,0,0,0,0,0,0
6.913,0.204335137688213,-0.128797356135093,0,0,0,0,0,0,0,0
6.914,0.204050145573087,-0.128617718744467,0,0,0,0,0,0,0,0
6.915,0.203765165057133,-0.128438088665078,0,0,0,0,0,0,0,0
6.916,0.203480196602263,-0.12825846618808,0,0,0,0,0,0,0,0
6.917,0.203195240670392,-0.128078851604631,0,0,0,0,0,0,0,0
6.918,0.202910297723433,-0.127899245205884,0,0,0,0,0,0,0,0
6.919,0.202625368223301,-0.127719647282995,0,0,0,0,0,0,0,0
6.92,0.202340452631909,-0.127540058127121,0,0,0,0,0,0,0,0
6.921,0.202055551411171,-0.127360478029415,0,0,0,0,0,0,0,0
6.922,0.201770665023001,-0.127180907281035,0,0,0,0,0,0,0,0
6.923,0.201485793929313,-0.127001346173134,0,0,0,0,0,0,0,0
6.924,0.201200938592021,-0.126821794996869,0,0,0,0,0,0,0,0
6.925,0.200916099473038,-0.126642254043395,0,0,0,0,0,0,0,0
6.926,0.200631277034279,-0.126462723603867,0,0,0,0,0,0,0,0
6.927,0.200346471737658,-0.126283203969441,0,0,0,0,0,0,0,0
6.928,0.200061684045088,-0.126103695431273,0,0,0,0,0,0,0,0
6.929,0.199776914418483,-0.125924198280517,0,0,0,0,0,0,0,0
6.93,0.199492163319757,-0.12574471280833,0,0,0,0,0,0,0,0
6.931,0.199207431210824,-0.125565239305866,0,0,0,0,0,0,0,0
6.932,0.198922718553597,-0.125385778064281,0,0,0,0,0,0,0,0
6.933,0.198638025809992,-0.125206329374731,0,0,0,0,0,0,0,0
6.934,0.198353353441921,-0.125026893528371,0,0,0,0,0,0,0,0
6.935,0.198068701911299,-0.124847470816356,0,0,0,0,0,0,0,0
6.936,0.197784071680039,-0.124668061529842,0,0,0,0,0,0,0,0
6.937,0.197499463210056,-0.124488665959984,0,0,0,0,0,0,0,0
6.938,0.197214876963262,-0.124309284397938,0,0,0,0,0,0,0,0
6.939,0.196930313401573,-0.124129917134859,0,0,0,0,0,0,0,0
6.94,0.196645772986902,-0.123950564461903,0,0,0,0,0,0,0,0
6.941,0.196361256181162,-0.123771226670224,0,0,0,0,0,0,0,0
6.942,0.196076763446268,-0.12359190405098,0,0,0,0,0,0,0,0
6.943,0.195792295244133,-0.123412596895324,0,0,0,0,0,0,0,0
6.944,0.195507852036672,-0.123233305494412,0,0,0,0,0,0,0,0
6.945,0.195223434285798,-0.123054030139401,0,0,0,0,0,0,0,0
6.946,0.194939042453426,-0.122874771121444,0,0,0,0,0,0,0,0
6.947,0.194654677001469,-0.122695528731698,0,0,0,0,0,0,0,0
6.948,0.19437033839184,-0.122516303261319,0,0,0,0,0,0,0,0
6.949,0.194086027086455,-0.122337095001461,0,0,0,0,0,0,0,0
6.95,0.193801743547226,-0.122157904243279,0,0,0,0,0,0,0,0
6.951,0.193517488236068,-0.121978731277931,0,0,0,0,0,0,0,0
6.952,0.193233261614894,-0.12179957639657,0,0,0,0,0,0,0,0
6.953,0.192949064145619,-0.121620439890352,0,0,0,0,0,0,0,0
6.954,0.192664896290156,-0.121441322050434,0,0,0,0,0,0,0,0
6.955,0.192380758510419,-0.121262223167969,0,0,0,0,0,0,0,0
6.956,0.192096651268323,-0.121083143534114,0,0,0,0,0,0,0,0
6.957,0.19181257502578,-0.120904083440025,0,0,0,0,0,0,0,0
6.958,0.191528530244705,-0.120725043176855,0,0,0,0,0,0,0,0
6.959,0.191244517387011,-0.120546023035762,0,0,0,0,0,0,0,0
6.96,0.190960536914614,-0.1203670233079,0,0,0,0,0,0,0,0
6.961,0.190676589289425,-0.120188044284425,0,0,0,0,0,0,0,0
6.962,0.19039267497336,-0.120009086256492,0,0,0,0,0,0,0,0
6.963,0.190108794428333,-0.119830149515257,0,0,0,0,0,0,0,0
6.964,0.189824948116256,-0.119651234351875,0,0,0,0,0,0,0,0
6.965,0.189541136499044,-0.119472341057502,0,0,0,0,0,0,0,0
6.966,0.189257360038612,-0.119293469923292,0,0,0,0,0,0,0,0
6.967,0.188973619196872,-0.119114621240402,0,0,0,0,0,0,0,0
6.968,0.188689914435738,-0.118935795299987,0,0,0,0,0,0,0,0
6.969,0.188406246217125,-0.118756992393203,0,0,0,0,0,0,0,0
6.97,0.188122615002947,-0.118578212811204,0,0,0,0,0,0,0,0
6.971,0.187839021255117,-0.118399456845146,0,0,0,0,0,0,0,0
6.972,0.187555465435549,-0.118220724786186,0,0,0,0,0,0,0,0
6.973,0.187271948006157,-0.118042016925477,0,0,0,0,0,0,0,0
6.974,0.186988469428855,-0.117863333554175,0,0,0,0,0,0,0,0
6.975,0.186705030165557,-0.117684674963437,0,0,0,0,0,0,0,0
6.976,0.186421630678177,-0.117506041444418,0,0,0,0,0,0,0,0
6.977,0.186138271428628,-0.117327433288272,0,0,0,0,0,0,0,0
6.978,0.185854952878824,-0.117148850786155,0,0,0,0,0,0,0,0
6.979,0.18557167549068,-0.116970294229223,0,0,0,0,0,0,0,0
6.98,0.18528843972611,-0.116791763908631,0,0,0,0,0,0,0,0
6.981,0.185005246047026,-0.116613260115535,0,0,0,0,0,0,0,0
6.982,0.184722094915343,-0.11643478314109,0,0,0,0,0,0,0,0
6.983,0.184438986792976,-0.116256333276452,0,0,0,0,0,0,0,0
6.984,0.184155922141837,-0.116077910812776,0,0,0,0,0,0,0,0
6.985,0.18387290142384,-0.115899516041217,0,0,0,0,0,0,0,0
6.986,0.1835899251009,-0.11572114925293,0,0,0,0,0,0,0,0
6.987,0.183306993634931,-0.115542810739072,0,0,0,0,0,0,0,0
6.988,0.183024107487846,-0.115364500790798,0,0,0,0,0,0,0,0
6.989,0.182741267121559,-0.115186219699263,0,0,0,0,0,0,0,0
6.99,0.182458472997984,-0.115007967755622,0,0,0,0,0,0,0,0
6.991,0.182175725579035,-0.114829745251032,0,0,0,0,0,0,0,0
6.992,0.181893025326626,-0.114651552476647,0,0,0,0,0,0,0,0
6.993,0.181610372702671,-0.114473389723623,0,0,0,0,0,0,0,0
6.994,0.181327768169083,-0.114295257283115,0,0,0,0,0,0,0,0
6.995,0.181045212187777,-0.114117155446279,0,0,0,0,0,0,0,0
6.996,0.180762705220666,-0.11393908450427,0,0,0,0,0,0,0,0
6.997,0.180480247729664,-0.113761044748244,0,0,0,0,0,0,0,0
6.998,0.180197840176686,-0.113583036469356,0,0,0,0,0,0,0,0
6.999,0.179915483023644,-0.113405059958762,0,0,0,0,0,0,0,0
7,0.179633176732454,-0.113227115507616,0,0,0,0,0,0,0,0
7.001,0.179350921765028,-0.113049203407075,0,0,0,0,0,0,0,0
7.002,0.179068718583281,-0.112871323948294,0,0,0,0,0,0,0,0
7.003,0.178786567649126,-0.112693477422428,0,0,0,0,0,0,0,0
7.004,0.178504469424478,-0.112515664120633,0,0,0,0,0,0,0,0
7.005,0.17822242437125,-0.112337884334064,0,0,0,0,0,0,0,0
7.006,0.177940432951356,-0.112160138353877,0,0,0,0,0,0,0,0
7.007,0.177658495626711,-0.111982426471227,0,0,0,0,0,0,0,0
7.008,0.177376612859227,-0.111804748977269,0,0,0,0,0,0,0,0
7.009,0.177094785110819,-0.11162710616316,0,0,0,0,0,0,0,0
7.01,0.176813012843401,-0.111449498320053,0,0,0,0,0,0,0,0
7.011,0.176531296518887,-0.111271925739106,0,0,0,0,0,0,0,0
7.012,0.17624963659919,-0.111094388711473,0,0,0,0,0,0,0,0
7.013,0.175968033546224,-0.110916887528309,0,0,0,0,0,0,0,0
7.014,0.175686487821904,-0.110739422480771,0,0,0,0,0,0,0,0
7.015,0.175404999888143,-0.110561993860013,0,0,0,0,0,0,0,0
7.016,0.175123570206855,-0.110384601957191,0,0,0,0,0,0,0,0
7.017,0.174842199239953,-0.110207247063461,0,0,0,0,0,0,0,0
7.018,0.174560887449353,-0.110029929469978,0,0,0,0,0,0,0,0
7.019,0.174279635296967,-0.109852649467897,0,0,0,0,0,0,0,0
7.02,0.17399844324471,-0.109675407348373,0,0,0,0,0,0,0,0
7.021,0.173717311754495,-0.109498203402563,0,0,0,0,0,0,0,0
7.022,0.173436241288237,-0.109321037921622,0,0,0,0,0,0,0,0
7.023,0.173155232307849,-0.109143911196705,0,0,0,0,0,0,0,0
7.024,0.172874285275245,-0.108966823518967,0,0,0,0,0,0,0,0
7.025,0.172593400652338,-0.108789775179564,0,0,0,0,0,0,0,0
7.026,0.172312578901044,-0.108612766469652,0,0,0,0,0,0,0,0
7.027,0.172031820483275,-0.108435797680386,0,0,0,0,0,0,0,0
7.028,0.171751125860946,-0.108258869102921,0,0,0,0,0,0,0,0
7.029,0.171470495495971,-0.108081981028412,0,0,0,0,0,0,0,0
7.03,0.171189929850263,-0.107905133748016,0,0,0,0,0,0,0,0
7.031,0.170909429385736,-0.107728327552888,0,0,0,0,0,0,0,0
7.032,0.170628994564305,-0.107551562734182,0,0,0,0,0,0,0,0
7.033,0.170348625847882,-0.107374839583055,0,0,0,0,0,0,0,0
7.034,0.170068323698382,-0.107198158390662,0,0,0,0,0,0,0,0
7.035,0.169788088577719,-0.107021519448159,0,0,0,0,0,0,0,0
7.036,0.169507920947807,-0.1068449230467,0,0,0,0,0,0,0,0
7.037,0.16922782127056,-0.106668369477441,0,0,0,0,0,0,0,0
7.038,0.16894779000789,-0.106491859031538,0,0,0,0,0,0,0,0
7.039,0.168667827621714,-0.106315392000147,0,0,0,0,0,0,0,0
7.04,0.168387934573943,-0.106138968674422,0,0,0,0,0,0,0,0
7.041,0.168108111326492,-0.105962589345519,0,0,0,0,0,0,0,0
7.042,0.167828358341276,-0.105786254304593,0,0,0,0,0,0,0,0
7.043,0.167548676080207,-0.1056099638428,0,0,0,0,0,0,0,0
7.044,0.167269065005201,-0.105433718251296,0,0,0,0,0,0,0,0
7.045,0.166989525578169,-0.105257517821235,0,0,0,0,0,0,0,0
7.046,0.166710058261027,-0.105081362843774,0,0,0,0,0,0,0,0
7.047,0.166430663515689,-0.104905253610068,0,0,0,0,0,0,0,0
7.048,0.166151341804068,-0.104729190411271,0,0,0,0,0,0,0,0
7.049,0.165872093588078,-0.10455317353854,0,0,0,0,0,0,0,0
7.05,0.165592919329633,-0.10437720328303,0,0,0,0,0,0,0,0
7.051,0.165313819490647,-0.104201279935896,0,0,0,0,0,0,0,0
7.052,0.165034794533034,-0.104025403788295,0,0,0,0,0,0,0,0
7.053,0.164755844918708,-0.10384957513138,0,0,0,0,0,0,0,0
7.054,0.164476971109582,-0.103673794256308,0,0,0,0,0,0,0,0
7.055,0.164198173567571,-0.103498061454235,0,0,0,0,0,0,0,0
7.056,0.163919452754587,-0.103322377016315,0,0,0,0,0,0,0,0
7.057,0.163640809132547,-0.103146741233704,0,0,0,0,0,0,0,0
7.058,0.163362243163362,-0.102971154397558,0,0,0,0,0,0,0,0
7.059,0.163083755308947,-0.102795616799031,0,0,0,0,0,0,0,0
7.06,0.162805346031217,-0.102620128729281,0,0,0,0,0,0,0,0
7.061,0.162527015792084,-0.10244469047946,0,0,0,0,0,0,0,0
7.062,0.162248765053462,-0.102269302340726,0,0,0,0,0,0,0,0
7.063,0.161970594277266,-0.102093964604234,0,0,0,0,0,0,0,0
7.064,0.16169250392541,-0.101918677561139,0,0,0,0,0,0,0,0
7.065,0.161414494459807,-0.101743441502597,0,0,0,0,0,0,0,0
7.066,0.161136566342371,-0.101568256719762,0,0,0,0,0,0,0,0
7.067,0.160858720035016,-0.101393123503791,0,0,0,0,0,0,0,0
7.068,0.160580955999656,-0.101218042145839,0,0,0,0,0,0,0,0
7.069,0.160303274698205,-0.101043012937061,0,0,0,0,0,0,0,0
7.07,0.160025676592576,-0.100868036168613,0,0,0,0,0,0,0,0
7.071,0.159748162144684,-0.100693112131651,0,0,0,0,0,0,0,0
7.072,0.159470731816443,-0.100518241117329,0,0,0,0,0,0,0,0
7.073,0.159193386069766,-0.100343423416803,0,0,0,0,0,0,0,0
7.074,0.158916125366567,-0.100168659321228,0,0,0,0,0,0,0,0
7.075,0.15863895016876,-0.0999939491217607,0,0,0,0,0,0,0,0
7.076,0.15836186093826,-0.0998192931095557,0,0,0,0,0,0,0,0
7.077,0.158084858136979,-0.0996446915757685,0,0,0,0,0,0,0,0
7.078,0.157807942226832,-0.0994701448115546,0,0,0,0,0,0,0,0
7.079,0.157531113669733,-0.0992956531080696,0,0,0,0,0,0,0,0
7.08,0.157254372927595,-0.0991212167564685,0,0,0,0,0,0,0,0
7.081,0.156977720462333,-0.0989468360479073,0,0,0,0,0,0,0,0
7.082,0.15670115673586,-0.098772511273541,0,0,0,0,0,0,0,0
7.083,0.15642468221009,-0.0985982427245251,0,0,0,0,0,0,0,0
7.084,0.156148297346937,-0.0984240306920154,0,0,0,0,0,0,0,0
7.085,0.155872002608315,-0.0982498754671669,0,0,0,0,0,0,0,0
7.086,0.155595798456138,-0.0980757773411352,0,0,0,0,0,0,0,0
7.087,0.15531968535232,-0.097901736605076,0,0,0,0,0,0,0,0
7.088,0.155043663758774,-0.0977277535501442,0,0,0,0,0,0,0,0
7.089,0.154767734137415,-0.0975538284674957,0,0,0,0,0,0,0,0
7.09,0.154491896950156,-0.0973799616482858,0,0,0,0,0,0,0,0
7.091,0.154216152658912,-0.0972061533836698,0,0,0,0,0,0,0,0
7.092,0.153940501725595,-0.0970324039648034,0,0,0,0,0,0,0,0
7.093,0.153664944612121,-0.0968587136828418,0,0,0,0,0,0,0,0
7.094,0.153389481780402,-0.0966850828289406,0,0,0,0,0,0,0,0
7.095,0.153114113692354,-0.0965115116942552,0,0,0,0,0,0,0,0
7.096,0.152838840809889,-0.0963380005699409,0,0,0,0,0,0,0,0
7.097,0.152563663594921,-0.0961645497471534,0,0,0,0,0,0,0,0
7.098,0.152288582509365,-0.0959911595170479,0,0,0,0,0,0,0,0
7.099,0.152013598015134,-0.0958178301707799,0,0,0,0,0,0,0,0
7.1,0.151738710574143,-0.095644561999505,0,0,0,0,0,0,0,0
7.101,0.151463920648304,-0.0954713552943784,0,0,0,0,0,0,0,0
7.102,0.151189228699533,-0.0952982103465557,0,0,0,0,0,0,0,0
7.103,0.150914635189742,-0.0951251274471924,0,0,0,0,0,0,0,0
7.104,0.150640140580846,-0.0949521068874437,0,0,0,0,0,0,0,0
7.105,0.150365745334759,-0.0947791489584652,0,0,0,0,0,0,0,0
7.106,0.150091449913394,-0.0946062539514125,0,0,0,0,0,0,0,0
7.107,0.149817254778666,-0.0944334221574406,0,0,0,0,0,0,0,0
7.108,0.149543160392488,-0.0942606538677054,0,0,0,0,0,0,0,0
7.109,0.149269167216773,-0.094087949373362,0,0,0,0,0,0,0,0
7.11,0.148995275713437,-0.093915308965566,0,0,0,0,0,0,0,0
7.111,0.148721486344394,-0.0937427329354729,0,0,0,0,0,0,0,0
7.112,0.148447799571555,-0.0935702215742379,0,0,0,0,0,0,0,0
7.113,0.148174215856837,-0.0933977751730168,0,0,0,0,0,0,0,0
7.114,0.147900735662152,-0.0932253940229647,0,0,0,0,0,0,0,0
7.115,0.147627359449414,-0.0930530784152371,0,0,0,0,0,0,0,0
7.116,0.147354087680538,-0.0928808286409898,0,0,0,0,0,0,0,0
7.117,0.147080920817437,-0.0927086449913777,0,0,0,0,0,0,0,0
7.118,0.146807859322025,-0.0925365277575565,0,0,0,0,0,0,0,0
7.119,0.146534903656216,-0.0923644772306818,0,0,0,0,0,0,0,0
7.12,0.146262054281924,-0.0921924937019088,0,0,0,0,0,0,0,0
7.121,0.145989311661062,-0.0920205774623929,0,0,0,0,0,0,0,0
7.122,0.145716676255546,-0.0918487288032898,0,0,0,0,0,0,0,0
7.123,0.145444148527287,-0.0916769480157548,0,0,0,0,0,0,0,0
7.124,0.145171728938202,-0.0915052353909434,0,0,0,0,0,0,0,0
7.125,0.144899417950202,-0.0913335912200108,0,0,0,0,0,0,0,0
7.126,0.144627216025202,-0.0911620157941126,0,0,0,0,0,0,0,0
7.127,0.144355123625117,-0.0909905094044044,0,0,0,0,0,0,0,0
7.128,0.14408314121186,-0.0908190723420414,0,0,0,0,0,0,0,0
7.129,0.143811269247344,-0.0906477048981792,0,0,0,0,0,0,0,0
7.13,0.143539508193484,-0.0904764073639731,0,0,0,0,0,0,0,0
7.131,0.143267858512194,-0.0903051800305786,0,0,0,0,0,0,0,0
7.132,0.142996320665387,-0.0901340231891514,0,0,0,0,0,0,0,0
7.133,0.142724895114977,-0.0899629371308464,0,0,0,0,0,0,0,0
7.134,0.142453582322879,-0.0897919221468194,0,0,0,0,0,0,0,0
7.135,0.142182382751006,-0.0896209785282259,0,0,0,0,0,0,0,0
7.136,0.141911296861271,-0.0894501065662211,0,0,0,0,0,0,0,0
7.137,0.14164032511559,-0.0892793065519605,0,0,0,0,0,0,0,0
7.138,0.141369467975876,-0.0891085787765998,0,0,0,0,0,0,0,0
7.139,0.141098725904042,-0.088937923531294,0,0,0,0,0,0,0,0
7.14,0.140828099362002,-0.088767341107199,0,0,0,0,0,0,0,0
7.141,0.140557588811671,-0.0885968317954698,0,0,0,0,0,0,0,0
7.142,0.140287194714962,-0.0884263958872621,0,0,0,0,0,0,0,0
7.143,0.14001691753379,-0.0882560336737315,0,0,0,0,0,0,0,0
7.144,0.139746757730067,-0.088085745446033,0,0,0,0,0,0,0,0
7.145,0.139476715765709,-0.0879155314953224,0,0,0,0,0,0,0,0
7.146,0.139206792102628,-0.0877453921127549,0,0,0,0,0,0,0,0
7.147,0.138936987202739,-0.0875753275894861,0,0,0,0,0,0,0,0
7.148,0.138667301527955,-0.0874053382166715,0,0,0,0,0,0,0,0
7.149,0.138397735540191,-0.0872354242854663,0,0,0,0,0,0,0,0
7.15,0.13812828970136,-0.0870655860870261,0,0,0,0,0,0,0,0
7.151,0.137858964473377,-0.0868958239125064,0,0,0,0,0,0,0,0
7.152,0.137589760318155,-0.0867261380530624,0,0,0,0,0,0,0,0
7.153,0.137320677697607,-0.0865565287998497,0,0,0,0,0,0,0,0
7.154,0.137051717073649,-0.0863869964440239,0,0,0,0,0,0,0,0
7.155,0.136782878908193,-0.0862175412767401,0,0,0,0,0,0,0,0
7.156,0.136514163663154,-0.0860481635891541,0,0,0,0,0,0,0,0
7.157,0.136245571800446,-0.085878863672421,0,0,0,0,0,0,0,0
7.158,0.135977103781982,-0.0857096418176964,0,0,0,0,0,0,0,0
7.159,0.135708760069676,-0.0855404983161358,0,0,0,0,0,0,0,0
7.16,0.135440541125442,-0.0853714334588945,0,0,0,0,0,0,0,0
7.161,0.135172447411195,-0.0852024475371281,0,0,0,0,0,0,0,0
7.162,0.134904479388847,-0.0850335408419919,0,0,0,0,0,0,0,0
7.163,0.134636637520313,-0.0848647136646413,0,0,0,0,0,0,0,0
7.164,0.134368922267508,-0.084695966296232,0,0,0,0,0,0,0,0
7.165,0.134101334092343,-0.0845272990279191,0,0,0,0,0,0,0,0
7.166,0.133833873456734,-0.0843587121508583,0,0,0,0,0,0,0,0
7.167,0.133566540822595,-0.084190205956205,0,0,0,0,0,0,0,0
7.168,0.133299336651838,-0.0840217807351145,0,0,0,0,0,0,0,0
7.169,0.133032261406379,-0.0838534367787425,0,0,0,0,0,0,0,0
7.17,0.132765315548131,-0.083685174378244,0,0,0,0,0,0,0,0
7.171,0.132498499539007,-0.0835169938247748,0,0,0,0,0,0,0,0
7.172,0.132231813840923,-0.0833488954094904,0,0,0,0,0,0,0,0
7.173,0.131965258915791,-0.083180879423546,0,0,0,0,0,0,0,0
7.174,0.131698835225526,-0.0830129461580972,0,0,0,0,0,0,0,0
7.175,0.131432543232041,-0.0828450959042992,0,0,0,0,0,0,0,0
7.176,0.13116638339725,-0.0826773289533076,0,0,0,0,0,0,0,0
7.177,0.130900356183068,-0.082509645596278,0,0,0,0,0,0,0,0
7.178,0.130634462051407,-0.0823420461243657,0,0,0,0,0,0,0,0
7.179,0.130368701464183,-0.0821745308287259,0,0,0,0,0,0,0,0
7.18,0.130103074883309,-0.0820071000005146,0,0,0,0,0,0,0,0
7.181,0.129837582770698,-0.0818397539308866,0,0,0,0,0,0,0,0
7.182,0.129572225588265,-0.0816724929109978,0,0,0,0,0,0,0,0
7.183,0.129307003797923,-0.0815053172320035,0,0,0,0,0,0,0,0
7.184,0.129041917861587,-0.0813382271850591,0,0,0,0,0,0,0,0
7.185,0.12877696824117,-0.0811712230613201,0,0,0,0,0,0,0,0
7.186,0.128512155398586,-0.0810043051519419,0,0,0,0,0,0,0,0
7.187,0.128247479795749,-0.0808374737480798,0,0,0,0,0,0,0,0
7.188,0.127982941894573,-0.0806707291408896,0,0,0,0,0,0,0,0
7.189,0.127718542156972,-0.0805040716215264,0,0,0,0,0,0,0,0
7.19,0.127454281044859,-0.0803375014811459,0,0,0,0,0,0,0,0
7.191,0.127190159020149,-0.0801710190109033,0,0,0,0,0,0,0,0
7.192,0.126926176544755,-0.0800046245019541,0,0,0,0,0,0,0,0
7.193,0.126662334080592,-0.079838318245454,0,0,0,0,0,0,0,0
7.194,0.126398632089573,-0.079672100532558,0,0,0,0,0,0,0,0
7.195,0.126135071033612,-0.0795059716544218,0,0,0,0,0,0,0,0
7.196,0.125871651374623,-0.0793399319022009,0,0,0,0,0,0,0,0
7.197,0.12560837357452,-0.0791739815670505,0,0,0,0,0,0,0,0
7.198,0.125345238095217,-0.0790081209401263,0,0,0,0,0,0,0,0
7.199,0.125082245398627,-0.0788423503125837,0,0,0,0,0,0,0,0
7.2,0.124819395946665,-0.0786766699755779,0,0,0,0,0,0,0,0
7.201,0.124556690201244,-0.0785110802202647,0,0,0,0,0,0,0,0
7.202,0.124294128624279,-0.0783455813377991,0,0,0,0,0,0,0,0
7.203,0.124031711677682,-0.0781801736193369,0,0,0,0,0,0,0,0
7.204,0.123769439823369,-0.0780148573560335,0,0,0,0,0,0,0,0
7.205,0.123507313523252,-0.0778496328390441,0,0,0,0,0,0,0,0
7.206,0.123245333239247,-0.0776845003595246,0,0,0,0,0,0,0,0
7.207,0.122983499433266,-0.0775194602086298,0,0,0,0,0,0,0,0
7.208,0.122721812567223,-0.0773545126775157,0,0,0,0,0,0,0,0
7.209,0.122460273103033,-0.0771896580573375,0,0,0,0,0,0,0,0
7.21,0.12219888150261,-0.0770248966392506,0,0,0,0,0,0,0,0
7.211,0.121937638227866,-0.0768602287144105,0,0,0,0,0,0,0,0
7.212,0.121676543740717,-0.0766956545739727,0,0,0,0,0,0,0,0
7.213,0.121415598503075,-0.0765311745090926,0,0,0,0,0,0,0,0
7.214,0.121154802976856,-0.0763667888109255,0,0,0,0,0,0,0,0
7.215,0.120894157623972,-0.0762024977706271,0,0,0,0,0,0,0,0
7.216,0.120633662906338,-0.0760383016793526,0,0,0,0,0,0,0,0
7.217,0.120373319285868,-0.0758742008282577,0,0,0,0,0,0,0,0
7.218,0.120113127224474,-0.0757101955084976,0,0,0,0,0,0,0,0
7.219,0.119853087184072,-0.0755462860112277,0,0,0,0,0,0,0,0
7.22,0.119593199626576,-0.0753824726276038,0,0,0,0,0,0,0,0
7.221,0.119333465013898,-0.0752187556487809,0,0,0,0,0,0,0,0
7.222,0.119073883807953,-0.0750551353659148,0,0,0,0,0,0,0,0
7.223,0.118814456470655,-0.0748916120701607,0,0,0,0,0,0,0,0
7.224,0.118555183463918,-0.0747281860526741,0,0,0,0,0,0,0,0
7.225,0.118296065249655,-0.0745648576046105,0,0,0,0,0,0,0,0
7.226,0.118037102289781,-0.0744016270171253,0,0,0,0,0,0,0,0
7.227,0.117778295046209,-0.0742384945813739,0,0,0,0,0,0,0,0
7.228,0.117519643980854,-0.0740754605885119,0,0,0,0,0,0,0,0
7.229,0.117261149555628,-0.0739125253296945,0,0,0,0,0,0,0,0
7.23,0.117002812232447,-0.0737496890960772,0,0,0,0,0,0,0,0
7.231,0.116744632473223,-0.0735869521788157,0,0,0,0,0,0,0,0
7.232,0.116486610739871,-0.0734243148690651,0,0,0,0,0,0,0,0
7.233,0.116228747494305,-0.0732617774579812,0,0,0,0,0,0,0,0
7.234,0.115971043198438,-0.0730993402367189,0,0,0,0,0,0,0,0
7.235,0.115713498314185,-0.0729370034964341,0,0,0,0,0,0,0,0
7.236,0.115456113303459,-0.0727747675282822,0,0,0,0,0,0,0,0
7.237,0.115198888628174,-0.0726126326234184,0,0,0,0,0,0,0,0
7.238,0.114941824750244,-0.0724505990729984,0,0,0,0,0,0,0,0
7.239,0.114684922131583,-0.0722886671681775,0,0,0,0,0,0,0,0
7.24,0.114428181234105,-0.0721268372001111,0,0,0,0,0,0,0,0
7.241,0.114171602519724,-0.0719651094599547,0,0,0,0,0,0,0,0
7.242,0.113915186450353,-0.0718034842388638,0,0,0,0,0,0,0,0
7.243,0.113658933487907,-0.0716419618279937,0,0,0,0,0,0,0,0
7.244,0.113402844094299,-0.0714805425185,0,0,0,0,0,0,0,0
7.245,0.113146918731443,-0.071319226601538,0,0,0,0,0,0,0,0
7.246,0.112891157861254,-0.0711580143682632,0,0,0,0,0,0,0,0
7.247,0.112635561945644,-0.0709969061098311,0,0,0,0,0,0,0,0
7.248,0.112380131446528,-0.070835902117397,0,0,0,0,0,0,0,0
7.249,0.112124866825821,-0.0706750026821165,0,0,0,0,0,0,0,0
7.25,0.111869768545434,-0.0705142080951449,0,0,0,0,0,0,0,0
7.251,0.111614837067284,-0.0703535186476377,0,0,0,0,0,0,0,0
7.252,0.111360072853282,-0.0701929346307505,0,0,0,0,0,0,0,0
7.253,0.111105476365344,-0.0700324563356384,0,0,0,0,0,0,0,0
7.254,0.110851048065384,-0.0698720840534572,0,0,0,0,0,0,0,0
7.255,0.110596788415314,-0.0697118180753619,0,0,0,0,0,0,0,0
7.256,0.110342697877049,-0.0695516586925083,0,0,0,0,0,0,0,0
7.257,0.110088776912503,-0.0693916061960518,0,0,0,0,0,0,0,0
7.258,0.10983502598359,-0.0692316608771477,0,0,0,0,0,0,0,0
7.259,0.109581445552223,-0.0690718230269516,0,0,0,0,0,0,0,0
7.26,0.109328036080317,-0.0689120929366188,0,0,0,0,0,0,0,0
7.261,0.109074798029786,-0.0687524708973048,0,0,0,0,0,0,0,0
7.262,0.108821731862542,-0.068592957200165,0,0,0,0,0,0,0,0
7.263,0.108568838040501,-0.068433552136355,0,0,0,0,0,0,0,0
7.264,0.108316117025575,-0.06827425599703,0,0,0,0,0,0,0,0
7.265,0.10806356927968,-0.0681150690733457,0,0,0,0,0,0,0,0
7.266,0.107811195264728,-0.0679559916564573,0,0,0,0,0,0,0,0
7.267,0.107558995442634,-0.0677970240375203,0,0,0,0,0,0,0,0
7.268,0.107306970275312,-0.0676381665076904,0,0,0,0,0,0,0,0
7.269,0.107055120224675,-0.0674794193581225,0,0,0,0,0,0,0,0
7.27,0.106803445752637,-0.0673207828799726,0,0,0,0,0,0,0,0
7.271,0.106551947321113,-0.0671622573643958,0,0,0,0,0,0,0,0
7.272,0.106300625392015,-0.0670038431025476,0,0,0,0,0,0,0,0
7.273,0.106049480427259,-0.0668455403855836,0,0,0,0,0,0,0,0
7.274,0.105798512888757,-0.066687349504659,0,0,0,0,0,0,0,0
7.275,0.105547723238424,-0.0665292707509293,0,0,0,0,0,0,0,0
7.276,0.105297111938174,-0.0663713044155501,0,0,0,0,0,0,0,0
7.277,0.10504667944992,-0.0662134507896767,0,0,0,0,0,0,0,0
7.278,0.104796426235577,-0.0660557101644646,0,0,0,0,0,0,0,0
7.279,0.104546352757057,-0.0658980828310693,0,0,0,0,0,0,0,0
7.28,0.104296459476276,-0.065740569080646,0,0,0,0,0,0,0,0
7.281,0.104046746855148,-0.0655831692043505,0,0,0,0,0,0,0,0
7.282,0.103797215355584,-0.0654258834933378,0,0,0,0,0,0,0,0
7.283,0.103547865439501,-0.0652687122387637,0,0,0,0,0,0,0,0
7.284,0.103298697568812,-0.0651116557317835,0,0,0,0,0,0,0,0
7.285,0.10304971220543,-0.0649547142635527,0,0,0,0,0,0,0,0
7.286,0.102800909811269,-0.0647978881252267,0,0,0,0,0,0,0,0
7.287,0.102552290848244,-0.0646411776079608,0,0,0,0,0,0,0,0
7.288,0.102303855778268,-0.0644845830029106,0,0,0,0,0,0,0,0
7.289,0.102055605063255,-0.0643281046012317,0,0,0,0,0,0,0,0
7.29,0.101807539165119,-0.0641717426940792,0,0,0,0,0,0,0,0
7.291,0.101559658545774,-0.0640154975726086,0,0,0,0,0,0,0,0
7.292,0.101311963667133,-0.0638593695279757,0,0,0,0,0,0,0,0
7.293,0.101064454991111,-0.0637033588513355,0,0,0,0,0,0,0,0
7.294,0.100817132979622,-0.0635474658338436,0,0,0,0,0,0,0,0
7.295,0.100569998094579,-0.0633916907666555,0,0,0,0,0,0,0,0
7.296,0.100323050797897,-0.0632360339409266,0,0,0,0,0,0,0,0
7.297,0.100076291551489,-0.0630804956478124,0,0,0,0,0,0,0,0
7.298,0.099829720817268,-0.0629250761784682,0,0,0,0,0,0,0,0
7.299,0.0995833390571497,-0.0627697758240496,0,0,0,0,0,0,0,0
7.3,0.0993371467330469,-0.0626145948757118,0,0,0,0,0,0,0,0
7.301,0.0990911443068739,-0.0624595336246104,0,0,0,0,0,0,0,0
7.302,0.0988453322405446,-0.062304592361901,0,0,0,0,0,0,0,0
7.303,0.0985997109959726,-0.0621497713787388,0,0,0,0,0,0,0,0
7.304,0.0983542810350719,-0.0619950709662792,0,0,0,0,0,0,0,0
7.305,0.0981090428197566,-0.0618404914156779,0,0,0,0,0,0,0,0
7.306,0.0978639968119403,-0.0616860330180901,0,0,0,0,0,0,0,0
7.307,0.097619143473537,-0.0615316960646713,0,0,0,0,0,0,0,0
7.308,0.0973744832664606,-0.0613774808465771,0,0,0,0,0,0,0,0
7.309,0.0971300166526249,-0.0612233876549628,0,0,0,0,0,0,0,0
7.31,0.096885744093944,-0.0610694167809838,0,0,0,0,0,0,0,0
7.311,0.0966416660523314,-0.0609155685157956,0,0,0,0,0,0,0,0
7.312,0.0963977829897012,-0.0607618431505536,0,0,0,0,0,0,0,0
7.313,0.0961540953679675,-0.0606082409764133,0,0,0,0,0,0,0,0
7.314,0.0959106036490438,-0.0604547622845301,0,0,0,0,0,0,0,0
7.315,0.0956673082948443,-0.0603014073660595,0,0,0,0,0,0,0,0
7.316,0.0954242097672825,-0.0601481765121569,0,0,0,0,0,0,0,0
7.317,0.0951813085282726,-0.0599950700139777,0,0,0,0,0,0,0,0
7.318,0.0949386050397285,-0.0598420881626774,0,0,0,0,0,0,0,0
7.319,0.0946960997635639,-0.0596892312494113,0,0,0,0,0,0,0,0
7.32,0.0944537931616927,-0.059536499565335,0,0,0,0,0,0,0,0
7.321,0.0942116856960291,-0.059383893401604,0,0,0,0,0,0,0,0
7.322,0.0939697778284865,-0.0592314130493735,0,0,0,0,0,0,0,0
7.323,0.0937280700209789,-0.0590790587997991,0,0,0,0,0,0,0,0
7.324,0.0934865627354207,-0.0589268309440363,0,0,0,0,0,0,0,0
7.325,0.0932452564337251,-0.0587747297732403,0,0,0,0,0,0,0,0
7.326,0.0930041515778064,-0.0586227555785669,0,0,0,0,0,0,0,0
7.327,0.0927632486295782,-0.0584709086511711,0,0,0,0,0,0,0,0
7.328,0.0925225480509546,-0.0583191892822086,0,0,0,0,0,0,0,0
7.329,0.0922820503038495,-0.058167597762835,0,0,0,0,0,0,0,0
7.33,0.0920417558501765,-0.0580161343842054,0,0,0,0,0,0,0,0
7.331,0.09180166515185,-0.0578647994374755,0,0,0,0,0,0,0,0
7.332,0.0915617786707832,-0.0577135932138005,0,0,0,0,0,0,0,0
7.333,0.0913220968688904,-0.057562516004336,0,0,0,0,0,0,0,0
7.334,0.0910826202080857,-0.0574115681002375,0,0,0,0,0,0,0,0
7.335,0.0908433491502825,-0.0572607497926602,0,0,0,0,0,0,0,0
7.336,0.0906042841573949,-0.0571100613727598,0,0,0,0,0,0,0,0
7.337,0.0903654256913369,-0.0569595031316916,0,0,0,0,0,0,0,0
7.338,0.0901267742140221,-0.0568090753606111,0,0,0,0,0,0,0,0
7.339,0.0898883301873645,-0.0566587783506736,0,0,0,0,0,0,0,0
7.34,0.0896500940732783,-0.0565086123930348,0,0,0,0,0,0,0,0
7.341,0.0894120663336769,-0.0563585777788498,0,0,0,0,0,0,0,0
7.342,0.0891742474304745,-0.0562086747992745,0,0,0,0,0,0,0,0
7.343,0.0889366378255848,-0.0560589037454639,0,0,0,0,0,0,0,0
7.344,0.0886992379809217,-0.0559092649085735,0,0,0,0,0,0,0,0
7.345,0.0884620483583994,-0.0557597585797591,0,0,0,0,0,0,0,0
7.346,0.0882250694199312,-0.0556103850501757,0,0,0,0,0,0,0,0
7.347,0.0879883016274316,-0.0554611446109791,0,0,0,0,0,0,0,0
7.348,0.087751745442814,-0.0553120375533244,0,0,0,0,0,0,0,0
7.349,0.0875154013279925,-0.0551630641683672,0,0,0,0,0,0,0,0
7.35,0.087279269744881,-0.0550142247472631,0,0,0,0,0,0,0,0
7.351,0.0870433511553932,-0.0548655195811673,0,0,0,0,0,0,0,0
7.352,0.0868076460214432,-0.0547169489612352,0,0,0,0,0,0,0,0
7.353,0.086572154804945,-0.0545685131786226,0,0,0,0,0,0,0,0
7.354,0.0863368779678121,-0.0544202125244846,0,0,0,0,0,0,0,0
7.355,0.0861018159719585,-0.0542720472899766,0,0,0,0,0,0,0,0
7.356,0.0858669692792984,-0.0541240177662545,0,0,0,0,0,0,0,0
7.357,0.0856323383517452,-0.0539761242444732,0,0,0,0,0,0,0,0
7.358,0.0853979236512132,-0.0538283670157885,0,0,0,0,0,0,0,0
7.359,0.0851637256396161,-0.0536807463713556,0,0,0,0,0,0,0,0
7.36,0.0849297447788676,-0.05353326260233,0,0,0,0,0,0,0,0
7.361,0.0846959815308819,-0.0533859159998674,0,0,0,0,0,0,0,0
7.362,0.0844624363575728,-0.0532387068551228,0,0,0,0,0,0,0,0
7.363,0.0842291097208541,-0.0530916354592521,0,0,0,0,0,0,0,0
7.364,0.0839960020826396,-0.0529447021034103,0,0,0,0,0,0,0,0
7.365,0.0837631139048434,-0.0527979070787531,0,0,0,0,0,0,0,0
7.366,0.0835304456493794,-0.0526512506764359,0,0,0,0,0,0,0,0
7.367,0.0832979977781611,-0.0525047331876141,0,0,0,0,0,0,0,0
7.368,0.0830657707531028,-0.0523583549034432,0,0,0,0,0,0,0,0
7.369,0.0828337650361183,-0.0522121161150786,0,0,0,0,0,0,0,0
7.37,0.0826019810891213,-0.0520660171136757,0,0,0,0,0,0,0,0
7.371,0.0823704193740258,-0.05192005819039,0,0,0,0,0,0,0,0
7.372,0.0821390803527459,-0.051774239636377,0,0,0,0,0,0,0,0
7.373,0.081907964487195,-0.051628561742792,0,0,0,0,0,0,0,0
7.374,0.0816770722392874,-0.0514830248007906,0,0,0,0,0,0,0,0
7.375,0.0814464040709368,-0.051337629101528,0,0,0,0,0,0,0,0
7.376,0.081215960444057,-0.0511923749361599,0,0,0,0,0,0,0,0
7.377,0.0809857418205622,-0.0510472625958416,0,0,0,0,0,0,0,0
7.378,0.0807557486623659,-0.0509022923717285,0,0,0,0,0,0,0,0
7.379,0.0805259814313824,-0.0507574645549762,0,0,0,0,0,0,0,0
7.38,0.0802964405895251,-0.0506127794367399,0,0,0,0,0,0,0,0
7.381,0.0800671265987082,-0.0504682373081753,0,0,0,0,0,0,0,0
7.382,0.0798380399208456,-0.0503238384604377,0,0,0,0,0,0,0,0
7.383,0.0796091810178509,-0.0501795831846825,0,0,0,0,0,0,0,0
7.384,0.0793805503516383,-0.0500354717720652,0,0,0,0,0,0,0,0
7.385,0.0791521483841217,-0.0498915045137414,0,0,0,0,0,0,0,0
7.386,0.0789239755772146,-0.0497476817008663,0,0,0,0,0,0,0,0
7.387,0.0786960323928312,-0.0496040036245953,0,0,0,0,0,0,0,0
7.388,0.0784683192928855,-0.0494604705760842,0,0,0,0,0,0,0,0
7.389,0.078240836739291,-0.049317082846488,0,0,0,0,0,0,0,0
7.39,0.078013585193962,-0.0491738407269625,0,0,0,0,0,0,0,0
7.391,0.0777865651188119,-0.0490307445086629,0,0,0,0,0,0,0,0
7.392,0.0775597769757548,-0.0488877944827446,0,0,0,0,0,0,0,0
7.393,0.0773332212267049,-0.0487449909403634,0,0,0,0,0,0,0,0
7.394,0.0771068983335756,-0.0486023341726744,0,0,0,0,0,0,0,0
7.395,0.0768808087582812,-0.0484598244708332,0,0,0,0,0,0,0,0
7.396,0.0766549529627352,-0.0483174621259951,0,0,0,0,0,0,0,0
7.397,0.0764293314088517,-0.0481752474293155,0,0,0,0,0,0,0,0
7.398,0.0762039445585446,-0.0480331806719502,0,0,0,0,0,0,0,0
7.399,0.0759787928737276,-0.0478912621450542,0,0,0,0,0,0,0,0
7.4,0.0757538768163147,-0.0477494921397833,0,0,0,0,0,0,0,0
7.401,0.07552919684822,-0.0476078709472927,0,0,0,0,0,0,0,0
7.402,0.075304753431357,-0.0474663988587379,0,0,0,0,0,0,0,0
7.403,0.0750805470276397,-0.0473250761652744,0,0,0,0,0,0,0,0
7.404,0.0748565780989822,-0.0471839031580577,0,0,0,0,0,0,0,0
7.405,0.0746328471072981,-0.047042880128243,0,0,0,0,0,0,0,0
7.406,0.0744093545145016,-0.046902007366986,0,0,0,0,0,0,0,0
7.407,0.0741861007825063,-0.0467612851654419,0,0,0,0,0,0,0,0
7.408,0.073963086373226,-0.0466207138147663,0,0,0,0,0,0,0,0
7.409,0.073740311748575,-0.0464802936061146,0,0,0,0,0,0,0,0
7.41,0.0735177773704668,-0.0463400248306423,0,0,0,0,0,0,0,0
7.411,0.0732954837008155,-0.0461999077795048,0,0,0,0,0,0,0,0
7.412,0.0730734312015349,-0.0460599427438573,0,0,0,0,0,0,0,0
7.413,0.0728516203345387,-0.0459201300148556,0,0,0,0,0,0,0,0
7.414,0.0726300515617412,-0.0457804698836551,0,0,0,0,0,0,0,0
7.415,0.0724087253450559,-0.045640962641411,0,0,0,0,0,0,0,0
7.416,0.0721876421463969,-0.0455016085792789,0,0,0,0,0,0,0,0
7.417,0.0719668024276781,-0.0453624079884143,0,0,0,0,0,0,0,0
7.418,0.0717462066508131,-0.0452233611599725,0,0,0,0,0,0,0,0
7.419,0.0715258552777161,-0.045084468385109,0,0,0,0,0,0,0,0
7.42,0.0713057487703009,-0.0449457299549793,0,0,0,0,0,0,0,0
7.421,0.0710858875904813,-0.0448071461607387,0,0,0,0,0,0,0,0
7.422,0.0708662722001714,-0.0446687172935428,0,0,0,0,0,0,0,0
7.423,0.0706469030612847,-0.0445304436445469,0,0,0,0,0,0,0,0
7.424,0.0704277806357356,-0.0443923255049065,0,0,0,0,0,0,0,0
7.425,0.0702089053854373,-0.044254363165777,0,0,0,0,0,0,0,0
7.426,0.0699902777723043,-0.0441165569183139,0,0,0,0,0,0,0,0
7.427,0.0697718982582502,-0.0439789070536727,0,0,0,0,0,0,0,0
7.428,0.0695537673051889,-0.0438414138630087,0,0,0,0,0,0,0,0
7.429,0.0693358853750343,-0.0437040776374773,0,0,0,0,0,0,0,0
7.43,0.0691182529297004,-0.0435668986682342,0,0,0,0,0,0,0,0
7.431,0.0689008704311008,-0.0434298772464346,0,0,0,0,0,0,0,0
7.432,0.0686837383411496,-0.0432930136632339,0,0,0,0,0,0,0,0
7.433,0.0684668571217609,-0.0431563082097879,0,0,0,0,0,0,0,0
7.434,0.0682502272348481,-0.0430197611772516,0,0,0,0,0,0,0,0
7.435,0.0680338491423255,-0.0428833728567809,0,0,0,0,0,0,0,0
7.436,0.0678177233061066,-0.0427471435395307,0,0,0,0,0,0,0,0
7.437,0.0676018501881054,-0.0426110735166568,0,0,0,0,0,0,0,0
7.438,0.0673862302502362,-0.0424751630793146,0,0,0,0,0,0,0,0
7.439,0.0671708639544122,-0.0423394125186594,0,0,0,0,0,0,0,0
7.44,0.066955751762548,-0.0422038221258469,0,0,0,0,0,0,0,0
7.441,0.0667408941365568,-0.0420683921920322,0,0,0,0,0,0,0,0
7.442,0.0665262915383528,-0.041933123008371,0,0,0,0,0,0,0,0
7.443,0.0663119444298501,-0.0417980148660188,0,0,0,0,0,0,0,0
7.444,0.0660978532729622,-0.0416630680561307,0,0,0,0,0,0,0,0
7.445,0.0658840185296031,-0.0415282828698623,0,0,0,0,0,0,0,0
7.446,0.065670440661687,-0.0413936595983692,0,0,0,0,0,0,0,0
7.447,0.0654571201311272,-0.0412591985328067,0,0,0,0,0,0,0,0
7.448,0.065244057399838,-0.0411248999643301,0,0,0,0,0,0,0,0
7.449,0.0650312529297333,-0.0409907641840952,0,0,0,0,0,0,0,0
7.45,0.0648187071827266,-0.0408567914832571,0,0,0,0,0,0,0,0
7.451,0.0646064206207323,-0.0407229821529715,0,0,0,0,0,0,0,0
7.452,0.0643943937056639,-0.0405893364843937,0,0,0,0,0,0,0,0
7.453,0.0641826268994353,-0.0404558547686791,0,0,0,0,0,0,0,0
7.454,0.0639711206639608,-0.0403225372969832,0,0,0,0,0,0,0,0
7.455,0.0637598754611537,-0.0401893843604614,0,0,0,0,0,0,0,0
7.456,0.0635488917529283,-0.0400563962502693,0,0,0,0,0,0,0,0
7.457,0.0633381700011982,-0.039923573257562,0,0,0,0,0,0,0,0
7.458,0.0631277106678775,-0.0397909156734953,0,0,0,0,0,0,0,0
7.459,0.0629175142148801,-0.0396584237892245,0,0,0,0,0,0,0,0
7.46,0.0627075811041197,-0.039526097895905,0,0,0,0,0,0,0,0
7.461,0.0624979117975102,-0.0393939382846923,0,0,0,0,0,0,0,0
7.462,0.0622885067569657,-0.0392619452467418,0,0,0,0,0,0,0,0
7.463,0.0620793664443999,-0.0391301190732089,0,0,0,0,0,0,0,0
7.464,0.0618704913217266,-0.0389984600552491,0,0,0,0,0,0,0,0
7.465,0.0616618818508601,-0.038866968484018,0,0,0,0,0,0,0,0
7.466,0.0614535384937137,-0.0387356446506707,0,0,0,0,0,0,0,0
7.467,0.0612454617122017,-0.0386044888463629,0,0,0,0,0,0,0,0
7.468,0.0610376519682378,-0.0384735013622499,0,0,0,0,0,0,0,0
7.469,0.0608301097237359,-0.0383426824894872,0,0,0,0,0,0,0,0
7.47,0.06062283544061,-0.0382120325192303,0,0,0,0,0,0,0,0
7.471,0.0604158295807739,-0.0380815517426345,0,0,0,0,0,0,0,0
7.472,0.0602090926061416,-0.0379512404508554,0,0,0,0,0,0,0,0
7.473,0.0600026249786266,-0.0378210989350482,0,0,0,0,0,0,0,0
7.474,0.0597964271601431,-0.0376911274863685,0,0,0,0,0,0,0,0
7.475,0.0595904996126052,-0.0375613263959719,0,0,0,0,0,0,0,0
7.476,0.0593848427979262,-0.0374316959550136,0,0,0,0,0,0,0,0
7.477,0.0591794571780204,-0.037302236454649,0,0,0,0,0,0,0,0
7.478,0.0589743432148017,-0.0371729481860338,0,0,0,0,0,0,0,0
7.479,0.0587695013701837,-0.0370438314403232,0,0,0,0,0,0,0,0
7.48,0.0585649321060805,-0.0369148865086728,0,0,0,0,0,0,0,0
7.481,0.0583606358844061,-0.0367861136822379,0,0,0,0,0,0,0,0
7.482,0.058156613167074,-0.0366575132521741,0,0,0,0,0,0,0,0
7.483,0.0579528644159986,-0.0365290855096367,0,0,0,0,0,0,0,0
7.484,0.0577493900930932,-0.0364008307457812,0,0,0,0,0,0,0,0
7.485,0.0575461906602719,-0.036272749251763,0,0,0,0,0,0,0,0
7.486,0.0573432665794489,-0.0361448413187377,0,0,0,0,0,0,0,0
7.487,0.0571406183125377,-0.0360171072378604,0,0,0,0,0,0,0,0
7.488,0.0569382463214524,-0.0358895473002869,0,0,0,0,0,0,0,0
7.489,0.0567361510681067,-0.0357621617971725,0,0,0,0,0,0,0,0
7.49,0.0565343330144146,-0.0356349510196725,0,0,0,0,0,0,0,0
7.491,0.05633279262229,-0.0355079152589425,0,0,0,0,0,0,0,0
7.492,0.0561315303536467,-0.035381054806138,0,0,0,0,0,0,0,0
7.493,0.0559305466703985,-0.0352543699524143,0,0,0,0,0,0,0,0
7.494,0.0557298420344597,-0.035127860988927,0,0,0,0,0,0,0,0
7.495,0.0555294169077437,-0.0350015282068312,0,0,0,0,0,0,0,0
7.496,0.0553292717521646,-0.0348753718972827,0,0,0,0,0,0,0,0
7.497,0.0551294070296364,-0.0347493923514368,0,0,0,0,0,0,0,0
7.498,0.0549298232020727,-0.034623589860449,0,0,0,0,0,0,0,0
7.499,0.0547305207313877,-0.0344979647154746,0,0,0,0,0,0,0,0
7.5,0.0545315000794949,-0.0343725172076692,0,0,0,0,0,0,0,0
7.501,0.0543327617083084,-0.0342472476281881,0,0,0,0,0,0,0,0
7.502,0.0541343060797423,-0.0341221562681869,0,0,0,0,0,0,0,0
7.503,0.05393613365571,-0.0339972434188209,0,0,0,0,0,0,0,0
7.504,0.0537382448981259,-0.0338725093712457,0,0,0,0,0,0,0,0
7.505,0.0535406402689034,-0.0337479544166165,0,0,0,0,0,0,0,0
7.506,0.0533433202299566,-0.0336235788460888,0,0,0,0,0,0,0,0
7.507,0.0531462852431996,-0.0334993829508183,0,0,0,0,0,0,0,0
7.508,0.0529495357705459,-0.0333753670219601,0,0,0,0,0,0,0,0
7.509,0.0527530722739096,-0.0332515313506698,0,0,0,0,0,0,0,0
7.51,0.0525568952152046,-0.0331278762281029,0,0,0,0,0,0,0,0
7.511,0.0523610050563446,-0.0330044019454147,0,0,0,0,0,0,0,0
7.512,0.0521654022592437,-0.0328811087937607,0,0,0,0,0,0,0,0
7.513,0.0519700872858158,-0.0327579970642964,0,0,0,0,0,0,0,0
7.514,0.0517750605979745,-0.0326350670481771,0,0,0,0,0,0,0,0
7.515,0.051580322657634,-0.0325123190365585,0,0,0,0,0,0,0,0
7.516,0.0513858739267078,-0.0323897533205957,0,0,0,0,0,0,0,0
7.517,0.0511917148671102,-0.0322673701914444,0,0,0,0,0,0,0,0
7.518,0.050997845940755,-0.03214516994026,0,0,0,0,0,0,0,0
7.519,0.0508042676095558,-0.0320231528581977,0,0,0,0,0,0,0,0
7.52,0.0506109803354268,-0.0319013192364133,0,0,0,0,0,0,0,0
7.521,0.0504179845802816,-0.031779669366062,0,0,0,0,0,0,0,0
7.522,0.0502252808060343,-0.0316582035382992,0,0,0,0,0,0,0,0
7.523,0.0500328694745988,-0.0315369220442807,0,0,0,0,0,0,0,0
7.524,0.0498407510478888,-0.0314158251751615,0,0,0,0,0,0,0,0
7.525,0.0496489259878183,-0.0312949132220972,0,0,0,0,0,0,0,0
7.526,0.0494573947563013,-0.0311741864762434,0,0,0,0,0,0,0,0
7.527,0.0492661578152514,-0.0310536452287553,0,0,0,0,0,0,0,0
7.528,0.0490752156265827,-0.0309332897707885,0,0,0,0,0,0,0,0
7.529,0.048884568652209,-0.0308131203934984,0,0,0,0,0,0,0,0
7.53,0.0486942173540442,-0.0306931373880403,0,0,0,0,0,0,0,0
7.531,0.0485041621940023,-0.03057334104557,0,0,0,0,0,0,0,0
7.532,0.0483144036339969,-0.0304537316572425,0,0,0,0,0,0,0,0
7.533,0.048124942135942,-0.0303343095142135,0,0,0,0,0,0,0,0
7.534,0.0479357781617518,-0.0302150749076384,0,0,0,0,0,0,0,0
7.535,0.0477469121733397,-0.0300960281286726,0,0,0,0,0,0,0,0
7.536,0.04755834463262,-0.0299771694684717,0,0,0,0,0,0,0,0
7.537,0.0473700760015062,-0.0298584992181908,0,0,0,0,0,0,0,0
7.538,0.0471821067419123,-0.0297400176689856,0,0,0,0,0,0,0,0
7.539,0.0469944373157525,-0.0296217251120116,0,0,0,0,0,0,0,0
7.54,0.0468070681849403,-0.029503621838424,0,0,0,0,0,0,0,0
7.541,0.0466199998113896,-0.0293857081393784,0,0,0,0,0,0,0,0
7.542,0.0464332326570147,-0.0292679843060302,0,0,0,0,0,0,0,0
7.543,0.0462467671837288,-0.0291504506295349,0,0,0,0,0,0,0,0
7.544,0.0460606038534465,-0.0290331074010479,0,0,0,0,0,0,0,0
7.545,0.0458747431280812,-0.0289159549117244,0,0,0,0,0,0,0,0
7.546,0.0456891854695468,-0.0287989934527202,0,0,0,0,0,0,0,0
7.547,0.0455039313397576,-0.0286822233151907,0,0,0,0,0,0,0,0
7.548,0.0453189812006269,-0.0285656447902912,0,0,0,0,0,0,0,0
7.549,0.045134335514069,-0.0284492581691771,0,0,0,0,0,0,0,0
7.55,0.0449499947419978,-0.028333063743004,0,0,0,0,0,0,0,0
7.551,0.0447659593463269,-0.0282170618029273,0,0,0,0,0,0,0,0
7.552,0.0445822297889704,-0.0281012526401024,0,0,0,0,0,0,0,0
7.553,0.044398806531842,-0.0279856365456846,0,0,0,0,0,0,0,0
7.554,0.0442156900368557,-0.0278702138108295,0,0,0,0,0,0,0,0
7.555,0.0440328807659256,-0.0277549847266927,0,0,0,0,0,0,0,0
7.556,0.0438503791809651,-0.0276399495844293,0,0,0,0,0,0,0,0
7.557,0.0436681857438884,-0.0275251086751949,0,0,0,0,0,0,0,0
7.558,0.0434863009166095,-0.0274104622901451,0,0,0,0,0,0,0,0
7.559,0.0433047251610418,-0.0272960107204351,0,0,0,0,0,0,0,0
7.56,0.0431234589390999,-0.0271817542572204,0,0,0,0,0,0,0,0
7.561,0.0429425027126969,-0.0270676931916564,0,0,0,0,0,0,0,0
7.562,0.0427618569437472,-0.0269538278148987,0,0,0,0,0,0,0,0
7.563,0.0425815220941646,-0.0268401584181026,0,0,0,0,0,0,0,0
7.564,0.0424014986258628,-0.0267266852924236,0,0,0,0,0,0,0,0
7.565,0.0422217870007559,-0.0266134087290171,0,0,0,0,0,0,0,0
7.566,0.0420423876807577,-0.0265003290190386,0,0,0,0,0,0,0,0
7.567,0.041863301127782,-0.0263874464536434,0,0,0,0,0,0,0,0
7.568,0.0416845278037429,-0.0262747613239873,0,0,0,0,0,0,0,0
7.569,0.041506068170554,-0.0261622739212252,0,0,0,0,0,0,0,0
7.57,0.0413279226901293,-0.0260499845365129,0,0,0,0,0,0,0,0
7.571,0.0411500918243828,-0.0259378934610058,0,0,0,0,0,0,0,0
7.572,0.0409725760352283,-0.0258260009858592,0,0,0,0,0,0,0,0
7.573,0.0407953757845795,-0.0257143074022287,0,0,0,0,0,0,0,0
7.574,0.0406184915343507,-0.0256028130012697,0,0,0,0,0,0,0,0
7.575,0.0404419237464554,-0.0254915180741377,0,0,0,0,0,0,0,0
7.576,0.0402656728828077,-0.025380422911988,0,0,0,0,0,0,0,0
7.577,0.0400897394053213,-0.025269527805976,0,0,0,0,0,0,0,0
7.578,0.0399141237759102,-0.0251588330472573,0,0,0,0,0,0,0,0
7.579,0.0397388264564884,-0.0250483389269874,0,0,0,0,0,0,0,0
7.58,0.0395638479089695,-0.0249380457363215,0,0,0,0,0,0,0,0
7.581,0.0393891885952675,-0.0248279537664151,0,0,0,0,0,0,0,0
7.582,0.0392148489772965,-0.0247180633084238,0,0,0,0,0,0,0,0
7.583,0.03904082951697,-0.0246083746535029,0,0,0,0,0,0,0,0
7.584,0.0388671306762024,-0.024498888092808,0,0,0,0,0,0,0,0
7.585,0.038693752916907,-0.0243896039174942,0,0,0,0,0,0,0,0
7.586,0.0385206967009979,-0.0242805224187173,0,0,0,0,0,0,0,0
7.587,0.0383479624903893,-0.0241716438876326,0,0,0,0,0,0,0,0
7.588,0.0381755507469946,-0.0240629686153955,0,0,0,0,0,0,0,0
7.589,0.0380034619327279,-0.0239544968931614,0,0,0,0,0,0,0,0
7.59,0.0378316965095032,-0.023846229012086,0,0,0,0,0,0,0,0
7.591,0.0376602549392343,-0.0237381652633244,0,0,0,0,0,0,0,0
7.592,0.0374891376838349,-0.0236303059380323,0,0,0,0,0,0,0,0
7.593,0.0373183452052191,-0.023522651327365,0,0,0,0,0,0,0,0
7.594,0.0371478779653007,-0.0234152017224779,0,0,0,0,0,0,0,0
7.595,0.0369777364259936,-0.0233079574145267,0,0,0,0,0,0,0,0
7.596,0.0368079210492117,-0.0232009186946664,0,0,0,0,0,0,0,0
7.597,0.0366384322968689,-0.023094085854053,0,0,0,0,0,0,0,0
7.598,0.036469270630879,-0.0229874591838414,0,0,0,0,0,0,0,0
7.599,0.0363004365131559,-0.0228810389751874,0,0,0,0,0,0,0,0
7.6,0.0361319304056136,-0.0227748255192462,0,0,0,0,0,0,0,0
7.601,0.0359637527701658,-0.0226688191071735,0,0,0,0,0,0,0,0
7.602,0.0357959040687265,-0.0225630200301244,0,0,0,0,0,0,0,0
7.603,0.0356283847632097,-0.0224574285792548,0,0,0,0,0,0,0,0
7.604,0.0354611953155289,-0.0223520450457197,0,0,0,0,0,0,0,0
7.605,0.0352943361875984,-0.0222468697206747,0,0,0,0,0,0,0,0
7.606,0.035127807841332,-0.0221419028952754,0,0,0,0,0,0,0,0
7.607,0.0349616107386432,-0.022037144860677,0,0,0,0,0,0,0,0
7.608,0.0347957453414465,-0.0219325959080351,0,0,0,0,0,0,0,0
7.609,0.0346302121116553,-0.021828256328505,0,0,0,0,0,0,0,0
7.61,0.0344650115111835,-0.0217241264132421,0,0,0,0,0,0,0,0
7.611,0.0343001440019454,-0.0216202064534022,0,0,0,0,0,0,0,0
7.612,0.0341356100458544,-0.0215164967401404,0,0,0,0,0,0,0,0
7.613,0.0339714101048248,-0.0214129975646123,0,0,0,0,0,0,0,0
7.614,0.0338075446407701,-0.0213097092179731,0,0,0,0,0,0,0,0
7.615,0.0336440141156043,-0.0212066319913785,0,0,0,0,0,0,0,0
7.616,0.0334808189912416,-0.0211037661759839,0,0,0,0,0,0,0,0
7.617,0.0333179597295954,-0.0210011120629447,0,0,0,0,0,0,0,0
7.618,0.0331554367925798,-0.0208986699434162,0,0,0,0,0,0,0,0
7.619,0.032993250642109,-0.0207964401085542,0,0,0,0,0,0,0,0
7.62,0.0328314017400962,-0.0206944228495137,0,0,0,0,0,0,0,0
7.621,0.0326698905484558,-0.0205926184574504,0,0,0,0,0,0,0,0
7.622,0.0325087175291016,-0.0204910272235198,0,0,0,0,0,0,0,0
7.623,0.0323478831439473,-0.0203896494388772,0,0,0,0,0,0,0,0
7.624,0.0321873878549071,-0.0202884853946781,0,0,0,0,0,0,0,0
7.625,0.0320272321238946,-0.0201875353820778,0,0,0,0,0,0,0,0
7.626,0.0318674164128236,-0.0200867996922318,0,0,0,0,0,0,0,0
7.627,0.0317079411836084,-0.0199862786162958,0,0,0,0,0,0,0,0
7.628,0.0315488068981624,-0.0198859724454249,0,0,0,0,0,0,0,0
7.629,0.0313900140184,-0.0197858814707748,0,0,0,0,0,0,0,0
7.63,0.0312315630062346,-0.0196860059835007,0,0,0,0,0,0,0,0
7.631,0.0310734543235803,-0.0195863462747582,0,0,0,0,0,0,0,0
7.632,0.0309156884323512,-0.0194869026357026,0,0,0,0,0,0,0,0
7.633,0.0307582657944607,-0.0193876753574895,0,0,0,0,0,0,0,0
7.634,0.0306011868718229,-0.0192886647312743,0,0,0,0,0,0,0,0
7.635,0.0304444521263519,-0.0191898710482124,0,0,0,0,0,0,0,0
7.636,0.0302880620199613,-0.0190912945994593,0,0,0,0,0,0,0,0
7.637,0.0301320170145651,-0.0189929356761702,0,0,0,0,0,0,0,0
7.638,0.0299763175720772,-0.018894794569501,0,0,0,0,0,0,0,0
7.639,0.0298209641544114,-0.0187968715706067,0,0,0,0,0,0,0,0
7.64,0.0296659572234818,-0.018699166970643,0,0,0,0,0,0,0,0
7.641,0.0295112972412019,-0.0186016810607652,0,0,0,0,0,0,0,0
7.642,0.0293569846694858,-0.0185044141321287,0,0,0,0,0,0,0,0
7.643,0.0292030199702476,-0.0184073664758891,0,0,0,0,0,0,0,0
7.644,0.0290494036054008,-0.0183105383832018,0,0,0,0,0,0,0,0
7.645,0.0288961360368595,-0.0182139301452223,0,0,0,0,0,0,0,0
7.646,0.0287432177265375,-0.0181175420531058,0,0,0,0,0,0,0,0
7.647,0.0285906491363487,-0.018021374398008,0,0,0,0,0,0,0,0
7.648,0.0284384307282071,-0.0179254274710842,0,0,0,0,0,0,0,0
7.649,0.0282865629640263,-0.0178297015634899,0,0,0,0,0,0,0,0
7.65,0.0281350463057206,-0.0177341969663803,0,0,0,0,0,0,0,0
7.651,0.0279838812152035,-0.0176389139709114,0,0,0,0,0,0,0,0
7.652,0.027833068154389,-0.017543852868238,0,0,0,0,0,0,0,0
7.653,0.0276826075851912,-0.017449013949516,0,0,0,0,0,0,0,0
7.654,0.0275324999695236,-0.0173543975059006,0,0,0,0,0,0,0,0
7.655,0.0273827457693003,-0.0172600038285473,0,0,0,0,0,0,0,0
7.656,0.0272333454464353,-0.0171658332086116,0,0,0,0,0,0,0,0
7.657,0.0270842994628422,-0.0170718859372488,0,0,0,0,0,0,0,0
7.658,0.0269356082804351,-0.0169781623056144,0,0,0,0,0,0,0,0
7.659,0.0267872723611279,-0.0168846626048641,0,0,0,0,0,0,0,0
7.66,0.0266392921668342,-0.0167913871261529,0,0,0,0,0,0,0,0
7.661,0.0264916681594682,-0.0166983361606366,0,0,0,0,0,0,0,0
7.662,0.0263444008009436,-0.0166055099994703,0,0,0,0,0,0,0,0
7.663,0.0261974905531744,-0.0165129089338097,0,0,0,0,0,0,0,0
7.664,0.0260509378780744,-0.0164205332548103,0,0,0,0,0,0,0,0
7.665,0.0259047432375576,-0.0163283832536273,0,0,0,0,0,0,0,0
7.666,0.0257589070935376,-0.0162364592214162,0,0,0,0,0,0,0,0
7.667,0.0256134299079286,-0.0161447614493326,0,0,0,0,0,0,0,0
7.668,0.0254683121426443,-0.0160532902285317,0,0,0,0,0,0,0,0
7.669,0.0253235542595988,-0.0159620458501692,0,0,0,0,0,0,0,0
7.67,0.0251791567207056,-0.0158710286054004,0,0,0,0,0,0,0,0
7.671,0.0250351199878789,-0.0157802387853806,0,0,0,0,0,0,0,0
7.672,0.0248914445230326,-0.0156896766812655,0,0,0,0,0,0,0,0
7.673,0.0247481307880804,-0.0155993425842105,0,0,0,0,0,0,0,0
7.674,0.0246051792449362,-0.0155092367853708,0,0,0,0,0,0,0,0
7.675,0.0244625903555141,-0.0154193595759021,0,0,0,0,0,0,0,0
7.676,0.0243203645817276,-0.0153297112469598,0,0,0,0,0,0,0,0
7.677,0.024178502385491,-0.0152402920896993,0,0,0,0,0,0,0,0
7.678,0.0240370042287178,-0.0151511023952759,0,0,0,0,0,0,0,0
7.679,0.0238958705733222,-0.0150621424548452,0,0,0,0,0,0,0,0
7.68,0.023755101881218,-0.0149734125595626,0,0,0,0,0,0,0,0
7.681,0.0236146986143189,-0.0148849130005836,0,0,0,0,0,0,0,0
7.682,0.023474661234539,-0.0147966440690635,0,0,0,0,0,0,0,0
7.683,0.0233349902037921,-0.014708606056158,0,0,0,0,0,0,0,0
7.684,0.0231956859839921,-0.0146207992530222,0,0,0,0,0,0,0,0
7.685,0.0230567490370528,-0.0145332239508119,0,0,0,0,0,0,0,0
7.686,0.0229181798248883,-0.0144458804406821,0,0,0,0,0,0,0,0
7.687,0.0227799788094121,-0.0143587690137886,0,0,0,0,0,0,0,0
7.688,0.0226421464525385,-0.0142718899612867,0,0,0,0,0,0,0,0
7.689,0.0225046832161812,-0.0141852435743318,0,0,0,0,0,0,0,0
7.69,0.022367589562254,-0.0140988301440796,0,0,0,0,0,0,0,0
7.691,0.022230865952671,-0.0140126499616853,0,0,0,0,0,0,0,0
7.692,0.0220945128493459,-0.0139267033183043,0,0,0,0,0,0,0,0
7.693,0.0219585307141926,-0.0138409905050921,0,0,0,0,0,0,0,0
7.694,0.021822920009125,-0.0137555118132042,0,0,0,0,0,0,0,0
7.695,0.021687681196057,-0.013670267533796,0,0,0,0,0,0,0,0
7.696,0.0215528147369026,-0.013585257958023,0,0,0,0,0,0,0,0
7.697,0.0214183210935754,-0.0135004833770405,0,0,0,0,0,0,0,0
7.698,0.0212842007279895,-0.0134159440820041,0,0,0,0,0,0,0,0
7.699,0.0211504541020588,-0.0133316403640692,0,0,0,0,0,0,0,0
7.7,0.0210170816776971,-0.0132475725143911,0,0,0,0,0,0,0,0
7.701,0.0208840839168183,-0.0131637408241254,0,0,0,0,0,0,0,0
7.702,0.0207514612813362,-0.0130801455844274,0,0,0,0,0,0,0,0
7.703,0.0206192142331648,-0.0129967870864527,0,0,0,0,0,0,0,0
7.704,0.0204873432342181,-0.0129136656213567,0,0,0,0,0,0,0,0
7.705,0.0203558487464097,-0.0128307814802948,0,0,0,0,0,0,0,0
7.706,0.0202247312316535,-0.0127481349544224,0,0,0,0,0,0,0,0
7.707,0.0200939911518637,-0.012665726334895,0,0,0,0,0,0,0,0
7.708,0.0199636289689538,-0.012583555912868,0,0,0,0,0,0,0,0
7.709,0.0198336451448381,-0.0125016239794969,0,0,0,0,0,0,0,0
7.71,0.01970404014143,-0.0124199308259371,0,0,0,0,0,0,0,0
7.711,0.0195748144206438,-0.0123384767433439,0,0,0,0,0,0,0,0
7.712,0.0194459684443932,-0.0122572620228731,0,0,0,0,0,0,0,0
7.713,0.019317502674592,-0.0121762869556798,0,0,0,0,0,0,0,0
7.714,0.0191894175731542,-0.0120955518329196,0,0,0,0,0,0,0,0
7.715,0.0190617136019937,-0.0120150569457479,0,0,0,0,0,0,0,0
7.716,0.0189343912230243,-0.0119348025853201,0,0,0,0,0,0,0,0
7.717,0.01880745089816,-0.0118547890427918,0,0,0,0,0,0,0,0
7.718,0.0186808930893145,-0.0117750166093182,0,0,0,0,0,0,0,0
7.719,0.0185547182584019,-0.0116954855760549,0,0,0,0,0,0,0,0
7.72,0.018428926867336,-0.0116161962341574,0,0,0,0,0,0,0,0
7.721,0.0183035193780305,-0.0115371488747809,0,0,0,0,0,0,0,0
7.722,0.0181784962523996,-0.0114583437890811,0,0,0,0,0,0,0,0
7.723,0.0180538579523569,-0.0113797812682132,0,0,0,0,0,0,0,0
7.724,0.0179296049398164,-0.0113014616033328,0,0,0,0,0,0,0,0
7.725,0.0178057376766922,-0.0112233850855954,0,0,0,0,0,0,0,0
7.726,0.0176822566248978,-0.0111455520061562,0,0,0,0,0,0,0,0
7.727,0.0175591622463472,-0.0110679626561708,0,0,0,0,0,0,0,0
7.728,0.0174364550029546,-0.0109906173267948,0,0,0,0,0,0,0,0
7.729,0.0173141353566333,-0.0109135163091832,0,0,0,0,0,0,0,0
7.73,0.0171922037692976,-0.0108366598944918,0,0,0,0,0,0,0,0
7.731,0.0170706607028615,-0.010760048373876,0,0,0,0,0,0,0,0
7.732,0.0169495066192386,-0.0106836820384912,0,0,0,0,0,0,0,0
7.733,0.0168287419803427,-0.0106075611794927,0,0,0,0,0,0,0,0
7.734,0.016708367248088,-0.0105316860880362,0,0,0,0,0,0,0,0
7.735,0.0165883828843881,-0.0104560570552769,0,0,0,0,0,0,0,0
7.736,0.0164687893511571,-0.0103806743723703,0,0,0,0,0,0,0,0
7.737,0.0163495871103086,-0.010305538330472,0,0,0,0,0,0,0,0
7.738,0.0162307766237569,-0.0102306492207373,0,0,0,0,0,0,0,0
7.739,0.0161123583534156,-0.0101560073343216,0,0,0,0,0,0,0,0
7.74,0.0159943327611986,-0.0100816129623804,0,0,0,0,0,0,0,0
7.741,0.0158767003090199,-0.0100074663960692,0,0,0,0,0,0,0,0
7.742,0.0157594614587931,-0.00993356792654332,0,0,0,0,0,0,0,0
7.743,0.0156426166724324,-0.00985991784495827,0,0,0,0,0,0,0,0
7.744,0.0155261664118517,-0.00978651644246953,0,0,0,0,0,0,0,0
7.745,0.0154101111389645,-0.00971336401023243,0,0,0,0,0,0,0,0
7.746,0.0152944513156851,-0.00964046083940251,0,0,0,0,0,0,0,0
7.747,0.0151791874039273,-0.00956780722113515,0,0,0,0,0,0,0,0
7.748,0.0150643198656047,-0.00949540344658578,0,0,0,0,0,0,0,0
7.749,0.0149498491626315,-0.00942324980690998,0,0,0,0,0,0,0,0
7.75,0.0148357757569214,-0.00935134659326298,0,0,0,0,0,0,0,0
7.751,0.0147221001103883,-0.00927969409680027,0,0,0,0,0,0,0,0
7.752,0.0146088226849463,-0.00920829260867748,0,0,0,0,0,0,0,0
7.753,0.0144959439425091,-0.00913714242004979,0,0,0,0,0,0,0,0
7.754,0.0143834643449905,-0.0090662438220728,0,0,0,0,0,0,0,0
7.755,0.0142713843543046,-0.00899559710590189,0,0,0,0,0,0,0,0
7.756,0.014159704432365,-0.00892520256269252,0,0,0,0,0,0,0,0
7.757,0.0140484250410859,-0.00885506048360021,0,0,0,0,0,0,0,0
7.758,0.0139375466423809,-0.00878517115978017,0,0,0,0,0,0,0,0
7.759,0.0138270696981641,-0.00871553488238808,0,0,0,0,0,0,0,0
7.76,0.0137169946703493,-0.00864615194257928,0,0,0,0,0,0,0,0
7.761,0.0136073220208504,-0.00857702263150917,0,0,0,0,0,0,0,0
7.762,0.0134980522115813,-0.00850814724033339,0,0,0,0,0,0,0,0
7.763,0.0133891857044557,-0.00843952606020709,0,0,0,0,0,0,0,0
7.764,0.0132807229613877,-0.00837115938228583,0,0,0,0,0,0,0,0
7.765,0.0131726644442911,-0.00830304749772515,0,0,0,0,0,0,0,0
7.766,0.0130650106150798,-0.00823519069768036,0,0,0,0,0,0,0,0
7.767,0.0129577619356677,-0.00816758927330691,0,0,0,0,0,0,0,0
7.768,0.0128509188679687,-0.00810024351576033,0,0,0,0,0,0,0,0
7.769,0.0127444818738965,-0.00803315371619595,0,0,0,0,0,0,0,0
7.77,0.0126384514153653,-0.00796632016576937,0,0,0,0,0,0,0,0
7.771,0.0125328279542887,-0.00789974315563585,0,0,0,0,0,0,0,0
7.772,0.0124276119525806,-0.00783342297695089,0,0,0,0,0,0,0,0
7.773,0.0123228038721552,-0.00776735992087002,0,0,0,0,0,0,0,0
7.774,0.0122184041749261,-0.00770155427854857,0,0,0,0,0,0,0,0
7.775,0.0121144133228072,-0.00763600634114198,0,0,0,0,0,0,0,0
7.776,0.0120108317777125,-0.00757071639980578,0,0,0,0,0,0,0,0
7.777,0.0119076600015557,-0.0075056847456953,0,0,0,0,0,0,0,0
7.778,0.0118048984562508,-0.00744091166996608,0,0,0,0,0,0,0,0
7.779,0.0117025476037117,-0.0073763974637735,0,0,0,0,0,0,0,0
7.78,0.0116006079058523,-0.00731214241827299,0,0,0,0,0,0,0,0
7.781,0.0114990798245865,-0.00724814682462011,0,0,0,0,0,0,0,0
7.782,0.0113979638218279,-0.00718441097397005,0,0,0,0,0,0,0,0
7.783,0.0112972603594908,-0.00712093515747847,0,0,0,0,0,0,0,0
7.784,0.0111969698994889,-0.00705771966630075,0,0,0,0,0,0,0,0
7.785,0.011097092903736,-0.00699476479159239,0,0,0,0,0,0,0,0
7.786,0.010997629834146,-0.0069320708245087,0,0,0,0,0,0,0,0
7.787,0.010898581152633,-0.00686963805620516,0,0,0,0,0,0,0,0
7.788,0.0107999473211106,-0.00680746677783728,0,0,0,0,0,0,0,0
7.789,0.0107017288014928,-0.00674555728056048,0,0,0,0,0,0,0,0
7.79,0.0106039260556935,-0.00668390985553008,0,0,0,0,0,0,0,0
7.791,0.0105065395456265,-0.00662252479390163,0,0,0,0,0,0,0,0
7.792,0.0104095697332059,-0.00656140238683067,0,0,0,0,0,0,0,0
7.793,0.0103130170803455,-0.00650054292547242,0,0,0,0,0,0,0,0
7.794,0.0102168820489589,-0.00643994670098247,0,0,0,0,0,0,0,0
7.795,0.0101211651009604,-0.00637961400451614,0,0,0,0,0,0,0,0
7.796,0.0100258666982635,-0.00631954512722899,0,0,0,0,0,0,0,0
7.797,0.00993098730278241,-0.00625974036027643,0,0,0,0,0,0,0,0
7.798,0.00983652737643076,-0.00620019999481386,0,0,0,0,0,0,0,0
7.799,0.00974248738112266,-0.00614092432199675,0,0,0,0,0,0,0,0
7.8,0.00964886777877183,-0.00608191363298055,0,0,0,0,0,0,0,0
7.801,0.00955566903129224,-0.00602316821892063,0,0,0,0,0,0,0,0
7.802,0.00946289160059771,-0.00596468837097253,0,0,0,0,0,0,0,0
7.803,0.0093705359486021,-0.00590647438029168,0,0,0,0,0,0,0,0
7.804,0.00927860253721929,-0.00584852653803342,0,0,0,0,0,0,0,0
7.805,0.00918709182836336,-0.00579084513535327,0,0,0,0,0,0,0,0
7.806,0.00909600428394797,-0.00573343046340657,0,0,0,0,0,0,0,0
7.807,0.00900534036588713,-0.00567628281334898,0,0,0,0,0,0,0,0
7.808,0.00891510053609468,-0.00561940247633563,0,0,0,0,0,0,0,0
7.809,0.00882528525648441,-0.00556278974352226,0,0,0,0,0,0,0,0
7.81,0.00873589498897043,-0.00550644490606417,0,0,0,0,0,0,0,0
7.811,0.00864693019546625,-0.00545036825511686,0,0,0,0,0,0,0,0
7.812,0.00855839133788611,-0.00539456008183559,0,0,0,0,0,0,0,0
7.813,0.00847027887814383,-0.00533902067737602,0,0,0,0,0,0,0,0
7.814,0.00838259327815322,-0.00528375033289347,0,0,0,0,0,0,0,0
7.815,0.00829533499982804,-0.00522874933954337,0,0,0,0,0,0,0,0
7.816,0.00820850450508248,-0.00517401798848133,0,0,0,0,0,0,0,0
7.817,0.0081221022558301,-0.00511955657086255,0,0,0,0,0,0,0,0
7.818,0.00803612871398507,-0.00506536537784263,0,0,0,0,0,0,0,0
7.819,0.00795058434146106,-0.00501144470057691,0,0,0,0,0,0,0,0
7.82,0.00786546960017204,-0.00495779483022085,0,0,0,0,0,0,0,0
7.821,0.00778078495203188,-0.00490441605793007,0,0,0,0,0,0,0,0
7.822,0.0076965308589545,-0.00485130867485972,0,0,0,0,0,0,0,0
7.823,0.00761270778285361,-0.0047984729721654,0,0,0,0,0,0,0,0
7.824,0.00752931618564345,-0.0047459092410026,0,0,0,0,0,0,0,0
7.825,0.00744635652923747,-0.00469361777252664,0,0,0,0,0,0,0,0
7.826,0.00736382927554996,-0.004641598857893,0,0,0,0,0,0,0,0
7.827,0.00728173488649442,-0.00458985278825719,0,0,0,0,0,0,0,0
7.828,0.00720007382398508,-0.00453837985477451,0,0,0,0,0,0,0,0
7.829,0.00711884654993566,-0.00448718034860057,0,0,0,0,0,0,0,0
7.83,0.00703805352625997,-0.00443625456089064,0,0,0,0,0,0,0,0
7.831,0.00695769521487194,-0.0043856027828002,0,0,0,0,0,0,0,0
7.832,0.00687777207768558,-0.00433522530548486,0,0,0,0,0,0,0,0
7.833,0.00679828457661458,-0.00428512242009982,0,0,0,0,0,0,0,0
7.834,0.00671923317357304,-0.00423529441780063,0,0,0,0,0,0,0,0
7.835,0.00664061833047475,-0.00418574158974283,0,0,0,0,0,0,0,0
7.836,0.00656244050923344,-0.00413646422708169,0,0,0,0,0,0,0,0
7.837,0.00648470017176322,-0.0040874626209727,0,0,0,0,0,0,0,0
7.838,0.00640739777997779,-0.0040387370625713,0,0,0,0,0,0,0,0
7.839,0.00633053379579107,-0.00399028784303296,0,0,0,0,0,0,0,0
7.84,0.00625410868111714,-0.00394211525351318,0,0,0,0,0,0,0,0
7.841,0.00617812289786968,-0.00389421958516728,0,0,0,0,0,0,0,0
7.842,0.00610257690796268,-0.0038466011291507,0,0,0,0,0,0,0,0
7.843,0.00602747117330982,-0.00379926017661902,0,0,0,0,0,0,0,0
7.844,0.00595280615582516,-0.00375219701872753,0,0,0,0,0,0,0,0
7.845,0.00587858231742266,-0.00370541194663171,0,0,0,0,0,0,0,0
7.846,0.005804800120016,-0.0036589052514871,0,0,0,0,0,0,0,0
7.847,0.00573146002551922,-0.00361267722444897,0,0,0,0,0,0,0,0
7.848,0.00565856249584618,-0.0035667281566728,0,0,0,0,0,0,0,0
7.849,0.00558610799291065,-0.00352105833931415,0,0,0,0,0,0,0,0
7.85,0.00551409697862665,-0.00347566806352845,0,0,0,0,0,0,0,0
7.851,0.0054425299149079,-0.00343055762047095,0,0,0,0,0,0,0,0
7.852,0.00537140726366842,-0.00338572730129733,0,0,0,0,0,0,0,0
7.853,0.00530072948682214,-0.00334117739716283,0,0,0,0,0,0,0,0
7.854,0.00523049704628287,-0.00329690819922301,0,0,0,0,0,0,0,0
7.855,0.00516071040396437,-0.00325291999863325,0,0,0,0,0,0,0,0
7.856,0.00509137002178073,-0.00320921308654909,0,0,0,0,0,0,0,0
7.857,0.00502247636164571,-0.00316578775412579,0,0,0,0,0,0,0,0
7.858,0.00495402988547328,-0.00312264429251902,0,0,0,0,0,0,0,0
7.859,0.0048860310551771,-0.00307978299288403,0,0,0,0,0,0,0,0
7.86,0.0048184803326714,-0.00303720414637632,0,0,0,0,0,0,0,0
7.861,0.00475137817986976,-0.00299490804415137,0,0,0,0,0,0,0,0
7.862,0.00468472505868628,-0.00295289497736445,0,0,0,0,0,0,0,0
7.863,0.00461852143103475,-0.00291116523717133,0,0,0,0,0,0,0,0
7.864,0.00455276775882896,-0.00286971911472711,0,0,0,0,0,0,0,0
7.865,0.00448746450398291,-0.00282855690118744,0,0,0,0,0,0,0,0
7.866,0.00442261212841055,-0.00278767888770765,0,0,0,0,0,0,0,0
7.867,0.00435821109402551,-0.00274708536544321,0,0,0,0,0,0,0,0
7.868,0.00429426186274201,-0.00270677662554963,0,0,0,0,0,0,0,0
7.869,0.00423076489647373,-0.00266675295918234,0,0,0,0,0,0,0,0
7.87,0.0041677206571345,-0.0026270146574966,0,0,0,0,0,0,0,0
7.871,0.00410512960663822,-0.00258756201164806,0,0,0,0,0,0,0,0
7.872,0.00404299220689897,-0.00254839531279211,0,0,0,0,0,0,0,0
7.873,0.00398130891983045,-0.00250951485208406,0,0,0,0,0,0,0,0
7.874,0.00392008020734663,-0.00247092092067963,0,0,0,0,0,0,0,0
7.875,0.00385930653136135,-0.00243261380973397,0,0,0,0,0,0,0,0
7.876,0.0037989883537885,-0.00239459381040263,0,0,0,0,0,0,0,0
7.877,0.00373912613654193,-0.0023568612138411,0,0,0,0,0,0,0,0
7.878,0.00367972034153552,-0.00231941631120469,0,0,0,0,0,0,0,0
7.879,0.00362077143068329,-0.00228225939364901,0,0,0,0,0,0,0,0
7.88,0.00356227986589885,-0.00224539075232932,0,0,0,0,0,0,0,0
7.881,0.00350424610909644,-0.00220881067840117,0,0,0,0,0,0,0,0
7.882,0.00344667062218967,-0.00217251946302005,0,0,0,0,0,0,0,0
7.883,0.00338955386709255,-0.00213651739734133,0,0,0,0,0,0,0,0
7.884,0.00333289630571887,-0.00210080477252034,0,0,0,0,0,0,0,0
7.885,0.00327669839998268,-0.00206538187971272,0,0,0,0,0,0,0,0
7.886,0.00322096061179755,-0.00203024901007381,0,0,0,0,0,0,0,0
7.887,0.00316568340307777,-0.0019954064547591,0,0,0,0,0,0,0,0
7.888,0.00311086723573684,-0.001960854504924,0,0,0,0,0,0,0,0
7.889,0.00305651257168893,-0.00192659345172386,0,0,0,0,0,0,0,0
7.89,0.00300261987284783,-0.00189262358631426,0,0,0,0,0,0,0,0
7.891,0.00294918960112728,-0.00185894519985053,0,0,0,0,0,0,0,0
7.892,0.00289622221844138,-0.00182555858348821,0,0,0,0,0,0,0,0
7.893,0.00284371818670387,-0.00179246402838268,0,0,0,0,0,0,0,0
7.894,0.0027916779678287,-0.00175966182568937,0,0,0,0,0,0,0,0
7.895,0.00274010202372976,-0.00172715226656373,0,0,0,0,0,0,0,0
7.896,0.0026889908163209,-0.00169493564216122,0,0,0,0,0,0,0,0
7.897,0.00263834480751601,-0.0016630122436373,0,0,0,0,0,0,0,0
7.898,0.00258816445922905,-0.00163138236214733,0,0,0,0,0,0,0,0
7.899,0.00253845023337368,-0.00160004628884686,0,0,0,0,0,0,0,0
7.9,0.00248920259186397,-0.00156900431489126,0,0,0,0,0,0,0,0
7.901,0.00244042199661387,-0.00153825673143593,0,0,0,0,0,0,0,0
7.902,0.00239210890953712,-0.00150780382963644,0,0,0,0,0,0,0,0
7.903,0.00234426379254754,-0.00147764590064814,0,0,0,0,0,0,0,0
7.904,0.00229688710755921,-0.00144778323562639,0,0,0,0,0,0,0,0
7.905,0.00224997931648585,-0.00141821612572673,0,0,0,0,0,0,0,0
7.906,0.00220354088124147,-0.00138894486210467,0,0,0,0,0,0,0,0
7.907,0.0021575722637398,-0.00135996973591557,0,0,0,0,0,0,0,0
7.908,0.00211207392589496,-0.00133129103831475,0,0,0,0,0,0,0,0
7.909,0.00206704632962057,-0.00130290906045782,0,0,0,0,0,0,0,0
7.91,0.00202248993683074,-0.00127482409350022,0,0,0,0,0,0,0,0
7.911,0.0019784052094392,-0.00124703642859736,0,0,0,0,0,0,0,0
7.912,0.0019347926093598,-0.00121954635690458,0,0,0,0,0,0,0,0
7.913,0.00189165259850654,-0.00119235416957741,0,0,0,0,0,0,0,0
7.914,0.00184898563879327,-0.0011654601577713,0,0,0,0,0,0,0,0
7.915,0.00180679219213387,-0.00113886461264173,0,0,0,0,0,0,0,0
7.916,0.00176507272044235,-0.00111256782534397,0,0,0,0,0,0,0,0
7.917,0.00172382768563228,-0.00108657008703367,0,0,0,0,0,0,0,0
7.918,0.00168305754961773,-0.00106087168886609,0,0,0,0,0,0,0,0
7.919,0.00164276277431274,-0.00103547292199674,0,0,0,0,0,0,0,0
7.92,0.00160294382163084,-0.00101037407758114,0,0,0,0,0,0,0,0
7.921,0.00156360115348619,-0.000985575446774578,0,0,0,0,0,0,0,0
7.922,0.00152473523179258,-0.000961077320732584,0,0,0,0,0,0,0,0
7.923,0.00148634651846397,-0.000936879990610595,0,0,0,0,0,0,0,0
7.924,0.00144843547541407,-0.000912983747564045,0,0,0,0,0,0,0,0
7.925,0.00141100256455695,-0.000889388882748476,0,0,0,0,0,0,0,0
7.926,0.0013740482478064,-0.000866095687319102,0,0,0,0,0,0,0,0
7.927,0.00133757298707626,-0.000843104452431465,0,0,0,0,0,0,0,0
7.928,0.00130157724428043,-0.000820415469241109,0,0,0,0,0,0,0,0
7.929,0.00126606148133296,-0.000798029028903413,0,0,0,0,0,0,0,0
7.93,0.00123102616014759,-0.000775945422573698,0,0,0,0,0,0,0,0
7.931,0.00119647174263809,-0.000754164941407565,0,0,0,0,0,0,0,0
7.932,0.00116239869071849,-0.000732687876560334,0,0,0,0,0,0,0,0
7.933,0.00112880746630273,-0.00071151451918755,0,0,0,0,0,0,0,0
7.934,0.00109569853130453,-0.000690645160444536,0,0,0,0,0,0,0,0
7.935,0.00106307234763797,-0.000670080091486891,0,0,0,0,0,0,0,0
7.936,0.00103092937721688,-0.000649819603469826,0,0,0,0,0,0,0,0
7.937,0.000999270081954884,-0.000629863987549051,0,0,0,0,0,0,0,0
7.938,0.00096809492376615,-0.000610213534879778,0,0,0,0,0,0,0,0
7.939,0.000937404364564409,-0.000590868536617606,0,0,0,0,0,0,0,0
7.94,0.000907198866263614,-0.000571829283917913,0,0,0,0,0,0,0,0
7.941,0.000877478890777772,-0.000553096067936076,0,0,0,0,0,0,0,0
7.942,0.000848244900020612,-0.00053466917982764,0,0,0,0,0,0,0,0
7.943,0.000819497355905918,-0.000516548910748038,0,0,0,0,0,0,0,0
7.944,0.00079123672034781,-0.000498735551852592,0,0,0,0,0,0,0,0
7.945,0.000763463455260016,-0.000481229394296845,0,0,0,0,0,0,0,0
7.946,0.000736178022556544,-0.000464030729236176,0,0,0,0,0,0,0,0
7.947,0.000709380884151012,-0.000447139847826128,0,0,0,0,0,0,0,0
7.948,0.000683072501957704,-0.000430557041222024,0,0,0,0,0,0,0,0
7.949,0.000657253337890129,-0.000414282600579352,0,0,0,0,0,0,0,0
7.95,0.000631923853862404,-0.000398316817053546,0,0,0,0,0,0,0,0
7.951,0.000607084511788369,-0.000382659981800149,0,0,0,0,0,0,0,0
7.952,0.000582735773581755,-0.000367312385974372,0,0,0,0,0,0,0,0
7.953,0.000558878101156624,-0.000352274320731871,0,0,0,0,0,0,0,0
7.954,0.00053551195642676,-0.000337546077228024,0,0,0,0,0,0,0,0
7.955,0.000512637801306115,-0.000323127946618262,0,0,0,0,0,0,0,0
7.956,0.000490256097708586,-0.000309020220057854,0,0,0,0,0,0,0,0
7.957,0.000468367307548012,-0.000295223188702565,0,0,0,0,0,0,0,0
7.958,0.000446971892738179,-0.000281737143707605,0,0,0,0,0,0,0,0
7.959,0.00042607031519315,-0.000268562376228521,0,0,0,0,0,0,0,0
7.96,0.000405663036826709,-0.000255699177420632,0,0,0,0,0,0,0,0
7.961,0.000385750519552697,-0.000243147838439484,0,0,0,0,0,0,0,0
7.962,0.00036633322528512,-0.000230908650440509,0,0,0,0,0,0,0,0
7.963,0.000347411615937765,-0.000218981904579085,0,0,0,0,0,0,0,0
7.964,0.000328986153424526,-0.000207367892010757,0,0,0,0,0,0,0,0
7.965,0.000311057299659412,-0.000196066903890901,0,0,0,0,0,0,0,0
7.966,0.00029362551655604,-0.000185079231374841,0,0,0,0,0,0,0,0
7.967,0.000276691266028584,-0.000174405165618285,0,0,0,0,0,0,0,0
7.968,0.000260255009990717,-0.000164044997776447,0,0,0,0,0,0,0,0
7.969,0.000244317210356448,-0.000153999019004869,0,0,0,0,0,0,0,0
7.97,0.000228878329039561,-0.000144267520458874,0,0,0,0,0,0,0,0
7.971,0.000213938827954063,-0.000134850793294117,0,0,0,0,0,0,0,0
7.972,0.000199499169013684,-0.000125749128665864,0,0,0,0,0,0,0,0
7.973,0.00018555981413243,-0.000116962817729493,0,0,0,0,0,0,0,0
7.974,0.000172121225224087,-0.000108492151640716,0,0,0,0,0,0,0,0
7.975,0.000159183864202661,-0.000100337421554741,0,0,0,0,0,0,0,0
7.976,0.000146748192981883,-9.24989186270597e-05,0,0,0,0,0,0,0,0
7.977,0.000134814673475869,-8.4976934013159e-05,0,0,0,0,0,0,0,0
7.978,0.000123383767598351,-7.77717588684168e-05,0,0,0,0,0,0,0,0
7.979,0.000112455937263056,-7.08836843483773e-05,0,0,0,0,0,0,0,0
7.98,0.000102031644384049,-6.43130016083626e-05,0,0,0,0,0,0,0,0
7.981,9.21113508752236e-05,-5.80600018038058e-05,0,0,0,0,0,0,0,0
7.982,8.26955186504219e-05,-5.21249760901954e-05,0,0,0,0,0,0,0,0
7.983,7.3784609623595e-05,-4.65082156230756e-05,0,0,0,0,0,0,0,0
7.984,6.53790857085279e-05,-4.1210011557713e-05,0,0,0,0,0,0,0,0
7.985,5.74794088191166e-05,-3.62306550497071e-05,0,0,0,0,0,0,0,0
7.986,5.00860408693127e-05,-3.15704372543246e-05,0,0,0,0,0,0,0,0
7.987,4.31994437728456e-05,-2.72296493271096e-05,0,0,0,0,0,0,0,0
7.988,3.68200794437779e-05,-2.32085824233841e-05,0,0,0,0,0,0,0,0
7.989,3.094840979595e-05,-1.95075276988588e-05,0,0,0,0,0,0,0,0
7.99,2.55848967432026e-05,-1.61267763087447e-05,0,0,0,0,0,0,0,0
7.991,2.07300021993762e-05,-1.3066619408475e-05,0,0,0,0,0,0,0,0
7.992,1.63841880785331e-05,-1.03273481535937e-05,0,0,0,0,0,0,0,0
7.993,1.25479162942921e-05,-7.90925369953399e-06,0,0,0,0,0,0,0,0
7.994,9.22164876077103e-06,-5.81262720172893e-06,0,0,0,0,0,0,0,0
7.995,6.40584739164396e-06,-4.03775981550059e-06,0,0,0,0,0,0,0,0
7.996,4.10097410108445e-06,-2.58494269639309e-06,0,0,0,0,0,0,0,0
7.997,2.30749080259995e-06,-1.45446699989504e-06,0,0,0,0,0,0,0,0
7.998,1.02585941047506e-06,-6.46623881384034e-07,0,0,0,0,0,0,0,0
7.999,2.56541838328239e-07,-1.61704496293158e-07,0,0,0,0,0,0,0,0
8,5.55111512312578e-17,0,0,0,0,0,0,0,0,0
