8.53000001370674e-05,0.043654266744852066,0.36756056547164917,-0.03920861333608627,0.054734617471694946,0.20871751010417938,0.07869598269462585,-0.017078019678592682,0.024036452174186707,0.028033189475536346,-0.12510429322719574
0.020288000000164175,0.0436960905790329,0.36756813526153564,-0.039213746786117554,0.054727550595998764,0.2087164670228958,0.078687384724617,-0.01706688292324543,0.024027910083532333,0.02804720215499401,-0.12511399388313293
0.04044880000037665,0.04370047152042389,0.3675999343395233,-0.039222218096256256,0.05473606288433075,0.20871733129024506,0.07868825644254684,-0.01709611713886261,0.024031030014157295,0.028032749891281128,-0.12512294948101044
0.06050970000023881,0.0436486192047596,0.3675463795661926,-0.03924267366528511,0.054747074842453,0.208723247051239,0.07868768274784088,-0.01709052175283432,0.024042876437306404,0.028056183829903603,-0.12510298192501068
0.08038220000025831,0.04367200285196304,0.3675261437892914,-0.03923730552196503,0.05475059896707535,0.20872054994106293,0.07869485020637512,-0.017100032418966293,0.02402956597507,0.02804984711110592,-0.12510842084884644
0.10058160000016869,0.04363609850406647,0.3675486147403717,-0.03924646973609924,0.05476042628288269,0.20872558653354645,0.0786968544125557,-0.017091376706957817,0.024038024246692657,0.028027832508087158,-0.12511512637138367
0.12017409999998563,0.043662916868925095,0.3675720989704132,-0.039243727922439575,0.05477666109800339,0.20871509611606598,0.07869163155555725,-0.01708628237247467,0.024043546989560127,0.02803722210228443,-0.12511667609214783
0.14055610000013985,0.043678440153598785,0.3675561249256134,-0.039260134100914,0.05476067215204239,0.20871807634830475,0.07867476344108582,-0.01707754284143448,0.024044448509812355,0.028038615360856056,-0.12510596215724945
0.16056380000009085,0.04363790899515152,0.3675999641418457,-0.03923078626394272,0.05477222800254822,0.20871341228485107,0.07868865877389908,-0.017096903175115585,0.024041950702667236,0.028038224205374718,-0.12511569261550903
0.18030040000030567,0.043637923896312714,0.36758172512054443,-0.03923850879073143,0.054751694202423096,0.20871561765670776,0.07868822664022446,-0.017106924206018448,0.02404964528977871,0.02804422192275524,-0.1251041740179062
0.20060469999998531,0.04365106299519539,0.36759766936302185,-0.03924105316400528,0.054754048585891724,0.20871251821517944,0.07868730276823044,-0.017114724963903427,0.024041207507252693,0.028045618906617165,-0.1251053810119629
0.22065259999999398,0.04365861415863037,0.36761531233787537,-0.0392475500702858,0.054752930998802185,0.208711639046669,0.07868804037570953,-0.017115874215960503,0.024041887372732162,0.028045790269970894,-0.12511083483695984
0.24046250000037617,0.04367176815867424,0.36755427718162537,-0.03924454003572464,0.05473742634057999,0.208713561296463,0.07868701219558716,-0.01712118461728096,0.024036135524511337,0.028032677248120308,-0.12510597705841064
0.26046519999999873,0.04360538721084595,0.367531955242157,-0.03926675766706467,0.05474584177136421,0.20871688425540924,0.07870175689458847,-0.01711840182542801,0.02403859607875347,0.02804933674633503,-0.12510927021503448
0.2806290000003173,0.043661367148160934,0.3675249218940735,-0.03923594206571579,0.054740920662879944,0.20871295034885406,0.07869015634059906,-0.017123669385910034,0.0240363460034132,0.02803047187626362,-0.12511804699897766
0.3005278000000544,0.04361215978860855,0.36751434206962585,-0.03924886882305145,0.05474553629755974,0.20871572196483612,0.07869493961334229,-0.017121009528636932,0.02401910163462162,0.02804870344698429,-0.12510937452316284
0.320650999999998,0.043656669557094574,0.3675510883331299,-0.03927019238471985,0.05476609617471695,0.20871196687221527,0.07870183885097504,-0.017113571986556053,0.024040833115577698,0.028046928346157074,-0.12510281801223755
0.34043800000017654,0.04366471990942955,0.36754852533340454,-0.03927560895681381,0.0548117458820343,0.20871324837207794,0.07868778705596924,-0.01711476780474186,0.02402234636247158,0.028046609833836555,-0.12511342763900757
0.3605547000001934,0.043658480048179626,0.367551326751709,-0.03927382826805115,0.05486001819372177,0.20870532095432281,0.07869365066289902,-0.017095182090997696,0.02399313636124134,0.02805284596979618,-0.12509840726852417
0.38048879999996643,0.04365019500255585,0.3675183057785034,-0.03929510712623596,0.05498393625020981,0.20869842171669006,0.0786794126033783,-0.017082277685403824,0.023983437567949295,0.02805156633257866,-0.12509632110595703
0.40054570000029344,0.04366779327392578,0.3675518333911896,-0.039332374930381775,0.0551769845187664,0.20870988070964813,0.07869122922420502,-0.017063288018107414,0.023911062628030777,0.028056757524609566,-0.1251000463962555
0.4206005000000914,0.04368021339178085,0.3675546646118164,-0.03936679661273956,0.05550459772348404,0.20869293808937073,0.0786871612071991,-0.017060203477740288,0.02370692603290081,0.028050843626260757,-0.1250915229320526
0.44045619999997143,0.04369630664587021,0.3675840497016907,-0.039382338523864746,0.055728618055582047,0.20865637063980103,0.0786857083439827,-0.0170537568628788,0.023425253108143806,0.02805468998849392,-0.12509815394878387
0.4606794000001173,0.04368666931986809,0.36755111813545227,-0.039414145052433014,0.056046389043331146,0.20867516100406647,0.07868383824825287,-0.01702890731394291,0.023323386907577515,0.02806887961924076,-0.12510603666305542
0.48048480000034033,0.043645791709423065,0.3675651550292969,-0.03943764418363571,0.05606982856988907,0.20866242051124573,0.07870624959468842,-0.01701788604259491,0.02320599928498268,0.02805468812584877,-0.12510162591934204
0.5004452000002857,0.04363948851823807,0.36758989095687866,-0.03944215923547745,0.056092519313097,0.20863677561283112,0.07869081199169159,-0.017009228467941284,0.02308660000562668,0.028056863695383072,-0.12510313093662262
0.5206459000000905,0.043644897639751434,0.3675217628479004,-0.039440710097551346,0.05638698861002922,0.20864690840244293,0.0786852315068245,-0.016994409263134003,0.023021340370178223,0.028054550290107727,-0.1251019537448883
0.5402392000000873,0.04361753165721893,0.36759209632873535,-0.03945501893758774,0.05638182535767555,0.20864763855934143,0.07869186997413635,-0.01698439195752144,0.022847723215818405,0.02806537039577961,-0.1250934898853302
0.5605227000000923,0.043649572879076004,0.3675517737865448,-0.039442453533411026,0.056465525180101395,0.20865000784397125,0.0786847397685051,-0.016973596066236496,0.022014375776052475,0.028063813224434853,-0.12509748339653015
0.5806724000003669,0.04362004995346069,0.36752644181251526,-0.03959435224533081,0.0572054348886013,0.20864009857177734,0.07868139445781708,-0.016971442848443985,0.01929521933197975,0.028075367212295532,-0.12510251998901367
0.6005723000002945,0.04368593543767929,0.36759862303733826,-0.03967826068401337,0.06203722953796387,0.2086474895477295,0.0786944031715393,-0.016988631337881088,0.009503643959760666,0.0280752032995224,-0.1251007616519928
0.620533499999965,0.04362931475043297,0.36751386523246765,-0.03988984227180481,0.07232245802879333,0.20863795280456543,0.0786995142698288,-0.016976289451122284,-0.005875016562640667,0.028100479394197464,-0.12509872019290924
0.6405074000003879,0.0436844639480114,0.36757323145866394,-0.04001743346452713,0.08632732182741165,0.20863738656044006,0.07868685573339462,-0.016989795491099358,-0.022319143638014793,0.028092220425605774,-0.1250970959663391
0.660451600000215,0.04363344609737396,0.36753737926483154,-0.040238168090581894,0.10132691264152527,0.20862756669521332,0.07868669182062149,-0.01700163632631302,-0.03747786581516266,0.028056960552930832,-0.12509968876838684
0.6804986000001918,0.043661266565322876,0.36754149198532104,-0.04038812220096588,0.11606647819280624,0.2086375206708908,0.07866054773330688,-0.016989201307296753,-0.05273118242621422,0.028077581897377968,-0.12509243190288544
0.7006012000001647,0.043700460344552994,0.3675280809402466,-0.04058585315942764,0.12989184260368347,0.20865081250667572,0.07869952917098999,-0.01696145534515381,-0.07215843349695206,0.028069820255041122,-0.1250958889722824
0.720427600000221,0.04364095628261566,0.3675462603569031,-0.040780775249004364,0.14358863234519958,0.20864200592041016,0.07868842035531998,-0.016950078308582306,-0.0934412032365799,0.028063589707016945,-0.1250971257686615
0.7404393000001619,0.04363977909088135,0.36755087971687317,-0.04078539460897446,0.15881244838237762,0.20864754915237427,0.07868814468383789,-0.016938351094722748,-0.11484992504119873,0.028077716007828712,-0.12509170174598694
0.7604282000002058,0.043617427349090576,0.36754581332206726,-0.04079900681972504,0.17584452033042908,0.20867329835891724,0.07868722081184387,-0.016914572566747665,-0.1357039511203766,0.028072142973542213,-0.1250905692577362
0.7805224000003363,0.043659038841724396,0.3675415813922882,-0.040800634771585464,0.19396978616714478,0.20866888761520386,0.07867887616157532,-0.016871992498636246,-0.15550309419631958,0.028064722195267677,-0.12508392333984375
0.8004601000002367,0.04364599287509918,0.3675253689289093,-0.0408216267824173,0.21087750792503357,0.20865148305892944,0.0786864161491394,-0.016846071928739548,-0.17526672780513763,0.02806544490158558,-0.12508487701416016
0.8205175000002782,0.043686643242836,0.3675185739994049,-0.040820375084877014,0.22625336050987244,0.20866775512695312,0.07868695259094238,-0.016808979213237762,-0.19374023377895355,0.028060803189873695,-0.12508821487426758
0.8401166000003286,0.043687619268894196,0.36754220724105835,-0.04082062095403671,0.24016644060611725,0.20866213738918304,0.07868100702762604,-0.016721710562705994,-0.20890605449676514,0.02806508168578148,-0.12507392466068268
0.8605446999999913,0.043700315058231354,0.3675675094127655,-0.04082115367054939,0.2545349597930908,0.2086637020111084,0.0786888375878334,-0.016640467569231987,-0.22363343834877014,0.028063541278243065,-0.12509676814079285
0.8805412000001525,0.04365570843219757,0.36756831407546997,-0.04082043468952179,0.26887747645378113,0.2086731493473053,0.0786910131573677,-0.01662397012114525,-0.23913376033306122,0.028071528300642967,-0.1250770092010498
0.9004798000000847,0.043654076755046844,0.3675958514213562,-0.04082269221544266,0.2838190793991089,0.20866364240646362,0.07868632674217224,-0.016617372632026672,-0.25482070446014404,0.02806173637509346,-0.125083327293396
0.9205446000000848,0.04365156590938568,0.36754822731018066,-0.04082036763429642,0.2994801998138428,0.2086808830499649,0.07868541777133942,-0.016634635627269745,-0.2696332335472107,0.02806549146771431,-0.12507742643356323
0.9404504000003726,0.043630845844745636,0.3675120174884796,-0.04081963747739792,0.31551235914230347,0.20867785811424255,0.07866674661636353,-0.016619181260466576,-0.2804059386253357,0.028059691190719604,-0.12506826221942902
0.9603925000001254,0.04366670921444893,0.3675226867198944,-0.04081740975379944,0.3308529257774353,0.20868174731731415,0.07867629081010818,-0.01663145236670971,-0.2910393476486206,0.028059905394911766,-0.12506037950515747
0.9804117000003316,0.04379621520638466,0.3676537573337555,-0.04082268476486206,0.34583139419555664,0.2086593061685562,0.07868330180644989,-0.016616685315966606,-0.30279260873794556,0.028070438653230667,-0.12505964934825897
1.0006189000000631,0.04437684640288353,0.36791539192199707,-0.0408109650015831,0.3615673780441284,0.20869174599647522,0.07868413627147675,-0.01664246805012226,-0.315326988697052,0.028062213212251663,-0.125070720911026
1.0205614999999852,0.04434636980295181,0.3682778775691986,-0.04081163555383682,0.37780386209487915,0.20868168771266937,0.0786786675453186,-0.01664239913225174,-0.32803627848625183,0.028062907978892326,-0.12505696713924408
1.0405241000003116,0.044302910566329956,0.368584543466568,-0.04080118238925934,0.39385053515434265,0.20871450006961823,0.07868257910013199,-0.016650710254907608,-0.33924758434295654,0.028063520789146423,-0.1250729262828827
1.0605121000003237,0.04399948567152023,0.36865535378456116,-0.040793001651763916,0.4092502295970917,0.20871154963970184,0.07867896556854248,-0.016637269407510757,-0.3480599522590637,0.02805592119693756,-0.1250833123922348
1.080502499999966,0.042811956256628036,0.36862921714782715,-0.040809668600559235,0.4235016405582428,0.20869766175746918,0.07868285477161407,-0.016637708991765976,-0.3576739430427551,0.028059739619493484,-0.1250683069229126
1.1002319000003808,0.0422915555536747,0.36863815784454346,-0.04079769551753998,0.43603047728538513,0.20871485769748688,0.07868786156177521,-0.016643190756440163,-0.36687126755714417,0.02806195802986622,-0.12507998943328857
1.120498100000077,0.041248127818107605,0.368567556142807,-0.04080728814005852,0.4459801912307739,0.20871351659297943,0.07869916409254074,-0.01663324236869812,-0.37368935346603394,0.028068283572793007,-0.12509071826934814
1.140560700000151,0.0335596464574337,0.3686029016971588,-0.040808312594890594,0.45346492528915405,0.2087123990058899,0.07868906855583191,-0.016649220138788223,-0.3786413073539734,0.0280623659491539,-0.12508535385131836
1.1605070000000524,0.026011722162365913,0.36875030398368835,-0.04081273451447487,0.4587680399417877,0.20871256291866302,0.07867482304573059,-0.016659772023558617,-0.37982407212257385,0.02805861458182335,-0.12507951259613037
1.1806023000003734,0.016220903024077415,0.3690292537212372,-0.040819570422172546,0.4605794847011566,0.20871534943580627,0.07866967469453812,-0.016653835773468018,-0.3797682523727417,0.02805943414568901,-0.12508317828178406
1.2005041000002166,0.00799562968313694,0.36975419521331787,-0.040834806859493256,0.46016955375671387,0.20871007442474365,0.07868637889623642,-0.01666327379643917,-0.37924331426620483,0.028061088174581528,-0.12508833408355713
1.2205988000000616,-0.003494537901133299,0.3708554804325104,-0.040820326656103134,0.4600445330142975,0.20871081948280334,0.07868170738220215,-0.016648460179567337,-0.3757721781730652,0.02806561440229416,-0.12508751451969147
1.2402184000002308,-0.013017123565077782,0.37145110964775085,-0.0409056693315506,0.45996344089508057,0.20870764553546906,0.07868358492851257,-0.016656994819641113,-0.37188631296157837,0.02805541828274727,-0.12508460879325867
1.2605004000001827,-0.025583799928426743,0.3722764253616333,-0.040932267904281616,0.45992857217788696,0.20870338380336761,0.0786893218755722,-0.016654210165143013,-0.36341017484664917,0.028057508170604706,-0.12508103251457214
1.2805404000000635,-0.03925232216715813,0.3727149963378906,-0.04111431539058685,0.4598836600780487,0.20870907604694366,0.07869301736354828,-0.01665276102721691,-0.3511365056037903,0.028054384514689445,-0.12508945167064667
1.300546100000247,-0.053537577390670776,0.3729044795036316,-0.04115375131368637,0.45965322852134705,0.20870830118656158,0.0786571204662323,-0.016643136739730835,-0.3403536081314087,0.02805452048778534,-0.12508130073547363
1.3204896000002009,-0.06714478135108948,0.3730509877204895,-0.04122636467218399,0.4596481919288635,0.20870478451251984,0.07867428660392761,-0.01664082519710064,-0.3328745365142822,0.02805718593299389,-0.1250838339328766
1.3405357000001459,-0.08126942813396454,0.3736816346645355,-0.041285254061222076,0.4579063653945923,0.20871217548847198,0.07868336141109467,-0.016642609611153603,-0.32122737169265747,0.02805384248495102,-0.12508174777030945
1.360525200000211,-0.09510958194732666,0.37555429339408875,-0.0412997305393219,0.44601309299468994,0.2087094485759735,0.07865573465824127,-0.016638515517115593,-0.30391186475753784,0.02805097959935665,-0.12508165836334229
1.3805734000002303,-0.1069573312997818,0.38407576084136963,-0.0413237065076828,0.4275777339935303,0.2086925506591797,0.07868072390556335,-0.016640298068523407,-0.2883536219596863,0.0280580073595047,-0.12508703768253326
1.400460800000019,-0.11436881124973297,0.3964803218841553,-0.0413031131029129,0.40880703926086426,0.20867682993412018,0.07868348062038422,-0.016621354967355728,-0.2745845317840576,0.02805371582508087,-0.1250857710838318
1.4206883000001653,-0.12456297129392624,0.4068596661090851,-0.041303861886262894,0.3926019072532654,0.20870837569236755,0.07869616150856018,-0.016648776829242706,-0.26178038120269775,0.028059763833880424,-0.12509369850158691
1.44043610000017,-0.13720273971557617,0.4067397713661194,-0.04130448400974274,0.38094690442085266,0.2086990475654602,0.07868285477161407,-0.016621273010969162,-0.2463422566652298,0.028053028509020805,-0.12508729100227356
1.4604940000003808,-0.14889079332351685,0.4068838059902191,-0.04129190742969513,0.37137848138809204,0.208674818277359,0.07867290079593658,-0.016646858304739,-0.23086528480052948,0.02805471420288086,-0.1250775307416916
1.4802560000002813,-0.16118884086608887,0.4073698818683624,-0.04128354415297508,0.35924166440963745,0.20870475471019745,0.07866925001144409,-0.016648240387439728,-0.21444407105445862,0.02806018851697445,-0.12508812546730042
1.5004366000002847,-0.1728363037109375,0.40823104977607727,-0.04128462076187134,0.3426305055618286,0.2086721956729889,0.07868272066116333,-0.016661740839481354,-0.1982811689376831,0.02805846743285656,-0.12508398294448853
1.5205970000001798,-0.18405824899673462,0.4092067778110504,-0.041279129683971405,0.32311105728149414,0.20870257914066315,0.07868275046348572,-0.016645150259137154,-0.18419814109802246,0.028034009039402008,-0.12509244680404663
1.5405500000001666,-0.19638954102993011,0.41145721077919006,-0.0412408784031868,0.3034716248512268,0.20865492522716522,0.07870704680681229,-0.01665356755256653,-0.1697082817554474,0.028054729104042053,-0.12509523332118988
1.5605186000002504,-0.20645232498645782,0.4126113951206207,-0.04125944897532463,0.28660428524017334,0.2086908519268036,0.07868524640798569,-0.016653982922434807,-0.1561591476202011,0.02807413786649704,-0.12509074807167053
1.5805889000002935,-0.2190481573343277,0.41540291905403137,-0.041243333369493484,0.2732166051864624,0.20868778228759766,0.07867366075515747,-0.01665337383747101,-0.14240604639053345,0.02805892378091812,-0.1250937134027481
1.600556900000356,-0.23250584304332733,0.4208991825580597,-0.04122794046998024,0.2609052062034607,0.20869563519954681,0.07866375893354416,-0.016666170209646225,-0.13089025020599365,0.028065858408808708,-0.12508922815322876
1.620608600000196,-0.24342003464698792,0.4213305115699768,-0.041224412620067596,0.24660243093967438,0.2086971253156662,0.07868126034736633,-0.016652315855026245,-0.11803564429283142,0.028052382171154022,-0.12508627772331238
1.6405125999999655,-0.2549983561038971,0.4214268624782562,-0.041208818554878235,0.22934414446353912,0.20867416262626648,0.07868216186761856,-0.016660675406455994,-0.1042570173740387,0.028057074174284935,-0.1251014769077301
1.6605322000000342,-0.2674097716808319,0.4217066764831543,-0.04120437055826187,0.210211381316185,0.20867837965488434,0.0786895677447319,-0.01666056178510189,-0.09171851724386215,0.028053883463144302,-0.12508735060691833
1.6804897000001802,-0.2773449420928955,0.4217841625213623,-0.041180338710546494,0.19283099472522736,0.2086901068687439,0.07868628203868866,-0.016670621931552887,-0.0798535943031311,0.028050541877746582,-0.12509071826934814
1.7004561000003378,-0.2891029119491577,0.4218693673610687,-0.04118509590625763,0.17880448698997498,0.20867064595222473,0.07868724316358566,-0.01666829362511635,-0.0682268738746643,0.028049247339367867,-0.12509235739707947
1.7206599000001006,-0.3005109429359436,0.4220256507396698,-0.041172124445438385,0.16801631450653076,0.2086876928806305,0.07867784798145294,-0.016667354851961136,-0.05758499354124069,0.02805611677467823,-0.1250903308391571
1.7401133000003028,-0.31073927879333496,0.42229628562927246,-0.04116305336356163,0.15748056769371033,0.2086508721113205,0.07868291437625885,-0.016669336706399918,-0.04756271466612816,0.028060784563422203,-0.125084787607193
1.7605086000003212,-0.3206901550292969,0.42271625995635986,-0.0411621555685997,0.14464262127876282,0.20868508517742157,0.07868677377700806,-0.016653671860694885,-0.038090527057647705,0.028050413355231285,-0.12508946657180786
1.780227400000058,-0.33052247762680054,0.4231274724006653,-0.04117570072412491,0.1307394802570343,0.2086670696735382,0.07870034873485565,-0.01665903441607952,-0.029030971229076385,0.028053881600499153,-0.12509483098983765
1.8006096000003708,-0.3390485644340515,0.42339470982551575,-0.04117746651172638,0.11629337817430496,0.20868809521198273,0.0786900520324707,-0.016668397933244705,-0.01862499490380287,0.028058791533112526,-0.12508603930473328
1.8203949000003377,-0.3482573628425598,0.42387887835502625,-0.041188351809978485,0.10397318005561829,0.20867756009101868,0.07869307696819305,-0.016652554273605347,-0.00905913021415472,0.028055069968104362,-0.1250956952571869
1.8405253000000812,-0.35658690333366394,0.42426949739456177,-0.04119836166501045,0.0938531830906868,0.20865008234977722,0.07868902385234833,-0.0166531503200531,-0.001453049248084426,0.028058068826794624,-0.12509307265281677
1.8604358000002321,-0.36435383558273315,0.4253067970275879,-0.04121514409780502,0.08518540859222412,0.20868584513664246,0.07868818938732147,-0.01665722206234932,0.007206014823168516,0.028052834793925285,-0.12508977949619293
1.8804377000001296,-0.3712034821510315,0.42569494247436523,-0.04125425964593887,0.07636316120624542,0.20868340134620667,0.0786866545677185,-0.01665632799267769,0.017158813774585724,0.02806147187948227,-0.12509064376354218
1.9005188999999518,-0.3777832090854645,0.4262690842151642,-0.04129413515329361,0.06606541574001312,0.2086801528930664,0.07868781685829163,-0.01663793809711933,0.027090100571513176,0.028057480230927467,-0.12509426474571228
1.9205845999999838,-0.38822856545448303,0.4262990951538086,-0.04138024151325226,0.0554036982357502,0.20865850150585175,0.0786857008934021,-0.01664048805832863,0.03573828935623169,0.028042206540703773,-0.1250973343849182
1.9404676000003747,-0.3933981955051422,0.42640799283981323,-0.0418514609336853,0.04610985517501831,0.20865072309970856,0.07869161665439606,-0.0166404340416193,0.043273285031318665,0.028053676709532738,-0.12508507072925568
1.9607043999999405,-0.402145653963089,0.42646524310112,-0.04230441898107529,0.03896905481815338,0.20867444574832916,0.07869601249694824,-0.016628842800855637,0.0506925992667675,0.028058528900146484,-0.12508583068847656
1.9804947000002358,-0.4089544415473938,0.4264933168888092,-0.04374529421329498,0.03863505274057388,0.20863810181617737,0.07868519425392151,-0.016636453568935394,0.057436905801296234,0.028051482513546944,-0.1250912845134735
2.0004155999999966,-0.4164804220199585,0.42657577991485596,-0.048335880041122437,0.038414306938648224,0.20865865051746368,0.07869356870651245,-0.016621951013803482,0.060868702828884125,0.028059130534529686,-0.12509185075759888
2.0208339000000706,-0.4258570075035095,0.42658883333206177,-0.05758466199040413,0.03850484639406204,0.20863917469978333,0.07869240641593933,-0.016594834625720978,0.06596152484416962,0.02805839665234089,-0.1250872015953064
2.0404852000001483,-0.4319858253002167,0.42654359340667725,-0.06816541403532028,0.038562122732400894,0.2086612731218338,0.078684002161026,-0.016539189964532852,0.06734532117843628,0.028043141588568687,-0.12509354948997498
2.06012630000032,-0.4409451484680176,0.4265359938144684,-0.07789865881204605,0.038849715143442154,0.20865614712238312,0.07869084179401398,-0.016524191945791245,0.0673254132270813,0.028054194524884224,-0.12508971989154816
2.0805536000002576,-0.44707486033439636,0.4266012907028198,-0.08567339926958084,0.03944844380021095,0.20864161849021912,0.07868035137653351,-0.016412142664194107,0.06721799820661545,0.0280584916472435,-0.12508690357208252
2.100212199999987,-0.45406967401504517,0.42658308148384094,-0.09071101248264313,0.039725273847579956,0.20865562558174133,0.07868543267250061,-0.016132531687617302,0.06675072759389877,0.028059663251042366,-0.12508632242679596
2.120583700000225,-0.46011224389076233,0.4265884757041931,-0.09423329681158066,0.04213334619998932,0.20866452157497406,0.07869186997413635,-0.013517837040126324,0.06511279195547104,0.02804984711110592,-0.12508833408355713
2.140479300000152,-0.4663398265838623,0.4265223741531372,-0.09768211096525192,0.04247468709945679,0.2086586058139801,0.07869194447994232,-0.0017854688921943307,0.062479544430971146,0.02806052938103676,-0.1250845491886139
2.1605195000001913,-0.4731798768043518,0.4265919327735901,-0.1007375568151474,0.04257561266422272,0.2086520493030548,0.07869431376457214,0.018431495875120163,0.06277936697006226,0.028066085651516914,-0.12509387731552124
2.1805199000000357,-0.47940656542778015,0.4265897274017334,-0.10606786608695984,0.043522559106349945,0.20866155624389648,0.07868626713752747,0.038150012493133545,0.06273302435874939,0.02805486135184765,-0.12509223818778992
2.2005871000001207,-0.4860761761665344,0.4265804886817932,-0.11232010275125504,0.0436241552233696,0.20868422091007233,0.07869142293930054,0.05278731510043144,0.06264349818229675,0.02806057222187519,-0.12508970499038696
2.2206006999999772,-0.4926188886165619,0.4266221821308136,-0.11785589158535004,0.04363391548395157,0.20868457853794098,0.07868968695402145,0.060404203832149506,0.06237353757023811,0.028087450191378593,-0.12509478628635406
2.2405507000003126,-0.4995705485343933,0.42656978964805603,-0.12239162623882294,0.0436423197388649,0.20868931710720062,0.07868282496929169,0.06324675679206848,0.060845695436000824,0.028081312775611877,-0.12509658932685852
2.2604309000003013,-0.5066378116607666,0.42656779289245605,-0.12391623854637146,0.043644748628139496,0.2086767852306366,0.0786949023604393,0.06324280798435211,0.052982352674007416,0.028095148503780365,-0.12509174644947052
2.2804417000002104,-0.512543797492981,0.42659634351730347,-0.12442616373300552,0.04363837093114853,0.2086978703737259,0.0786980539560318,0.06325937807559967,0.03850707411766052,0.02805919013917446,-0.1251000314950943
2.3004439000001184,-0.5188583135604858,0.42664653062820435,-0.12475873529911041,0.04364495351910591,0.208685964345932,0.07868646830320358,0.06328631937503815,0.024369526654481888,0.028081176802515984,-0.1250908076763153
2.3203773000000183,-0.5252448916435242,0.42659419775009155,-0.12526202201843262,0.043984249234199524,0.20868279039859772,0.07869164645671844,0.06329762935638428,0.014476773329079151,0.028075339272618294,-0.12509500980377197
2.3404046000000562,-0.5306990742683411,0.4265771210193634,-0.12535052001476288,0.04437626898288727,0.2086849808692932,0.07869397848844528,0.06359534710645676,0.004942947532981634,0.02806670591235161,-0.12509581446647644
2.360480600000301,-0.5367482304573059,0.42654335498809814,-0.12569797039031982,0.04827661067247391,0.20864185690879822,0.0787084549665451,0.06398598849773407,-0.010838150978088379,0.028067246079444885,-0.12508341670036316
2.38039740000022,-0.5434212684631348,0.4264904260635376,-0.12603440880775452,0.06556496024131775,0.20864476263523102,0.07868264615535736,0.06403721868991852,-0.032946646213531494,0.028062311932444572,-0.12509697675704956
2.4003130000000965,-0.5475263595581055,0.4265369474887848,-0.12605592608451843,0.0883898064494133,0.20869694650173187,0.07867974787950516,0.06407736241817474,-0.055476848036050797,0.028060782700777054,-0.1250886470079422
2.420640600000297,-0.5539026260375977,0.42660754919052124,-0.12634888291358948,0.11333776265382767,0.20865917205810547,0.07867732644081116,0.06408008933067322,-0.07474049925804138,0.028060896322131157,-0.1250908076763153
2.4405025999999452,-0.5621116161346436,0.42659419775009155,-0.12692764401435852,0.13608750700950623,0.20865818858146667,0.07868947088718414,0.0640791654586792,-0.09029559791088104,0.028057070448994637,-0.1250869631767273
2.4602852000002713,-0.5654847621917725,0.4264996349811554,-0.12722833454608917,0.15325838327407837,0.20865783095359802,0.07869911193847656,0.06409892439842224,-0.1060323491692543,0.02807149663567543,-0.12509898841381073
2.4802643000002718,-0.5726267099380493,0.4264579713344574,-0.12824758887290955,0.1651851236820221,0.20865683257579803,0.07864832878112793,0.06410247087478638,-0.12387913465499878,0.02805331163108349,-0.1250809282064438
2.5005592000002252,-0.5813312530517578,0.426520973443985,-0.12819531559944153,0.17410975694656372,0.20870956778526306,0.07869108021259308,0.06412000209093094,-0.143405020236969,0.028060462325811386,-0.12508425116539001
2.5205817999999454,-0.5872045755386353,0.4265390932559967,-0.12818877398967743,0.18417488038539886,0.2087152600288391,0.07868823409080505,0.06410633027553558,-0.1600545346736908,0.02805515192449093,-0.12508216500282288
2.540476000000126,-0.5965485572814941,0.4264134168624878,-0.12818565964698792,0.19710232317447662,0.20871588587760925,0.07866677641868591,0.06409630179405212,-0.17415262758731842,0.028056491166353226,-0.12508809566497803
2.560474900000372,-0.602912425994873,0.42645326256752014,-0.12816210091114044,0.2137354016304016,0.20874638855457306,0.07869274914264679,0.06407950818538666,-0.18680709600448608,0.028050027787685394,-0.1250845193862915
2.5804689000001417,-0.6103174686431885,0.4264026880264282,-0.128159761428833,0.23266161978244781,0.20872825384140015,0.07867443561553955,0.06406661123037338,-0.19831712543964386,0.028058072552084923,-0.1250811219215393
2.600492800000211,-0.6176328659057617,0.42648059129714966,-0.12812678515911102,0.25132107734680176,0.2087286412715912,0.07867830991744995,0.06406581401824951,-0.20791317522525787,0.02804636023938656,-0.12508560717105865
2.6205909000000247,-0.62391597032547,0.42641299962997437,-0.12806004285812378,0.26727426052093506,0.20870435237884521,0.07868527621030807,0.0640454962849617,-0.2167886346578598,0.028064873069524765,-0.12507645785808563
2.6403073999999833,-0.6314446926116943,0.4263996481895447,-0.12802894413471222,0.2804093360900879,0.20871961116790771,0.07868164777755737,0.06401995569467545,-0.22719067335128784,0.02805383875966072,-0.1250869333744049
2.6604638000003433,-0.6372261047363281,0.4264499843120575,-0.12803643941879272,0.29216468334198,0.20873671770095825,0.07866638898849487,0.06391707062721252,-0.2377811074256897,0.02805170789361,-0.1250736117362976
2.6806228000000374,-0.643329918384552,0.42643144726753235,-0.12797784805297852,0.30315500497817993,0.2087106555700302,0.07868677377700806,0.06388025730848312,-0.24586603045463562,0.02806837297976017,-0.12508560717105865
2.7005050000002484,-0.6501896381378174,0.42644771933555603,-0.12796029448509216,0.31280332803726196,0.20871925354003906,0.0786704495549202,0.06387592852115631,-0.25137144327163696,0.02805894799530506,-0.12509244680404663
2.7206019000000197,-0.655889630317688,0.42651551961898804,-0.12758126854896545,0.322411447763443,0.20872724056243896,0.07868660241365433,0.06386411935091019,-0.2550099492073059,0.02805400639772415,-0.12509417533874512
2.7404804000002514,-0.6617389917373657,0.4264771044254303,-0.12757155299186707,0.3312482237815857,0.208720400929451,0.07867281138896942,0.06385507434606552,-0.2606053352355957,0.02805970050394535,-0.1250913143157959
2.7607629000003726,-0.667689323425293,0.4264637231826782,-0.1275327056646347,0.33823689818382263,0.20872263610363007,0.07868687808513641,0.06384781002998352,-0.2650914490222931,0.028062116354703903,-0.12508568167686462
2.780430300000262,-0.6733311414718628,0.4264543056488037,-0.12751737236976624,0.3436643183231354,0.20873133838176727,0.07868547737598419,0.06383875757455826,-0.2706642150878906,0.028055531904101372,-0.1250929832458496
2.808660900000177,-0.6822395920753479,0.4264742136001587,-0.12749063968658447,0.35116302967071533,0.20872986316680908,0.07868048548698425,0.06379412114620209,-0.27897530794143677,0.02805936522781849,-0.12508809566497803
2.8207492000001366,-0.6856588125228882,0.42645421624183655,-0.12747909128665924,0.35406816005706787,0.20875270664691925,0.07868392765522003,0.06372062116861343,-0.28305497765541077,0.028057368472218513,-0.12509018182754517
2.84013589999995,-0.6892598867416382,0.42645925283432007,-0.12735004723072052,0.3591671884059906,0.2087218016386032,0.0786546915769577,0.06355325877666473,-0.2890915870666504,0.028051791712641716,-0.12509003281593323
2.860565299999962,-0.6937655210494995,0.42647793889045715,-0.12722155451774597,0.3632184863090515,0.20873640477657318,0.07867630571126938,0.06327544152736664,-0.2928888201713562,0.028054391965270042,-0.12510079145431519
2.880550900000344,-0.6982129216194153,0.4264664053916931,-0.12681648135185242,0.36630046367645264,0.20873652398586273,0.07868069410324097,0.06308963149785995,-0.2926159203052521,0.028050977736711502,-0.12509368360042572
2.900257000000238,-0.699265718460083,0.4264732599258423,-0.12593168020248413,0.3659140467643738,0.20874959230422974,0.07868064939975739,0.06275081634521484,-0.29260653257369995,0.028051620349287987,-0.12509511411190033
2.9206229999999778,-0.700019359588623,0.4265073835849762,-0.1243627518415451,0.3659530282020569,0.20875142514705658,0.07868402451276779,0.06096717342734337,-0.29260021448135376,0.028042439371347427,-0.12509340047836304
2.9402892000002794,-0.7001824975013733,0.4264909327030182,-0.12320026755332947,0.3659365773200989,0.20872348546981812,0.07868689298629761,0.06119869649410248,-0.292270690202713,0.02805071882903576,-0.12508970499038696
2.960590300000149,-0.7018741965293884,0.42649492621421814,-0.1208861693739891,0.3659396171569824,0.20873703062534332,0.07867448776960373,0.06117919832468033,-0.29047054052352905,0.02805492654442787,-0.12510165572166443
2.9803431000000273,-0.7035942077636719,0.42647483944892883,-0.11740069091320038,0.36586132645606995,0.2087154984474182,0.07868845760822296,0.06117399409413338,-0.28774338960647583,0.028049692511558533,-0.12509895861148834
3.0005073000002085,-0.7051494717597961,0.4264461398124695,-0.11545967310667038,0.3653561472892761,0.20871739089488983,0.07869072258472443,0.06118796020746231,-0.28127485513687134,0.02805769070982933,-0.12510043382644653
3.020562500000324,-0.7077228426933289,0.42639830708503723,-0.11381510645151138,0.3627363443374634,0.20869512856006622,0.07868605107069016,0.061184436082839966,-0.26918187737464905,0.0280525591224432,-0.12511304020881653
3.0405736000002435,-0.7100611925125122,0.4263908267021179,-0.11073191463947296,0.35320308804512024,0.2086758017539978,0.07867802679538727,0.061176493763923645,-0.2577444314956665,0.028054147958755493,-0.12510153651237488
3.0604238000000805,-0.7152658700942993,0.4263320863246918,-0.10861989855766296,0.33435267210006714,0.2087095081806183,0.07867655158042908,0.061172012239694595,-0.24767673015594482,0.0280610304325819,-0.12511804699897766
3.080112000000099,-0.7178394794464111,0.42638447880744934,-0.10831759870052338,0.31056585907936096,0.20870596170425415,0.0786895677447319,0.06117856130003929,-0.23998190462589264,0.028053099289536476,-0.12510353326797485
3.1004437999999936,-0.7184607982635498,0.42638179659843445,-0.10831660032272339,0.2860235869884491,0.20869791507720947,0.07869365811347961,0.06118804216384888,-0.23207931220531464,0.02805273048579693,-0.12510870397090912
3.1206092000002172,-0.7184372544288635,0.4263835847377777,-0.10831449925899506,0.2654761075973511,0.20869627594947815,0.07868276536464691,0.06119516119360924,-0.2167319506406784,0.028053177520632744,-0.12509426474571228
3.1405555999999706,-0.7183476686477661,0.4264471232891083,-0.10816194117069244,0.24943433701992035,0.2087123990058899,0.07869034260511398,0.06117657572031021,-0.19922013580799103,0.028056444600224495,-0.12511545419692993
3.160224300000209,-0.7183420658111572,0.4264572858810425,-0.10747059434652328,0.2353762537240982,0.20869891345500946,0.07868234813213348,0.061180662363767624,-0.18544180691242218,0.028063731268048286,-0.12510952353477478
3.1802732000001015,-0.7183127999305725,0.4264390766620636,-0.10584824532270432,0.21859309077262878,0.208696186542511,0.07869120687246323,0.06119214743375778,-0.17384834587574005,0.028060054406523705,-0.12509524822235107
3.200420099999974,-0.7184059023857117,0.42646053433418274,-0.10178769379854202,0.19693447649478912,0.20869854092597961,0.07869252562522888,0.06117381155490875,-0.16355979442596436,0.02806328423321247,-0.1250980645418167
3.2205965000002834,-0.7191568613052368,0.4264554977416992,-0.09727922827005386,0.17311567068099976,0.20865100622177124,0.07868392765522003,0.06117997691035271,-0.14975446462631226,0.028050711378455162,-0.12510624527931213
3.2404881000002206,-0.722081184387207,0.4264673590660095,-0.09224633127450943,0.15151852369308472,0.20864896476268768,0.07868757098913193,0.06117074564099312,-0.13490918278694153,0.028061289340257645,-0.12510214745998383
3.2605100000000675,-0.7230497002601624,0.4264509081840515,-0.08790592849254608,0.13332876563072205,0.20867054164409637,0.07867363095283508,0.06118106096982956,-0.12236469238996506,0.02805623784661293,-0.12511104345321655
3.280550200000107,-0.7241932153701782,0.4264023005962372,-0.08400848507881165,0.11827397346496582,0.20864911377429962,0.07868647575378418,0.061166912317276,-0.11014485359191895,0.02806217409670353,-0.12509498000144958
3.3003898000001755,-0.72523033618927,0.4263991713523865,-0.08107614517211914,0.10333846509456635,0.20864595472812653,0.07868634164333344,0.061183273792266846,-0.09873279929161072,0.02806297317147255,-0.12512321770191193
3.3206568000000516,-0.7261995077133179,0.42642727494239807,-0.07775473594665527,0.0852644145488739,0.2086436003446579,0.07868039608001709,0.06115876883268356,-0.08587031066417694,0.028063315898180008,-0.12510156631469727
3.340204000000085,-0.7262691259384155,0.426411509513855,-0.0754820704460144,0.06689205765724182,0.2086443305015564,0.0786973088979721,0.061169493943452835,-0.07194221764802933,0.028069056570529938,-0.12512308359146118
3.3605036000003565,-0.7262423038482666,0.4264490306377411,-0.07479777932167053,0.05037013068795204,0.20863808691501617,0.07868818193674088,0.06118715927004814,-0.059205733239650726,0.028070082888007164,-0.12511801719665527
3.3804995000000417,-0.7262512445449829,0.4264233112335205,-0.07479604333639145,0.037416018545627594,0.20863670110702515,0.07868461310863495,0.06118074432015419,-0.04879922792315483,0.028085552155971527,-0.12510111927986145
3.400475700000243,-0.7265457510948181,0.42640063166618347,-0.07479383796453476,0.027018919587135315,0.20864233374595642,0.07868728041648865,0.0611691027879715,-0.0396338626742363,0.028053725138306618,-0.12511339783668518
3.4205292000001464,-0.7270590662956238,0.4264160692691803,-0.07479239255189896,0.01584140583872795,0.2086334377527237,0.07868601381778717,0.06116968020796776,-0.029129473492503166,0.028061293065547943,-0.12510818243026733
3.4403706000002785,-0.7276564836502075,0.4264196455478668,-0.07478944957256317,0.0033586190547794104,0.2086455374956131,0.07868807017803192,0.06118125468492508,-0.014933252707123756,0.028067143633961678,-0.12512442469596863
3.4603605000002062,-0.7279688119888306,0.42643222212791443,-0.07479195296764374,-0.010031300596892834,0.2086467295885086,0.07868699729442596,0.061187993735075,-0.0008780222269706428,0.028056753799319267,-0.12512707710266113
3.480465500000264,-0.728065013885498,0.4264680743217468,-0.07478994131088257,-0.02149904891848564,0.2086416333913803,0.0786910355091095,0.06117350608110428,0.010537058115005493,0.02805868536233902,-0.12511873245239258
3.500415200000134,-0.7280750274658203,0.42643293738365173,-0.0747985988855362,-0.03011469915509224,0.20863793790340424,0.07868801057338715,0.061176370829343796,0.021846409887075424,0.028063783422112465,-0.12511000037193298
3.5206539000000703,-0.7280570268630981,0.4264336824417114,-0.07480213046073914,-0.03590116649866104,0.2086140364408493,0.07870134711265564,0.06120353192090988,0.03599558398127556,0.028057629242539406,-0.12511959671974182
3.5403230000001713,-0.7277300357818604,0.42647549510002136,-0.07481005787849426,-0.041022032499313354,0.2086329162120819,0.07867836207151413,0.061183296144008636,0.05147877335548401,0.028059309348464012,-0.12511122226715088
3.5604878000003737,-0.7276137471199036,0.4264637231826782,-0.07481175661087036,-0.040099456906318665,0.20861271023750305,0.07869009673595428,0.06118537113070488,0.06535705924034119,0.028051720932126045,-0.12510526180267334
3.580256200000349,-0.7276161313056946,0.42649054527282715,-0.07481983304023743,-0.040115222334861755,0.20863667130470276,0.07868023216724396,0.06118295341730118,0.07641981542110443,0.028058601543307304,-0.12511849403381348
3.6004954,-0.7276584506034851,0.42649951577186584,-0.07483954727649689,-0.04014674201607704,0.2086438089609146,0.07870238274335861,0.06119099631905556,0.0880608856678009,0.028067467734217644,-0.1251082420349121
3.6205815000002985,-0.7276239395141602,0.4265039265155792,-0.07485535740852356,-0.04005875438451767,0.20863835513591766,0.0786871537566185,0.06118568405508995,0.09748001396656036,0.028074927628040314,-0.12511467933654785
3.640172000000348,-0.7276198863983154,0.4265137016773224,-0.07486125826835632,-0.03989240527153015,0.2086440622806549,0.07869881391525269,0.06117943301796913,0.1032191812992096,0.02805831842124462,-0.12511242926120758
3.660458800000015,-0.7275948524475098,0.42653605341911316,-0.07487326860427856,-0.03982244431972504,0.2086380571126938,0.07868729531764984,0.06119230017066002,0.1045030876994133,0.028054581955075264,-0.12510636448860168
3.680425000000014,-0.7276142835617065,0.42660853266716003,-0.07488228380680084,-0.03974929451942444,0.20864196121692657,0.07868440449237823,0.06119290366768837,0.1045164242386818,0.02805761620402336,-0.12511642277240753
3.700422900000376,-0.7276288270950317,0.42664089798927307,-0.07489801943302155,-0.03968941792845726,0.20863772928714752,0.07869059592485428,0.06121901422739029,0.10439176857471466,0.02806767448782921,-0.12510688602924347
3.7203840000001946,-0.7276377081871033,0.42659562826156616,-0.07488595694303513,-0.03962482884526253,0.20863468945026398,0.07869845628738403,0.06126110628247261,0.10394927859306335,0.028056489303708076,-0.12510478496551514
3.7404599000001326,-0.7275329232215881,0.42659711837768555,-0.07489249110221863,-0.03957786411046982,0.20863252878189087,0.07869183272123337,0.061338264495134354,0.10342171043157578,0.02805684693157673,-0.12511394917964935
3.7604968000000554,-0.727495014667511,0.4265909790992737,-0.07492053508758545,-0.039562638849020004,0.20862947404384613,0.07869765907526016,0.061403121799230576,0.10054218769073486,0.028061283752322197,-0.12510798871517181
3.7804595000002337,-0.7274685502052307,0.42660099267959595,-0.07489597052335739,-0.038949646055698395,0.20863093435764313,0.07869046926498413,0.06141902133822441,0.10041311383247375,0.028056278824806213,-0.125105619430542
3.8003826000003755,-0.7272723913192749,0.42663466930389404,-0.07491964101791382,-0.03445340692996979,0.20862792432308197,0.07868993282318115,0.06142821162939072,0.10039138048887253,0.028081465512514114,-0.12511323392391205
3.8203386000000137,-0.7265064716339111,0.4266194999217987,-0.07495905458927155,-0.02819494716823101,0.20863783359527588,0.07869261503219604,0.061431460082530975,0.10030906647443771,0.028066983446478844,-0.12510383129119873
3.8404709999999795,-0.7242975831031799,0.42662161588668823,-0.07514457404613495,-0.016785170882940292,0.20862515270709991,0.07869227230548859,0.06146682798862457,0.099775530397892,0.028085876256227493,-0.12511014938354492
3.8604771000000255,-0.7208200693130493,0.4267316162586212,-0.07517879456281662,-0.0023604929447174072,0.20863355696201324,0.0786886066198349,0.061484742909669876,0.09843233972787857,0.028091058135032654,-0.12510867416858673
3.880171799999971,-0.7197676301002502,0.4267016351222992,-0.0752568393945694,0.013382998295128345,0.20862767100334167,0.07869374006986618,0.06146364286541939,0.08968497067689896,0.028074854984879494,-0.12510472536087036
3.9004699000001892,-0.7152537703514099,0.42682117223739624,-0.07526428997516632,0.029664237052202225,0.20863911509513855,0.07867830991744995,0.061483606696128845,0.07344895601272583,0.02809222787618637,-0.12510964274406433
3.9205399000002217,-0.7152622938156128,0.42691972851753235,-0.07533493638038635,0.04616685211658478,0.2086350917816162,0.07868892699480057,0.06147926300764084,0.052356962114572525,0.028072839602828026,-0.12510398030281067
3.940466400000332,-0.7152026891708374,0.4269121587276459,-0.07534608244895935,0.0637577548623085,0.20864494144916534,0.07869721949100494,0.06149202957749367,0.029426898807287216,0.02809927798807621,-0.12510350346565247
3.960474299999987,-0.7110623121261597,0.42701756954193115,-0.07537012547254562,0.08291266858577728,0.20864669978618622,0.07868868112564087,0.061491332948207855,0.007490668445825577,0.02806575410068035,-0.12511342763900757
3.980447300000378,-0.7005648016929626,0.4270762801170349,-0.07537559419870377,0.10261579602956772,0.2086392343044281,0.07869195938110352,0.06149532273411751,-0.01349605992436409,0.028071310371160507,-0.12510716915130615
4.000468700000056,-0.6912097930908203,0.4271514415740967,-0.07539689540863037,0.12304475158452988,0.20866145193576813,0.07869075983762741,0.0615118183195591,-0.035768117755651474,0.028066903352737427,-0.12510502338409424
4.020651100000123,-0.6797219514846802,0.42729249596595764,-0.07538285851478577,0.1435120403766632,0.2086493968963623,0.07869568467140198,0.06151939556002617,-0.05967530980706215,0.028058046475052834,-0.1250990331172943
4.04019100000005,-0.6704493761062622,0.42766058444976807,-0.07536657154560089,0.16274508833885193,0.20865048468112946,0.07869270443916321,0.06150156632065773,-0.08399199694395065,0.028055615723133087,-0.12510526180267334
4.060492900000099,-0.6603193283081055,0.42797142267227173,-0.0753987580537796,0.18229863047599792,0.20865045487880707,0.07870081067085266,0.06149667501449585,-0.10724222660064697,0.028055712580680847,-0.12509845197200775
4.080476200000248,-0.6502590775489807,0.42834562063217163,-0.07539297640323639,0.2014075666666031,0.20868511497974396,0.07869000732898712,0.06151551008224487,-0.127669095993042,0.02805980294942856,-0.12509918212890625
4.100470600000335,-0.6393222808837891,0.4288904070854187,-0.07536996901035309,0.21980616450309753,0.20867064595222473,0.07868747413158417,0.061505865305662155,-0.1476626694202423,0.028060482814908028,-0.12509271502494812
4.120690800000375,-0.6280250549316406,0.43000611662864685,-0.07538840174674988,0.23789818584918976,0.20868362486362457,0.07868726551532745,0.06150146201252937,-0.16931027173995972,0.028059285134077072,-0.12509790062904358
4.140345700000125,-0.6169425249099731,0.4308694005012512,-0.07536876201629639,0.2544223666191101,0.20869992673397064,0.07869578897953033,0.06151221692562103,-0.19050875306129456,0.028054596856236458,-0.12509673833847046
4.160502300000189,-0.606468915939331,0.43174535036087036,-0.07535848021507263,0.2715208828449249,0.20866131782531738,0.07868801057338715,0.0614958293735981,-0.20890483260154724,0.02806067280471325,-0.12509852647781372
4.180755900000349,-0.593981921672821,0.4341822564601898,-0.07535022497177124,0.28869694471359253,0.2087046355009079,0.07869244366884232,0.06151628866791725,-0.22490257024765015,0.028076618909835815,-0.12509582936763763
4.200378400000318,-0.5846480131149292,0.4391856789588928,-0.07534050941467285,0.30460232496261597,0.2086748331785202,0.07869091629981995,0.06151463836431503,-0.2411317378282547,0.028071893379092216,-0.125092014670372
4.220549699999992,-0.5720126628875732,0.44040724635124207,-0.07535023987293243,0.3195193409919739,0.20865759253501892,0.07868726551532745,0.061508696526288986,-0.2590833902359009,0.02806159481406212,-0.12509238719940186
4.240650800000367,-0.5576852560043335,0.44078099727630615,-0.07535295188426971,0.33300358057022095,0.20867089927196503,0.0786702036857605,0.06149670109152794,-0.2766582667827606,0.028049081563949585,-0.12509562075138092
4.260469499999999,-0.5460984706878662,0.4411351978778839,-0.0753469467163086,0.34531497955322266,0.20866896212100983,0.07869821786880493,0.061501115560531616,-0.2915365993976593,0.028059599921107292,-0.12508836388587952
4.280555900000309,-0.5346169471740723,0.4414348006248474,-0.07534715533256531,0.35856497287750244,0.20867480337619781,0.07868708670139313,0.06151721626520157,-0.3032013773918152,0.02806362323462963,-0.12509596347808838
4.300744500000292,-0.5217249393463135,0.4416421055793762,-0.0753362774848938,0.3723178505897522,0.20868775248527527,0.07868047058582306,0.06149774044752121,-0.31266918778419495,0.028052933514118195,-0.125097393989563
4.3205017000000225,-0.5098602175712585,0.4420838952064514,-0.07534684240818024,0.3856727182865143,0.20869043469429016,0.07869984209537506,0.061501793563365936,-0.32330888509750366,0.028064178302884102,-0.12509974837303162
4.340263400000367,-0.49727505445480347,0.44356104731559753,-0.07534264028072357,0.39747485518455505,0.20868098735809326,0.07868766784667969,0.06150643154978752,-0.3347512483596802,0.0280623622238636,-0.1250978708267212
4.360431300000073,-0.4841589331626892,0.4465858042240143,-0.07534678280353546,0.40746015310287476,0.2087106704711914,0.07868744432926178,0.06150698661804199,-0.34380215406417847,0.028063543140888214,-0.12509632110595703
4.3806736999999885,-0.47203654050827026,0.4507834017276764,-0.07534600794315338,0.41500112414360046,0.20871451497077942,0.078690305352211,0.06149429455399513,-0.34952613711357117,0.028057564049959183,-0.12509793043136597
4.4005417000003035,-0.4587777256965637,0.4561921954154968,-0.07533281296491623,0.4210050404071808,0.20871050655841827,0.07869035750627518,0.06149579957127571,-0.35426726937294006,0.028064949437975883,-0.1250925362110138
4.420507300000281,-0.44470372796058655,0.45906782150268555,-0.07534575462341309,0.4202849268913269,0.2087041586637497,0.07869134843349457,0.06149240955710411,-0.35509806871414185,0.02806318923830986,-0.1250981241464615
4.440417100000104,-0.43042898178100586,0.45999833941459656,-0.07535842061042786,0.4190303087234497,0.2087046355009079,0.07868266105651855,0.06148799881339073,-0.35497355461120605,0.028060033917427063,-0.12509749829769135
4.460360500000206,-0.4158758223056793,0.46095526218414307,-0.0753636583685875,0.41871076822280884,0.208685040473938,0.07868777215480804,0.06151754781603813,-0.35287004709243774,0.028050679713487625,-0.12510082125663757
4.480301500000223,-0.4017155170440674,0.46502211689949036,-0.07535875588655472,0.4185776710510254,0.20869655907154083,0.078691765666008,0.06151187792420387,-0.3512609302997589,0.0280582495033741,-0.12509438395500183
4.5003537000002325,-0.3896201550960541,0.47512027621269226,-0.07535786926746368,0.41847771406173706,0.20869019627571106,0.07867801934480667,0.06151481345295906,-0.35110995173454285,0.028058338910341263,-0.12509483098983765
4.5203458000000865,-0.3748219311237335,0.4855305254459381,-0.07535231113433838,0.41848114132881165,0.20866461098194122,0.07868126034736633,0.06152317672967911,-0.347459077835083,0.028053414076566696,-0.1250973343849182
4.540381000000252,-0.3581221103668213,0.4882603883743286,-0.0753738284111023,0.418185830116272,0.20863190293312073,0.07868684828281403,0.061504799872636795,-0.33351612091064453,0.028054842725396156,-0.1251102089881897
4.560353700000178,-0.3415401577949524,0.48850294947624207,-0.07536210119724274,0.41642770171165466,0.20864292979240417,0.07868272811174393,0.06151273846626282,-0.3185141682624817,0.028067557141184807,-0.12510469555854797
4.580603200000041,-0.3259838819503784,0.4886285662651062,-0.07538770139217377,0.4163298010826111,0.20864850282669067,0.07869383692741394,0.06150182709097862,-0.30683112144470215,0.028058025985956192,-0.1250971406698227
4.600498199999947,-0.31173175573349,0.48882144689559937,-0.07533548772335052,0.4154021143913269,0.2086552381515503,0.07865709066390991,0.06152213364839554,-0.2987237572669983,0.028064142912626266,-0.12509135901927948
4.620275700000093,-0.2974020838737488,0.48892632126808167,-0.07533878833055496,0.41215866804122925,0.20863978564739227,0.07868050038814545,0.061495497822761536,-0.28577637672424316,0.028056129813194275,-0.12510086596012115
4.640466500000002,-0.28281843662261963,0.4891985058784485,-0.07535046339035034,0.3922864496707916,0.20869894325733185,0.07865065336227417,0.061507221311330795,-0.2667226791381836,0.02806418389081955,-0.1251012086868286
4.6603948000001765,-0.26896291971206665,0.4897647202014923,-0.07533474266529083,0.36843863129615784,0.20866747200489044,0.07869166135787964,0.06151608005166054,-0.24830254912376404,0.028067417442798615,-0.1251046061515808
4.680369800000335,-0.25493669509887695,0.48999473452568054,-0.07534895837306976,0.3490447700023651,0.208644300699234,0.07870583236217499,0.06150102615356445,-0.23370443284511566,0.02807551808655262,-0.12509280443191528
4.700458400000116,-0.24018220603466034,0.49006178975105286,-0.0753309577703476,0.33534741401672363,0.20866502821445465,0.07869650423526764,0.0614885538816452,-0.21858015656471252,0.02807236649096012,-0.1250998079776764
4.7205103999999665,-0.22512678802013397,0.49011263251304626,-0.0753321647644043,0.32644301652908325,0.20868779718875885,0.07866640388965607,0.06149464100599289,-0.19907620549201965,0.028062403202056885,-0.12510311603546143
4.740481700000146,-0.21122755110263824,0.4904097318649292,-0.07531335949897766,0.31595033407211304,0.20863394439220428,0.07869962602853775,0.061434630304574966,-0.1789218783378601,0.02807481400668621,-0.12509486079216003
4.760163400000238,-0.19499291479587555,0.4912676513195038,-0.07528123259544373,0.29845917224884033,0.20863810181617737,0.07868234068155289,0.06141570582985878,-0.16178779304027557,0.028094759210944176,-0.12509621679782867
4.780504600000313,-0.17732219398021698,0.4927629232406616,-0.07531551271677017,0.274907648563385,0.20865362882614136,0.07868869602680206,0.061419613659381866,-0.14549438655376434,0.02807599864900112,-0.125098317861557
4.800536600000214,-0.1597549319267273,0.49360746145248413,-0.07526904344558716,0.25167950987815857,0.20863735675811768,0.0787065178155899,0.0614154227077961,-0.130962073802948,0.028082184493541718,-0.12509554624557495
4.820375100000092,-0.1415797472000122,0.4947005808353424,-0.07526323199272156,0.23124301433563232,0.20863813161849976,0.07869613915681839,0.06141432002186775,-0.11577824503183365,0.028077861294150352,-0.1251032054424286
4.840106800000285,-0.12281160801649094,0.4981130063533783,-0.07525825500488281,0.21439673006534576,0.20863854885101318,0.0786881297826767,0.06140522286295891,-0.10070473700761795,0.028063224628567696,-0.12509751319885254
4.860213000000385,-0.10403740406036377,0.505588948726654,-0.07525017857551575,0.20017747581005096,0.20863670110702515,0.07869812846183777,0.06140948832035065,-0.08680786192417145,0.02807849831879139,-0.1251092553138733
4.880159100000128,-0.08651381731033325,0.5076503157615662,-0.07520361244678497,0.18421827256679535,0.20863820612430573,0.0786827802658081,0.061403755098581314,-0.07316716015338898,0.028066162019968033,-0.12510666251182556
4.900382600000285,-0.06751196086406708,0.5076737403869629,-0.07518221437931061,0.16428516805171967,0.20863869786262512,0.07869142293930054,0.061412274837493896,-0.06068851798772812,0.02806066907942295,-0.12509118020534515
4.920311500000025,-0.047543272376060486,0.5077974200248718,-0.07516714930534363,0.14463864266872406,0.20863771438598633,0.07869520783424377,0.061395369470119476,-0.04956281930208206,0.028075236827135086,-0.12509667873382568
4.940619500000139,-0.027365338057279587,0.5081960558891296,-0.07510459423065186,0.1268290877342224,0.20863179862499237,0.07868702709674835,0.06141176074743271,-0.039318256080150604,0.028066687285900116,-0.12511152029037476
4.960668500000338,-0.007738825865089893,0.5084006190299988,-0.07510107755661011,0.1113538146018982,0.20863978564739227,0.07870367914438248,0.06138407066464424,-0.029413387179374695,0.028064008802175522,-0.1250998079776764
4.980121700000382,0.009941602125763893,0.5086934566497803,-0.07507902383804321,0.09825281798839569,0.20864348113536835,0.0787062868475914,0.061405278742313385,-0.018028777092695236,0.028068915009498596,-0.12509724497795105
5.000567200000205,0.02923157811164856,0.5092717409133911,-0.0750342458486557,0.08426070958375931,0.20862257480621338,0.07868940383195877,0.061394769698381424,-0.006123272702097893,0.028065526857972145,-0.12509235739707947
5.020655799999986,0.048892997205257416,0.5098475813865662,-0.07502372562885284,0.07009343802928925,0.20863598585128784,0.07868711650371552,0.061399463564157486,0.0029854499734938145,0.028067493811249733,-0.12509743869304657
5.040315300000202,0.06648998707532883,0.5105929374694824,-0.07500269263982773,0.05703416466712952,0.20864826440811157,0.07868778705596924,0.061380159109830856,0.011115781962871552,0.02807948738336563,-0.12511131167411804
5.060331700000006,0.07941446453332901,0.5165120363235474,-0.07501676678657532,0.04560723900794983,0.20863541960716248,0.07869322597980499,0.06139903515577316,0.020733768120408058,0.028071880340576172,-0.12510187923908234
5.080337200000031,0.08951390534639359,0.53228759765625,-0.0750272199511528,0.03617424517869949,0.20863750576972961,0.07869619876146317,0.06141752004623413,0.03137578070163727,0.028054649010300636,-0.12510746717453003
5.100391100000252,0.09799648821353912,0.5555508136749268,-0.07500304281711578,0.027204159647226334,0.20861190557479858,0.07868820428848267,0.061408910900354385,0.040880415588617325,0.02806609310209751,-0.1251031905412674
5.1200808000003235,0.10855551064014435,0.5830579996109009,-0.07501307129859924,0.017448272556066513,0.20860211551189423,0.07868754863739014,0.061411041766405106,0.04789217934012413,0.02806215174496174,-0.1251070499420166
5.1405493000002025,0.12395597249269485,0.5875288248062134,-0.07503270357847214,0.006718432065099478,0.20861399173736572,0.07868456840515137,0.06143457815051079,0.05227100849151611,0.02806146815419197,-0.12509682774543762
5.160217699999976,0.13554072380065918,0.5933027267456055,-0.07505503296852112,-0.0025303810834884644,0.20860810577869415,0.07870058715343475,0.06144479662179947,0.058173540979623795,0.028075003996491432,-0.12509799003601074
5.180284700000357,0.1456950306892395,0.5996559858322144,-0.07509082555770874,-0.009720724076032639,0.20856311917304993,0.07869184017181396,0.061526451259851456,0.06386864185333252,0.02807379513978958,-0.12509316205978394
5.200335100000302,0.1579844355583191,0.6006967425346375,-0.07514868676662445,-0.013556305319070816,0.20857994258403778,0.07869480550289154,0.06153236702084541,0.0690135732293129,0.028074398636817932,-0.12510651350021362
5.22034020000001,0.1669985055923462,0.6010558605194092,-0.07517796754837036,-0.013815443962812424,0.2085617482662201,0.07869915664196014,0.061551593244075775,0.07306592166423798,0.02806032821536064,-0.12509241700172424
5.2403957000001355,0.1764993816614151,0.6014449000358582,-0.07525591552257538,-0.014042681083083153,0.20854294300079346,0.07868953049182892,0.061556022614240646,0.07253185659646988,0.028057143092155457,-0.12509626150131226
5.260521900000185,0.18291355669498444,0.6026153564453125,-0.07530879229307175,-0.014098112471401691,0.20854799449443817,0.07868729531764984,0.0615636482834816,0.07248637080192566,0.028059231117367744,-0.12510710954666138
5.280097400000159,0.19793039560317993,0.6058129072189331,-0.0754556655883789,-0.014069617725908756,0.2085515260696411,0.07870345562696457,0.06158824637532234,0.07237821072340012,0.028056925162672997,-0.12510275840759277
5.300327599999946,0.21202480792999268,0.6148759722709656,-0.07583963125944138,-0.013954092748463154,0.2085401564836502,0.07868911325931549,0.06155457720160484,0.07199686765670776,0.02805851586163044,-0.12509509921073914
5.320572900000116,0.22578291594982147,0.6277569532394409,-0.07671897113323212,-0.013888156972825527,0.20855483412742615,0.07868769764900208,0.061572182923555374,0.07180871069431305,0.028056586161255836,-0.1251053512096405
5.340348400000039,0.24141380190849304,0.6437088847160339,-0.07841330766677856,-0.01383786927908659,0.20856457948684692,0.07870262861251831,0.06158331036567688,0.0715755969285965,0.02805844508111477,-0.12510548532009125
5.360251400000379,0.26021578907966614,0.6523711681365967,-0.08115498721599579,-0.013832303695380688,0.20856139063835144,0.07870132476091385,0.061614442616701126,0.07138240337371826,0.0280607882887125,-0.12509816884994507
5.380435500000203,0.2805659770965576,0.6595138311386108,-0.08364659547805786,-0.013795875012874603,0.20856256783008575,0.07868661731481552,0.06162208318710327,0.07073633372783661,0.028089139610528946,-0.12509091198444366
5.400286300000062,0.2965676784515381,0.6670247316360474,-0.08695550262928009,-0.013590384274721146,0.20856758952140808,0.07868756353855133,0.06162133067846298,0.06771112978458405,0.028070097789168358,-0.12509921193122864
5.420214900000246,0.30828094482421875,0.6717142462730408,-0.0891437828540802,-0.013591716066002846,0.20857663452625275,0.07869114726781845,0.06163590028882027,0.060756877064704895,0.028094707056879997,-0.12509304285049438
5.440353700000287,0.3198238015174866,0.6803876161575317,-0.08914104104042053,-0.013401059433817863,0.20856598019599915,0.0786866545677185,0.06164970621466637,0.05394316464662552,0.028113536536693573,-0.12510383129119873
5.4602019000003565,0.33349519968032837,0.6891080737113953,-0.08914303779602051,-0.012607022188603878,0.20856089890003204,0.07870301604270935,0.061645861715078354,0.047802943736314774,0.028091680258512497,-0.12509140372276306
5.48009090000005,0.3478013575077057,0.7022019624710083,-0.08914814889431,-0.005697884596884251,0.2085552215576172,0.07869239896535873,0.06164037808775902,0.03817874193191528,0.028082335367798805,-0.1250995695590973
5.500390900000184,0.3639122247695923,0.713243842124939,-0.0891365110874176,0.008875876665115356,0.20856156945228577,0.0786900669336319,0.06165303289890289,0.025137443095445633,0.028083302080631256,-0.12509724497795105
5.520358000000215,0.37763020396232605,0.7214852571487427,-0.08913975954055786,0.02813122794032097,0.20856057107448578,0.07869890332221985,0.06165974214673042,0.009792791679501534,0.02806706540286541,-0.12510108947753906
5.540332100000342,0.39139705896377563,0.7235314249992371,-0.08914299309253693,0.05086701363325119,0.20857873558998108,0.07869581133127213,0.06164316087961197,-0.0074758343398571014,0.02805744856595993,-0.12509369850158691
5.560346400000071,0.4030822813510895,0.7329230308532715,-0.0891517847776413,0.07643266022205353,0.2085602879524231,0.07870201766490936,0.06164194643497467,-0.02506612427532673,0.028062790632247925,-0.12509043514728546
5.580319000000145,0.4161631762981415,0.7394934296607971,-0.08914484083652496,0.10124889761209488,0.2085803896188736,0.07870839536190033,0.06164196878671646,-0.04206430912017822,0.02805023267865181,-0.12508314847946167
5.6003036000001885,0.42965444922447205,0.7423306703567505,-0.08920475840568542,0.12207754701375961,0.20858214795589447,0.07869064807891846,0.061655908823013306,-0.058204684406518936,0.028056932613253593,-0.12509563565254211
5.620087799999965,0.4407423436641693,0.7531518340110779,-0.0891479104757309,0.13763737678527832,0.2086334526538849,0.07868699729442596,0.061650071293115616,-0.0749356672167778,0.028060052543878555,-0.12508857250213623
5.640184500000032,0.4539071321487427,0.7631953954696655,-0.08914235234260559,0.15130256116390228,0.2086138129234314,0.07869626581668854,0.0616450235247612,-0.09151337295770645,0.02805429697036743,-0.12508966028690338
5.660282400000142,0.4652861952781677,0.7750403881072998,-0.08914664387702942,0.16612952947616577,0.20862720906734467,0.07869169116020203,0.06163977459073067,-0.10640133917331696,0.028059961274266243,-0.12508288025856018
5.680076500000268,0.47631049156188965,0.7866747975349426,-0.08914671838283539,0.18330857157707214,0.20863527059555054,0.07871425151824951,0.0616430826485157,-0.12017200142145157,0.028049759566783905,-0.125083327293396
5.7001202999999805,0.48873192071914673,0.7985261082649231,-0.08912990987300873,0.20269452035427094,0.2086430937051773,0.07869701087474823,0.061642687767744064,-0.13474774360656738,0.028057368472218513,-0.1250804215669632
5.720322399999986,0.49693533778190613,0.808675229549408,-0.08909282088279724,0.22225022315979004,0.20863978564739227,0.07868766784667969,0.06164109334349632,-0.14874504506587982,0.02805841714143753,-0.12508465349674225
5.74032729999999,0.5101147890090942,0.8153474926948547,-0.08907181769609451,0.2398839145898819,0.20863410830497742,0.07868348062038422,0.06163172796368599,-0.16265204548835754,0.028053946793079376,-0.1250777393579483
5.760285700000168,0.5198383331298828,0.8220342993736267,-0.08904576301574707,0.2552987337112427,0.20866167545318604,0.07869136333465576,0.061621539294719696,-0.17658507823944092,0.02805539034307003,-0.125090092420578
5.780297499999961,0.5290442705154419,0.8268994688987732,-0.089054174721241,0.269636332988739,0.20865501463413239,0.07868874073028564,0.06161756440997124,-0.18959872424602509,0.02806326374411583,-0.12508568167686462
5.800495299999966,0.5380712747573853,0.8343510627746582,-0.0890507772564888,0.28423839807510376,0.20863083004951477,0.07868761569261551,0.061637308448553085,-0.20058490335941315,0.028055360540747643,-0.12507736682891846
5.820339800000056,0.5449987053871155,0.8415286540985107,-0.08903539925813675,0.29935699701309204,0.20863260328769684,0.07868669182062149,0.06163409352302551,-0.21026985347270966,0.028061408549547195,-0.12507790327072144
5.840117300000202,0.5522870421409607,0.8494706749916077,-0.08905108273029327,0.3139045238494873,0.20863983035087585,0.0786793977022171,0.06161544844508171,-0.22110819816589355,0.02805488370358944,-0.1250920295715332
5.860509300000103,0.5598424673080444,0.8596413135528564,-0.08903071284294128,0.3269692659378052,0.20864231884479523,0.07868742942810059,0.06161954253911972,-0.2346429079771042,0.028056474402546883,-0.12508638203144073
5.880173000000013,0.563927948474884,0.8700596690177917,-0.08902843296527863,0.33765697479248047,0.20866625010967255,0.07869318127632141,0.06162078678607941,-0.24715319275856018,0.02805611677467823,-0.12508702278137207
5.900247200000194,0.5652241706848145,0.8801656365394592,-0.08898439258337021,0.3476475477218628,0.20867133140563965,0.07869376242160797,0.06162264943122864,-0.2594267427921295,0.028066245838999748,-0.1250910609960556
5.920302600000014,0.5730649828910828,0.8908975720405579,-0.088986836373806,0.35753965377807617,0.20865046977996826,0.07869420945644379,0.06163155660033226,-0.2701660692691803,0.02805434726178646,-0.12509113550186157
5.940325700000358,0.5799247622489929,0.8952035307884216,-0.08898515999317169,0.3676984906196594,0.2086402326822281,0.07866472750902176,0.06162772327661514,-0.2790842056274414,0.028059326112270355,-0.12508639693260193
5.960179100000005,0.5873062014579773,0.8959019780158997,-0.08899178355932236,0.37745511531829834,0.2086952030658722,0.07868196815252304,0.06164546683430672,-0.28849130868911743,0.028060464188456535,-0.1250852644443512
5.980314300000373,0.592004656791687,0.8985046744346619,-0.08898831158876419,0.38566914200782776,0.20865213871002197,0.07869134843349457,0.06164495646953583,-0.2977956533432007,0.0280446857213974,-0.12508755922317505
6.000460900000235,0.5986210107803345,0.9067543745040894,-0.08898669481277466,0.3902517855167389,0.20868061482906342,0.07868155837059021,0.06163116171956062,-0.3046231269836426,0.028051383793354034,-0.12509480118751526
6.0202901000002385,0.6089694499969482,0.9136947393417358,-0.08898874372243881,0.3948787450790405,0.20868544280529022,0.07868921011686325,0.061640433967113495,-0.31044936180114746,0.02805648185312748,-0.12509331107139587
6.04043320000028,0.615159273147583,0.9158191680908203,-0.08898965269327164,0.39332303404808044,0.2086888551712036,0.07868660241365433,0.06162722408771515,-0.31694889068603516,0.028057517483830452,-0.12509405612945557
6.060466800000086,0.6214536428451538,0.9176753163337708,-0.08899004757404327,0.39301154017448425,0.20866402983665466,0.07868930697441101,0.061625149101018906,-0.3221094608306885,0.028056815266609192,-0.12508878111839294
6.080289300000004,0.6248142719268799,0.924841582775116,-0.08898873627185822,0.3928597867488861,0.20870669186115265,0.07869569212198257,0.06161581724882126,-0.3223559260368347,0.028055725619196892,-0.12509915232658386
6.100192100000186,0.6268098950386047,0.9315387010574341,-0.08898894488811493,0.3928126394748688,0.20870837569236755,0.07869888097047806,0.06161262467503548,-0.3222340941429138,0.02805906906723976,-0.1250898241996765
6.120303200000308,0.6275888085365295,0.934578537940979,-0.08898165076971054,0.3927348852157593,0.20867879688739777,0.07868905365467072,0.06162407249212265,-0.32153791189193726,0.02805400639772415,-0.1250869631767273
6.140353799999957,0.6303519010543823,0.9421749711036682,-0.08898474276065826,0.39274531602859497,0.20867948234081268,0.07868402451276779,0.0616159588098526,-0.32015740871429443,0.028058359399437904,-0.12509405612945557
6.160439300000235,0.631513237953186,0.9549392461776733,-0.08893322944641113,0.3925636410713196,0.20865853130817413,0.0786755383014679,0.061611805111169815,-0.3200867772102356,0.028058834373950958,-0.12510165572166443
6.180096500000218,0.6323922872543335,0.9678932428359985,-0.08877470344305038,0.39253854751586914,0.2086603045463562,0.07868015766143799,0.0616079643368721,-0.3191496431827545,0.028059097006917,-0.12508615851402283
6.200161800000387,0.63581383228302,0.9784548282623291,-0.0887567549943924,0.3924824297428131,0.20871111750602722,0.07869765162467957,0.06159799173474312,-0.31289154291152954,0.028036028146743774,-0.12508970499038696
6.220468299999993,0.6376264095306396,0.9853164553642273,-0.08875223994255066,0.39062389731407166,0.2086615264415741,0.07865379750728607,0.06159753352403641,-0.3031875193119049,0.028060568496584892,-0.12509796023368835
6.240347000000384,0.6411615610122681,0.9911209344863892,-0.08854664117097855,0.3786419928073883,0.20869942009449005,0.0786890909075737,0.06159106642007828,-0.29575562477111816,0.02806062437593937,-0.12509658932685852
6.260189600000103,0.6410331726074219,0.9932043552398682,-0.08852870762348175,0.3589974045753479,0.20869673788547516,0.07869052141904831,0.061614248901605606,-0.28787970542907715,0.028056595474481583,-0.1250898689031601
6.280631900000117,0.6409872770309448,0.9931996464729309,-0.08852684497833252,0.34079575538635254,0.20864106714725494,0.07869654148817062,0.06160898134112358,-0.27743491530418396,0.02806391566991806,-0.12509611248970032
6.30055960000027,0.6409162282943726,0.9933090209960938,-0.08850960433483124,0.3259793519973755,0.20867463946342468,0.07869294285774231,0.06160876527428627,-0.2666615843772888,0.02805504761636257,-0.12509304285049438
6.320076299999982,0.6409688591957092,0.9936394691467285,-0.08850294351577759,0.3147199749946594,0.20866116881370544,0.07869209349155426,0.06159691885113716,-0.25450068712234497,0.02805766649544239,-0.12509554624557495
6.340298000000075,0.6410235166549683,0.9937179088592529,-0.08844486624002457,0.30458879470825195,0.2086859792470932,0.07868354022502899,0.061613332480192184,-0.23991335928440094,0.02806045114994049,-0.1250891536474228
6.360410499999944,0.640985369682312,0.9937095046043396,-0.08826572448015213,0.2913191318511963,0.20866605639457703,0.07868701219558716,0.06161370873451233,-0.2269105464220047,0.028060832992196083,-0.1250976026058197
6.3802950000003875,0.6409929394721985,0.9937176704406738,-0.08811292797327042,0.27368202805519104,0.2086522877216339,0.07869590073823929,0.06159193441271782,-0.21070726215839386,0.028072522953152657,-0.12509934604167938
6.4002945000002,0.6409578323364258,0.9940446019172668,-0.08803282678127289,0.25491195917129517,0.2086486965417862,0.078696608543396,0.061596695333719254,-0.19437316060066223,0.0280801709741354,-0.12509320676326752
6.420312300000205,0.6410015821456909,0.994554340839386,-0.08791054040193558,0.2371782511472702,0.2086532562971115,0.078694649040699,0.06157688796520233,-0.1780913770198822,0.02806808613240719,-0.1250954121351242
6.44033490000038,0.6410394310951233,0.9948087334632874,-0.08766350150108337,0.22112241387367249,0.2086576223373413,0.07869573682546616,0.06156688928604126,-0.1631312072277069,0.028064139187335968,-0.12509188055992126
6.460407200000191,0.6409766674041748,0.9948775172233582,-0.08745330572128296,0.20775991678237915,0.20864079892635345,0.07869245857000351,0.06150955334305763,-0.14835503697395325,0.0280661229044199,-0.12509748339653015
6.480294100000265,0.640926718711853,0.9949273467063904,-0.0869506224989891,0.194854736328125,0.2086365520954132,0.07868943363428116,0.061509180814027786,-0.1341513991355896,0.028057115152478218,-0.12509223818778992
6.500557400000162,0.6409025192260742,0.9949706196784973,-0.08589896559715271,0.17969843745231628,0.20863454043865204,0.0786888599395752,0.06147826835513115,-0.11963855475187302,0.02806089259684086,-0.12510046362876892
6.520328999999947,0.6409335136413574,0.9949570894241333,-0.08482491225004196,0.1645466685295105,0.2086300551891327,0.07868999242782593,0.06149860471487045,-0.10453733056783676,0.02805166319012642,-0.1250985562801361
6.540278400000261,0.6408630013465881,0.9950239062309265,-0.0840873122215271,0.15007789433002472,0.20864322781562805,0.07869428396224976,0.06149239093065262,-0.09065333008766174,0.02806779369711876,-0.12509407103061676
6.5602600000001985,0.6408448219299316,0.9950850605964661,-0.08391618728637695,0.13692791759967804,0.20864328742027283,0.07868987321853638,0.06147944927215576,-0.07718761265277863,0.028059788048267365,-0.12510889768600464
6.580241600000136,0.6409024000167847,0.9951120018959045,-0.08390633761882782,0.12488683313131332,0.20864373445510864,0.07868438959121704,0.0614825002849102,-0.06481073796749115,0.02805962786078453,-0.12509393692016602
6.600331900000128,0.640905499458313,0.995230495929718,-0.08389437198638916,0.11247622221708298,0.20864982903003693,0.07868912816047668,0.061480406671762466,-0.0530393160879612,0.028080767020583153,-0.12509089708328247
6.620112999999947,0.6408583521842957,0.995233416557312,-0.0838530957698822,0.09920170903205872,0.20863842964172363,0.07869294285774231,0.06148677319288254,-0.04271721467375755,0.028064806014299393,-0.12510013580322266
6.64016810000021,0.6408529877662659,0.9953312873840332,-0.08384904265403748,0.08570985496044159,0.20862697064876556,0.07868753373622894,0.061475541442632675,-0.03434000164270401,0.02805657684803009,-0.12509898841381073
6.660232200000337,0.6408369541168213,0.9954487085342407,-0.08386160433292389,0.07383119314908981,0.2086428999900818,0.0786978006362915,0.06145830079913139,-0.02518945001065731,0.028076566755771637,-0.12509676814079285
6.6801752000001215,0.6408454179763794,0.99578857421875,-0.0838598757982254,0.06373554468154907,0.20863519608974457,0.07868856191635132,0.061476461589336395,-0.014353395439684391,0.02806270308792591,-0.12509861588478088
6.700273599999946,0.6408308744430542,0.9961560368537903,-0.08385106921195984,0.054360706359148026,0.20862656831741333,0.07869633287191391,0.06149570643901825,-0.005510404706001282,0.02805897407233715,-0.1250956803560257
6.720270199999959,0.6408520936965942,0.9961767196655273,-0.08387012779712677,0.04489940404891968,0.20863203704357147,0.07869604229927063,0.06147323548793793,0.0006940719322301447,0.028057564049959183,-0.12509572505950928
6.740373699999964,0.6408230066299438,0.9961970448493958,-0.08385825902223587,0.035297542810440063,0.20862814784049988,0.07869969308376312,0.061472807079553604,0.007076631765812635,0.028063274919986725,-0.12509167194366455
6.760251600000174,0.6408144235610962,0.9961995482444763,-0.08385546505451202,0.025413475930690765,0.20858275890350342,0.07868687808513641,0.06148523837327957,0.0141877057030797,0.02807224914431572,-0.1250884234905243
6.780064100000345,0.6408020853996277,0.9961416721343994,-0.08385726809501648,0.016606641933321953,0.20857161283493042,0.07869438081979752,0.06148456409573555,0.02117808163166046,0.02806020714342594,-0.12509366869926453
6.800471700000344,0.6408646106719971,0.9961090683937073,-0.08386236429214478,0.009863300248980522,0.20858152210712433,0.07868820428848267,0.06155358999967575,0.026710864156484604,0.02805257961153984,-0.12509283423423767
6.820339700000204,0.6407936215400696,0.9960967898368835,-0.08391289412975311,0.004277146887034178,0.20858754217624664,0.07869632542133331,0.06161843240261078,0.02817355841398239,0.02807251177728176,-0.1250932514667511
6.8402499000003445,0.6407784223556519,0.9960488677024841,-0.08391539752483368,-0.0006031497614458203,0.20857465267181396,0.07869579643011093,0.0616326779127121,0.033700790256261826,0.02807132713496685,-0.12509596347808838
6.860265000000254,0.6407678127288818,0.9960869550704956,-0.08393064141273499,-0.004894375801086426,0.20858658850193024,0.07868927717208862,0.0616268590092659,0.03682410344481468,0.02805831842124462,-0.1250932812690735
6.880300700000134,0.6407638788223267,0.9960910081863403,-0.08392469584941864,-0.010340990498661995,0.2085856944322586,0.07869738340377808,0.06161494553089142,0.041518859565258026,0.028071431443095207,-0.125094473361969
6.900047800000266,0.6406328678131104,0.9960432648658752,-0.0839269608259201,-0.01487626601010561,0.20856280624866486,0.07869251072406769,0.06162898987531662,0.041004933416843414,0.028067532926797867,-0.12509456276893616
6.920284199999969,0.640420138835907,0.9959408640861511,-0.08393503725528717,-0.01722676306962967,0.20857195556163788,0.07869645953178406,0.06161567196249962,0.04113180190324783,0.028064850717782974,-0.12509772181510925
6.940322200000082,0.6403766870498657,0.99586421251297,-0.08393355458974838,-0.016760053113102913,0.2085653692483902,0.07868708670139313,0.061633944511413574,0.04109276831150055,0.02805890142917633,-0.1250855028629303
6.960362499999974,0.6403056383132935,0.9957824349403381,-0.08393780887126923,-0.01674332097172737,0.20855779945850372,0.07869724929332733,0.0616331622004509,0.04084981232881546,0.028064651414752007,-0.12509307265281677
6.980112500000359,0.640061616897583,0.9957472085952759,-0.08392693102359772,-0.016776975244283676,0.2085614949464798,0.07870025187730789,0.06164273992180824,0.04013689234852791,0.02806052938103676,-0.12509123980998993
7.000231600000006,0.6400596499443054,0.9956268668174744,-0.08393964171409607,-0.016743628308176994,0.20855838060379028,0.07868635654449463,0.06163344904780388,0.03970713913440704,0.028056057170033455,-0.12509624660015106
7.020300900000166,0.639977753162384,0.9955922365188599,-0.08394059538841248,-0.016712108626961708,0.2085588574409485,0.07870763540267944,0.061641618609428406,0.038722723722457886,0.02805561199784279,-0.12509870529174805
7.040287400000125,0.6398227214813232,0.9954169988632202,-0.08392829447984695,-0.016482364386320114,0.20855273306369781,0.07869207859039307,0.06163758784532547,0.03872809559106827,0.028066443279385567,-0.12510046362876892
7.06019120000019,0.6350659132003784,0.9952871203422546,-0.0839373767375946,-0.016514349728822708,0.20855504274368286,0.07870273292064667,0.06164400279521942,0.0385875329375267,0.02806323580443859,-0.125092014670372
7.08018600000014,0.6195714473724365,0.9943175315856934,-0.08393272757530212,-0.01641683094203472,0.2085592895746231,0.07868806272745132,0.06164829805493355,0.03837057203054428,0.028072452172636986,-0.12509821355342865
7.100250200000119,0.6074331998825073,0.9937822818756104,-0.0840020403265953,-0.01602715067565441,0.2085607498884201,0.07871042937040329,0.06164725497364998,0.03657596558332443,0.02806856296956539,-0.12509191036224365
7.120546000000104,0.5932782292366028,0.9936975240707397,-0.08403721451759338,-0.01483696699142456,0.20854860544204712,0.07869260013103485,0.06165272369980812,0.03120400197803974,0.028082342818379402,-0.12509629130363464
7.140260200000284,0.5796207189559937,0.9933748245239258,-0.0841793343424797,-0.00653262110427022,0.20856063067913055,0.07870156317949295,0.061666082590818405,0.02346179261803627,0.028098255395889282,-0.12508514523506165
7.160264900000129,0.567284107208252,0.9926364421844482,-0.08419239521026611,0.008721218444406986,0.20855571329593658,0.07871665060520172,0.06165286526083946,0.018431711941957474,0.02807137928903103,-0.12510180473327637
7.180359500000122,0.5561591386795044,0.9920699596405029,-0.08430507779121399,0.028173033148050308,0.20855410397052765,0.07870711386203766,0.061651505529880524,0.013136683031916618,0.028072334825992584,-0.12509754300117493
7.200268300000062,0.5455523133277893,0.9911627173423767,-0.08431901782751083,0.04827948287129402,0.20855404436588287,0.07869137823581696,0.06165393441915512,0.006612993311136961,0.028071876615285873,-0.12510152161121368
7.22045879999996,0.5324113368988037,0.9893553256988525,-0.0843927338719368,0.06847774982452393,0.2085491418838501,0.07869032770395279,0.06165975332260132,-0.004644529893994331,0.028093399479985237,-0.12510424852371216
7.240416000000096,0.5185185670852661,0.98637455701828,-0.0845983475446701,0.08561322838068008,0.20856314897537231,0.07870523631572723,0.061677876859903336,-0.018377505242824554,0.028077106922864914,-0.1250946819782257
7.260201999999936,0.5069711208343506,0.9810130596160889,-0.08492255210876465,0.09941378980875015,0.20856109261512756,0.07868874073028564,0.06166324391961098,-0.03355377912521362,0.02806277759373188,-0.12510189414024353
7.2802858000000015,0.4969606399536133,0.9729360342025757,-0.08531579375267029,0.11326326429843903,0.2085765302181244,0.07869644463062286,0.06167290359735489,-0.0483773872256279,0.028063436970114708,-0.12511062622070312
7.300308900000346,0.48723340034484863,0.9646243453025818,-0.085839182138443,0.12843865156173706,0.2085738480091095,0.07870519161224365,0.061667364090681076,-0.06305111944675446,0.028062693774700165,-0.12509390711784363
7.3204602000000705,0.47858425974845886,0.9585676789283752,-0.08630403131246567,0.14583036303520203,0.20857687294483185,0.07869823276996613,0.061664119362831116,-0.07835900783538818,0.02805059216916561,-0.1251067966222763
7.3404036000001724,0.4677595794200897,0.9572131633758545,-0.08651179075241089,0.16422352194786072,0.20858964323997498,0.07869219034910202,0.0616588369011879,-0.09257802367210388,0.02805681899189949,-0.12511131167411804
7.3604668000002675,0.46049386262893677,0.9540421962738037,-0.08660241961479187,0.18170323967933655,0.2085745930671692,0.0786999762058258,0.06165838614106178,-0.10569313168525696,0.028060680255293846,-0.1251005232334137
7.380507200000011,0.4541773796081543,0.939998984336853,-0.086689293384552,0.19662460684776306,0.20856764912605286,0.07869114726781845,0.061653122305870056,-0.11726685613393784,0.028058942407369614,-0.12510152161121368
7.400489500000276,0.4444921314716339,0.9209653735160828,-0.08670755475759506,0.2092246264219284,0.20861516892910004,0.07869071513414383,0.06164862960577011,-0.1295071244239807,0.028059588745236397,-0.12509620189666748
7.420568000000003,0.4362678527832031,0.9074376225471497,-0.08672630786895752,0.2207944691181183,0.2086109220981598,0.078692726790905,0.06166398897767067,-0.14140377938747406,0.02806781977415085,-0.12510108947753906
7.4404804000000695,0.4260386526584625,0.9011636972427368,-0.08669725060462952,0.23295587301254272,0.20857490599155426,0.07870212197303772,0.06167107820510864,-0.1517246663570404,0.028055744245648384,-0.1250927746295929
7.460117600000103,0.4192659258842468,0.8930767178535461,-0.0866997241973877,0.24596939980983734,0.20859427750110626,0.07869024574756622,0.061663828790187836,-0.16251429915428162,0.02806043066084385,-0.12509876489639282
7.480163200000334,0.40862035751342773,0.8827242255210876,-0.08669319748878479,0.25938838720321655,0.2085806131362915,0.0786878913640976,0.061672188341617584,-0.1740562617778778,0.028061240911483765,-0.12509436905384064
7.500182799999948,0.39867785573005676,0.8736467957496643,-0.08669447898864746,0.27266353368759155,0.20858122408390045,0.0786895900964737,0.06165999546647072,-0.18546785414218903,0.028063524514436722,-0.1250879466533661
7.52017190000015,0.38666030764579773,0.8656492233276367,-0.08669514954090118,0.2848161458969116,0.20863130688667297,0.0787012130022049,0.061656441539525986,-0.195922389626503,0.02806314080953598,-0.12508514523506165
7.5402116000000206,0.37466326355934143,0.8616513609886169,-0.08669288456439972,0.29624563455581665,0.20863275229930878,0.07868261635303497,0.06166950240731239,-0.20510783791542053,0.02806602418422699,-0.12509673833847046
7.5604050000001735,0.36076411604881287,0.8517197370529175,-0.08669091761112213,0.30752062797546387,0.2086227685213089,0.07868781685829163,0.06166381388902664,-0.2142350971698761,0.028055550530552864,-0.12508389353752136
7.580102800000077,0.3484109044075012,0.8482548594474792,-0.0866912305355072,0.3184471130371094,0.20863597095012665,0.07868875563144684,0.061665695160627365,-0.22533878684043884,0.02806100994348526,-0.12508773803710938
7.600462200000038,0.33836662769317627,0.8445621728897095,-0.08669258654117584,0.3301019072532654,0.20864327251911163,0.07868470996618271,0.06166361644864082,-0.238229900598526,0.02805846370756626,-0.12507817149162292
7.620268699999997,0.32557034492492676,0.8379055261611938,-0.08669036626815796,0.3418543040752411,0.2086637169122696,0.07868210971355438,0.06167929247021675,-0.24814049899578094,0.02805650234222412,-0.125076025724411
7.640266600000359,0.31539976596832275,0.8283315300941467,-0.08669347316026688,0.353564977645874,0.20864349603652954,0.0786801129579544,0.061688926070928574,-0.2571414113044739,0.028054727241396904,-0.1250859498977661
7.660293400000228,0.30410265922546387,0.8149365782737732,-0.08668924868106842,0.36548614501953125,0.20864662528038025,0.07868671417236328,0.06166506186127663,-0.2659732699394226,0.02805504761636257,-0.12509021162986755
7.680418700000246,0.2920553684234619,0.7984395027160645,-0.08669188618659973,0.37679168581962585,0.20869304239749908,0.07868582010269165,0.06168821081519127,-0.27447694540023804,0.028055498376488686,-0.1250821202993393
7.700268300000062,0.28139442205429077,0.7838359475135803,-0.0866921916604042,0.3869493305683136,0.2086983323097229,0.07867354154586792,0.061671867966651917,-0.2828252613544464,0.028076397255063057,-0.12509362399578094
7.720148600000357,0.2690001130104065,0.7737163305282593,-0.0866963118314743,0.39606866240501404,0.2086704820394516,0.07868079841136932,0.061678141355514526,-0.29155951738357544,0.0280603114515543,-0.12508925795555115
7.7402790999999525,0.25669044256210327,0.7657883763313293,-0.08668974041938782,0.4044974148273468,0.2087126523256302,0.07868976891040802,0.06167520955204964,-0.2966993451118469,0.02805117517709732,-0.12509223818778992
7.760418200000004,0.24178838729858398,0.7658055424690247,-0.08669589459896088,0.4118761718273163,0.20871247351169586,0.078678198158741,0.061669863760471344,-0.2997415065765381,0.028058413416147232,-0.12508948147296906
7.780288299999938,0.22695082426071167,0.7656423449516296,-0.08670368790626526,0.41508400440216064,0.20871160924434662,0.07868483662605286,0.06166622042655945,-0.2994833290576935,0.028061242774128914,-0.12508338689804077
7.8003161999999975,0.2129250317811966,0.7653008103370667,-0.08673485368490219,0.4196421205997467,0.2087009847164154,0.07869626581668854,0.06166277080774307,-0.29947471618652344,0.028063397854566574,-0.1250886768102646
7.820478800000274,0.19867189228534698,0.763988733291626,-0.08679221570491791,0.41770100593566895,0.20871178805828094,0.07868722081184387,0.06165511906147003,-0.29915061593055725,0.028056522831320763,-0.12509483098983765
7.840293400000064,0.18285250663757324,0.761192262172699,-0.08687393367290497,0.418409138917923,0.20871320366859436,0.07868106663227081,0.06166745349764824,-0.2987450957298279,0.028056256473064423,-0.125084787607193
7.860224100000323,0.16936177015304565,0.7491717338562012,-0.08687926828861237,0.4182002544403076,0.20870760083198547,0.07868143916130066,0.06165787950158119,-0.2979438304901123,0.02805379405617714,-0.12509013712406158
7.880215600000156,0.1604246199131012,0.7332311868667603,-0.08688556402921677,0.4181779623031616,0.20869658887386322,0.07868877053260803,0.06166277825832367,-0.2938985824584961,0.02805500105023384,-0.12509681284427643
7.900235800000246,0.1487920582294464,0.7110360264778137,-0.08687537908554077,0.4181171953678131,0.2087085247039795,0.07869697362184525,0.06166384369134903,-0.2838486135005951,0.02805365063250065,-0.12508755922317505
7.920196200000191,0.13944727182388306,0.6904916763305664,-0.0868440568447113,0.4168437123298645,0.20869122445583344,0.07868679612874985,0.06165098026394844,-0.2727050185203552,0.028029803186655045,-0.1250981092453003
7.9402218000000175,0.12897348403930664,0.6749712228775024,-0.08684176951646805,0.4164663553237915,0.2087099850177765,0.07869800925254822,0.06163990870118141,-0.26613351702690125,0.028038181364536285,-0.12508612871170044
7.960274400000344,0.11630779504776001,0.659796416759491,-0.08687359094619751,0.415696382522583,0.20871056616306305,0.07869890332221985,0.061646830290555954,-0.25928187370300293,0.028049347922205925,-0.12509703636169434
7.980292400000053,0.10846320539712906,0.6443553566932678,-0.08680859953165054,0.4145549535751343,0.20871827006340027,0.07868257164955139,0.06164708361029625,-0.24698801338672638,0.028048906475305557,-0.12509264051914215
8.000359300000127,0.0977260172367096,0.6313934326171875,-0.08679616451263428,0.39995846152305603,0.20871518552303314,0.07865200936794281,0.06164909154176712,-0.2339514195919037,0.02805771678686142,-0.12509110569953918
8.020379200000207,0.08872600644826889,0.6219832301139832,-0.08679665625095367,0.37484532594680786,0.20871034264564514,0.07867395877838135,0.061634358018636703,-0.22133132815361023,0.02805369161069393,-0.1250937581062317
8.040268000000196,0.07609663903713226,0.61529940366745,-0.08676842600107193,0.35226261615753174,0.20869238674640656,0.07869966328144073,0.061641741544008255,-0.20735828578472137,0.028043648228049278,-0.12508833408355713
8.060306100000162,0.06524503231048584,0.6078495383262634,-0.08677206933498383,0.3349512219429016,0.20869573950767517,0.0786975622177124,0.061626143753528595,-0.19493936002254486,0.028050793334841728,-0.12509140372276306
8.080372400000215,0.05536524951457977,0.6038534045219421,-0.0867624282836914,0.3232525587081909,0.20871199667453766,0.07869212329387665,0.06164764612913132,-0.18176543712615967,0.028062565252184868,-0.12509837746620178
8.100287500000377,0.04643797501921654,0.59276282787323,-0.08672048151493073,0.31345927715301514,0.2086581289768219,0.07868683338165283,0.061626460403203964,-0.1680714339017868,0.028053006157279015,-0.1250961422920227
8.120272500000283,0.037374041974544525,0.578438937664032,-0.08662179112434387,0.29861897230148315,0.2086630016565323,0.07868309319019318,0.06164683401584625,-0.15572017431259155,0.028050988912582397,-0.12509778141975403
8.140485600000375,0.02755756862461567,0.5569132566452026,-0.08662261068820953,0.2768971920013428,0.20866870880126953,0.07867677509784698,0.061643701046705246,-0.14238345623016357,0.028057873249053955,-0.12509576976299286
8.16011860000026,0.018672915175557137,0.5398305058479309,-0.08660485595464706,0.25464460253715515,0.2086731195449829,0.07869809865951538,0.061611518263816833,-0.13190670311450958,0.028048820793628693,-0.12510031461715698
8.180398800000148,0.00644264230504632,0.538123607635498,-0.08648668229579926,0.23348070681095123,0.20866718888282776,0.07868368923664093,0.0615510568022728,-0.12059164047241211,0.028056085109710693,-0.12509483098983765
8.200111000000106,-0.00593129126355052,0.5372401475906372,-0.08644729852676392,0.215365931391716,0.20864883065223694,0.07868199795484543,0.06153436377644539,-0.10811539739370346,0.02805105410516262,-0.1250881403684616
8.220414000000346,-0.015356756746768951,0.534862756729126,-0.08639377355575562,0.20048671960830688,0.2086864560842514,0.07868564128875732,0.06150571256875992,-0.09744188189506531,0.028056560084223747,-0.12509199976921082
8.24037380000027,-0.02299364283680916,0.5250061750411987,-0.08622734993696213,0.18612754344940186,0.20863991975784302,0.07868362218141556,0.06151198968291283,-0.08718453347682953,0.028067084029316902,-0.12509563565254211
8.260177399999975,-0.024511829018592834,0.5011131763458252,-0.08602727204561234,0.16907718777656555,0.20864419639110565,0.07868122309446335,0.06150747090578079,-0.07634647190570831,0.028055710718035698,-0.12509667873382568
8.280239900000197,-0.025720542296767235,0.4797714352607727,-0.08594360947608948,0.14989133179187775,0.20865845680236816,0.07870285212993622,0.06150207296013832,-0.06670539081096649,0.028056034818291664,-0.1250934898853302
8.300254700000096,-0.030938711017370224,0.47385647892951965,-0.08592655509710312,0.13174840807914734,0.20864337682724,0.07868772745132446,0.061495617032051086,-0.058259252458810806,0.02805097959935665,-0.12509828805923462
8.320366899999954,-0.03547361493110657,0.4656263291835785,-0.08591599762439728,0.1152147427201271,0.20866759121418,0.07868781685829163,0.061482470482587814,-0.050027333199977875,0.0280612763017416,-0.12509654462337494
8.340189900000041,-0.038790035992860794,0.45560067892074585,-0.08589807152748108,0.10048552602529526,0.20863984525203705,0.07870930433273315,0.06150680035352707,-0.04259757697582245,0.02806754596531391,-0.12510472536087036
8.360372800000277,-0.03888798505067825,0.44938716292381287,-0.08590713143348694,0.0869406908750534,0.20865140855312347,0.0786881074309349,0.061495281755924225,-0.03550996631383896,0.028056355193257332,-0.12509849667549133
8.380281600000217,-0.03851909190416336,0.44507014751434326,-0.08591301739215851,0.07314296066761017,0.2086634635925293,0.07868397235870361,0.06151805445551872,-0.026917122304439545,0.028055734932422638,-0.12509945034980774
8.400103599999966,-0.03838513791561127,0.4325726330280304,-0.08590266853570938,0.06010044738650322,0.20864379405975342,0.07868918031454086,0.06150617450475693,-0.016758553683757782,0.028052140027284622,-0.12509474158287048
8.420151199999964,-0.038371793925762177,0.4190739095211029,-0.08592134714126587,0.04850097373127937,0.20863375067710876,0.07869899272918701,0.061539389193058014,-0.008424940519034863,0.028055595234036446,-0.12510040402412415
8.440507100000104,-0.038372818380594254,0.4122772812843323,-0.08593925833702087,0.03843314200639725,0.20865149796009064,0.07869508862495422,0.06157975271344185,-0.002536708489060402,0.028050608932971954,-0.12510302662849426
8.460509900000034,-0.03811284154653549,0.4006200432777405,-0.08599686622619629,0.029732048511505127,0.208646759390831,0.0787041187286377,0.06163833290338516,0.004562892019748688,0.0280604287981987,-0.12509463727474213
8.480139300000246,-0.038006916642189026,0.39402738213539124,-0.08600568026304245,0.021538514643907547,0.20864424109458923,0.07868917286396027,0.0616513229906559,0.013041302561759949,0.028056010603904724,-0.12509605288505554
8.500202000000172,-0.03796680271625519,0.3825695216655731,-0.08601883053779602,0.013621780090034008,0.20863832533359528,0.07868850231170654,0.06164493411779404,0.021430306136608124,0.02806897647678852,-0.1250915378332138
8.520538700000088,-0.03807010129094124,0.3811096251010895,-0.08612632751464844,0.006915959529578686,0.20862244069576263,0.07870563864707947,0.061654362827539444,0.027762800455093384,0.028054561465978622,-0.12509363889694214
8.54033410000011,-0.038107194006443024,0.37751004099845886,-0.08615802228450775,0.0032639827113598585,0.20858515799045563,0.07868467271327972,0.061663515865802765,0.03350910544395447,0.02803926169872284,-0.1251063048839569
8.56009370000038,-0.03816963732242584,0.36442166566848755,-0.08627894520759583,-0.0001615845540072769,0.20859888195991516,0.07869289815425873,0.06165025755763054,0.038256630301475525,0.0280492901802063,-0.12510156631469727
8.5802891000003,-0.038205988705158234,0.3564319312572479,-0.08638063073158264,-0.00026594087830744684,0.2085886299610138,0.07868122309446335,0.061659425497055054,0.04451104253530502,0.028060009703040123,-0.12510108947753906
8.600298700000167,-0.038184598088264465,0.34436243772506714,-0.08650874346494675,-0.0003557899908628315,0.208584725856781,0.07867837697267532,0.06166321411728859,0.05029600113630295,0.028068477287888527,-0.12509742379188538
8.620285500000136,-0.038374099880456924,0.33909812569618225,-0.08667789399623871,-0.00016239163232967257,0.20860591530799866,0.07869302481412888,0.06166458874940872,0.05112926661968231,0.028066391125321388,-0.12510690093040466
8.640281700000287,-0.0386907123029232,0.3267611563205719,-0.08667170256376266,-0.00011054465721827,0.20859409868717194,0.0786978006362915,0.06167411059141159,0.054040852934122086,0.028052298352122307,-0.12509620189666748
8.660244300000159,-0.038692642003297806,0.3194628059864044,-0.08668086677789688,0.00010230248153675348,0.2086285799741745,0.07869629561901093,0.06164293736219406,0.05638701468706131,0.028056133538484573,-0.12509921193122864
8.680196600000272,-0.03888310492038727,0.3059559464454651,-0.08666650950908661,0.000320831110002473,0.2086191177368164,0.07869527488946915,0.061670444905757904,0.05622914806008339,0.028057614341378212,-0.12508803606033325
8.700150399999984,-0.03880671411752701,0.29822301864624023,-0.086673304438591,0.00036756807821802795,0.2086171805858612,0.07869971543550491,0.06164408475160599,0.05614330247044563,0.02806299738585949,-0.12508732080459595
8.720326099999966,-0.03880515694618225,0.29183053970336914,-0.08665280789136887,0.0003709512820933014,0.20861585438251495,0.07869430631399155,0.06167001649737358,0.05590220168232918,0.02805011160671711,-0.12509381771087646
8.740300800000114,-0.03835839033126831,0.291144460439682,-0.08663037419319153,0.00046975340228527784,0.208611398935318,0.07869776338338852,0.06165792793035507,0.05452753230929375,0.028055964037775993,-0.12510278820991516
8.760333600000195,-0.03809482231736183,0.29117724299430847,-0.08661919832229614,0.0005555495154112577,0.208620086312294,0.07868387550115585,0.06165752559900284,0.054061632603406906,0.028057754039764404,-0.12510278820991516
8.780432500000188,-0.03837975114583969,0.29125139117240906,-0.08662134408950806,0.0010114710312336683,0.20862887799739838,0.0786965861916542,0.06164685636758804,0.05404878407716751,0.02806626446545124,-0.12509676814079285
8.800508100000116,-0.0385088175535202,0.2911547124385834,-0.08661938458681107,0.0010942164808511734,0.2086292803287506,0.07869745790958405,0.0616476871073246,0.05399121344089508,0.028077689930796623,-0.12509703636169434
8.820532000000185,-0.038416169583797455,0.29065752029418945,-0.08662615716457367,0.0012780388351529837,0.2086346298456192,0.07868823409080505,0.06166161224246025,0.053899817168712616,0.028062259778380394,-0.12508918344974518
8.840162599999985,-0.03840714693069458,0.2896037697792053,-0.08661419153213501,0.0013053524307906628,0.2086421549320221,0.07869694381952286,0.06164925917983055,0.053681276738643646,0.02805752493441105,-0.12509220838546753
8.860337699999945,-0.03847474232316017,0.28906360268592834,-0.08660195022821426,0.0014599498827010393,0.20863518118858337,0.07868915796279907,0.06166072189807892,0.05172386020421982,0.028061961755156517,-0.12509354948997498
8.88024519999999,-0.03834689036011696,0.28910720348358154,-0.08661077916622162,0.002029713010415435,0.20863185822963715,0.07870146632194519,0.061599429696798325,0.04177568107843399,0.028062954545021057,-0.12509962916374207
8.900243800000226,-0.03786643594503403,0.2894427478313446,-0.08659619092941284,0.010704917833209038,0.20863501727581024,0.07870614528656006,0.06149284169077873,0.027364207431674004,0.028079280629754066,-0.12509535253047943
8.920272300000306,-0.03789001703262329,0.28957903385162354,-0.08660878241062164,0.028444720432162285,0.2086341679096222,0.07870550453662872,0.061510756611824036,0.01577748730778694,0.028064964339137077,-0.12510335445404053
8.940168600000106,-0.037932585924863815,0.2896251976490021,-0.08657558262348175,0.051308341324329376,0.20862416923046112,0.07868978381156921,0.06151779368519783,0.008440833538770676,0.028063159435987473,-0.1251029223203659
8.960486299999957,-0.03795718029141426,0.29001477360725403,-0.08654080331325531,0.0779719427227974,0.2086120992898941,0.07865995168685913,0.061544887721538544,-0.0007148110889829695,0.028068052604794502,-0.12509463727474213
8.980169500000102,-0.03758574277162552,0.2908307909965515,-0.08646634221076965,0.09968844056129456,0.20856547355651855,0.07869017124176025,0.061572473496198654,-0.01319997850805521,0.02807282656431198,-0.12509292364120483
9.000171000000137,-0.03729870170354843,0.29170671105384827,-0.08653809875249863,0.11534789204597473,0.2086387425661087,0.07869374006986618,0.06160394847393036,-0.02977277711033821,0.028067996725440025,-0.12510699033737183
9.020262600000024,-0.03721392899751663,0.29244115948677063,-0.0865357294678688,0.1255369335412979,0.20863406360149384,0.07868219166994095,0.061626557260751724,-0.04757196456193924,0.028056873008608818,-0.12510594725608826
9.040365600000314,-0.037205770611763,0.2931085228919983,-0.08652541786432266,0.1319727599620819,0.20864206552505493,0.07868747413158417,0.06162092834711075,-0.06457836925983429,0.028055308386683464,-0.12510593235492706
9.060239700000238,-0.03733284771442413,0.2940279245376587,-0.08653603494167328,0.13843123614788055,0.20865140855312347,0.0786774754524231,0.06163449212908745,-0.08006460219621658,0.028060579672455788,-0.12509509921073914
9.080262299999958,-0.03741202503442764,0.29414868354797363,-0.08655121922492981,0.14917249977588654,0.20864705741405487,0.07869791239500046,0.06165103614330292,-0.09390904009342194,0.028057778254151344,-0.12508992850780487
9.100235700000212,-0.03742755949497223,0.29407998919487,-0.08654803037643433,0.16376078128814697,0.2086554318666458,0.0787007063627243,0.06164791062474251,-0.10731353610754013,0.02806667983531952,-0.1250898838043213
9.12048219999997,-0.03752997890114784,0.29396456480026245,-0.08653832972049713,0.1818087100982666,0.20864257216453552,0.07868609577417374,0.06165092810988426,-0.12119029462337494,0.028055720031261444,-0.12509888410568237
9.140223900000365,-0.03761567175388336,0.2939109802246094,-0.08654209971427917,0.20090585947036743,0.208639994263649,0.0786876231431961,0.061650995165109634,-0.13621191680431366,0.028056416660547256,-0.12509818375110626
9.160367899999983,-0.0377400666475296,0.2939264476299286,-0.08652351796627045,0.21966099739074707,0.2086603045463562,0.07868684828281403,0.06164747104048729,-0.15130096673965454,0.028055375441908836,-0.12509852647781372
9.180528800000047,-0.03766196593642235,0.2940063774585724,-0.08653418719768524,0.23588642477989197,0.20865292847156525,0.07868973910808563,0.06165115907788277,-0.16666823625564575,0.028060130774974823,-0.12509754300117493
9.200620100000378,-0.037723179906606674,0.29401302337646484,-0.08653531968593597,0.24992504715919495,0.20863696932792664,0.0786781758069992,0.0616566464304924,-0.18160778284072876,0.028056588023900986,-0.12509644031524658
9.220414600000367,-0.03768013045191765,0.29404065012931824,-0.08654022216796875,0.2642863094806671,0.2086469978094101,0.07868751883506775,0.061642445623874664,-0.19468161463737488,0.028057150542736053,-0.12508514523506165
9.240199300000313,-0.0376848503947258,0.2940759062767029,-0.08653517067432404,0.2796584367752075,0.2086966186761856,0.07869100570678711,0.06164587661623955,-0.2057706117630005,0.0280617568641901,-0.12509194016456604
9.260357500000282,-0.03764667361974716,0.29405587911605835,-0.08653704822063446,0.29679635167121887,0.20871083438396454,0.07868815958499908,0.06164152920246124,-0.2149195671081543,0.028060315176844597,-0.12509256601333618
9.280450900000233,-0.037624869495630264,0.294038861989975,-0.08653644472360611,0.31474101543426514,0.2086903303861618,0.07869012653827667,0.061630699783563614,-0.22600913047790527,0.028052031993865967,-0.12509454786777496
9.300447100000383,-0.037646301090717316,0.2940412759780884,-0.08654085546731949,0.33157384395599365,0.20869193971157074,0.0786885991692543,0.06165583059191704,-0.24154429137706757,0.02805955521762371,-0.12509655952453613
9.320475200000146,-0.037663109600543976,0.29396623373031616,-0.08655180037021637,0.3470718264579773,0.20870144665241241,0.07868519425392151,0.061643555760383606,-0.2604219615459442,0.02805372141301632,-0.12510009109973907
9.340226499999972,-0.0377005934715271,0.2939237654209137,-0.08653899282217026,0.3621262013912201,0.2087082415819168,0.07869525253772736,0.061642903834581375,-0.27919161319732666,0.028054289519786835,-0.12509363889694214
9.360330900000008,-0.037699855864048004,0.2940056025981903,-0.08654045313596725,0.37804746627807617,0.20870718359947205,0.07869233191013336,0.06163415685296059,-0.2962528169155121,0.028058283030986786,-0.12510532140731812
9.380269100000078,-0.037691131234169006,0.29402923583984375,-0.08656423538923264,0.3937767446041107,0.20871993899345398,0.07869060337543488,0.06164934113621712,-0.30863088369369507,0.028056642040610313,-0.12509778141975403
9.400153200000204,-0.03767646849155426,0.2940344512462616,-0.08657822012901306,0.40836507081985474,0.20871199667453766,0.07868397235870361,0.0616505928337574,-0.3181183934211731,0.028054898604750633,-0.12509776651859283
9.420207500000288,-0.037697069346904755,0.2940378785133362,-0.08661527931690216,0.4215216338634491,0.20871175825595856,0.07868510484695435,0.06165764853358269,-0.32890182733535767,0.028052378445863724,-0.1250925064086914
9.440615600000001,-0.03768320754170418,0.29403331875801086,-0.08661043643951416,0.4328775107860565,0.20875093340873718,0.07868826389312744,0.06164143607020378,-0.34010952711105347,0.028048576787114143,-0.1250985562801361
9.460327100000086,-0.037663690745830536,0.29400572180747986,-0.08663478493690491,0.4416934549808502,0.2087455540895462,0.07868822664022446,0.06165160611271858,-0.3487076759338379,0.028050754219293594,-0.12509319186210632
9.480466500000148,-0.03769109770655632,0.29404619336128235,-0.08664610236883163,0.44789689779281616,0.20875054597854614,0.07867787778377533,0.06163238734006882,-0.3547019362449646,0.028057964518666267,-0.12509354948997498
9.500472300000183,-0.03768114000558853,0.29402610659599304,-0.08667044341564178,0.4520183503627777,0.20874108374118805,0.07869324088096619,0.06162780895829201,-0.3546524941921234,0.02805849350988865,-0.1250956505537033
9.520356300000003,-0.0376487597823143,0.2940140664577484,-0.08666899800300598,0.4510580897331238,0.20875057578086853,0.07868622243404388,0.061615679413080215,-0.35422277450561523,0.028055712580680847,-0.12510482966899872
9.540340800000195,-0.03767808526754379,0.29401975870132446,-0.08668099343776703,0.4510757029056549,0.20873406529426575,0.07866685092449188,0.06163446977734566,-0.35317933559417725,0.028048289939761162,-0.12509910762310028
9.560531399999945,-0.03768572211265564,0.2940347492694855,-0.0866725891828537,0.4510420858860016,0.20873090624809265,0.07869686186313629,0.06164001673460007,-0.35305726528167725,0.028048880398273468,-0.12508846819400787
9.580238000000008,-0.03765561431646347,0.29397016763687134,-0.08668800443410873,0.45103004574775696,0.20872443914413452,0.07868839055299759,0.061635736376047134,-0.35082679986953735,0.02804241143167019,-0.12511062622070312
9.600254599999971,-0.03769739717245102,0.29401493072509766,-0.08664028346538544,0.45100104808807373,0.2087249606847763,0.0786905586719513,0.06162248179316521,-0.3454064130783081,0.028056282550096512,-0.12509900331497192
9.620223600000372,-0.03766268119215965,0.2940176725387573,-0.08657100051641464,0.4503295123577118,0.20871306955814362,0.07866562902927399,0.061627574265003204,-0.33615732192993164,0.028052551671862602,-0.12510424852371216
9.640220900000259,-0.037670958787202835,0.2940117418766022,-0.086590975522995,0.45023754239082336,0.20871585607528687,0.07870432734489441,0.061617251485586166,-0.32726240158081055,0.02804708108305931,-0.12510326504707336
9.660315699999956,-0.037633009254932404,0.29401397705078125,-0.08645017445087433,0.44451186060905457,0.2087150663137436,0.07862699031829834,0.06162214279174805,-0.31688743829727173,0.028043219819664955,-0.12510481476783752
9.680504000000383,-0.03767732158303261,0.29402339458465576,-0.08639973402023315,0.42704787850379944,0.20871543884277344,0.0786801278591156,0.061614297330379486,-0.3057432174682617,0.028042219579219818,-0.12510156631469727
9.700573900000109,-0.03762180358171463,0.2940208315849304,-0.08633057028055191,0.4038555324077606,0.20871475338935852,0.07868161052465439,0.06158004701137543,-0.2956683039665222,0.028053179383277893,-0.12509986758232117
9.720430900000338,-0.03766897693276405,0.29402387142181396,-0.08630140125751495,0.3814770579338074,0.20870663225650787,0.07868562638759613,0.061512697488069534,-0.282737135887146,0.02805425599217415,-0.12510013580322266
9.740343700000267,-0.03769298642873764,0.29403620958328247,-0.08607310801744461,0.36321669816970825,0.20872057974338531,0.078696608543396,0.0614951029419899,-0.2680555582046509,0.02805137261748314,-0.12509974837303162
9.760149300000194,-0.03766805678606033,0.29394394159317017,-0.0859825387597084,0.35006284713745117,0.20871618390083313,0.07869228720664978,0.06148943677544594,-0.25493836402893066,0.028058281168341637,-0.12509647011756897
9.780418000000282,-0.03767582029104233,0.2939811050891876,-0.08554627001285553,0.33781278133392334,0.20871546864509583,0.0786864161491394,0.061471518129110336,-0.24209226667881012,0.028056541457772255,-0.12509939074516296
9.800445000000309,-0.03771654888987541,0.2940058410167694,-0.08429168164730072,0.32191163301467896,0.2087240368127823,0.07869350910186768,0.061469536274671555,-0.231647327542305,0.028059935197234154,-0.12510444223880768
9.820474000000104,-0.03768686205148697,0.2940221130847931,-0.08168327808380127,0.2998712956905365,0.20870369672775269,0.07868672907352448,0.06147915869951248,-0.21808597445487976,0.02804826758801937,-0.12510228157043457
9.840204500000254,-0.037687573581933975,0.29399725794792175,-0.07767407596111298,0.2765566110610962,0.20871002972126007,0.07869302481412888,0.06148965284228325,-0.20292069017887115,0.028051381930708885,-0.12510818243026733
9.860203800000363,-0.03767453134059906,0.2940349578857422,-0.07395588606595993,0.2556276321411133,0.20871010422706604,0.07869905233383179,0.06147223711013794,-0.1907508373260498,0.02806319110095501,-0.12510843575000763
9.880296900000303,-0.037679001688957214,0.2940686047077179,-0.07099796831607819,0.2378927618265152,0.20869655907154083,0.0786827877163887,0.061460334807634354,-0.17882689833641052,0.02806098572909832,-0.12509846687316895
9.900208900000052,-0.03768489509820938,0.2940472662448883,-0.06964535266160965,0.2227073311805725,0.20869551599025726,0.07868894934654236,0.061452366411685944,-0.1686960905790329,0.02805783972144127,-0.12511731684207916
9.920288100000107,-0.03768998384475708,0.2940188944339752,-0.06958642601966858,0.2069774717092514,0.2086964100599289,0.07869020104408264,0.06146791949868202,-0.15877699851989746,0.02805696241557598,-0.12510639429092407
9.940240500000073,-0.037677161395549774,0.2939884662628174,-0.06958387792110443,0.1879635453224182,0.2086862176656723,0.07868259400129318,0.06146826222538948,-0.14572592079639435,0.02804906666278839,-0.1251198649406433
9.96016630000031,-0.03767184540629387,0.2940120995044708,-0.0694599449634552,0.16708222031593323,0.20868518948554993,0.07869269698858261,0.06145857274532318,-0.13457784056663513,0.028058476746082306,-0.1251070499420166
9.980180700000346,-0.03771065175533295,0.29396724700927734,-0.06892231851816177,0.14754384756088257,0.20870140194892883,0.07868985831737518,0.06146510690450668,-0.12472836673259735,0.028060337528586388,-0.12511982023715973
10.000297500000215,-0.03767995163798332,0.29402175545692444,-0.06686359643936157,0.13132233917713165,0.20868472754955292,0.0786924958229065,0.06143878772854805,-0.11333303153514862,0.028058553114533424,-0.1251409649848938
10.020192800000132,-0.03768622875213623,0.2940577566623688,-0.06362257897853851,0.11781704425811768,0.2086617797613144,0.0786871463060379,0.06142644211649895,-0.10177819430828094,0.02805035375058651,-0.1251005083322525
10.04033789999994,-0.03767680004239082,0.2940347194671631,-0.06079022213816643,0.1047121211886406,0.20867399871349335,0.07869135588407516,0.061457809060811996,-0.09035834670066833,0.028064917773008347,-0.12512797117233276
10.060255200000029,-0.037629663944244385,0.29404908418655396,-0.05852339044213295,0.09015543758869171,0.20864079892635345,0.0786871612071991,0.06143397092819214,-0.07834553718566895,0.028060182929039,-0.12510667741298676
10.080156500000157,-0.03769323229789734,0.29404404759407043,-0.05632646754384041,0.07531577348709106,0.20864459872245789,0.07867973297834396,0.06144842877984047,-0.06716941297054291,0.028055522590875626,-0.12515856325626373
10.100247400000171,-0.0376538410782814,0.2940673530101776,-0.05582324415445328,0.06307785212993622,0.2086365669965744,0.07869546115398407,0.06143714487552643,-0.05831591412425041,0.028078701347112656,-0.1251159906387329
10.120138300000235,-0.03771942853927612,0.293986976146698,-0.05581001192331314,0.054568398743867874,0.2086459994316101,0.07869908213615417,0.06145893409848213,-0.050471946597099304,0.02806052751839161,-0.12511858344078064
10.140248300000167,-0.03768666461110115,0.29397013783454895,-0.05579307675361633,0.04897414520382881,0.20866607129573822,0.07868698239326477,0.061433859169483185,-0.04351705312728882,0.028053920716047287,-0.12512357532978058
10.160104400000364,-0.037684567272663116,0.2940281927585602,-0.05577896162867546,0.046181030571460724,0.20865534245967865,0.07868684083223343,0.0614435188472271,-0.03839617967605591,0.028054576367139816,-0.1251346468925476
10.180471900000157,-0.03766193613409996,0.2940383553504944,-0.05554691702127457,0.04634314775466919,0.20866382122039795,0.07868441939353943,0.06145298853516579,-0.033417314291000366,0.028053857386112213,-0.1251237690448761
10.200589500000206,-0.037646740674972534,0.29403379559516907,-0.055371541529893875,0.04637959599494934,0.20867331326007843,0.07869091629981995,0.06146574392914772,-0.026941971853375435,0.02805926650762558,-0.12513840198516846
10.220436699999937,-0.03767285495996475,0.29404160380363464,-0.05531274527311325,0.046406470239162445,0.20865501463413239,0.07869502902030945,0.06142524629831314,-0.0207402054220438,0.028060317039489746,-0.1251114010810852
10.240177900000162,-0.03765091300010681,0.2940434515476227,-0.055232323706150055,0.046467214822769165,0.20867598056793213,0.07868815213441849,0.061442576348781586,-0.016561023890972137,0.02805006504058838,-0.12513555586338043
10.260480100000223,-0.037661053240299225,0.2940453290939331,-0.05516425147652626,0.046779606491327286,0.20866820216178894,0.07870008796453476,0.06144266203045845,-0.011772575788199902,0.02805207669734955,-0.12515275180339813
10.280037600000014,-0.03765527158975601,0.2940644919872284,-0.05516665056347847,0.04707818850874901,0.20867425203323364,0.07870607823133469,0.06144152209162712,-0.01013713888823986,0.02805177867412567,-0.12513822317123413
10.300204000000122,-0.03767802566289902,0.29403382539749146,-0.05519161745905876,0.04717010632157326,0.208685502409935,0.07868986576795578,0.06143409013748169,-0.005209651775658131,0.028066469356417656,-0.12512293457984924
10.320084299999962,-0.03765873238444328,0.29400816559791565,-0.0551929697394371,0.04719183221459389,0.20866112411022186,0.07869009673595428,0.06144705414772034,-6.27861445536837e-05,0.028055837377905846,-0.12514430284500122
10.34017270000004,-0.03767227381467819,0.2940119802951813,-0.05520499870181084,0.04719311371445656,0.20864826440811157,0.07868257164955139,0.061437319964170456,0.0030158087611198425,0.028053907677531242,-0.12513405084609985
10.360138400000324,-0.03769713640213013,0.2940034568309784,-0.055207494646310806,0.047195762395858765,0.20865823328495026,0.07867733389139175,0.06142544001340866,0.002808105666190386,0.028049539774656296,-0.12512657046318054
10.380560500000229,-0.03766807168722153,0.29403388500213623,-0.05521707981824875,0.04721883311867714,0.20865347981452942,0.07868685573339462,0.06143271550536156,0.0028159860521554947,0.028050264343619347,-0.12513211369514465
10.400241700000151,-0.03769153356552124,0.29403501749038696,-0.05522752180695534,0.047213081270456314,0.20865020155906677,0.07869909703731537,0.06143208593130112,0.002805109601467848,0.02804689295589924,-0.12513716518878937
10.420213700000204,-0.03765323758125305,0.29403963685035706,-0.05522854998707771,0.047217629849910736,0.20864605903625488,0.07869164645671844,0.06141737103462219,0.002793877851217985,0.028048200532794,-0.1251312494277954
10.440205300000343,-0.03766150027513504,0.29405146837234497,-0.05522206053137779,0.047220975160598755,0.208673357963562,0.0786825567483902,0.061421845108270645,0.0027705319225788116,0.02806084044277668,-0.1251174658536911
10.46048860000019,-0.03764659911394119,0.29404038190841675,-0.05525429919362068,0.04721302539110184,0.20865583419799805,0.07868443429470062,0.06142716854810715,0.0027504824101924896,0.02805459313094616,-0.12513762712478638
10.480511000000206,-0.03762909024953842,0.2940389811992645,-0.055242642760276794,0.04722418263554573,0.20867802202701569,0.07868817448616028,0.06141560897231102,0.0027427079621702433,0.028052829205989838,-0.12511883676052094
10.500551600000108,-0.0376652255654335,0.2940226197242737,-0.05524812266230583,0.04717878997325897,0.2086876779794693,0.07869300246238708,0.06143186241388321,0.0026621082797646523,0.02805407904088497,-0.12512686848640442
10.520193199999994,-0.03767169266939163,0.29399144649505615,-0.05524922162294388,0.04715883731842041,0.20869946479797363,0.07868002355098724,0.06143057346343994,0.0024690418504178524,0.028052546083927155,-0.1251221001148224
10.540219500000148,-0.037691373378038406,0.2940387725830078,-0.05523485690355301,0.04711943492293358,0.20869944989681244,0.07868364453315735,0.06143924221396446,0.002373556373640895,0.028050683438777924,-0.1251196265220642
10.560374700000011,-0.0376540943980217,0.29403284192085266,-0.05523728206753731,0.04709158092737198,0.2087073177099228,0.07869875431060791,0.0614483468234539,0.0022149684373289347,0.028054187074303627,-0.1251133680343628
10.580338799999936,-0.03767189756035805,0.2940351068973541,-0.055240482091903687,0.047059401869773865,0.2087157666683197,0.0786852091550827,0.06145257130265236,0.002179378643631935,0.02804707922041416,-0.12511298060417175
10.600167400000373,-0.03767884150147438,0.29399919509887695,-0.05523773282766342,0.04706715792417526,0.2087348997592926,0.07869154959917068,0.061447810381650925,0.002171894535422325,0.02804831974208355,-0.12511467933654785
10.620162000000164,-0.03768528252840042,0.2940143942832947,-0.05523814260959625,0.04708520323038101,0.20871548354625702,0.07868446409702301,0.061447978019714355,0.0022080247290432453,0.0280508641153574,-0.12511545419692993
10.640572199999951,-0.03767874091863632,0.29403793811798096,-0.05519374832510948,0.04708993062376976,0.20871618390083313,0.07869504392147064,0.06144185736775398,0.0021972667891532183,0.028057703748345375,-0.12511497735977173
10.660198100000343,-0.03767811506986618,0.2940356433391571,-0.055205125361680984,0.04711315408349037,0.208718404173851,0.07868190109729767,0.061448000371456146,0.002208090852946043,0.02806781604886055,-0.12512296438217163
10.680544900000314,-0.03766665235161781,0.29403722286224365,-0.055204492062330246,0.0471649132668972,0.20871619880199432,0.07868540287017822,0.061435677111148834,0.002199835143983364,0.028031185269355774,-0.12511585652828217
10.700168400000166,-0.03767470270395279,0.29401642084121704,-0.05517177656292915,0.047156624495983124,0.20872044563293457,0.07869450747966766,0.0614435039460659,0.0021815835498273373,0.02805968001484871,-0.12511369585990906
10.720386899999994,-0.03768139332532883,0.2940143048763275,-0.05516202747821808,0.04715708643198013,0.20871441066265106,0.07868941128253937,0.061445459723472595,0.0021754037588834763,0.02805233560502529,-0.12511618435382843
10.74016900000015,-0.03765857219696045,0.29401105642318726,-0.05512534826993942,0.04716440290212631,0.20871423184871674,0.07869359850883484,0.06143690645694733,0.002167819533497095,0.02804652228951454,-0.1251090168952942
10.760553399999935,-0.037678830325603485,0.29400748014450073,-0.05513221397995949,0.04715753719210625,0.2087140679359436,0.07867404818534851,0.06143945828080177,0.00216406537219882,0.028049686923623085,-0.12510745227336884
10.780256000000008,-0.037637848407030106,0.2940312325954437,-0.055090244859457016,0.047144800424575806,0.20871563255786896,0.07868221402168274,0.0614333339035511,0.002192042302340269,0.028056487441062927,-0.12511137127876282
10.800367700000152,-0.03765182942152023,0.2940271496772766,-0.05500214919447899,0.04712144285440445,0.2087133824825287,0.07870222628116608,0.06143571436405182,0.002204687101766467,0.028054650872945786,-0.1251184046268463
10.82007700000031,-0.03771597146987915,0.29400792717933655,-0.055010389536619186,0.04711177200078964,0.20871450006961823,0.07869157195091248,0.06145792081952095,0.0022071991115808487,0.02804724872112274,-0.1251053512096405
