7.569999979750719e-05,-0.037965498864650726,0.22840099036693573,0.04629960283637047,-0.1308038830757141,-0.04354880750179291,0.015525096096098423,-0.0401347354054451,0.023384584113955498,-0.06272391229867935,0.048071037977933884
0.020130799999606097,-0.03794489800930023,0.22838194668293,0.0462905690073967,-0.13079135119915009,-0.04354856163263321,0.015511375851929188,-0.04014930501580238,0.02338467352092266,-0.06270700693130493,0.048062290996313095
0.04033759999992981,-0.03793546184897423,0.22840408980846405,0.04629785567522049,-0.13078346848487854,-0.043542832136154175,0.015524770133197308,-0.04007408767938614,0.023388514295220375,-0.06270994246006012,0.0480722151696682
0.06057509999982358,-0.037937313318252563,0.2283705472946167,0.04629659652709961,-0.13078182935714722,-0.043555017560720444,0.015513665974140167,-0.040064603090286255,0.023380853235721588,-0.06274522840976715,0.048062000423669815
0.08008339999969394,-0.03792640566825867,0.22840088605880737,0.04629622399806976,-0.1307695358991623,-0.043553147464990616,0.01552580390125513,-0.04003303125500679,0.02337932214140892,-0.06272348761558533,0.048064038157463074
0.10058949999984179,-0.037929460406303406,0.22839857637882233,0.04629432410001755,-0.13077302277088165,-0.043551281094551086,0.015518607571721077,-0.040024641901254654,0.02337232418358326,-0.062726691365242,0.04808701574802399
0.12018099999977494,-0.0378996878862381,0.22840985655784607,0.04628762602806091,-0.13075430691242218,-0.043563149869441986,0.015530683100223541,-0.04004142805933952,0.023348307237029076,-0.06271980702877045,0.048080138862133026
0.1401183999996647,-0.037922702729701996,0.22841189801692963,0.04629930853843689,-0.1307586431503296,-0.04356252774596214,0.015515273436903954,-0.04000990092754364,0.023329105228185654,-0.06272199749946594,0.0480758361518383
0.16016899999976886,-0.03790246695280075,0.22840207815170288,0.046289145946502686,-0.13075020909309387,-0.043555568903684616,0.015524973161518574,-0.040006767958402634,0.023299740627408028,-0.06274552643299103,0.048081520944833755
0.1801394999997683,-0.037919722497463226,0.2284105122089386,0.04627634584903717,-0.13075684010982513,-0.043571341782808304,0.015542671084403992,-0.040010716766119,0.023293353617191315,-0.06273184716701508,0.04809100553393364
0.20006299999977273,-0.037979960441589355,0.2284272015094757,0.04627557098865509,-0.13074740767478943,-0.04357447475194931,0.015534628182649612,-0.039982207119464874,0.02328856661915779,-0.0627375915646553,0.04807910695672035
0.2204965999999331,-0.037947189062833786,0.22841762006282806,0.046244703233242035,-0.13074827194213867,-0.0435611866414547,0.015544773079454899,-0.03997848182916641,0.023263106122612953,-0.06272965669631958,0.04809938743710518
0.2405927999998312,-0.037911415100097656,0.22840778529644012,0.046261563897132874,-0.1307530701160431,-0.043556615710258484,0.015512202866375446,-0.03997505456209183,0.023260608315467834,-0.06272858381271362,0.04810083657503128
0.26015849999976126,-0.037916187196969986,0.22841665148735046,0.04623176157474518,-0.13075849413871765,-0.04355797544121742,0.01550431177020073,-0.03997039422392845,0.023256201297044754,-0.06271214783191681,0.04812980443239212
0.28010909999966316,-0.03795154392719269,0.22841776907444,0.04622354358434677,-0.13075020909309387,-0.04354814812541008,0.015507901087403297,-0.03994389623403549,0.02326524816453457,-0.06272956728935242,0.04815137758851051
0.300454599999739,-0.037923138588666916,0.22841326892375946,0.04621485248208046,-0.13073280453681946,-0.0435543954372406,0.01549489051103592,-0.03997009992599487,0.02328326925635338,-0.06273336708545685,0.04816576838493347
0.32007789999988745,-0.037978146225214005,0.22840410470962524,0.0461212694644928,-0.13075348734855652,-0.04354802146553993,0.015476865693926811,-0.03992479294538498,0.023293644189834595,-0.06273669004440308,0.048175323754549026
0.3405007999999725,-0.03794059902429581,0.2283814400434494,0.04606108367443085,-0.13074027001857758,-0.04355448856949806,0.015456031076610088,-0.03969307243824005,0.02329530194401741,-0.06272368133068085,0.048223912715911865
0.36057279999977254,-0.03794466331601143,0.22840970754623413,0.0460173524916172,-0.13073818385601044,-0.04355117678642273,0.015414340421557426,-0.039193637669086456,0.02330145239830017,-0.06271793693304062,0.048378098756074905
0.3805515999997624,-0.03795727714896202,0.22841309010982513,0.046001844108104706,-0.13074825704097748,-0.043550148606300354,0.015375655144453049,-0.03817175328731537,0.02330203726887703,-0.06271076202392578,0.04877234250307083
0.40031709999993836,-0.03793264180421829,0.22842220962047577,0.045983657240867615,-0.1307704746723175,-0.04355268552899361,0.01536577194929123,-0.03811345249414444,0.0233014989644289,-0.06271900236606598,0.05070992186665535
0.4205736999997498,-0.03791056200861931,0.22841915488243103,0.045844994485378265,-0.13078272342681885,-0.04354406148195267,0.01536173839122057,-0.03721792250871658,0.023301631212234497,-0.06272013485431671,0.05380483344197273
0.44040499999982785,-0.03795760124921799,0.2284296751022339,0.04561370611190796,-0.13079933822155,-0.04354722052812576,0.015337425284087658,-0.03049876168370247,0.023304114118218422,-0.06274771690368652,0.06314858049154282
0.4605450999997629,-0.037967704236507416,0.22840429842472076,0.044921424239873886,-0.13083365559577942,-0.04354614019393921,0.015308190137147903,-0.012946296483278275,0.023318007588386536,-0.06274871528148651,0.07635528594255447
0.48067479999963325,-0.03790809214115143,0.22839398682117462,0.04355234652757645,-0.1308528482913971,-0.04354918375611305,0.015254020690917969,0.01150376908481121,0.02335832640528679,-0.06274762004613876,0.09278197586536407
0.5002767999999378,-0.0379338338971138,0.22840002179145813,0.03962188586592674,-0.1308630108833313,-0.04354793578386307,0.01522288378328085,0.03512859717011452,0.023394746705889702,-0.06275932490825653,0.10926220566034317
0.5201502999998411,-0.0379880852997303,0.2284015715122223,0.03087480179965496,-0.13092151284217834,-0.04354117810726166,0.01510707102715969,0.05358089134097099,0.023428907617926598,-0.06275558471679688,0.12330375611782074
0.5403602999999748,-0.03793312981724739,0.2284165620803833,0.01791926845908165,-0.13096702098846436,-0.043541476130485535,0.01504549104720354,0.06561939418315887,0.023450607433915138,-0.06277389824390411,0.132679283618927
0.5600852999996278,-0.037938475608825684,0.22840553522109985,0.0017411781009286642,-0.1309869885444641,-0.043547969311475754,0.015080713666975498,0.0714501142501831,0.02344476990401745,-0.06278073787689209,0.13814619183540344
0.5804149999999026,-0.0379643589258194,0.2284104824066162,-0.01611829549074173,-0.1309836208820343,-0.04353979602456093,0.015081033110618591,0.07446072995662689,0.023450732231140137,-0.06279700994491577,0.14208972454071045
0.6004325999997491,-0.03793179988861084,0.22842185199260712,-0.03247849643230438,-0.1310085952281952,-0.043541319668293,0.015101203694939613,0.07907675206661224,0.023448336869478226,-0.06283803284168243,0.14718659222126007
0.6204899999997906,-0.0379176065325737,0.22841817140579224,-0.04714610427618027,-0.13103146851062775,-0.04354088008403778,0.015096273273229599,0.0874813050031662,0.02346968837082386,-0.0628902018070221,0.15510377287864685
0.6401598999996168,-0.037941351532936096,0.22841361165046692,-0.0606699101626873,-0.1310448944568634,-0.043541956692934036,0.015092612244188786,0.09926086664199829,0.023570729419589043,-0.06293748319149017,0.16630128026008606
0.6602781999999934,-0.03792671859264374,0.22841107845306396,-0.07387994974851608,-0.13105621933937073,-0.04354166239500046,0.01509277243167162,0.1152593269944191,0.023696942254900932,-0.06302197277545929,0.1806531846523285
0.680172599999878,-0.03795941174030304,0.22841379046440125,-0.08676557242870331,-0.13106337189674377,-0.04354574531316757,0.015103763900697231,0.1328195035457611,0.023923665285110474,-0.06315968930721283,0.19707275927066803
0.7002677999998923,-0.03795032203197479,0.22841760516166687,-0.10081221163272858,-0.13107338547706604,-0.04354870319366455,0.015089482069015503,0.14962078630924225,0.024002987891435623,-0.06408309936523438,0.21565918624401093
0.720277299999907,-0.037942323833703995,0.22841516137123108,-0.11580516397953033,-0.13135695457458496,-0.043553754687309265,0.015050717629492283,0.16427689790725708,0.024209586903452873,-0.06886787712574005,0.2348262071609497
0.7406459999997423,-0.03789018839597702,0.22838401794433594,-0.131314218044281,-0.13137514889240265,-0.043548159301280975,0.01504068449139595,0.1773529350757599,0.024226462468504906,-0.07491038739681244,0.2554025650024414
0.7601028999997652,-0.037948884069919586,0.22839747369289398,-0.14554978907108307,-0.13143090903759003,-0.04354836791753769,0.015057099983096123,0.18765251338481903,0.024308959022164345,-0.08218255639076233,0.27705317735671997
0.7801092999998218,-0.037959810346364975,0.22842147946357727,-0.16113343834877014,-0.1316801905632019,-0.04355141520500183,0.015062540769577026,0.19460301101207733,0.024350019171833992,-0.09065523743629456,0.3015739321708679
0.8004710999998679,-0.03793658688664436,0.22841838002204895,-0.17807307839393616,-0.13811929523944855,-0.04354587942361832,0.014973443001508713,0.1991889923810959,0.02445068210363388,-0.09964597970247269,0.3290572464466095
0.8204765999998926,-0.03792272508144379,0.22841420769691467,-0.19354821741580963,-0.15521834790706635,-0.04353830963373184,0.014960434287786484,0.19957438111305237,0.024682922288775444,-0.10781531780958176,0.35945481061935425
0.8401737999997749,-0.037936434149742126,0.22841636836528778,-0.20807458460330963,-0.17242789268493652,-0.04354691505432129,0.014966897666454315,0.1996951699256897,0.025224126875400543,-0.11411192268133163,0.3936973512172699
0.8604038999997101,-0.03790440410375595,0.22834141552448273,-0.22370757162570953,-0.18723616003990173,-0.04354298859834671,0.014966859482228756,0.20175205171108246,0.027381697669625282,-0.11810784041881561,0.43273448944091797
0.8805017999998199,-0.037984881550073624,0.22838543355464935,-0.238625630736351,-0.20060056447982788,-0.04354528337717056,0.01495598815381527,0.21407350897789001,0.03365171700716019,-0.12235787510871887,0.4790056347846985
0.900128599999789,-0.037910543382167816,0.2283983826637268,-0.250885546207428,-0.21325814723968506,-0.04354889318346977,0.014960214495658875,0.23004397749900818,0.04212300851941109,-0.12403575330972672,0.5282991528511047
0.9200847999995858,-0.03792323172092438,0.22841554880142212,-0.2621704339981079,-0.2261468768119812,-0.04355485737323761,0.01495040487498045,0.24441967904567719,0.04957791045308113,-0.12653660774230957,0.5790077447891235
0.940231699999913,-0.0379156656563282,0.22841456532478333,-0.27342677116394043,-0.24070163071155548,-0.043542131781578064,0.014920219779014587,0.25505173206329346,0.05063468590378761,-0.13131539523601532,0.6282005310058594
0.9601610999998229,-0.03792790323495865,0.2284269630908966,-0.2853357791900635,-0.2542549967765808,-0.043550632894039154,0.014873864129185677,0.25580263137817383,0.0535520538687706,-0.13648122549057007,0.6720343232154846
0.9803734999995868,-0.037863872945308685,0.22839689254760742,-0.2982169985771179,-0.2667708992958069,-0.04355134814977646,0.014884153380990028,0.2558463215827942,0.062014173716306686,-0.14394614100456238,0.713797390460968
1.0001633999995647,-0.037918634712696075,0.2283990979194641,-0.31092968583106995,-0.278282105922699,-0.043548718094825745,0.014871401712298393,0.25623273849487305,0.07136207818984985,-0.15332762897014618,0.753220796585083
1.020520299999589,-0.0379411056637764,0.2283935546875,-0.32359257340431213,-0.2914554476737976,-0.043552614748477936,0.014871648512780666,0.2579561471939087,0.08124807476997375,-0.16579386591911316,0.794238269329071
1.040094599999975,-0.03795591741800308,0.2284197211265564,-0.33506813645362854,-0.30507636070251465,-0.043548017740249634,0.01480056345462799,0.259987473487854,0.09091208875179291,-0.17973509430885315,0.8323989510536194
1.060146899999836,-0.037935905158519745,0.22841212153434753,-0.345866858959198,-0.3203015625476837,-0.04354843497276306,0.014799127355217934,0.2607764005661011,0.1010964959859848,-0.19487443566322327,0.8711540102958679
1.0801927999996224,-0.03795912116765976,0.22839346528053284,-0.35633862018585205,-0.3354063034057617,-0.04354168102145195,0.014792732894420624,0.2607748806476593,0.11026421934366226,-0.21029508113861084,0.9097951650619507
1.1005796999997983,-0.037943508476018906,0.2284151017665863,-0.36718958616256714,-0.350294291973114,-0.04354684427380562,0.014744612388312817,0.2608183026313782,0.1208614706993103,-0.22480769455432892,0.9498921632766724
1.120135599999685,-0.03792979568243027,0.2284328192472458,-0.3779512643814087,-0.36408090591430664,-0.04355168342590332,0.014549216255545616,0.26090049743652344,0.13263705372810364,-0.23764552175998688,0.9870743751525879
1.1404045999997834,-0.03793928772211075,0.2284233123064041,-0.3899078965187073,-0.37381136417388916,-0.0435587614774704,0.014033791609108448,0.2610918879508972,0.14755451679229736,-0.25156205892562866,1.0249050855636597
1.1604926999998497,-0.0379319041967392,0.22838720679283142,-0.401294469833374,-0.3781496286392212,-0.04355048015713692,0.013336887583136559,0.26421308517456055,0.16106471419334412,-0.2663973867893219,1.0590109825134277
1.1802260999997998,-0.03794451057910919,0.22836269438266754,-0.4116135537624359,-0.37532785534858704,-0.04354865849018097,0.013267041184008121,0.2727089524269104,0.17242249846458435,-0.2813665270805359,1.0905722379684448
1.2004885999999715,-0.037924475967884064,0.2283947467803955,-0.42077839374542236,-0.37691137194633484,-0.04355287179350853,0.01324896328151226,0.28902125358581543,0.18541330099105835,-0.29636669158935547,1.1184217929840088
1.220179299999927,-0.037943847477436066,0.22842316329479218,-0.4273107945919037,-0.3769238591194153,-0.043547824025154114,0.013234362937510014,0.3050384223461151,0.20053406059741974,-0.3106718063354492,1.1406025886535645
1.2402164000000084,-0.03793301433324814,0.22843128442764282,-0.4310036897659302,-0.3773907423019409,-0.043549392372369766,0.013189020566642284,0.32004573941230774,0.21732887625694275,-0.3244214355945587,1.1569418907165527
1.2602521999997407,-0.03789423406124115,0.22842879593372345,-0.43473535776138306,-0.37783849239349365,-0.04354851692914963,0.013072540052235126,0.33003708720207214,0.23492151498794556,-0.3370879888534546,1.1665809154510498
1.2800929999998516,-0.037879493087530136,0.22840414941310883,-0.4371556043624878,-0.377981036901474,-0.04354831576347351,0.01289087813347578,0.3326510787010193,0.2550297677516937,-0.34884756803512573,1.1700962781906128
1.3003633999996964,-0.037990592420101166,0.22835169732570648,-0.4408586919307709,-0.37794190645217896,-0.04355088993906975,0.012747510336339474,0.33267343044281006,0.27710169553756714,-0.36117488145828247,1.1695942878723145
1.3204286999998658,-0.03792344033718109,0.2283947765827179,-0.44524192810058594,-0.3779412508010864,-0.0435430109500885,0.01250474527478218,0.332673579454422,0.29805153608322144,-0.3753693103790283,1.1695928573608398
1.340197999999873,-0.03791818395256996,0.2283867746591568,-0.45027151703834534,-0.3779500126838684,-0.043542247265577316,0.010664084926247597,0.332691490650177,0.3165395259857178,-0.39153462648391724,1.1695880889892578
1.360089099999641,-0.037941258400678635,0.22846639156341553,-0.4567229151725769,-0.37794366478919983,-0.043548278510570526,0.001711302320472896,0.33277052640914917,0.3341493010520935,-0.41075050830841064,1.1695871353149414
1.3802128999996057,-0.03793042153120041,0.22843047976493835,-0.4649626314640045,-0.3779244124889374,-0.04354433715343475,-0.014146716333925724,0.33279287815093994,0.35260945558547974,-0.4319026470184326,1.1695903539657593
1.4005209999995714,-0.037886980921030045,0.22840969264507294,-0.4734497368335724,-0.3779103755950928,-0.043494828045368195,-0.03718148171901703,0.33278876543045044,0.371178537607193,-0.4518727958202362,1.1695470809936523
1.4200737999999546,-0.037997763603925705,0.22840498387813568,-0.48013266921043396,-0.3779529929161072,-0.04346945136785507,-0.06435325741767883,0.3327544927597046,0.3782764971256256,-0.46872836351394653,1.1694018840789795
1.4402718999999706,-0.037951696664094925,0.22837091982364655,-0.48383456468582153,-0.377960205078125,-0.04344106465578079,-0.09490577131509781,0.33277568221092224,0.3776322603225708,-0.48395416140556335,1.1685088872909546
1.4605215999999928,-0.03788772225379944,0.22834904491901398,-0.48400217294692993,-0.378039687871933,-0.04339611157774925,-0.1279975324869156,0.3327285647392273,0.377707839012146,-0.49850890040397644,1.1655808687210083
1.480086399999891,-0.03797457367181778,0.22839871048927307,-0.48421961069107056,-0.3780401647090912,-0.043351199477910995,-0.1612316071987152,0.3327391445636749,0.3777264654636383,-0.5120598077774048,1.1598265171051025
1.50056209999957,-0.03797236084938049,0.22840996086597443,-0.4850829839706421,-0.37806910276412964,-0.04329126328229904,-0.1958715319633484,0.33274227380752563,0.377793550491333,-0.526066780090332,1.1519767045974731
1.5207066999996641,-0.03793173283338547,0.228411465883255,-0.48768067359924316,-0.3781870901584625,-0.043164514005184174,-0.23052668571472168,0.3327563405036926,0.3778802454471588,-0.5408856868743896,1.143000602722168
1.5405931999998757,-0.037923745810985565,0.22840780019760132,-0.4911836087703705,-0.3781835734844208,-0.0430181622505188,-0.2631016969680786,0.3327564001083374,0.37797802686691284,-0.5561786890029907,1.1323559284210205
1.5606066999998802,-0.03792241960763931,0.22841550409793854,-0.49459609389305115,-0.3781942129135132,-0.04263994097709656,-0.2945508360862732,0.3327612280845642,0.3781258761882782,-0.5733517408370972,1.1204222440719604
1.58060660000001,-0.03791343793272972,0.22842301428318024,-0.4980070888996124,-0.3782957196235657,-0.041293371468782425,-0.3243258595466614,0.3327631652355194,0.3781806230545044,-0.5929795503616333,1.108641266822815
1.600628599999709,-0.03793163225054741,0.22841961681842804,-0.499881774187088,-0.3783455789089203,-0.03554336726665497,-0.3531973659992218,0.332772821187973,0.37849608063697815,-0.6153430938720703,1.0967028141021729
1.6202454999997826,-0.03800258785486221,0.22840403020381927,-0.5020613670349121,-0.37832894921302795,-0.023338666185736656,-0.3803098499774933,0.3328012228012085,0.38020002841949463,-0.6384293437004089,1.0843214988708496
1.640164299999924,-0.03792154788970947,0.2284005731344223,-0.5044745206832886,-0.37833696603775024,-0.0038474765606224537,-0.4049196243286133,0.33280402421951294,0.3822806775569916,-0.6597183346748352,1.0708014965057373
1.6604652999999416,-0.037903591990470886,0.2284001111984253,-0.5045695304870605,-0.37839648127555847,0.022843128070235252,-0.4280076026916504,0.332817018032074,0.38706955313682556,-0.6774442195892334,1.0556511878967285
1.6805922999997165,-0.037965208292007446,0.2283494919538498,-0.504551351070404,-0.3784143328666687,0.054987307637929916,-0.44874194264411926,0.33281010389328003,0.3886219263076782,-0.6896529197692871,1.0404716730117798
1.7000926999999137,-0.03790948912501335,0.22838476300239563,-0.5045159459114075,-0.37837037444114685,0.09040168672800064,-0.4675637185573578,0.33282333612442017,0.3913078308105469,-0.6979990005493164,1.0250813961029053
1.72030309999991,-0.03796176612377167,0.22841665148735046,-0.5045037269592285,-0.3783148527145386,0.13090918958187103,-0.4858974516391754,0.3328790068626404,0.39557451009750366,-0.7048616409301758,1.0099834203720093
1.7406417999995938,-0.03798934817314148,0.22841744124889374,-0.5044577717781067,-0.37819528579711914,0.17532001435756683,-0.503463864326477,0.3331204056739807,0.39551839232444763,-0.7124273777008057,0.9958195090293884
1.7601713999997628,-0.0379612110555172,0.22843757271766663,-0.5044577121734619,-0.3781547248363495,0.22004756331443787,-0.5187053680419922,0.3341197371482849,0.3955298662185669,-0.7221680879592896,0.9842240214347839
1.7806087999997544,-0.037978123873472214,0.22841018438339233,-0.5044163465499878,-0.37805435061454773,0.2683766782283783,-0.5326694250106812,0.34482258558273315,0.39527788758277893,-0.7338802814483643,0.9747881293296814
1.800185799999781,-0.03796831890940666,0.22841908037662506,-0.5044177174568176,-0.3779836595058441,0.31496110558509827,-0.5462204217910767,0.35814234614372253,0.39481985569000244,-0.7429608106613159,0.9681251049041748
1.8205470999996578,-0.03791641816496849,0.2284066379070282,-0.5044101476669312,-0.3779388666152954,0.36252033710479736,-0.5617527365684509,0.36995983123779297,0.3947102129459381,-0.749513566493988,0.9604008197784424
1.8401817999997547,-0.03792513906955719,0.22841323912143707,-0.5044654607772827,-0.3778892457485199,0.4066161811351776,-0.578902006149292,0.3801296651363373,0.3946951925754547,-0.7535836696624756,0.9510345458984375
1.8604641999995692,-0.037954576313495636,0.22839240729808807,-0.5044821500778198,-0.37780332565307617,0.4488431513309479,-0.5991441607475281,0.3887891173362732,0.39470934867858887,-0.7587995529174805,0.9388779401779175
1.880513399999927,-0.03791765123605728,0.22840529680252075,-0.5044999122619629,-0.37769848108291626,0.4872957468032837,-0.6213723421096802,0.397098571062088,0.39473575353622437,-0.7657532095909119,0.9252686500549316
1.9006814999997914,-0.037948962301015854,0.22840456664562225,-0.5044879913330078,-0.3775944113731384,0.5214228630065918,-0.6442332863807678,0.4079893231391907,0.39473652839660645,-0.7747092247009277,0.9131906032562256
1.9206428999996206,-0.03791004419326782,0.22842064499855042,-0.5044909715652466,-0.37758880853652954,0.5505963563919067,-0.6679750680923462,0.4221970736980438,0.3946799337863922,-0.784161388874054,0.9035534262657166
1.9405585999998038,-0.037900105118751526,0.22841911017894745,-0.504448652267456,-0.377556174993515,0.5739553570747375,-0.6914968490600586,0.433310866355896,0.3946763873100281,-0.793849766254425,0.8958578705787659
1.960574799999904,-0.037906065583229065,0.22842738032341003,-0.5043968558311462,-0.377372682094574,0.5910637974739075,-0.712272047996521,0.4427938461303711,0.3946855664253235,-0.8036893606185913,0.8886667490005493
1.9802531999998791,-0.03793806955218315,0.228408545255661,-0.5043803453445435,-0.37704822421073914,0.6011145710945129,-0.7298372983932495,0.4512501358985901,0.39468634128570557,-0.8121238946914673,0.8820258975028992
2.000236099999711,-0.03796017915010452,0.228415384888649,-0.5043259859085083,-0.3753628730773926,0.6023480892181396,-0.7441388368606567,0.45827871561050415,0.394694060087204,-0.8197798132896423,0.8751841187477112
2.0200708999996095,-0.03795292600989342,0.22841575741767883,-0.5043110847473145,-0.37563320994377136,0.5992648601531982,-0.7540563344955444,0.46456390619277954,0.3946974575519562,-0.8266631364822388,0.8682605624198914
2.040358099999594,-0.03791707754135132,0.2284090518951416,-0.5043133497238159,-0.37564632296562195,0.599266767501831,-0.7604940533638,0.4732140600681305,0.39468586444854736,-0.8333836197853088,0.8614108562469482
2.0606298999996397,-0.03789997100830078,0.2284037172794342,-0.5043196678161621,-0.37568920850753784,0.5992079377174377,-0.7653786540031433,0.4826715588569641,0.394671767950058,-0.8394107222557068,0.8549075126647949
2.0805504999998448,-0.03792382776737213,0.22842124104499817,-0.5043225884437561,-0.375740110874176,0.599189281463623,-0.7691833972930908,0.48713403940200806,0.39466506242752075,-0.8445853590965271,0.849164605140686
2.100540699999783,-0.03793124482035637,0.22841019928455353,-0.5044405460357666,-0.37574639916419983,0.5991897583007812,-0.7719563841819763,0.48999419808387756,0.39468082785606384,-0.8485077619552612,0.846221387386322
2.1203380999995716,-0.037977106869220734,0.2284199744462967,-0.5044753551483154,-0.37574928998947144,0.5992255806922913,-0.7714530825614929,0.4901800751686096,0.39469724893569946,-0.8521321415901184,0.8465196490287781
2.1401338999999098,-0.037966564297676086,0.22839641571044922,-0.5044673681259155,-0.3757408857345581,0.599206805229187,-0.7714925408363342,0.4901553690433502,0.39469268918037415,-0.8536213040351868,0.8465296626091003
2.1601693999996314,-0.03792552649974823,0.22841615974903107,-0.5044692754745483,-0.3757537603378296,0.5992341041564941,-0.7714863419532776,0.49016663432121277,0.39468711614608765,-0.8535715937614441,0.8465322256088257
2.1804270999996334,-0.037950560450553894,0.2283996343612671,-0.5044623613357544,-0.37575674057006836,0.599247395992279,-0.771470308303833,0.49016180634498596,0.39468148350715637,-0.8535709977149963,0.8465349078178406
2.2002659999998286,-0.03788819909095764,0.22841639816761017,-0.5044600963592529,-0.37575286626815796,0.599266767501831,-0.7714564800262451,0.4901452660560608,0.394580602645874,-0.8535731434822083,0.8465431928634644
2.220342999999957,-0.037935417145490646,0.22838395833969116,-0.5044081211090088,-0.3757546842098236,0.5992666482925415,-0.7714262008666992,0.490138977766037,0.3944106996059418,-0.8535909056663513,0.8465228080749512
2.2403233,-0.037937574088573456,0.22842033207416534,-0.5043858289718628,-0.37576380372047424,0.5992666482925415,-0.7714141011238098,0.4901316165924072,0.39431580901145935,-0.8535823225975037,0.8465259075164795
2.2600963999998385,-0.03794905170798302,0.22841492295265198,-0.5043576955795288,-0.37576737999916077,0.5992671251296997,-0.7713720798492432,0.49013617634773254,0.39398428797721863,-0.8535813689231873,0.8465326428413391
2.2801840999995875,-0.037907443940639496,0.22836798429489136,-0.5043424367904663,-0.37575945258140564,0.5992666482925415,-0.7713009715080261,0.4901126027107239,0.3927058279514313,-0.8535818457603455,0.846552848815918
2.300441399999727,-0.037939220666885376,0.22841382026672363,-0.504307746887207,-0.37576714158058167,0.599266767501831,-0.7712904214859009,0.49010351300239563,0.3920457661151886,-0.8536072969436646,0.8465503454208374
2.3201740999998037,-0.037909120321273804,0.22841492295265198,-0.5042918920516968,-0.37576180696487427,0.5993448495864868,-0.7712804675102234,0.49009934067726135,0.392016738653183,-0.8535982370376587,0.8465699553489685
2.340144699999655,-0.037958964705467224,0.2284153401851654,-0.5042983889579773,-0.37579700350761414,0.5993808507919312,-0.77127605676651,0.49010735750198364,0.39201438426971436,-0.8535727858543396,0.84656822681427
2.360143799999605,-0.03796782344579697,0.22839607298374176,-0.5043069124221802,-0.3758029341697693,0.5994627475738525,-0.7712545394897461,0.49010273814201355,0.392060786485672,-0.8535926938056946,0.8465560674667358
2.380560499999774,-0.03788150101900101,0.22838738560676575,-0.5043168663978577,-0.3759498596191406,0.5995004177093506,-0.771263837814331,0.490094929933548,0.3921424150466919,-0.8535702228546143,0.8465858101844788
2.4001550999996653,-0.03794609755277634,0.2284194678068161,-0.504318356513977,-0.3761175870895386,0.5995687246322632,-0.7714086174964905,0.4901048243045807,0.39222678542137146,-0.8535905480384827,0.8467715978622437
2.4201216999999815,-0.037942755967378616,0.22841206192970276,-0.504421591758728,-0.37637534737586975,0.5995664000511169,-0.7720556259155273,0.4901137351989746,0.39230573177337646,-0.8535718321800232,0.8476899266242981
2.440215099999932,-0.03792883828282356,0.22841621935367584,-0.5046443939208984,-0.37717747688293457,0.5995618104934692,-0.7734051942825317,0.4900984764099121,0.39263299107551575,-0.853559136390686,0.8514817357063293
2.460084299999835,-0.03793688863515854,0.22841177880764008,-0.5054028034210205,-0.3780001997947693,0.599575400352478,-0.7808858752250671,0.4901101589202881,0.39366668462753296,-0.8535580635070801,0.859192430973053
2.480517499999678,-0.03795623779296875,0.2284041941165924,-0.5092097520828247,-0.37811243534088135,0.599581241607666,-0.7961780428886414,0.4901289939880371,0.3966447114944458,-0.8535423874855042,0.8719397187232971
2.5001790999999685,-0.03794053941965103,0.22837957739830017,-0.5168828368186951,-0.3781108856201172,0.5996164679527283,-0.8143900036811829,0.49011164903640747,0.3996279239654541,-0.8535081148147583,0.8881614804267883
2.5202204999995956,-0.03791039437055588,0.22840705513954163,-0.5243909358978271,-0.37806084752082825,0.5996518731117249,-0.8346904516220093,0.49012449383735657,0.4006427526473999,-0.8535158634185791,0.907252311706543
2.5400697999998556,-0.03791215643286705,0.22842608392238617,-0.5287646055221558,-0.37803730368614197,0.5997271537780762,-0.8558934926986694,0.4901154935359955,0.4005889296531677,-0.8535222411155701,0.9273318648338318
2.5606307999996716,-0.03795842453837395,0.228530615568161,-0.5295466184616089,-0.37804079055786133,0.599727213382721,-0.8787662982940674,0.4901162087917328,0.4005967080593109,-0.8534859418869019,0.9498395323753357
2.580125599999974,-0.03791837394237518,0.22847194969654083,-0.5296270847320557,-0.3780609667301178,0.5997225642204285,-0.9012340307235718,0.4901372790336609,0.40067258477211,-0.8534501194953918,0.972484290599823
2.6005413999996563,-0.03793002665042877,0.22839875519275665,-0.5298637747764587,-0.3780674338340759,0.5996860265731812,-0.9243931770324707,0.4901452362537384,0.4011000394821167,-0.853434145450592,0.9977819323539734
2.6206285999996908,-0.03797265142202377,0.22836294770240784,-0.5314260721206665,-0.3780656158924103,0.5996503829956055,-0.9455816745758057,0.49018481373786926,0.4018079340457916,-0.8534433841705322,1.0222420692443848
2.6400933999998415,-0.03797411918640137,0.22834156453609467,-0.5358637571334839,-0.37806493043899536,0.5996466875076294,-0.9658135771751404,0.4901883900165558,0.4040026366710663,-0.8534244894981384,1.042995572090149
2.6605882999997448,-0.03792385011911392,0.22841733694076538,-0.5422801375389099,-0.37804633378982544,0.5996469855308533,-0.9888734817504883,0.4901933968067169,0.4100254774093628,-0.8533862829208374,1.062316656112671
2.680129699999725,-0.03792760521173477,0.22844867408275604,-0.5491061210632324,-0.3780226707458496,0.599606990814209,-1.0118680000305176,0.49031463265419006,0.4111226797103882,-0.8533872365951538,1.0773553848266602
2.700693599999795,-0.03789367526769638,0.22847215831279755,-0.5567142963409424,-0.37797996401786804,0.5995728969573975,-1.0350570678710938,0.491953581571579,0.41590237617492676,-0.8533120155334473,1.0890073776245117
2.7204259999998612,-0.03792354464530945,0.2284046709537506,-0.5645401477813721,-0.377908319234848,0.5995769500732422,-1.0566428899765015,0.5042555332183838,0.4202785789966583,-0.8533228039741516,1.0969786643981934
2.740086899999824,-0.03795408084988594,0.22839197516441345,-0.5717804431915283,-0.3778916001319885,0.5995717644691467,-1.0768935680389404,0.5254722833633423,0.42038586735725403,-0.8532627820968628,1.1023695468902588
2.7601628999996137,-0.037923797965049744,0.22836005687713623,-0.5779687762260437,-0.3778148591518402,0.5995849967002869,-1.094902753829956,0.5498771667480469,0.4212793707847595,-0.8532158732414246,1.104555368423462
2.7804276999995636,-0.03789512440562248,0.22837437689304352,-0.5819199681282043,-0.3777458369731903,0.59957355260849,-1.1096076965332031,0.5741751194000244,0.4230257570743561,-0.8532114624977112,1.1064679622650146
2.800518699999884,-0.03794562444090843,0.2283773273229599,-0.5830390453338623,-0.377712607383728,0.5995851755142212,-1.1226290464401245,0.5977736711502075,0.4249725639820099,-0.8532005548477173,1.1060025691986084
2.8200974999999744,-0.03794608637690544,0.228382408618927,-0.5830627679824829,-0.37768110632896423,0.5995888113975525,-1.1342581510543823,0.6260509490966797,0.42499569058418274,-0.8532118201255798,1.1058920621871948
2.8406083999998373,-0.03789865970611572,0.22839944064617157,-0.5830198526382446,-0.3776579201221466,0.5996232032775879,-1.1442118883132935,0.6607581377029419,0.42496049404144287,-0.8532140254974365,1.105910062789917
2.8602576999996927,-0.037909917533397675,0.22843123972415924,-0.583024799823761,-0.377606064081192,0.5996496677398682,-1.1501799821853638,0.6924173831939697,0.4249345362186432,-0.8532366752624512,1.1058589220046997
2.8802286999998614,-0.037912461906671524,0.2284679412841797,-0.5829421281814575,-0.377596378326416,0.5996795892715454,-1.1514155864715576,0.7240678071975708,0.424814373254776,-0.8532420992851257,1.1058356761932373
2.900376899999628,-0.03791024535894394,0.2284235656261444,-0.5828795433044434,-0.37758341431617737,0.5997248888015747,-1.151259422302246,0.7523104548454285,0.4243861436843872,-0.8532504439353943,1.1057493686676025
2.920641899999737,-0.037983156740665436,0.22836178541183472,-0.5825244188308716,-0.3775676190853119,0.5997990369796753,-1.1507664918899536,0.7724183201789856,0.4239788353443146,-0.8532898426055908,1.1056773662567139
2.9404131999999663,-0.037917159497737885,0.22836834192276,-0.5824698209762573,-0.3775191307067871,0.5999130010604858,-1.1458247900009155,0.781295895576477,0.4231095016002655,-0.8533186912536621,1.1056127548217773
2.9601305999999568,-0.03789576515555382,0.2284047156572342,-0.5820623636245728,-0.3775215148925781,0.5998817682266235,-1.1369856595993042,0.7815189361572266,0.4231499135494232,-0.8533530235290527,1.1055494546890259
2.980152199999793,-0.03793792426586151,0.2284165918827057,-0.5806608200073242,-0.3774743676185608,0.5998415946960449,-1.126251220703125,0.7815126776695251,0.4231361448764801,-0.8533828258514404,1.1055564880371094
3.0004933999998684,-0.03792322427034378,0.22851143777370453,-0.5804986953735352,-0.3774487376213074,0.5998317003250122,-1.113755702972412,0.7814822793006897,0.4228399395942688,-0.8534241318702698,1.1055768728256226
3.0204461999996965,-0.03789298236370087,0.22852826118469238,-0.5800595283508301,-0.377436101436615,0.5998069047927856,-1.0997827053070068,0.7814004421234131,0.42210784554481506,-0.8534343242645264,1.105546236038208
3.0405486999998175,-0.03793807700276375,0.2284257560968399,-0.5769730806350708,-0.3774413466453552,0.5998021960258484,-1.0818027257919312,0.7813302278518677,0.4183111786842346,-0.8534790873527527,1.105419397354126
3.060132899999644,-0.037979528307914734,0.2284017950296402,-0.569145917892456,-0.3774407207965851,0.5998011827468872,-1.0593879222869873,0.7813235521316528,0.41435331106185913,-0.8535131216049194,1.1051729917526245
3.0802810999998655,-0.03791821748018265,0.22837631404399872,-0.5578615069389343,-0.37742307782173157,0.5998074412345886,-1.0333917140960693,0.7812342643737793,0.4151775538921356,-0.8535188436508179,1.103804588317871
3.100342599999749,-0.0379125140607357,0.22839859127998352,-0.5457952618598938,-0.3773070275783539,0.5998135805130005,-1.0058379173278809,0.7812374234199524,0.4150279462337494,-0.8536052703857422,1.0945525169372559
3.120149599999877,-0.03798682987689972,0.2284001111984253,-0.5338072776794434,-0.377259761095047,0.599807620048523,-0.9754921793937683,0.7811680436134338,0.4147106409072876,-0.8536555171012878,1.075815200805664
3.1401950999998007,-0.037953488528728485,0.22841939330101013,-0.5222542881965637,-0.3772633671760559,0.5998015999794006,-0.9432082772254944,0.7810361981391907,0.4140867590904236,-0.8538534045219421,1.0519559383392334
3.1602006999996775,-0.03789705038070679,0.2284214347600937,-0.511725902557373,-0.37724941968917847,0.5997753143310547,-0.9094030261039734,0.7805556654930115,0.4136942923069,-0.8551658987998962,1.0288667678833008
3.180163099999845,-0.037969920784235,0.22844386100769043,-0.5026236772537231,-0.3772452473640442,0.5997530221939087,-0.8755475878715515,0.7782069444656372,0.41049396991729736,-0.8642414808273315,1.0077245235443115
3.2000709999997525,-0.0379340797662735,0.2284371703863144,-0.4952877461910248,-0.3772568702697754,0.5997531414031982,-0.8419696092605591,0.7765863537788391,0.407612144947052,-0.8815970420837402,0.9862379431724548
3.22053059999962,-0.03796214610338211,0.2284073680639267,-0.4887857139110565,-0.3772503733634949,0.5997205972671509,-0.8067992329597473,0.7765514254570007,0.40772250294685364,-0.9034634828567505,0.9612243175506592
3.2405242999998336,-0.037923432886600494,0.22840386629104614,-0.48224273324012756,-0.37724363803863525,0.5997270345687866,-0.774390459060669,0.7765238285064697,0.4077192544937134,-0.9253190159797668,0.9314548373222351
3.260552899999766,-0.037934813648462296,0.2283833622932434,-0.4745834767818451,-0.37722867727279663,0.5997267365455627,-0.742770791053772,0.7765475511550903,0.4077102541923523,-0.9469105005264282,0.8982380032539368
3.280607400000008,-0.0379040390253067,0.22840383648872375,-0.46642279624938965,-0.37723374366760254,0.599726140499115,-0.7138476371765137,0.7765432596206665,0.40772145986557007,-0.9672918319702148,0.8639964461326599
3.3002031999999417,-0.03792499378323555,0.2284245640039444,-0.4588923156261444,-0.377227783203125,0.5997107028961182,-0.6880742907524109,0.7765321135520935,0.4077144265174866,-0.985645592212677,0.8291059732437134
3.320500099999663,-0.03795590251684189,0.22842302918434143,-0.4524812400341034,-0.3767823874950409,0.5997225046157837,-0.6624013185501099,0.7765176892280579,0.4076883792877197,-1.0043835639953613,0.7948272228240967
3.340168399999584,-0.03788703680038452,0.22847135365009308,-0.44713401794433594,-0.37513118982315063,0.5997098684310913,-0.6399097442626953,0.7765005826950073,0.4076484441757202,-1.0218844413757324,0.764663577079773
3.3605986999996276,-0.03790159523487091,0.22846053540706635,-0.4426562488079071,-0.3754534125328064,0.5997053384780884,-0.6180938482284546,0.7764880657196045,0.4075492024421692,-1.0384567975997925,0.7368524074554443
3.3802034999998796,-0.03788549825549126,0.2284359186887741,-0.4381336569786072,-0.37549513578414917,0.5997040271759033,-0.5976161360740662,0.7764667868614197,0.40747857093811035,-1.0523498058319092,0.7138379812240601
3.4003701999999976,-0.037950899451971054,0.22838184237480164,-0.4333922564983368,-0.37551349401474,0.5997147560119629,-0.5775145292282104,0.7764236330986023,0.40744155645370483,-1.0644344091415405,0.692383348941803
3.4206215999997767,-0.0379614531993866,0.2283947765827179,-0.4273635447025299,-0.37550610303878784,0.5997027158737183,-0.5582505464553833,0.7763264179229736,0.4072255492210388,-1.0744094848632812,0.6715923547744751
3.4401380999997855,-0.037904027849435806,0.2283853143453598,-0.41925427317619324,-0.3754754960536957,0.5997246503829956,-0.5406845808029175,0.7761136889457703,0.4068380296230316,-1.083014965057373,0.6527293920516968
3.4605783999995765,-0.037927210330963135,0.22841975092887878,-0.40906181931495667,-0.3754192590713501,0.5997185707092285,-0.5226738452911377,0.775445282459259,0.4055485427379608,-1.0922224521636963,0.6351436376571655
3.4805309999997007,-0.03792042285203934,0.22849522531032562,-0.39950984716415405,-0.3753478229045868,0.5997120141983032,-0.5059559941291809,0.7671091556549072,0.4006388783454895,-1.10226309299469,0.6215032339096069
3.500042399999984,-0.03790764883160591,0.22846803069114685,-0.39172983169555664,-0.3753014802932739,0.5996890068054199,-0.49055248498916626,0.7513258457183838,0.39915376901626587,-1.1137944459915161,0.6113173961639404
3.52033369999981,-0.03796418756246567,0.22841745615005493,-0.38494426012039185,-0.3753044903278351,0.5995723009109497,-0.47608718276023865,0.7301115989685059,0.39904406666755676,-1.1267399787902832,0.6047530174255371
3.5405119999995804,-0.037905264645814896,0.2283797562122345,-0.3796197474002838,-0.37528571486473083,0.5995565056800842,-0.46392443776130676,0.705070972442627,0.3988910913467407,-1.1376221179962158,0.6042875051498413
3.560584199999994,-0.03790034353733063,0.22838611900806427,-0.3762325346469879,-0.37521323561668396,0.5995715856552124,-0.45402613282203674,0.6790590286254883,0.3977294862270355,-1.1455397605895996,0.6041573286056519
3.5803568999999698,-0.03797893226146698,0.22840137779712677,-0.3758554756641388,-0.375224232673645,0.5995659232139587,-0.4462362825870514,0.6530616283416748,0.391558974981308,-1.1510281562805176,0.6040965914726257
3.6005738999997448,-0.03791753202676773,0.2283903956413269,-0.37584763765335083,-0.3752131164073944,0.5995585918426514,-0.43989816308021545,0.6261752247810364,0.38422682881355286,-1.1522464752197266,0.6041401624679565
3.6201745999997,-0.03790838271379471,0.22841550409793854,-0.37584301829338074,-0.37524065375328064,0.5995508432388306,-0.43621066212654114,0.6030386686325073,0.3811204731464386,-1.152219533920288,0.6041138172149658
3.6401725999999144,-0.03794748708605766,0.2284095138311386,-0.37584084272384644,-0.3752368092536926,0.5995587110519409,-0.43503519892692566,0.5821774005889893,0.3760872185230255,-1.1521227359771729,0.6041527986526489
3.6601432999996177,-0.03793676197528839,0.22845536470413208,-0.3758651614189148,-0.37527376413345337,0.5995609760284424,-0.43512019515037537,0.5687748193740845,0.375127375125885,-1.152111291885376,0.6041962504386902
3.680485399999725,-0.03794373571872711,0.2285083383321762,-0.37585392594337463,-0.37532955408096313,0.5995047092437744,-0.435234397649765,0.5609796643257141,0.3735071122646332,-1.152099370956421,0.6042370200157166
3.7004691999995885,-0.0379549115896225,0.2284252643585205,-0.3759182095527649,-0.37544625997543335,0.5995008945465088,-0.4357161819934845,0.5555442571640015,0.36775869131088257,-1.1520874500274658,0.6042165756225586
3.720660499999667,-0.03792772442102432,0.2283877730369568,-0.37592050433158875,-0.3755435347557068,0.5994957685470581,-0.4361018240451813,0.5545679330825806,0.3686422109603882,-1.152066707611084,0.6042102575302124
3.7401568999998744,-0.03794457018375397,0.22836531698703766,-0.37595993280410767,-0.3755975067615509,0.5994906425476074,-0.4362623989582062,0.5539000034332275,0.3683632016181946,-1.1520700454711914,0.6041884422302246
3.760143099999823,-0.03796716034412384,0.22838790714740753,-0.3760453462600708,-0.3756069242954254,0.5994945764541626,-0.43639636039733887,0.5516424179077148,0.3683435022830963,-1.1520384550094604,0.604188084602356
3.780222199999571,-0.03791002184152603,0.22840259969234467,-0.37709566950798035,-0.3756844401359558,0.5994963645935059,-0.43640467524528503,0.5438421964645386,0.3684384822845459,-1.1520187854766846,0.6041692495346069
3.800239799999872,-0.03795069456100464,0.22843025624752045,-0.37967702746391296,-0.3756698668003082,0.5994957685470581,-0.4364127516746521,0.532470703125,0.3685365617275238,-1.1519920825958252,0.6041789054870605
3.820240599999579,-0.03792128339409828,0.22841081023216248,-0.3835284411907196,-0.3757089078426361,0.5995045900344849,-0.4365890920162201,0.5225050449371338,0.3685194253921509,-1.1518452167510986,0.6041910648345947
3.8401914999999462,-0.037930846214294434,0.22841203212738037,-0.39010217785835266,-0.3757190704345703,0.5994918346405029,-0.4364990293979645,0.5113335847854614,0.36851590871810913,-1.1512067317962646,0.6042368412017822
3.8603766999999607,-0.037936821579933167,0.2284337878227234,-0.3970450162887573,-0.37570756673812866,0.5994983911514282,-0.43649670481681824,0.4964919090270996,0.368691623210907,-1.1489017009735107,0.6043925285339355
3.8803971999996065,-0.03790462762117386,0.22843582928180695,-0.4017584025859833,-0.37569093704223633,0.5994893312454224,-0.43650099635124207,0.4857706129550934,0.36874955892562866,-1.148646593093872,0.6046444773674011
3.900408900000002,-0.03792906552553177,0.22842717170715332,-0.40261292457580566,-0.37568435072898865,0.599478006362915,-0.4365232586860657,0.48133328557014465,0.3687467575073242,-1.1486492156982422,0.6061344146728516
3.9201556999996683,-0.037935711443424225,0.228393092751503,-0.40265822410583496,-0.3756783604621887,0.5994597673416138,-0.4366263449192047,0.4798452854156494,0.3689160943031311,-1.1486430168151855,0.612153172492981
3.940381399999751,-0.037960153073072433,0.22836172580718994,-0.402692586183548,-0.37568792700767517,0.5994696617126465,-0.4381367266178131,0.4800305664539337,0.3693733811378479,-1.1486625671386719,0.6217602491378784
3.9602051999995638,-0.03790527582168579,0.2283308207988739,-0.4028417766094208,-0.37575170397758484,0.5994848012924194,-0.44629162549972534,0.4803338050842285,0.37011104822158813,-1.1486562490463257,0.6326728463172913
3.980504699999983,-0.037934206426143646,0.2283831685781479,-0.40339720249176025,-0.3758109509944916,0.5994882583618164,-0.45982661843299866,0.48050832748413086,0.37358158826828003,-1.1486530303955078,0.6455214023590088
4.000502499999584,-0.037961557507514954,0.22841554880142212,-0.4063589572906494,-0.37588533759117126,0.5994956493377686,-0.47878336906433105,0.48056304454803467,0.3802104592323303,-1.148604393005371,0.6600437164306641
4.020155699999577,-0.03795386850833893,0.22851411998271942,-0.41245922446250916,-0.37601014971733093,0.5994906425476074,-0.5039016008377075,0.48061254620552063,0.38471508026123047,-1.148478388786316,0.6765749454498291
4.040143199999875,-0.03788267821073532,0.2285652607679367,-0.41980597376823425,-0.3760513961315155,0.5994796752929688,-0.5344169735908508,0.4806976318359375,0.3875405788421631,-1.1482532024383545,0.6945822238922119
4.060470699999769,-0.03789098560810089,0.22847184538841248,-0.427095502614975,-0.3760302662849426,0.5994932055473328,-0.5683595538139343,0.48080137372016907,0.3913264870643616,-1.147925615310669,0.7116785049438477
4.080391899999995,-0.03792036324739456,0.22839951515197754,-0.4324566125869751,-0.37602853775024414,0.5994805097579956,-0.6037683486938477,0.48082274198532104,0.4008257985115051,-1.1474294662475586,0.7271159887313843
4.1003695999997944,-0.0379028245806694,0.228288471698761,-0.4361405670642853,-0.3760034441947937,0.599483847618103,-0.6403325796127319,0.48087891936302185,0.40771564841270447,-1.144547700881958,0.74183189868927
4.120372599999882,-0.03794902563095093,0.22832252085208893,-0.4374633729457855,-0.37603312730789185,0.5994403958320618,-0.6787685751914978,0.48106497526168823,0.4094138443470001,-1.1329429149627686,0.7562685012817383
4.140340599999945,-0.03796540945768356,0.22830913960933685,-0.43877124786376953,-0.375984787940979,0.5994288921356201,-0.7162412405014038,0.48120054602622986,0.41024157404899597,-1.1128778457641602,0.7718532681465149
4.160858199999893,-0.03789852187037468,0.22843876481056213,-0.4413659870624542,-0.3759823441505432,0.5994164943695068,-0.754217267036438,0.48182135820388794,0.4109899401664734,-1.0859193801879883,0.7914265990257263
4.180139499999768,-0.037896640598773956,0.2284696400165558,-0.4432380497455597,-0.37596145272254944,0.5994011163711548,-0.7902444005012512,0.48934727907180786,0.4161514341831207,-1.0583173036575317,0.8134118914604187
4.200432099999944,-0.037903305143117905,0.22846801578998566,-0.44324371218681335,-0.375892698764801,0.5993605852127075,-0.8265737891197205,0.5069447159767151,0.4157363772392273,-1.0280879735946655,0.8412549495697021
4.220405999999912,-0.03795524314045906,0.2284538298845291,-0.44326892495155334,-0.37588974833488464,0.599342942237854,-0.8607709407806396,0.5275135040283203,0.4162001609802246,-1.0000451803207397,0.870962381362915
4.240121899999849,-0.03793077915906906,0.22841143608093262,-0.44325947761535645,-0.3758781850337982,0.5992779731750488,-0.8920308947563171,0.5467942953109741,0.4161475896835327,-0.9748563170433044,0.898171603679657
4.260451699999976,-0.03790523111820221,0.22838668525218964,-0.4432639479637146,-0.3758176565170288,0.599268913269043,-0.922666072845459,0.5639960169792175,0.41643592715263367,-0.9515265822410583,0.9211120009422302
4.280605799999648,-0.03799019753932953,0.22824451327323914,-0.4432659149169922,-0.3758215010166168,0.5992667078971863,-0.9503121376037598,0.5791995525360107,0.4167138338088989,-0.9319874048233032,0.9374295473098755
4.300377299999582,-0.037944942712783813,0.2282949835062027,-0.4432545304298401,-0.3758184313774109,0.59926438331604,-0.9761017560958862,0.5938379764556885,0.41787996888160706,-0.9174199104309082,0.9479936361312866
4.32062169999972,-0.03792254254221916,0.22842124104499817,-0.44325754046440125,-0.37582284212112427,0.5992667078971863,-0.9996021389961243,0.6124808192253113,0.4222090244293213,-0.9069333672523499,0.9549685716629028
4.340524099999584,-0.037937894463539124,0.22857783734798431,-0.4432442784309387,-0.37577569484710693,0.5992648005485535,-1.0179226398468018,0.6322845220565796,0.425211638212204,-0.8996461033821106,0.960933268070221
4.360510499999691,-0.037911079823970795,0.2285575270652771,-0.44324612617492676,-0.37569066882133484,0.5992666482925415,-1.0320136547088623,0.6543619632720947,0.4251531660556793,-0.8943062424659729,0.9638353586196899
4.380595299999641,-0.03795237839221954,0.22846156358718872,-0.44322213530540466,-0.37568384408950806,0.5992664694786072,-1.0422379970550537,0.6761676669120789,0.42513978481292725,-0.892663836479187,0.9668548107147217
4.400270699999965,-0.03799369931221008,0.2284150868654251,-0.4431917071342468,-0.3756740689277649,0.5992663502693176,-1.048474669456482,0.6973997950553894,0.4251022934913635,-0.8926565051078796,0.9660415649414062
4.420522399999754,-0.03795678913593292,0.22840748727321625,-0.4431883692741394,-0.3756754696369171,0.599266529083252,-1.0490832328796387,0.7183495759963989,0.4250558018684387,-0.8926985859870911,0.9660207629203796
4.44012819999989,-0.037915147840976715,0.22841061651706696,-0.44317159056663513,-0.37568408250808716,0.5992666482925415,-1.0490245819091797,0.7345092296600342,0.42497754096984863,-0.8927450776100159,0.9659777879714966
4.460537899999963,-0.03795070946216583,0.22837325930595398,-0.4431549906730652,-0.37567609548568726,0.5992708206176758,-1.0488791465759277,0.744239330291748,0.4246949255466461,-0.8927810192108154,0.9659602642059326
4.480164299999615,-0.03794834017753601,0.22843268513679504,-0.44310203194618225,-0.37567564845085144,0.5992726683616638,-1.0484116077423096,0.7462805509567261,0.42455166578292847,-0.8929534554481506,0.9659527540206909
4.500604399999702,-0.03788173943758011,0.22842343151569366,-0.4430411458015442,-0.37568768858909607,0.599266529083252,-1.0474004745483398,0.7461975812911987,0.42444032430648804,-0.8931021094322205,0.9659557342529297
4.520185599999877,-0.03792751580476761,0.22844462096691132,-0.44289425015449524,-0.3756771683692932,0.599266529083252,-1.0427565574645996,0.7461942434310913,0.4241276979446411,-0.8933387398719788,0.9659397602081299
4.540257999999994,-0.037956930696964264,0.22843024134635925,-0.44273948669433594,-0.37567949295043945,0.599266767501831,-1.039228916168213,0.7461999654769897,0.4237159490585327,-0.8937656283378601,0.9658737778663635
4.560083499999564,-0.03794220834970474,0.22843119502067566,-0.44257059693336487,-0.37567171454429626,0.5992667078971863,-1.0335261821746826,0.74614018201828,0.4232062101364136,-0.8980278372764587,0.9654821753501892
4.580543999999918,-0.03793434426188469,0.22840166091918945,-0.44218599796295166,-0.37568917870521545,0.5992666482925415,-1.0264544486999512,0.7459516525268555,0.42298945784568787,-0.9055524468421936,0.9635704755783081
4.600588799999969,-0.03799261152744293,0.22834691405296326,-0.44210976362228394,-0.37568506598472595,0.5992785692214966,-1.0168464183807373,0.74556964635849,0.42262503504753113,-0.9150797724723816,0.9564163684844971
4.620538799999849,-0.03789765015244484,0.22839081287384033,-0.4417232871055603,-0.37561753392219543,0.5992940664291382,-1.0027797222137451,0.7450358867645264,0.4223470687866211,-0.9258434772491455,0.9380688667297363
4.640504199999668,-0.0379018560051918,0.22843021154403687,-0.4416356384754181,-0.3755357265472412,0.5993314981460571,-0.9839503169059753,0.7450218200683594,0.4195774793624878,-0.9379773139953613,0.913309633731842
4.660477599999922,-0.03791345655918121,0.22855044901371002,-0.44150179624557495,-0.37552157044410706,0.5993428230285645,-0.9607923626899719,0.7450123429298401,0.41443613171577454,-0.9513459205627441,0.8884726166725159
4.680249799999729,-0.03790060430765152,0.22855740785598755,-0.4410063624382019,-0.375526487827301,0.599322497844696,-0.9347901940345764,0.7448511123657227,0.4152502715587616,-0.9650776386260986,0.8650549054145813
4.7003014999995685,-0.03793976455926895,0.22848573327064514,-0.43970441818237305,-0.3755429685115814,0.5993421673774719,-0.9050019979476929,0.7443797588348389,0.4150215685367584,-0.9788550734519958,0.8423281311988831
4.7201484999995955,-0.03798530995845795,0.22839292883872986,-0.43733295798301697,-0.3755224347114563,0.5993468761444092,-0.8735124468803406,0.741578221321106,0.41500505805015564,-0.9930042028427124,0.8206539154052734
4.740565799999786,-0.0379427969455719,0.22840599715709686,-0.4330941438674927,-0.37552186846733093,0.5994084477424622,-0.8387024998664856,0.7338409423828125,0.41505056619644165,-1.0084381103515625,0.7996336221694946
4.760164599999825,-0.03792659938335419,0.22841687500476837,-0.42836257815361023,-0.3755664527416229,0.5994194149971008,-0.8033526539802551,0.7249465584754944,0.4150165915489197,-1.0238640308380127,0.7800442576408386
4.780331999999817,-0.037996720522642136,0.22839373350143433,-0.42282992601394653,-0.3755747377872467,0.5994195938110352,-0.7678319215774536,0.7129007577896118,0.41475993394851685,-1.039059042930603,0.7606756687164307
4.8003106999999545,-0.03789883106946945,0.2284197211265564,-0.4177510142326355,-0.3755994439125061,0.5994209051132202,-0.7330045700073242,0.6975968480110168,0.41462111473083496,-1.0524799823760986,0.7430658936500549
4.820617799999582,-0.03794816881418228,0.228506401181221,-0.4132886528968811,-0.3756479322910309,0.599419116973877,-0.7017830610275269,0.6827019453048706,0.4142402112483978,-1.0646581649780273,0.7280675172805786
4.840507699999762,-0.03790975734591484,0.2284645140171051,-0.4094478189945221,-0.37567266821861267,0.5994166135787964,-0.6728663444519043,0.6683932542800903,0.41225677728652954,-1.0752239227294922,0.7173415422439575
4.860309799999868,-0.03794030845165253,0.22848019003868103,-0.4065357446670532,-0.3756563067436218,0.5994199514389038,-0.6459980010986328,0.6546944379806519,0.404685914516449,-1.0853912830352783,0.710134744644165
4.8805247999998755,-0.037933021783828735,0.22839224338531494,-0.40563350915908813,-0.3756728768348694,0.5994203090667725,-0.6212447881698608,0.6408696174621582,0.4006911516189575,-1.0952441692352295,0.7059617042541504
4.9001217,-0.03798652067780495,0.22838091850280762,-0.40460166335105896,-0.37566670775413513,0.5994173884391785,-0.5979111194610596,0.6257143020629883,0.400208443403244,-1.1033556461334229,0.703943133354187
4.920153499999742,-0.03792034089565277,0.2284127026796341,-0.40224695205688477,-0.3756583034992218,0.5994197130203247,-0.5751107335090637,0.608296275138855,0.39848265051841736,-1.1102027893066406,0.7042107582092285
4.940079699999842,-0.037923023104667664,0.22837553918361664,-0.3986310660839081,-0.3756542205810547,0.5994248390197754,-0.5541839599609375,0.5901767015457153,0.39593347907066345,-1.1161253452301025,0.7042319774627686
4.960120999999617,-0.03794597089290619,0.22843444347381592,-0.3942502737045288,-0.37564924359321594,0.5994194746017456,-0.534450888633728,0.5755096673965454,0.39098745584487915,-1.1206501722335815,0.7042011022567749
4.980368399999861,-0.03795463964343071,0.22846053540706635,-0.38900643587112427,-0.3756147623062134,0.5994164943695068,-0.5148096680641174,0.5626376867294312,0.38614726066589355,-1.1241369247436523,0.7042041420936584
5.000439099999767,-0.03794129565358162,0.22847482562065125,-0.3837890625,-0.3755945563316345,0.5994223356246948,-0.49547839164733887,0.5511925220489502,0.38198229670524597,-1.1263530254364014,0.704195499420166
5.0202282999998715,-0.03789389505982399,0.2284158319234848,-0.3794567883014679,-0.37559372186660767,0.5994124412536621,-0.4780571758747101,0.5385434031486511,0.37912195920944214,-1.1265196800231934,0.7041910886764526
5.040203999999903,-0.03791414201259613,0.22841012477874756,-0.37585869431495667,-0.37557798624038696,0.5994197130203247,-0.4619922637939453,0.5265153646469116,0.3774107098579407,-1.126523494720459,0.704188883304596
5.060136299999613,-0.037946976721286774,0.22841238975524902,-0.37366726994514465,-0.375541627407074,0.5994200706481934,-0.44664475321769714,0.5175440311431885,0.3773244619369507,-1.1265206336975098,0.7042049169540405
5.080343199999788,-0.03792833536863327,0.2283487766981125,-0.3708224594593048,-0.3754791021347046,0.5994199514389038,-0.43167948722839355,0.5072282552719116,0.37726086378097534,-1.1265382766723633,0.7041809558868408
5.100250999999844,-0.0379122756421566,0.2284122258424759,-0.36938852071762085,-0.3754410445690155,0.599416196346283,-0.4193677604198456,0.49591121077537537,0.3772474527359009,-1.1265263557434082,0.7041715383529663
5.1202188999996,-0.03789135813713074,0.22841930389404297,-0.3692810535430908,-0.3754446506500244,0.5994178056716919,-0.40971702337265015,0.488339364528656,0.3769894242286682,-1.1265439987182617,0.7041745185852051
5.140087599999788,-0.03794875741004944,0.22841627895832062,-0.3692951500415802,-0.3754488229751587,0.5994144678115845,-0.40341606736183167,0.4832339584827423,0.37681064009666443,-1.1265144348144531,0.7041754722595215
5.160484099999849,-0.03791726008057594,0.22841982543468475,-0.3693050146102905,-0.37545832991600037,0.5994175672531128,-0.399721622467041,0.476998895406723,0.37670034170150757,-1.126528024673462,0.7041979432106018
5.1800930999997945,-0.037928201258182526,0.2284182757139206,-0.3693321943283081,-0.37548625469207764,0.5994198322296143,-0.40130534768104553,0.4719630777835846,0.37669074535369873,-1.126510500907898,0.7042347192764282
5.200416999999561,-0.03792857378721237,0.22838781774044037,-0.369356632232666,-0.37550657987594604,0.599419116973877,-0.4011223316192627,0.4700113832950592,0.37667104601860046,-1.1264607906341553,0.7043585181236267
5.220490499999869,-0.03793349862098694,0.2284141629934311,-0.3693597614765167,-0.37557968497276306,0.5994188785552979,-0.40113329887390137,0.46999698877334595,0.37663450837135315,-1.1264138221740723,0.704524576663971
5.240565299999616,-0.03793933987617493,0.22841423749923706,-0.36940598487854004,-0.3756747245788574,0.599394679069519,-0.40112578868865967,0.47001463174819946,0.3765946626663208,-1.1263760328292847,0.7045575380325317
5.260067399999571,-0.03785783424973488,0.2284207046031952,-0.36946040391921997,-0.3756920099258423,0.5994065999984741,-0.4011574685573578,0.47000008821487427,0.3766264319419861,-1.1262850761413574,0.7045766115188599
5.280524099999639,-0.03792145848274231,0.22842097282409668,-0.36952412128448486,-0.37568262219429016,0.599411129951477,-0.4012511372566223,0.4700334370136261,0.3766571879386902,-1.1262286901474,0.704672634601593
5.300172499999917,-0.03796705603599548,0.22841773927211761,-0.3703249394893646,-0.3757474720478058,0.5994304418563843,-0.40129029750823975,0.4700178802013397,0.3766734302043915,-1.1262191534042358,0.7051523923873901
5.32056029999967,-0.03791767358779907,0.22842544317245483,-0.3720201849937439,-0.37574097514152527,0.5994182825088501,-0.4013496935367584,0.4700256586074829,0.37668511271476746,-1.126173734664917,0.7066264152526855
5.340184399999998,-0.037954822182655334,0.22841738164424896,-0.37418317794799805,-0.37615251541137695,0.5994170308113098,-0.40144217014312744,0.47003045678138733,0.3767540752887726,-1.1261341571807861,0.7129963040351868
5.360195799999929,-0.03792542964220047,0.22841833531856537,-0.3784630596637726,-0.37632670998573303,0.5994195342063904,-0.4017177224159241,0.47004368901252747,0.3768455386161804,-1.1260597705841064,0.7280111312866211
5.380097399999613,-0.03797388821840286,0.2284216582775116,-0.3867369592189789,-0.3763360381126404,0.5993627309799194,-0.40301844477653503,0.4700310528278351,0.3771776258945465,-1.1257212162017822,0.7513823509216309
5.40063949999967,-0.037928007543087006,0.22841483354568481,-0.39822185039520264,-0.3768322169780731,0.5993664860725403,-0.4064830243587494,0.47004473209381104,0.3773559033870697,-1.1232383251190186,0.78179532289505
5.4203575999999885,-0.03790706396102905,0.22841162979602814,-0.4095920920372009,-0.3779219388961792,0.5994271039962769,-0.4158776104450226,0.47004297375679016,0.37735676765441895,-1.1175050735473633,0.8128448724746704
5.440250399999968,-0.03791164979338646,0.22841334342956543,-0.4195171296596527,-0.3778302073478699,0.5994192361831665,-0.4311372637748718,0.4700222611427307,0.377350777387619,-1.1067841053009033,0.8449574112892151
5.460312999999587,-0.037947289645671844,0.22840604186058044,-0.42711153626441956,-0.37783265113830566,0.5994201302528381,-0.4526945650577545,0.47003617882728577,0.3773413300514221,-1.0918771028518677,0.878795325756073
5.48061319999988,-0.03797244280576706,0.22841964662075043,-0.4308912456035614,-0.3778495192527771,0.5994129180908203,-0.4791436195373535,0.47005632519721985,0.37734606862068176,-1.074746012687683,0.9144006967544556
5.5005904999998165,-0.03793662041425705,0.22840259969234467,-0.43317222595214844,-0.37782567739486694,0.5994126796722412,-0.5105239152908325,0.4700688123703003,0.3773515820503235,-1.057823657989502,0.9511047005653381
5.520369699999719,-0.0379081666469574,0.22842542827129364,-0.4344424307346344,-0.3778284192085266,0.5993833541870117,-0.546268105506897,0.47051018476486206,0.37735557556152344,-1.0429844856262207,0.9874674677848816
5.540667199999916,-0.03796914219856262,0.2284250408411026,-0.4344724118709564,-0.37782949209213257,0.5994131565093994,-0.5878018140792847,0.47150880098342896,0.3773612082004547,-1.0316423177719116,1.0244081020355225
5.560574999999972,-0.03793893754482269,0.22842511534690857,-0.43452775478363037,-0.3777931034564972,0.5994153022766113,-0.632652997970581,0.4716246426105499,0.37750470638275146,-1.0235297679901123,1.0580055713653564
5.580544599999939,-0.03791732341051102,0.22842225432395935,-0.434818297624588,-0.3777758479118347,0.5993964672088623,-0.6794885396957397,0.4717051684856415,0.3778148591518402,-1.017467975616455,1.089630365371704
5.600509399999737,-0.03794824704527855,0.22841423749923706,-0.43486401438713074,-0.37767037749290466,0.5994071960449219,-0.7262768745422363,0.471835196018219,0.3782159686088562,-1.0121872425079346,1.117867350578308
5.6200763999995615,-0.03795863315463066,0.2284165918827057,-0.43485134840011597,-0.3775835335254669,0.5993900299072266,-0.7721003293991089,0.47186723351478577,0.38058701157569885,-1.0067551136016846,1.1430909633636475
5.640210899999602,-0.0379207581281662,0.2284231185913086,-0.4348306655883789,-0.3774927854537964,0.5993818044662476,-0.8166899085044861,0.4719219505786896,0.38460972905158997,-1.0021077394485474,1.1677443981170654
5.660390899999584,-0.037915561348199844,0.2284165471792221,-0.43482115864753723,-0.37744635343551636,0.5993462800979614,-0.8597100377082825,0.47197821736335754,0.38632217049598694,-0.9961959719657898,1.1909070014953613
5.680488999999852,-0.03792424499988556,0.22842799127101898,-0.43482375144958496,-0.37745609879493713,0.5993407964706421,-0.897063136100769,0.47216495871543884,0.38645654916763306,-0.9899256825447083,1.2098853588104248
5.700248299999657,-0.0379127636551857,0.22841832041740417,-0.43480604887008667,-0.3774580657482147,0.5993431806564331,-0.9299983382225037,0.47250404953956604,0.38662517070770264,-0.9831398129463196,1.2246692180633545
5.720266899999842,-0.03793651983141899,0.22841323912143707,-0.4347994029521942,-0.3774532973766327,0.599346399307251,-0.9571550488471985,0.47696831822395325,0.38732612133026123,-0.9763908386230469,1.2365045547485352
5.740287399999943,-0.03793199732899666,0.22840073704719543,-0.43478646874427795,-0.3774451017379761,0.5993509292602539,-0.9789268374443054,0.4927629232406616,0.39111998677253723,-0.9698289632797241,1.2465038299560547
5.760526199999731,-0.03792179748415947,0.2284153252840042,-0.4347487986087799,-0.37744849920272827,0.5993633270263672,-0.9937946796417236,0.5107033848762512,0.3923986554145813,-0.9623750448226929,1.2551038265228271
5.780136199999561,-0.03792998194694519,0.22843037545681,-0.4347415566444397,-0.3774426579475403,0.5993647575378418,-1.0014126300811768,0.5265852212905884,0.392460435628891,-0.9546003937721252,1.2599214315414429
5.800472799999625,-0.03794840723276138,0.22843939065933228,-0.43462592363357544,-0.3774443566799164,0.599355936050415,-1.0037668943405151,0.5399668216705322,0.3925454318523407,-0.9482150077819824,1.25941002368927
5.820382299999892,-0.03792218118906021,0.22840945422649384,-0.4345603883266449,-0.3774421811103821,0.5993615984916687,-1.0031933784484863,0.5504672527313232,0.3927852511405945,-0.946114182472229,1.258703589439392
5.840121499999896,-0.037942469120025635,0.22842749953269958,-0.43433162569999695,-0.37734225392341614,0.5993490219116211,-1.0031015872955322,0.554972767829895,0.3935140073299408,-0.9465892314910889,1.258652925491333
5.860349799999767,-0.037965498864650726,0.22839930653572083,-0.43430426716804504,-0.37734511494636536,0.599353551864624,-1.0029417276382446,0.5584721565246582,0.3960694968700409,-0.946604311466217,1.2584843635559082
5.880315399999745,-0.03793703764677048,0.2284279465675354,-0.43413615226745605,-0.37734684348106384,0.5993458032608032,-1.0028862953186035,0.5593604445457458,0.39658063650131226,-0.946749746799469,1.2576651573181152
5.900518199999624,-0.03791417181491852,0.22840918600559235,-0.4336546063423157,-0.37731805443763733,0.5993434190750122,-1.0028573274612427,0.5593435764312744,0.3964606821537018,-0.9469041228294373,1.2512750625610352
5.920249999999669,-0.03787282109260559,0.2284194976091385,-0.4335910975933075,-0.3773045837879181,0.599334716796875,-1.0028592348098755,0.559321939945221,0.396403968334198,-0.9470784068107605,1.2403013706207275
5.940205599999899,-0.03792745992541313,0.22839809954166412,-0.4334627687931061,-0.3773052990436554,0.5993395447731018,-1.0027806758880615,0.5593060255050659,0.3962181806564331,-0.9475123286247253,1.2258518934249878
5.960647199999585,-0.03796334192156792,0.22843308746814728,-0.43314939737319946,-0.3772379159927368,0.5993424654006958,-1.0022971630096436,0.5591587424278259,0.39455169439315796,-0.9476309418678284,1.2087256908416748
5.980068899999878,-0.0379539355635643,0.22838500142097473,-0.4330079257488251,-0.3760313391685486,0.5993248224258423,-0.9978398084640503,0.5591399669647217,0.3937638998031616,-0.9480275511741638,1.189258337020874
6.000176399999873,-0.03791675716638565,0.228417307138443,-0.4326782822608948,-0.3751155436038971,0.5992720127105713,-0.9862300157546997,0.5591105222702026,0.3937644362449646,-0.9502732157707214,1.1635407209396362
6.020342899999832,-0.03796960040926933,0.2284095138311386,-0.43187496066093445,-0.375023752450943,0.5993127822875977,-0.9695399403572083,0.5591107606887817,0.3937651515007019,-0.9543877243995667,1.1326302289962769
6.0402571999998145,-0.037960417568683624,0.2283817082643509,-0.4300677478313446,-0.3750087320804596,0.599338173866272,-0.9489745497703552,0.5591157674789429,0.393778920173645,-0.9623385071754456,1.0989607572555542
6.061159599999883,-0.03791813552379608,0.2284211367368698,-0.4252260625362396,-0.375005304813385,0.5993334650993347,-0.9226514101028442,0.559095025062561,0.39376217126846313,-0.9735779762268066,1.0603997707366943
6.080367399999886,-0.037928514182567596,0.22841264307498932,-0.41857486963272095,-0.375020831823349,0.5993435382843018,-0.893815815448761,0.5590530633926392,0.39375555515289307,-0.9855255484580994,1.0244323015213013
6.100482999999713,-0.03797310218214989,0.2283836454153061,-0.4107757806777954,-0.3750400245189667,0.5993435382843018,-0.8619753122329712,0.5590389966964722,0.39375248551368713,-0.9980805516242981,0.9878063201904297
6.120456399999966,-0.03791259229183197,0.22841811180114746,-0.40414440631866455,-0.3750650882720947,0.5993454456329346,-0.8289943337440491,0.5589962601661682,0.393754780292511,-1.0096300840377808,0.9520107507705688
6.140578199999709,-0.03792143613100052,0.22842982411384583,-0.4002036452293396,-0.3751637637615204,0.5993430614471436,-0.7964925765991211,0.5589336156845093,0.3937225341796875,-1.0196611881256104,0.9149903059005737
6.1602303999998185,-0.03798908740282059,0.228415846824646,-0.39969736337661743,-0.37522757053375244,0.5993516445159912,-0.7661543488502502,0.558854341506958,0.39345014095306396,-1.0279172658920288,0.8811853528022766
6.180552799999987,-0.037935346364974976,0.2284124195575714,-0.3997038006782532,-0.37529340386390686,0.5993434190750122,-0.7357344627380371,0.5587242245674133,0.3919682800769806,-1.035085678100586,0.8488122820854187
6.200506099999984,-0.037943631410598755,0.22840048372745514,-0.39969584345817566,-0.3753625750541687,0.5993437767028809,-0.7096798419952393,0.5585708022117615,0.39201635122299194,-1.04120934009552,0.8205254673957825
6.220648699999856,-0.03795316070318222,0.22842566668987274,-0.3996797800064087,-0.37538856267929077,0.5993508100509644,-0.6853561401367188,0.5583624243736267,0.3919679522514343,-1.0468453168869019,0.7967284321784973
6.240436999999929,-0.0379500687122345,0.22839955985546112,-0.3996894657611847,-0.3753747344017029,0.5993536710739136,-0.6617348194122314,0.5581128001213074,0.39162206649780273,-1.0508524179458618,0.7759323716163635
6.260566299999937,-0.037923239171504974,0.22842466831207275,-0.3996349573135376,-0.375393271446228,0.5993424654006958,-0.6398223638534546,0.5570584535598755,0.38989338278770447,-1.0548334121704102,0.7559505105018616
6.280485999999655,-0.03790641576051712,0.22841882705688477,-0.39961642026901245,-0.37539687752723694,0.5993449687957764,-0.6201797127723694,0.553440272808075,0.3850939869880676,-1.0575730800628662,0.7376877665519714
6.300418099999661,-0.037924040108919144,0.22841911017894745,-0.3994443714618683,-0.3753967881202698,0.5993607044219971,-0.6004809141159058,0.5472177267074585,0.3839433491230011,-1.0591583251953125,0.7208618521690369
6.3205104999997275,-0.03787298873066902,0.22841697931289673,-0.39870092272758484,-0.3753705322742462,0.599395215511322,-0.5805604457855225,0.5347627401351929,0.3838796019554138,-1.0615073442459106,0.7068842649459839
6.34047929999997,-0.03795640915632248,0.22840864956378937,-0.3973916172981262,-0.37533849477767944,0.5993577241897583,-0.561148464679718,0.5192999839782715,0.3838021457195282,-1.0655920505523682,0.6959551572799683
6.360582699999668,-0.03797062486410141,0.22836387157440186,-0.39486706256866455,-0.37535637617111206,0.599358856678009,-0.5421372652053833,0.5022557973861694,0.3833545744419098,-1.0677398443222046,0.6876136064529419
6.3803328999997575,-0.03789858520030975,0.22841981053352356,-0.39102625846862793,-0.3753231465816498,0.5993496775627136,-0.5236351490020752,0.4849899113178253,0.3830419182777405,-1.0705645084381104,0.6811009049415588
6.400480399999651,-0.037972040474414825,0.2284201979637146,-0.387149453163147,-0.3752976655960083,0.5993529558181763,-0.5051419734954834,0.4672357738018036,0.37929826974868774,-1.072519063949585,0.6759783029556274
6.420543699999598,-0.0378728024661541,0.2284226268529892,-0.3842715620994568,-0.37530070543289185,0.5993481278419495,-0.4883553981781006,0.4525624215602875,0.37319105863571167,-1.0721628665924072,0.6736692190170288
6.4406653999999435,-0.03796779736876488,0.22842900454998016,-0.3836663067340851,-0.37529870867729187,0.5993440747261047,-0.4747086763381958,0.43988192081451416,0.3689683675765991,-1.0720690488815308,0.6740739345550537
6.4602804999999535,-0.037924520671367645,0.22842206060886383,-0.3836582601070404,-0.3752991855144501,0.5993424654006958,-0.46413835883140564,0.4273459017276764,0.3685532510280609,-1.0720570087432861,0.6741772294044495
6.48051839999971,-0.03792749345302582,0.2284054309129715,-0.38367199897766113,-0.37529247999191284,0.5993518829345703,-0.4562947750091553,0.417145699262619,0.3683754503726959,-1.0720362663269043,0.6742091178894043
6.500589899999795,-0.03793003410100937,0.22841764986515045,-0.3836629092693329,-0.37529855966567993,0.5993541479110718,-0.4522295594215393,0.4070145785808563,0.3683607578277588,-1.0719702243804932,0.674262523651123
6.520153299999947,-0.03794334828853607,0.22840099036693573,-0.38366997241973877,-0.3753160238265991,0.5993431806564331,-0.45258909463882446,0.399647980928421,0.3677632212638855,-1.0718172788619995,0.6747731566429138
6.540509699999802,-0.037898749113082886,0.22841256856918335,-0.383670449256897,-0.37533289194107056,0.5993474721908569,-0.45330730080604553,0.39884522557258606,0.3634387254714966,-1.0716655254364014,0.6795953512191772
6.5604552999998305,-0.03795632719993591,0.22841499745845795,-0.38373273611068726,-0.375363290309906,0.599347710609436,-0.45416876673698425,0.3988519012928009,0.3537816107273102,-1.0712040662765503,0.6909862160682678
6.580578399999922,-0.0379219576716423,0.22843168675899506,-0.3837417960166931,-0.37543800473213196,0.5993542671203613,-0.4542965888977051,0.3988473415374756,0.35186120867729187,-1.0691630840301514,0.7092925310134888
6.600155299999642,-0.03789930045604706,0.22843573987483978,-0.3838350474834442,-0.37558189034461975,0.5993435978889465,-0.4544104039669037,0.3988778591156006,0.35175198316574097,-1.0632069110870361,0.7332574129104614
6.620441699999901,-0.037984829396009445,0.2284005731344223,-0.3838464319705963,-0.37557652592658997,0.5993576049804688,-0.45591866970062256,0.39885738492012024,0.35164064168930054,-1.0482677221298218,0.7627935409545898
6.64044739999963,-0.03793107345700264,0.22837786376476288,-0.3838953375816345,-0.3755720555782318,0.5993611812591553,-0.46023744344711304,0.39886221289634705,0.3512178659439087,-1.0251522064208984,0.7932081818580627
6.660551399999804,-0.037999168038368225,0.22840721905231476,-0.38397932052612305,-0.3755895495414734,0.599358320236206,-0.46742677688598633,0.39888525009155273,0.3507312834262848,-0.9940963983535767,0.8223326206207275
6.680512499999622,-0.03792056441307068,0.22841903567314148,-0.38398662209510803,-0.3755917549133301,0.5993432998657227,-0.47714802622795105,0.3988686203956604,0.346207857131958,-0.9567806124687195,0.850423276424408
6.700517899999795,-0.03791774436831474,0.22851167619228363,-0.3839888274669647,-0.3755931854248047,0.5993408560752869,-0.49010756611824036,0.39883601665496826,0.33060961961746216,-0.9149715304374695,0.8777526617050171
6.7205449999996745,-0.03791492059826851,0.2285250574350357,-0.38400089740753174,-0.3756069540977478,0.5993133783340454,-0.506118893623352,0.3988722562789917,0.311204195022583,-0.8730041980743408,0.9057180881500244
6.740100899999561,-0.03788436949253082,0.2284434735774994,-0.3840528726577759,-0.37560081481933594,0.5993136167526245,-0.524895191192627,0.39885595440864563,0.29155683517456055,-0.835264265537262,0.9340171813964844
6.760194799999681,-0.03799951821565628,0.22836840152740479,-0.3843526542186737,-0.3757466673851013,0.5993016958236694,-0.5475946664810181,0.39882421493530273,0.27294304966926575,-0.8022335171699524,0.9637279510498047
6.780235199999879,-0.037951186299324036,0.22840571403503418,-0.38467100262641907,-0.3757561147212982,0.5993155241012573,-0.5746238231658936,0.3988288938999176,0.25864094495773315,-0.773935079574585,0.9933434128761292
6.800408199999765,-0.03800734877586365,0.2283252477645874,-0.38482213020324707,-0.3757672905921936,0.5993036031723022,-0.6070444583892822,0.39882200956344604,0.24691954255104065,-0.7498239278793335,1.021224021911621
6.8203686999995625,-0.03789208084344864,0.2284054160118103,-0.3848734498023987,-0.3757569193840027,0.5993064045906067,-0.6428561210632324,0.39881613850593567,0.2337912917137146,-0.7277764081954956,1.0443456172943115
6.840503799999624,-0.037889063358306885,0.22842945158481598,-0.38494735956192017,-0.3757568299770355,0.5992788076400757,-0.6847387552261353,0.3988119959831238,0.21945179998874664,-0.7076045274734497,1.0632483959197998
6.860585799999626,-0.03793724626302719,0.2284243106842041,-0.3849305510520935,-0.3757169842720032,0.5992753505706787,-0.7277206182479858,0.39868757128715515,0.20352309942245483,-0.6893638372421265,1.0777279138565063
6.88023209999983,-0.03791210055351257,0.22842608392238617,-0.3849329650402069,-0.3756851255893707,0.5992664098739624,-0.7716604471206665,0.3980717658996582,0.18616750836372375,-0.6725326776504517,1.0868390798568726
6.900386199999957,-0.03790508955717087,0.22842928767204285,-0.384897917509079,-0.37569019198417664,0.5991965532302856,-0.8168703317642212,0.3921351730823517,0.16783444583415985,-0.6547373533248901,1.0911287069320679
6.9204673999997794,-0.037986136972904205,0.2284451425075531,-0.38489362597465515,-0.3756677210330963,0.5991690158843994,-0.8609765768051147,0.37461376190185547,0.15075713396072388,-0.6372573375701904,1.090526819229126
6.940123299999868,-0.03796873241662979,0.22840899229049683,-0.38488325476646423,-0.3755967319011688,0.5991123914718628,-0.9025818705558777,0.35203397274017334,0.1368083953857422,-0.622278094291687,1.0905811786651611
6.9602789999999,-0.03794019669294357,0.2283942699432373,-0.3848907947540283,-0.3755847215652466,0.5986677408218384,-0.9439499974250793,0.32955852150917053,0.12674927711486816,-0.6102859377861023,1.090576410293579
6.980601399999614,-0.03791949152946472,0.228388711810112,-0.38489988446235657,-0.3755522072315216,0.5975574254989624,-0.9829326272010803,0.31203392148017883,0.1239185556769371,-0.6008806228637695,1.0904186964035034
7.0005787000000055,-0.03795051574707031,0.2284226268529892,-0.3849078416824341,-0.3755204975605011,0.5959632396697998,-1.017022967338562,0.3020566999912262,0.12387202680110931,-0.5931363701820374,1.089576244354248
7.020265999999992,-0.03794335946440697,0.22846540808677673,-0.3849131166934967,-0.3755209445953369,0.5918819904327393,-1.042886734008789,0.2992136478424072,0.12377577275037766,-0.5855564475059509,1.0845547914505005
7.040255999999772,-0.03790095075964928,0.22850802540779114,-0.3849046230316162,-0.3755214214324951,0.5837932229042053,-1.0629358291625977,0.2991848587989807,0.123599573969841,-0.5779111385345459,1.0722025632858276
7.060235299999931,-0.03790520131587982,0.2284964919090271,-0.3848852813243866,-0.3755251169204712,0.5737652778625488,-1.07481050491333,0.2991746664047241,0.11989210546016693,-0.5696102380752563,1.052267074584961
7.080376999999771,-0.03795645758509636,0.2284327894449234,-0.3848390579223633,-0.3753887414932251,0.5612149834632874,-1.0773957967758179,0.29917141795158386,0.103669673204422,-0.5606365203857422,1.0277045965194702
7.1005733999995755,-0.03794402629137039,0.22836385667324066,-0.3848249614238739,-0.37520450353622437,0.5477575063705444,-1.073382019996643,0.2991334795951843,0.08413103222846985,-0.5521644353866577,1.0010387897491455
7.120522999999594,-0.03792830556631088,0.2283623367547989,-0.3846617639064789,-0.374992698431015,0.533197283744812,-1.0663115978240967,0.2991037368774414,0.0705936923623085,-0.5461233258247375,0.9729609489440918
7.1404616999998325,-0.037968434393405914,0.2283884733915329,-0.38451918959617615,-0.3748072683811188,0.5176208019256592,-1.0538434982299805,0.2990850806236267,0.06945669651031494,-0.5432689189910889,0.9418917298316956
7.16026039999997,-0.03796497359871864,0.22840113937854767,-0.38450413942337036,-0.374269038438797,0.5008196234703064,-1.0371005535125732,0.29908487200737,0.06956265866756439,-0.5431985855102539,0.9081469774246216
7.180310099999588,-0.03790838271379471,0.22845050692558289,-0.38440027832984924,-0.37381798028945923,0.48237884044647217,-1.018740177154541,0.2990783154964447,0.06953295320272446,-0.5432137846946716,0.8745469450950623
7.200471099999959,-0.037902966141700745,0.22852210700511932,-0.38436073064804077,-0.37314027547836304,0.46283581852912903,-0.9988293647766113,0.2990695536136627,0.06948324292898178,-0.5432064533233643,0.8406516909599304
7.220215599999847,-0.037964947521686554,0.22853940725326538,-0.3843809962272644,-0.3638148903846741,0.44314542412757874,-0.9770654439926147,0.2990562915802002,0.06947177648544312,-0.543209433555603,0.8080588579177856
7.2402492999999595,-0.03793203830718994,0.2284158617258072,-0.38439515233039856,-0.34332263469696045,0.423351526260376,-0.9527651071548462,0.29903465509414673,0.06942923367023468,-0.5431979894638062,0.7753616571426392
7.260191799999575,-0.03791521489620209,0.22838521003723145,-0.3842546343803406,-0.3200981616973877,0.4044589698314667,-0.928678572177887,0.299019992351532,0.06944155693054199,-0.5432061553001404,0.7420384883880615
7.280232999999953,-0.03790813684463501,0.22841127216815948,-0.38382217288017273,-0.29877322912216187,0.3869321644306183,-0.9058339595794678,0.2989791929721832,0.06944981217384338,-0.5431973934173584,0.7092552185058594
7.300534399999833,-0.037977948784828186,0.2284144014120102,-0.383764386177063,-0.2834979295730591,0.3714662194252014,-0.8828487992286682,0.29890120029449463,0.06946022063493729,-0.5431945323944092,0.6761747598648071
7.320293899999797,-0.03793926164507866,0.2283855527639389,-0.3837451934814453,-0.273865282535553,0.36023563146591187,-0.8597298860549927,0.29847103357315063,0.06946629285812378,-0.543181836605072,0.6441437005996704
7.34046939999962,-0.03790020942687988,0.22840997576713562,-0.38346707820892334,-0.2694043815135956,0.3525620996952057,-0.8353458642959595,0.2958509922027588,0.06945934891700745,-0.5431758165359497,0.6115361452102661
7.360169399999904,-0.03792760521173477,0.22845733165740967,-0.38229942321777344,-0.2722035050392151,0.347622811794281,-0.811785101890564,0.2947741746902466,0.06946982443332672,-0.5431708097457886,0.5814133286476135
7.380479699999796,-0.037939414381980896,0.2285240888595581,-0.3796153664588928,-0.2723553478717804,0.34453505277633667,-0.7876667380332947,0.28633028268814087,0.069469153881073,-0.5431503057479858,0.5519626140594482
7.400451799999701,-0.037956468760967255,0.22842609882354736,-0.37646540999412537,-0.27149349451065063,0.3410372734069824,-0.7630221247673035,0.269476979970932,0.06945478171110153,-0.5431661605834961,0.5230651497840881
7.420275599999968,-0.03792513906955719,0.22839480638504028,-0.3737066984176636,-0.27040427923202515,0.33892983198165894,-0.7381076812744141,0.2484195977449417,0.0694384053349495,-0.5431790351867676,0.4962579011917114
7.440477599999667,-0.03800472244620323,0.2283710390329361,-0.3699251413345337,-0.2704707682132721,0.33911043405532837,-0.7137832045555115,0.2269006371498108,0.06941284239292145,-0.5431514978408813,0.47274360060691833
7.4605924999996205,-0.037926945835351944,0.22837722301483154,-0.36787527799606323,-0.2704329490661621,0.33910301327705383,-0.6898581981658936,0.20804423093795776,0.06940395385026932,-0.5431715250015259,0.45349636673927307
7.480080399999679,-0.037874363362789154,0.228430837392807,-0.367803156375885,-0.2703579068183899,0.33910322189331055,-0.6653139591217041,0.1894780993461609,0.06941092014312744,-0.5431544780731201,0.4382874667644501
7.500377099999696,-0.037948690354824066,0.2284308522939682,-0.36781713366508484,-0.2703683376312256,0.33909621834754944,-0.6400059461593628,0.17056050896644592,0.06940917670726776,-0.5431447625160217,0.42521023750305176
7.520367499999793,-0.03791170194745064,0.22843368351459503,-0.3678070902824402,-0.2703494727611542,0.3390686511993408,-0.6143173575401306,0.15242353081703186,0.06938904523849487,-0.5431336164474487,0.41374465823173523
7.5404123999996955,-0.03795052319765091,0.2283821552991867,-0.36741316318511963,-0.2702930271625519,0.3390193283557892,-0.5867895483970642,0.13677743077278137,0.06939231604337692,-0.5431049466133118,0.4038013815879822
7.560454899999968,-0.03797473758459091,0.22839145362377167,-0.3653164505958557,-0.27023619413375854,0.3388582468032837,-0.5573660135269165,0.12147492915391922,0.0693969801068306,-0.5430923700332642,0.39468762278556824
7.580553499999951,-0.037880800664424896,0.22840909659862518,-0.3608236610889435,-0.26996323466300964,0.3357512354850769,-0.5261237025260925,0.1063031330704689,0.06941082328557968,-0.5430994033813477,0.3867393136024475
7.6003224999999475,-0.03790964558720589,0.22840934991836548,-0.3557766079902649,-0.26802486181259155,0.3298068046569824,-0.4934791922569275,0.09014366567134857,0.0693913996219635,-0.5430865287780762,0.3786556124687195
7.620207399999799,-0.03793095052242279,0.2284007966518402,-0.3505668044090271,-0.2539291977882385,0.3224145174026489,-0.4605007469654083,0.07391077280044556,0.06939047574996948,-0.543053150177002,0.3693392872810364
7.640399999999772,-0.03790123760700226,0.22841672599315643,-0.3455638885498047,-0.2331748604774475,0.3133562207221985,-0.42442482709884644,0.0571049265563488,0.06940700113773346,-0.5430253148078918,0.35875168442726135
7.6602843999999095,-0.037936292588710785,0.22841624915599823,-0.3418121337890625,-0.2108415961265564,0.3034002184867859,-0.3911437392234802,0.04213287681341171,0.06940871477127075,-0.5429731607437134,0.34803643822669983
7.680271399999583,-0.03793369233608246,0.22843295335769653,-0.33747464418411255,-0.19115769863128662,0.2926751971244812,-0.35868656635284424,0.02934763766825199,0.0694071501493454,-0.5429043769836426,0.3357800245285034
7.700447599999734,-0.03797166422009468,0.22843310236930847,-0.33442071080207825,-0.17668548226356506,0.28282755613327026,-0.3271612524986267,0.01988007128238678,0.06940920650959015,-0.5428551435470581,0.32238149642944336
7.720466099999612,-0.03794419765472412,0.2284052073955536,-0.33066999912261963,-0.16671866178512573,0.275221049785614,-0.2980711758136749,0.013437328860163689,0.0694112554192543,-0.5428420901298523,0.3080047369003296
7.740546099999847,-0.03789927065372467,0.22841022908687592,-0.32613080739974976,-0.16021713614463806,0.2695921063423157,-0.2700327932834625,0.00855856854468584,0.06941020488739014,-0.5428134202957153,0.29344642162323
7.760519799999656,-0.03793907165527344,0.22842039167881012,-0.32023096084594727,-0.154775470495224,0.26700037717819214,-0.24255384504795074,0.004441849887371063,0.06941062211990356,-0.5426293611526489,0.2799021601676941
7.780138499999794,-0.037921980023384094,0.22841285169124603,-0.3123463988304138,-0.15538927912712097,0.26715853810310364,-0.21563459932804108,2.5681736588012427e-05,0.06941011548042297,-0.5404541492462158,0.2677251100540161
7.800436699999864,-0.03793065994977951,0.22843852639198303,-0.30214670300483704,-0.15516042709350586,0.26719051599502563,-0.18812905251979828,-0.0025372325908392668,0.06940772384405136,-0.5336263179779053,0.25618594884872437
7.820466499999839,-0.03796899691224098,0.22844676673412323,-0.29141169786453247,-0.15515077114105225,0.2672309875488281,-0.16287678480148315,-0.002562382724136114,0.06939899921417236,-0.5253443717956543,0.2465207278728485
7.840641599999799,-0.037938714027404785,0.22843556106090546,-0.28172922134399414,-0.1550769954919815,0.2672104835510254,-0.13860657811164856,-0.0025784913450479507,0.0693938210606575,-0.5174219012260437,0.23798204958438873
7.860070899999755,-0.037940219044685364,0.22843247652053833,-0.27411800622940063,-0.15503600239753723,0.2672356963157654,-0.11735784262418747,-0.0025937294121831656,0.06933946907520294,-0.5123646259307861,0.23048748075962067
7.880491299999903,-0.037899188697338104,0.22841736674308777,-0.268000066280365,-0.15501433610916138,0.2672361135482788,-0.09836838394403458,-0.0026239845901727676,0.06902118027210236,-0.5115276575088501,0.22254738211631775
7.900161199999729,-0.03789848834276199,0.22841550409793854,-0.2639421820640564,-0.15501806139945984,0.26724010705947876,-0.08236841857433319,-0.0026606451719999313,0.06882500648498535,-0.5115095973014832,0.21361395716667175
7.920336099999986,-0.03797009587287903,0.22841331362724304,-0.2589957118034363,-0.1550309956073761,0.26723623275756836,-0.06690947711467743,-0.002726948354393244,0.06809806823730469,-0.5115188956260681,0.20292000472545624
7.940511999999671,-0.037918657064437866,0.2283906787633896,-0.2521955370903015,-0.15505219995975494,0.2672480642795563,-0.051730237901210785,-0.0027110110968351364,0.061453938484191895,-0.5115057826042175,0.19170117378234863
7.960466399999859,-0.037905775010585785,0.2284349799156189,-0.24302054941654205,-0.1550566554069519,0.26728588342666626,-0.03670952469110489,-0.002999566262587905,0.05187465250492096,-0.5114611387252808,0.18011900782585144
7.980401299999812,-0.03792405128479004,0.2284655123949051,-0.23252981901168823,-0.15504953265190125,0.26729992032051086,-0.021563414484262466,-0.003008427331224084,0.04261147975921631,-0.5115129351615906,0.16543184220790863
8.000388999999814,-0.03793202340602875,0.22844372689723969,-0.22125244140625,-0.15504485368728638,0.26728111505508423,-0.006996406242251396,-0.003032331820577383,0.03447088226675987,-0.5115283727645874,0.14566898345947266
8.020242099999905,-0.03792561590671539,0.2283766269683838,-0.21015191078186035,-0.15503835678100586,0.2672712802886963,0.007245408371090889,-0.0030204656068235636,0.02814314141869545,-0.5115660429000854,0.12473040819168091
8.040470999999798,-0.03801839053630829,0.22837089002132416,-0.20031440258026123,-0.1550304889678955,0.2672877907752991,0.022148646414279938,-0.003027405124157667,0.024549320340156555,-0.5115581750869751,0.10787025094032288
8.060548899999958,-0.037909433245658875,0.22843150794506073,-0.19181852042675018,-0.15503522753715515,0.2672809958457947,0.03741973638534546,-0.003008472267538309,0.022767890244722366,-0.5115374326705933,0.0952833741903305
8.080218699999932,-0.03791068494319916,0.22841501235961914,-0.18450777232646942,-0.1550677865743637,0.26726987957954407,0.051063988357782364,-0.0030077192932367325,0.022808309644460678,-0.5115269422531128,0.08355003595352173
8.100125499999649,-0.03793518990278244,0.22841648757457733,-0.1777012199163437,-0.15504103899002075,0.26725220680236816,0.0631597563624382,-0.002993897767737508,0.02278897911310196,-0.511523425579071,0.07079793512821198
8.12017429999969,-0.03784380108118057,0.2283974438905716,-0.17154332995414734,-0.1550656259059906,0.26724714040756226,0.0741460770368576,-0.003002103650942445,0.02276235818862915,-0.5115277767181396,0.057055097073316574
8.140336499999648,-0.037927061319351196,0.22840656340122223,-0.16771820187568665,-0.15507569909095764,0.2672557830810547,0.0853237509727478,-0.002979758195579052,0.022755008190870285,-0.511505663394928,0.04237610101699829
8.1604355999998,-0.037929438054561615,0.22841177880764008,-0.16483959555625916,-0.15508222579956055,0.26724928617477417,0.09722736477851868,-0.002973817754536867,0.02272634021937847,-0.5114731788635254,0.024850783869624138
8.180388199999925,-0.03794851154088974,0.22843797504901886,-0.16371479630470276,-0.1550697684288025,0.2672428488731384,0.10936442762613297,-0.002978444332256913,0.022732757031917572,-0.5114551782608032,0.0041053518652915955
8.200448999999935,-0.03788786754012108,0.22842349112033844,-0.16360564529895782,-0.15508386492729187,0.2672392725944519,0.12170910835266113,-0.0029570532497018576,0.022720908746123314,-0.5114836692810059,-0.018458183854818344
8.22010199999977,-0.037954941391944885,0.22842086851596832,-0.16360607743263245,-0.15508848428726196,0.2672475576400757,0.13461297750473022,-0.002933044917881489,0.022741753607988358,-0.511459231376648,-0.0399293415248394
8.240367999999762,-0.03793233633041382,0.22842076420783997,-0.16354352235794067,-0.15509817004203796,0.26725494861602783,0.14800244569778442,-0.002935057273134589,0.022764259949326515,-0.5114569664001465,-0.06128813698887825
8.260536899999806,-0.037934932857751846,0.22843129932880402,-0.16354089975357056,-0.1551075577735901,0.26723840832710266,0.16118751466274261,-0.0029186317697167397,0.022772150114178658,-0.5114092826843262,-0.08362621814012527
8.280445799999598,-0.03794097155332565,0.2284208983182907,-0.16353663802146912,-0.1550983190536499,0.26722878217697144,0.17554636299610138,-0.0029072253964841366,0.02277122065424919,-0.5113942623138428,-0.10451723635196686
8.300276699999813,-0.037962980568408966,0.22840692102909088,-0.16354042291641235,-0.15509143471717834,0.26723212003707886,0.19219869375228882,-0.0028829327784478664,0.022773265838623047,-0.5113817453384399,-0.12147656083106995
8.320138499999757,-0.03796922042965889,0.2284117341041565,-0.16353513300418854,-0.15510213375091553,0.2672329843044281,0.21014626324176788,-0.002799218986183405,0.02283814176917076,-0.5113121271133423,-0.13503894209861755
8.340500599999814,-0.03789537400007248,0.2283770591020584,-0.16352981328964233,-0.15512585639953613,0.2672156095504761,0.22730790078639984,-0.0027971938252449036,0.02309640496969223,-0.5111522674560547,-0.14679205417633057
8.360246499999903,-0.03792780637741089,0.2284211665391922,-0.16353240609169006,-0.15513893961906433,0.26723042130470276,0.2428855150938034,-0.002857672981917858,0.023217879235744476,-0.5107050538063049,-0.157414510846138
8.380372999999963,-0.03794580698013306,0.22843243181705475,-0.16354021430015564,-0.15516680479049683,0.2672342360019684,0.25851985812187195,-0.002850783057510853,0.023270633071660995,-0.5089962482452393,-0.16632741689682007
8.400145299999622,-0.03791934251785278,0.22841884195804596,-0.16353881359100342,-0.1551682949066162,0.26721644401550293,0.27251267433166504,-0.002874602098017931,0.023345723748207092,-0.5001542568206787,-0.17098787426948547
8.420322099999794,-0.03794241324067116,0.228415384888649,-0.16353988647460938,-0.15520864725112915,0.2672249674797058,0.2850331664085388,-0.0029046256095170975,0.023377560079097748,-0.4833231270313263,-0.1712123304605484
8.440192999999908,-0.03797013312578201,0.22841228544712067,-0.1635419726371765,-0.1552456021308899,0.2672005891799927,0.2958557605743408,-0.0028836680576205254,0.023388460278511047,-0.4613569676876068,-0.17123708128929138
8.460493699999915,-0.03795473277568817,0.22841566801071167,-0.1635386347770691,-0.15524423122406006,0.2671821713447571,0.30577021837234497,-0.0029042058158665895,0.02339925244450569,-0.4345090389251709,-0.17125269770622253
8.480498599999919,-0.03790552541613579,0.22840812802314758,-0.1635357290506363,-0.15524455904960632,0.26718276739120483,0.31375187635421753,-0.002912339521571994,0.02341354638338089,-0.4042719006538391,-0.17125798761844635
8.50011459999996,-0.037949338555336,0.22841410338878632,-0.16354000568389893,-0.15526515245437622,0.2671675682067871,0.31896185874938965,-0.0028984826058149338,0.023425601422786713,-0.3748566210269928,-0.1712593138217926
8.52061029999959,-0.037953510880470276,0.22842366993427277,-0.16353584825992584,-0.15529024600982666,0.2671582102775574,0.3232935070991516,-0.002895548939704895,0.023462921380996704,-0.34528011083602905,-0.17158007621765137
8.540506599999844,-0.03792693838477135,0.22842638194561005,-0.16352291405200958,-0.15528875589370728,0.26715850830078125,0.32292768359184265,-0.0028973203152418137,0.023485243320465088,-0.31651604175567627,-0.17410710453987122
8.56046040000001,-0.03786611929535866,0.22841046750545502,-0.16331511735916138,-0.1552658975124359,0.2671498656272888,0.32301080226898193,-0.0029061913955956697,0.02350902371108532,-0.28755879402160645,-0.17566707730293274
8.580364199999622,-0.03794091194868088,0.22841057181358337,-0.16299930214881897,-0.15523919463157654,0.2671501934528351,0.32305049896240234,-0.0028940029442310333,0.02352053113281727,-0.25867199897766113,-0.17771919071674347
8.600184199999603,-0.037900350987911224,0.22842441499233246,-0.16266345977783203,-0.15523439645767212,0.26709380745887756,0.32302606105804443,-0.0029052859172225,0.023556048050522804,-0.22910301387310028,-0.17972515523433685
8.620380699999714,-0.03790585696697235,0.22841843962669373,-0.16242752969264984,-0.15518400073051453,0.2670818567276001,0.32302483916282654,-0.002901877276599407,0.02361147291958332,-0.200829416513443,-0.1793781816959381
8.640535099999852,-0.03790261968970299,0.22840499877929688,-0.16212010383605957,-0.1551564335823059,0.26706913113594055,0.32299309968948364,-0.002895259764045477,0.023643776774406433,-0.17273348569869995,-0.1793622523546219
8.660287299999709,-0.03796468675136566,0.22843246161937714,-0.16077756881713867,-0.1551501303911209,0.26703575253486633,0.322983980178833,-0.0028821120504289865,0.02367239259183407,-0.1449717879295349,-0.17934632301330566
8.680456599999616,-0.0379306897521019,0.22842103242874146,-0.1577175110578537,-0.1551521122455597,0.2669494152069092,0.3229799270629883,-0.002869623713195324,0.02366946078836918,-0.11573620140552521,-0.17932862043380737
8.700399699999707,-0.0379534550011158,0.22841235995292664,-0.15546603500843048,-0.15509086847305298,0.26682037115097046,0.32292431592941284,-0.0028959321789443493,0.023642685264348984,-0.08352162688970566,-0.1793556809425354
8.720077599999968,-0.037928346544504166,0.22841818630695343,-0.15380065143108368,-0.15509051084518433,0.26657187938690186,0.3229067921638489,-0.002893459051847458,0.023634279146790504,-0.051041893661022186,-0.17934653162956238
8.740432899999632,-0.03792686387896538,0.2284213900566101,-0.1528441607952118,-0.15509352087974548,0.2643267512321472,0.3228203058242798,-0.0028657829388976097,0.023623062297701836,-0.017246253788471222,-0.179345041513443
8.760398099999748,-0.03793942928314209,0.2284286469221115,-0.15195152163505554,-0.15508386492729187,0.25972193479537964,0.3227952718734741,-0.002856932580471039,0.023626532405614853,0.015183571726083755,-0.17933028936386108
8.780518299999585,-0.03795558586716652,0.22841300070285797,-0.1501932591199875,-0.1550847738981247,0.2531009912490845,0.32275354862213135,-0.0028807264752686024,0.02362886443734169,0.0454544723033905,-0.1793297529220581
8.8001248999999,-0.03791598975658417,0.22843104600906372,-0.1492689847946167,-0.15506857633590698,0.24563246965408325,0.3227066993713379,-0.0028641503304243088,0.02363496832549572,0.07327483594417572,-0.1793411374092102
8.820477599999776,-0.0379316583275795,0.22842490673065186,-0.1490185707807541,-0.15506558120250702,0.23726071417331696,0.3226597309112549,-0.002845197217538953,0.02364668808877468,0.10067454725503922,-0.17933344841003418
8.840489499999876,-0.03794638067483902,0.22842012345790863,-0.14898455142974854,-0.1550430953502655,0.22924593091011047,0.3226609230041504,-0.0028706761077046394,0.023645032197237015,0.12472295761108398,-0.17933198809623718
8.860421799999585,-0.037935033440589905,0.22840788960456848,-0.14898937940597534,-0.15505529940128326,0.22235025465488434,0.32264629006385803,-0.0028752749785780907,0.023649150505661964,0.14635786414146423,-0.17931516468524933
8.88042759999962,-0.03796769306063652,0.22839495539665222,-0.14898785948753357,-0.1550184190273285,0.21683739125728607,0.32263487577438354,-0.002878393977880478,0.02366836555302143,0.16305646300315857,-0.17928847670555115
8.900036999999884,-0.037948448210954666,0.22841577231884003,-0.14898598194122314,-0.15501241385936737,0.21191737055778503,0.32262754440307617,-0.002895907498896122,0.023669328540563583,0.17318591475486755,-0.17929010093212128
8.920499099999688,-0.03795517608523369,0.22841379046440125,-0.1489534080028534,-0.1548600196838379,0.21151112020015717,0.3226028084754944,-0.0029012879822403193,0.023683985695242882,0.17760565876960754,-0.17927291989326477
8.940383599999677,-0.03796284645795822,0.22841478884220123,-0.14896661043167114,-0.1539413034915924,0.21151921153068542,0.32253164052963257,-0.0029251049272716045,0.02368003875017166,0.1776619255542755,-0.1792236566543579
8.960505599999578,-0.037938203662633896,0.2284163534641266,-0.148967444896698,-0.14556993544101715,0.21154862642288208,0.32210642099380493,-0.0029431399889290333,0.023650752380490303,0.17767414450645447,-0.17924299836158752
8.980616800000007,-0.03791816160082817,0.22841355204582214,-0.1489683985710144,-0.13064804673194885,0.21148604154586792,0.3194339871406555,-0.002916407771408558,0.02362527884542942,0.17768120765686035,-0.17924144864082336
9.000521599999956,-0.037967532873153687,0.22840361297130585,-0.14792399108409882,-0.11334876716136932,0.2114763855934143,0.31839412450790405,-0.002910207025706768,0.02356976829469204,0.1776512712240219,-0.1792464554309845
9.020429699999568,-0.03794921189546585,0.22841674089431763,-0.14403466880321503,-0.09887570142745972,0.21139968931674957,0.3164929747581482,-0.0029140738770365715,0.023512262850999832,0.1776670664548874,-0.17924433946609497
9.040064499999971,-0.03788517788052559,0.22841159999370575,-0.13908399641513824,-0.08993767946958542,0.2113996297121048,0.3086400628089905,-0.002867395058274269,0.023504864424467087,0.17768092453479767,-0.1792432814836502
9.060362899999745,-0.03796504810452461,0.22841064631938934,-0.13418346643447876,-0.08533836901187897,0.21139930188655853,0.2966163754463196,-0.0028778514824807644,0.02349676936864853,0.17764894664287567,-0.1792566031217575
9.080137199999626,-0.0379180908203125,0.2284209281206131,-0.12948796153068542,-0.08649034053087234,0.21139977872371674,0.2818690240383148,-0.002878898289054632,0.023516684770584106,0.17767436802387238,-0.17924436926841736
9.100435699999707,-0.03792957589030266,0.22841648757457733,-0.12386021018028259,-0.08606165647506714,0.2114020138978958,0.26394569873809814,-0.0029011887963861227,0.02352793514728546,0.1776438057422638,-0.17924930155277252
9.120332099999814,-0.037945233285427094,0.22841815650463104,-0.11792943626642227,-0.08598705381155014,0.21141593158245087,0.24569232761859894,-0.0029211686924099922,0.023537779226899147,0.17766225337982178,-0.17924168705940247
9.140372499999557,-0.03794087469577789,0.228419229388237,-0.11158393323421478,-0.08588391542434692,0.2114008069038391,0.2285328358411789,-0.002908174879848957,0.023541059345006943,0.17764343321323395,-0.17925404012203217
9.16069329999982,-0.03797539696097374,0.22840793430805206,-0.10523641109466553,-0.08589541912078857,0.21140749752521515,0.21219943463802338,-0.002910924144089222,0.023534443229436874,0.17764659225940704,-0.17924420535564423
9.1803046,-0.03791625052690506,0.22841960191726685,-0.100352443754673,-0.08589804172515869,0.21140655875205994,0.19751080870628357,-0.0029179099947214127,0.023542508482933044,0.17761099338531494,-0.17923828959465027
9.200383499999589,-0.03793145716190338,0.22841085493564606,-0.09753187745809555,-0.0859108716249466,0.21140387654304504,0.18442510068416595,-0.0029085942078381777,0.02357330173254013,0.17760680615901947,-0.17925336956977844
9.220381499999803,-0.03791380673646927,0.22844325006008148,-0.09475897997617722,-0.0859089195728302,0.21140120923519135,0.17456042766571045,-0.0028999214991927147,0.023554595187306404,0.1775897890329361,-0.17924588918685913
9.24041539999962,-0.03794867545366287,0.22841845452785492,-0.09304993599653244,-0.0859098806977272,0.21139982342720032,0.1686103641986847,-0.0028873218689113855,0.023602310568094254,0.17756539583206177,-0.17924755811691284
9.26048179999998,-0.03790577873587608,0.22842098772525787,-0.09291478246450424,-0.08595055341720581,0.21139924228191376,0.16637994349002838,-0.002838383661583066,0.023629287257790565,0.17755430936813354,-0.17924055457115173
9.28032099999973,-0.03792359307408333,0.2284167855978012,-0.09291859716176987,-0.08598674833774567,0.211398646235466,0.16321542859077454,-0.002823903691023588,0.02366279624402523,0.17754420638084412,-0.1792457401752472
9.300295299999561,-0.0379536896944046,0.2284119874238968,-0.0929105281829834,-0.08598704636096954,0.21139749884605408,0.16359344124794006,-0.002806113101541996,0.02370360679924488,0.17754676938056946,-0.1792372763156891
9.320461699999669,-0.0379682257771492,0.22838523983955383,-0.09290586411952972,-0.08604355901479721,0.21139903366565704,0.16350720822811127,-0.002825160976499319,0.023754052817821503,0.17746298015117645,-0.17924445867538452
9.340462799999841,-0.037951819598674774,0.22840723395347595,-0.09289082884788513,-0.08606173098087311,0.211399108171463,0.16345763206481934,-0.002810312435030937,0.02375904656946659,0.17740145325660706,-0.17924191057682037
9.360460299999886,-0.0379219576716423,0.2284221202135086,-0.09284201264381409,-0.08598556369543076,0.21141444146633148,0.16345995664596558,-0.002805247437208891,0.02376450225710869,0.17734530568122864,-0.17922627925872803
9.38024299999961,-0.037946946918964386,0.22842809557914734,-0.09282234311103821,-0.08606640994548798,0.2114478051662445,0.16345885396003723,-0.00276531302370131,0.023768704384565353,0.17735208570957184,-0.1792401373386383
9.40010839999968,-0.03794180974364281,0.22846028208732605,-0.09278915822505951,-0.08606350421905518,0.21147091686725616,0.16348163783550262,-0.002799085807055235,0.02376173809170723,0.17736700177192688,-0.17924609780311584
9.420425499999965,-0.03790213167667389,0.2284223437309265,-0.09260305017232895,-0.08613277971744537,0.2114868462085724,0.16350503265857697,-0.0027904759626835585,0.023781200870871544,0.1773342788219452,-0.17921221256256104
9.440541199999643,-0.03791612386703491,0.22844107449054718,-0.09221380949020386,-0.08613885939121246,0.21148940920829773,0.1635168492794037,-0.002785643097013235,0.023786956444382668,0.17724716663360596,-0.17919710278511047
9.460085499999877,-0.03790600225329399,0.22838173806667328,-0.09122037887573242,-0.08613788336515427,0.21150505542755127,0.1635182499885559,-0.002786006312817335,0.023791508749127388,0.1772313117980957,-0.1791781783103943
9.480407499999728,-0.037934333086013794,0.2284100353717804,-0.0883101224899292,-0.08613992482423782,0.21152393519878387,0.16350844502449036,-0.002776803681626916,0.023767679929733276,0.17720194160938263,-0.17918692529201508
9.500251399999797,-0.03791893646121025,0.22841112315654755,-0.08391588926315308,-0.08614037930965424,0.2115888148546219,0.1635008156299591,-0.002809180412441492,0.023773200809955597,0.17720884084701538,-0.17919138073921204
9.520191799999793,-0.037912219762802124,0.2284037470817566,-0.07926997542381287,-0.08613985031843185,0.2115902155637741,0.1634935438632965,-0.0027939286082983017,0.023769961670041084,0.17722006142139435,-0.17917588353157043
9.54033599999957,-0.037942931056022644,0.2284383624792099,-0.0757945254445076,-0.08614164590835571,0.21160577237606049,0.16351525485515594,-0.002784853335469961,0.023771584033966064,0.17707578837871552,-0.1791856288909912
9.560051399999793,-0.03790440410375595,0.22841699421405792,-0.07469138503074646,-0.08613772690296173,0.21160736680030823,0.1634649783372879,-0.0028774035163223743,0.02375732734799385,0.17672660946846008,-0.17918820679187775
9.5802206999997,-0.037942759692668915,0.22842441499233246,-0.07472239434719086,-0.08613944798707962,0.2116270214319229,0.1634928584098816,-0.002872797194868326,0.023835482075810432,0.17615745961666107,-0.17918899655342102
9.600602399999843,-0.03791246563196182,0.22842948138713837,-0.07469098269939423,-0.08613944798707962,0.21162569522857666,0.16347667574882507,-0.0028683501295745373,0.023830488324165344,0.1761150062084198,-0.17918291687965393
9.620387299999948,-0.03794502094388008,0.22839611768722534,-0.0746672973036766,-0.08613996207714081,0.2116287797689438,0.163514643907547,-0.002852391917258501,0.023843184113502502,0.17613276839256287,-0.17917868494987488
9.640413599999647,-0.037895768880844116,0.22841611504554749,-0.0745934545993805,-0.08613942563533783,0.21163666248321533,0.1634976714849472,-0.0028563905507326126,0.023875584825873375,0.1761455237865448,-0.1791754961013794
9.66016239999999,-0.037965208292007446,0.2284005731344223,-0.07410775125026703,-0.0861402302980423,0.21162469685077667,0.16351526975631714,-0.0028454517014324665,0.02390323020517826,0.1761494129896164,-0.1791926920413971
9.680351900000005,-0.03790532052516937,0.22842206060886383,-0.07196487486362457,-0.08613981306552887,0.21162818372249603,0.1635216474533081,-0.0027890687342733145,0.023907195776700974,0.17615437507629395,-0.17918258905410767
9.700358999999935,-0.03794340044260025,0.22841717302799225,-0.06936217844486237,-0.08613882958889008,0.21162714064121246,0.16351810097694397,-0.002790548373013735,0.02387925796210766,0.17616954445838928,-0.1791902780532837
9.720226199999615,-0.037937767803668976,0.22842979431152344,-0.06736205518245697,-0.08614061772823334,0.2116256058216095,0.16350898146629333,-0.0028010811656713486,0.02384817786514759,0.1762077510356903,-0.17919984459877014
9.740105999999741,-0.037940386682748795,0.2284265160560608,-0.06552277505397797,-0.08613941073417664,0.211627796292305,0.1635032594203949,-0.002793154213577509,0.02383926697075367,0.17622384428977966,-0.1791778802871704
9.760529499999848,-0.03791134059429169,0.22841165959835052,-0.06505953520536423,-0.08619485795497894,0.21162907779216766,0.16350141167640686,-0.0028114980086684227,0.023837706074118614,0.17621231079101562,-0.17918112874031067
9.780183599999873,-0.037915829569101334,0.2284126877784729,-0.06505685299634933,-0.08619256317615509,0.21162955462932587,0.1635071337223053,-0.0028067410457879305,0.02383524179458618,0.17624631524085999,-0.17917436361312866
9.800444699999844,-0.03793376684188843,0.2284286767244339,-0.06504622846841812,-0.08617349714040756,0.21162782609462738,0.16350358724594116,-0.0028348250780254602,0.023814374580979347,0.1762465536594391,-0.17917799949645996
9.820409799999652,-0.037924621254205704,0.22842121124267578,-0.06490086764097214,-0.08614014089107513,0.21163009107112885,0.16349247097969055,-0.002868430223315954,0.023786449804902077,0.17624415457248688,-0.17919865250587463
9.840092799999638,-0.03793291375041008,0.22840870916843414,-0.06434575468301773,-0.0861930400133133,0.211621955037117,0.1634945273399353,-0.002861143322661519,0.02376011200249195,0.1762574017047882,-0.17919406294822693
