9.959999988495838e-05,-3.545691288309172e-05,-4.587560033542104e-05,2.5364270186400972e-06,-1.642557435843628e-05,-1.953633181983605e-05,2.431526081636548e-05,9.282136375077243e-07,-3.6434845242183656e-05,9.112307452596724e-06,1.6081572539405897e-05
0.020311999999648833,1.4078918866289314e-05,-3.389556150068529e-05,4.392399659991497e-06,-2.7867161406902596e-05,1.1700178220053203e-05,2.053927892120555e-05,5.432037596619921e-06,-4.21314180130139e-05,3.525287684169598e-05,-9.709855476103257e-06
0.04014019999976881,1.2714579497696832e-05,9.206578397424892e-06,4.730592081614304e-06,-2.0155985112069175e-05,7.669051228731405e-06,-1.441349468223052e-06,2.1335339624783956e-05,-4.747958155348897e-05,1.3526044313039165e-05,-3.6517944863589946e-06
0.060242399999879126,3.029640720342286e-05,-5.239408710622229e-05,1.4969396943342872e-05,-2.2377680579666048e-05,8.738132237340324e-06,6.741120159858838e-06,8.976832759799436e-06,-3.793769428739324e-05,1.544108090456575e-05,-1.5611294656991959e-06
0.08010009999998147,1.6896716260816902e-05,-1.3258408216643147e-05,2.823991235345602e-05,-1.8784981875796802e-05,5.761952252214542e-06,6.948119334992953e-06,4.0426948544336483e-07,-3.567828389350325e-05,1.9154855181113817e-05,-8.11349309515208e-06
0.10035679999964486,2.5209528757841326e-05,-3.954545900342055e-05,6.867433967272518e-06,-2.084545121761039e-05,6.798681170039345e-06,6.273178314586403e-06,3.59966725227423e-05,-3.632203151937574e-05,2.2609779989579692e-05,-1.8485840200810344e-06
0.12017129999912868,3.566512168617919e-05,-3.669431862363126e-06,1.3882632629247382e-05,-6.281626610871172e-06,5.9516164583328646e-06,6.954403033887502e-06,-8.997158147394657e-07,-3.484776243567467e-05,2.699111428228207e-05,5.152812718733912e-06
0.14012499999989814,6.888760253787041e-05,4.577711933961837e-06,-5.785645953437779e-06,-2.1827558157383464e-05,8.050063115661032e-06,1.1920396900677588e-05,1.781327955541201e-05,-3.920414746971801e-05,1.5438019545399584e-05,9.55296400206862e-06
0.16016969999964203,3.657755587482825e-05,-1.3053950169705786e-05,-5.570680514210835e-06,-2.1589894458884373e-05,1.8500447822589194e-06,-8.234705092036165e-06,1.6118030998768518e-07,-4.074074240634218e-05,2.2274618459050544e-05,2.0842873709625565e-05
0.18052839999927528,5.874571797903627e-05,-2.788195342873223e-05,-1.1044298844353762e-05,-1.3535796824726276e-05,-6.191593911353266e-06,1.251886260433821e-05,1.6284224329865538e-05,-3.6841513065155596e-05,7.333617759286426e-06,-4.289226581022376e-06
0.20048969999970723,9.177833817375358e-06,4.718097443401348e-06,-4.646322395274183e-06,7.97226675786078e-07,3.2788925636850763e-06,1.7450747691327706e-05,1.2209342457936145e-05,-3.691324673127383e-05,1.820110628614202e-05,-7.053317403915571e-06
0.22029309999925317,7.310287037398666e-05,2.288324321852997e-05,1.098774100682931e-05,-1.1629934306256473e-05,-9.968040103558451e-06,1.2678311577474233e-05,2.2521388018503785e-05,-3.7255435017868876e-05,1.9358856661710888e-05,-2.805855501719634e-06
0.2401651000000129,-4.2935316741932184e-05,-6.7010637394560035e-06,4.871812507190043e-06,-3.040149385924451e-05,1.537973730592057e-05,-7.18842329661129e-07,2.5401252059964463e-05,-3.900696538039483e-05,1.5182265087787528e-05,2.220811211373075e-06
0.2602692999998908,1.5165232071012724e-05,3.320828182040714e-05,1.298395000048913e-05,1.3662370292877313e-06,1.0176745490753092e-05,1.8821183402906172e-06,1.4193761671776883e-05,-4.062530933879316e-05,3.341060073580593e-05,-3.944147465517744e-06
0.2800599999991391,-7.121602720872033e-06,-5.056272493675351e-05,8.723225619178265e-06,-1.8047438061330467e-05,2.0557889001793228e-05,-5.775617864856031e-06,3.714020931511186e-05,-5.5301745305769145e-05,2.1721949451602995e-05,8.642198736197315e-06
0.3001807999999073,3.436573388171382e-05,-6.403665611287579e-05,9.315667739429045e-06,-1.5912275557639077e-05,1.3247417882666923e-05,-1.4476347132585943e-05,1.4071543773752637e-05,-4.005728260381147e-05,1.0937224033114035e-05,1.2093662917322945e-05
0.3203678999998374,1.786440952855628e-05,-1.2809431609639432e-05,1.5278430510079488e-05,-6.077977559471037e-06,7.422836461046245e-07,-1.0251146704831626e-05,1.3172079889045563e-05,-3.487214053166099e-05,2.7176169169251807e-05,3.9904989534989e-08
0.34026670000002923,2.4613227651570924e-06,2.652027660587919e-06,-9.278684956370853e-06,-1.5304016415029764e-05,3.8790358303231187e-07,2.5977662517107092e-05,7.274365998455323e-06,-6.676785233139526e-06,1.3638737982546445e-05,4.187917511444539e-06
0.36007969999991474,-3.316228685434908e-05,-1.5056582014949527e-05,1.4774483133805916e-05,-3.674930485431105e-05,6.691008366033202e-06,1.8785871361615136e-05,1.2748572771670297e-05,4.8131087169167586e-06,2.4321487217093818e-05,-4.029760020785034e-06
0.38016089999928226,3.969525278080255e-05,-1.1255582649027929e-05,7.05793900124263e-06,-1.2193551810923964e-05,-3.793552878050832e-06,2.83122844848549e-05,-2.6915665785054443e-06,-4.556350540951826e-05,1.7213053070008755e-05,-2.3634631816094043e-06
0.4007029999993392,-1.7317928723059595e-05,-3.664195537567139e-05,-1.6176336430362426e-06,-2.4305581973749213e-05,-9.961520845536143e-06,-4.9724885684554465e-06,1.3917900105298031e-05,-5.109936682856642e-05,2.2093241568654776e-05,4.682934104494052e-06
0.42051829999945767,3.1768477128935046e-06,-9.037613381224219e-06,-1.282863195228856e-05,-2.7431195121607743e-05,8.065320798777975e-06,9.041159501066431e-06,8.017896107048728e-06,-4.974783951183781e-05,3.536842996254563e-05,1.4836045920674223e-05
0.4403101999996579,-3.141148044960573e-05,-2.7545525881578214e-05,-5.181174401513999e-06,-3.3177137083839625e-05,3.10255927615799e-08,3.748585641005775e-06,1.2823472388845403e-05,-4.2086903704330325e-05,1.9091901776846498e-05,-4.443143097887514e-06
0.46019369999976334,-2.428662628517486e-05,-3.9276528696063906e-05,-9.474144462728873e-06,-3.5761104300036095e-08,-8.345728019776288e-06,7.547778295702301e-06,6.1336586441029795e-06,-3.6476827517617494e-05,2.782448791549541e-05,2.4426064555882476e-05
0.48020789999918634,3.7863435863982886e-05,-1.0289702004229184e-05,-3.8105331441329326e-06,-3.4259468520758674e-05,-3.666954171421821e-07,-6.906613521096006e-07,7.482544788217638e-06,-4.2723837395897135e-05,1.2766220606863499e-05,-1.1136158946101204e-06
0.500230499999816,3.2739535527070984e-05,-4.6353390644071624e-05,6.606120678043226e-06,-1.962845999514684e-05,1.5130743122426793e-05,-5.805891305499244e-07,2.0115214283578098e-05,-4.4387335947249085e-05,1.61672942340374e-05,9.370662155561149e-06
0.5201058999991801,8.553835868951865e-06,-5.129107375978492e-05,-2.035713123405003e-06,-1.1516542144818231e-05,9.312214388046414e-06,7.684778211114462e-06,1.54451590788085e-05,-3.897540591424331e-05,2.6092424377566203e-05,-5.962209797871765e-06
0.5401447999993252,3.693631151691079e-05,-1.234594856214244e-05,-6.3509151004836895e-06,-2.7309657525620423e-05,-1.2608320503204595e-05,1.4175259821058717e-05,-5.745584530814085e-06,-4.770036321133375e-05,2.6871770387515426e-05,9.700415830593556e-06
0.560091199999988,3.343389471410774e-05,-2.8562231818796135e-05,-3.912999090971425e-06,-2.736526948865503e-05,1.4091043340158649e-05,-4.3073214328614995e-06,-4.933469426759984e-06,-4.0245613490696996e-05,2.5508117687422782e-05,3.561530547813163e-06
0.5803001999993285,-3.3226251616724767e-06,-3.48714784195181e-05,-1.3330168258107733e-06,-2.4771066819084808e-05,-8.496191185258795e-06,2.30011446546996e-05,9.670511644799262e-06,-1.458278075006092e-05,1.8290251318830997e-05,-3.0634660106443334e-06
0.6001791999997295,5.7867782743414864e-05,1.8419585103401914e-05,-6.743284302501706e-06,-1.009319385048002e-05,-5.267343112791423e-06,-2.267926902277395e-06,-3.993385234934976e-06,-3.553869464667514e-05,2.391747329966165e-05,1.499187510489719e-05
0.6203034000000116,3.811073111137375e-05,-2.1143500816833694e-06,-2.2287993033387465e-06,-1.907090154418256e-05,5.673879059031606e-06,7.049128726066556e-06,-3.5850462154485285e-06,-4.732360685011372e-05,-5.910373147344217e-06,-1.088537919713417e-05
0.6401679999999033,-9.579443030816037e-06,-7.626401929883286e-05,3.6872045257041464e-06,-2.4394483261858113e-05,2.4768387447693385e-06,1.4796026334806811e-05,3.358134563313797e-05,-4.6353663492482156e-05,1.7478309018770233e-05,5.797938683826942e-06
0.6601788999996643,5.056535883340985e-06,-2.113966183969751e-05,3.2784453196654795e-06,-1.4286179066402838e-05,-4.9847208174469415e-06,2.1096228010719642e-05,2.4268072593258694e-05,-4.8605987103655934e-05,2.0549683540593833e-05,-4.243906914780382e-07
0.680156899999929,6.0145397583255544e-05,9.943310033122543e-07,9.297014912590384e-06,-3.0831561161903664e-05,-7.1733352342562284e-06,5.175114893063437e-06,8.52824086905457e-06,-3.7943005736451596e-05,1.2886966032965574e-05,2.5101924165937817e-06
0.7001036999999997,3.4507207601564005e-05,-4.584970520227216e-05,6.957318873901386e-06,-3.0711413273820654e-05,-2.1669463876605732e-06,1.1028223525499925e-05,9.119783499045298e-06,-3.920541348634288e-05,2.4202647182391956e-05,1.2779885310010286e-06
0.7200866999992286,2.4976870918180794e-05,-3.862885932903737e-05,-9.739314918988384e-07,-1.2756576325045899e-05,6.4411146922793705e-06,1.987461291719228e-05,3.5575164929468883e-06,-4.1664701711852103e-05,7.38204607841908e-06,7.724488568783272e-06
0.7404799999994793,8.720850019017234e-06,-1.2542748663690872e-05,1.3589079571829643e-05,-2.2869051463203505e-05,-2.008077899517957e-06,-3.074750566156581e-06,1.130474811361637e-05,-4.1534167394274846e-05,2.6350093321525492e-05,1.9356531993253157e-05
0.7601348999996844,-4.7788516894797795e-06,-9.643857083574403e-06,1.013355085888179e-05,-2.06979730137391e-05,-9.808641152631026e-06,3.556423052941682e-06,1.4819145235378528e-06,-3.808776818914339e-05,1.3128055798006244e-05,4.993851689505391e-06
0.7802587999995012,-2.849672091542743e-05,-2.277490966662299e-05,9.636674803914502e-06,-1.6151490854099393e-05,-1.0223013759969035e-06,3.949296569771832e-06,7.68564859754406e-06,-3.5631615901365876e-05,1.387388510920573e-05,1.9528961274772882e-06
0.8004316999995353,2.36197593039833e-05,-4.0486487705493346e-05,1.6477548342663795e-05,-5.733705620514229e-06,4.983139660907909e-06,-1.33886833282304e-05,1.4854258552077226e-05,-3.6203080526320264e-05,2.591379416116979e-05,1.2243649507581722e-05
0.8202610999996978,4.8496433009859174e-05,-6.903230314492248e-06,-1.273696284442849e-06,-2.257970663777087e-05,-5.086869350634515e-06,1.660986413298815e-06,-1.487533427280141e-05,-3.573379945009947e-05,2.4292214220622554e-05,-2.33000127991545e-06
0.8403762999996616,5.7674005802255124e-05,-1.5752857507322915e-05,-1.6590349332545884e-05,-4.866714789386606e-06,2.133473117282847e-06,-4.198146598355379e-06,4.187798367638607e-06,-4.011653072666377e-05,1.6941285139182582e-05,2.6840359623747645e-06
0.8602781999998115,7.650121915503405e-06,-2.594194711491582e-06,9.922613571688998e-06,-1.624620199436322e-05,-1.331920884695137e-06,-8.12161852081772e-06,1.0094698154716752e-05,-4.15627691836562e-05,2.1773867047159e-05,2.7955600216955645e-06
0.8804307999998855,-2.9102584448992275e-05,-3.1954543374013156e-05,-5.427779797173571e-06,-5.322719971445622e-07,1.068247547664214e-05,1.2261014489922673e-05,7.050284693832509e-06,-4.090024594916031e-05,6.646778729191283e-06,-2.546509676903952e-06
0.9001711999999316,-2.8424688935047016e-05,-1.0950899195449892e-05,-8.564168638258707e-06,-1.9540717403288e-05,-1.488780526415212e-06,1.9531367797753774e-05,1.913240794237936e-06,-5.008904918213375e-05,7.179637123044813e-06,7.939857823657803e-06
0.920294699999431,1.1399733011785429e-05,-1.945695203176001e-06,2.238788511021994e-06,-2.1151201508473605e-05,2.0118964130233508e-06,1.1236139471293427e-05,-7.48866614230792e-06,-4.760497540701181e-05,2.860828089978895e-06,3.0871783565089572e-06
0.9404993999996805,-1.3982734344608616e-05,-5.610821517620934e-06,6.882341040181927e-06,-3.271779860369861e-05,5.417384272732306e-06,-7.0198793764575385e-06,2.0135926206421573e-06,-3.813740113400854e-05,2.014360507018864e-05,-5.507577043317724e-06
0.9601601999993363,-6.21293111180421e-07,6.534832209581509e-06,5.902430075366283e-06,-1.7142881915788166e-05,5.256001713860314e-06,-2.1215987544564996e-06,-3.7919239730399568e-06,-4.7900866775307804e-05,2.501038761693053e-05,1.5340865502366796e-05
0.9803292999995392,-1.5592548152199015e-05,-5.1322408580745105e-06,-1.1146856195409782e-05,-2.230159952887334e-05,9.160098670690786e-07,-6.019670308887726e-07,-9.171558303933125e-07,-3.779591861530207e-05,7.640421245014295e-06,3.52850001945626e-05
1.0004419999995662,5.756938116974197e-05,-2.848534131771885e-05,-2.2095848635217408e-06,-2.520273847039789e-05,-3.706885308929486e-06,9.400180715601891e-06,-1.6999806575768162e-06,-4.057009209645912e-05,1.8611895029607695e-06,-3.1970696454663994e-06
1.020290099999329,-1.5861478459555656e-05,-5.196897632231412e-07,-1.2241351214470342e-05,-3.065744385821745e-05,5.996037998556858e-06,1.1068345884268638e-06,7.656448360648938e-06,-4.691103458753787e-05,2.7429221518104896e-05,4.039235136588104e-06
1.0401191999999355,2.3465967387892306e-05,1.5074076145538129e-05,-2.942568471553386e-06,-1.4723763342772145e-05,1.825283106882125e-05,2.8771501092705876e-06,9.6947951533366e-06,-2.3798645997885615e-05,1.2899123248644173e-05,2.3480965865019243e-06
1.0603488999995534,-2.432105247862637e-06,-3.5228338674642146e-05,-6.567365744558629e-06,-1.9936680473620072e-05,-2.9153945888538146e-06,-8.7107264334918e-06,3.4406425584165845e-06,-3.18966485792771e-05,2.9244776669656858e-05,1.5925874322419986e-05
1.0803255999999237,-1.9170756786479615e-06,3.812431486949208e-06,1.7083809780160664e-06,-3.0167768272804096e-05,-3.7832060115761124e-06,-2.0601128198904917e-06,7.102634299371857e-06,-4.0831011574482545e-05,1.1088690371252596e-05,-4.395830274006585e-06
1.1001625999997486,7.549917791038752e-05,-1.8267121049575508e-05,-3.832152287941426e-06,-1.1567616638785694e-05,2.7308551580063067e-06,-1.935209638759261e-06,1.2133759810240008e-05,-3.88652624678798e-05,3.4840800253732596e-06,2.0656802917073946e-06
1.120089299999563,3.995939187007025e-05,-6.3050420067156665e-06,1.3055883755441755e-05,-1.0917193321802188e-05,5.89047067478532e-06,5.589533429883886e-06,1.900412462418899e-05,-3.941271279472858e-05,2.3416801923303865e-05,6.139134711702354e-08
1.1401549999991403,1.0801919415825978e-05,1.799547317204997e-05,3.456185822869884e-06,-1.6120869986480102e-05,2.4815324650262482e-05,-3.3761320992198307e-06,5.408920515037607e-06,-3.6812780308537185e-05,1.5641508070984855e-05,1.065275569089863e-06
1.160186899999644,-2.5405293854419142e-05,1.1531842574186157e-06,2.9567989258794114e-05,-2.658451921888627e-05,1.0756160918390378e-05,1.4293384083430283e-05,-1.4919771729182685e-07,-4.395992436911911e-05,3.601995558710769e-05,1.2381884516798891e-05
1.1801697999999305,3.1848154321778566e-05,6.136035608506063e-06,1.8694428945309483e-05,-4.054144301335327e-05,1.1593809176702052e-05,8.04575756774284e-06,-1.0965627552650403e-06,-3.897670831065625e-05,8.7770049503888e-06,5.465430149342865e-06
1.2004281999998057,-5.289386535878293e-06,-4.105840707779862e-05,-1.8907536286860704e-05,-5.28998498339206e-06,8.053004421526566e-06,-1.5032239844003925e-06,2.5806693884078413e-05,-3.62557329935953e-05,1.669007178861648e-05,1.0713964911701623e-05
1.2201506999999765,-3.09381284750998e-05,5.283084192342358e-06,1.07617634057533e-05,-1.281677123188274e-05,6.593151738343295e-06,8.159860954037867e-06,1.5881449144217186e-05,-4.7800818720133975e-05,2.6467447241884656e-05,7.478711268049665e-06
1.2401683999996749,-2.889973529818235e-06,-1.3827257134835236e-05,1.4697720871481579e-05,-1.6720881831133738e-05,1.254249582416378e-05,-5.1266210903122555e-06,7.108345016604289e-06,-4.581490793498233e-05,3.168380499118939e-05,1.3817921171721537e-06
1.2601469999999608,2.2938565962249413e-05,5.217931629886152e-06,-1.175965280708624e-06,-7.239586011564825e-06,1.579613672220148e-05,1.4706820365972817e-05,8.633405741420574e-06,-3.163890141877346e-05,2.3194088498712517e-05,1.4230817214411218e-05
1.2803680999995777,5.431027238955721e-05,-3.459781873971224e-05,9.09821847017156e-06,-8.32737896416802e-06,-5.600391432381002e-06,3.2634998206049204e-06,5.362908268580213e-06,-3.691669553518295e-05,1.52722805069061e-05,-4.4316053049442417e-07
1.300580699999955,-6.106702130637132e-06,-2.3234542823047377e-05,8.87181522557512e-06,-2.010466778301634e-05,-6.760650421711034e-07,-2.3208667698781937e-07,1.5045850886963308e-05,-4.342525789979845e-05,2.082337778119836e-05,1.5808487887625233e-06
1.3203661999996257,1.7004040273604915e-05,-6.179361662361771e-05,-1.0048067906609504e-06,-2.248132659588009e-05,1.1080342119385023e-06,1.8072598322760314e-05,1.4662857211078517e-05,-3.7996069295331836e-05,5.0289718274143524e-06,7.34846571504022e-06
1.3403682999996818,2.3333845092565753e-05,-5.502046042238362e-05,-1.3123724784236401e-05,-1.5253521269187331e-05,3.1796193979971576e-06,-9.068211511475965e-06,1.912472953335964e-07,-4.184517456451431e-05,1.1151952094223816e-05,1.1257702681177761e-07
1.3603924999997616,-3.565785300452262e-05,-4.691542926593684e-06,-7.69134089750878e-08,2.877384304156294e-07,6.165057584439637e-06,-7.3942483140854165e-06,3.844750608550385e-06,-4.851090125157498e-05,-1.0651206139300484e-07,1.8550332242739387e-05
1.3801563999995778,5.447357034427114e-05,8.149168024829123e-06,1.1819895462394925e-06,-1.413182144460734e-05,-7.352611646638252e-06,-1.250680725206621e-05,2.252828016935382e-05,-3.78034746972844e-05,1.8549864762462676e-05,-7.000622190389549e-06
1.4004553999993732,2.3143224098021165e-05,-2.1598467355943285e-05,7.133150575100444e-06,-2.1432817447930574e-05,5.679576588590862e-06,-4.319389063311974e-06,1.1678254850266967e-05,-3.7783931475132704e-05,2.3848759155953303e-05,9.153494829661213e-06
1.4205688999991253,9.879834578896407e-06,-7.26337111700559e-06,6.821539045631653e-06,-1.7836830011219718e-05,8.674788659845944e-06,1.801491634978447e-05,3.0364648409886286e-05,-3.756279329536483e-05,6.080233106331434e-06,1.8208776964456774e-05
1.440580599999521,2.1232073777355254e-05,-4.6671106247231364e-05,2.6216757760266773e-05,-1.2879385394626297e-05,7.420175279548857e-06,1.0688157772165141e-06,1.0919987289526034e-05,-3.747351001948118e-05,9.025277904584073e-06,7.624128556926735e-06
1.460151099999166,1.9842938854708336e-05,-3.93635273212567e-05,-1.695443097560201e-05,-7.507196642109193e-06,-1.5976302165654488e-06,-2.6240684292133665e-06,1.6595160559518263e-05,-3.6151228414382786e-05,9.07667799765477e-06,4.611942586052464e-06
1.480272299999342,2.9567661840701476e-05,-9.411029168404639e-06,-1.3050615052634384e-05,-1.0741665391833521e-05,-1.6775575204519555e-05,-1.166123001894448e-05,1.9024951143364888e-06,-4.236360837239772e-05,-2.0640432012442034e-06,4.955265922035323e-07
1.5001528999991933,8.089712537184823e-06,-1.5818341125850566e-05,5.354112545319367e-06,-1.7702441255096346e-05,-2.4474654765072046e-06,2.550252429500688e-05,6.802474672440439e-07,-4.151012035435997e-05,1.6623649571556598e-05,-3.3867559068312403e-06
1.520218799999384,1.0420603757665958e-07,7.733725396974478e-06,6.784706329199253e-06,2.667326043592766e-06,9.76256615103921e-07,1.322314710705541e-05,1.0019975889008492e-05,-4.3511030526133254e-05,1.2631975550903007e-05,2.8272652343730442e-06
1.5401364999997895,-4.490637365961447e-06,-1.1608136446739081e-05,-1.4755654774489813e-05,-1.2228532796143554e-05,-2.4426756226603175e-06,4.427787644090131e-06,9.916024282574654e-06,-3.8196463719941676e-05,2.1375593860284425e-05,2.169147705899377e-07
1.5602033999994092,-2.715666141739348e-06,4.00237968278816e-06,-1.221571665155352e-06,-7.976565029821359e-06,1.4174737771099899e-05,2.353385934839025e-05,1.8070073565468192e-05,-4.095499753020704e-05,2.8009950256091543e-05,5.674110070685856e-06
1.5802315999999337,-1.3415525245363824e-05,-1.2025014257233124e-05,-1.128988151322119e-05,-2.1370267859310843e-05,1.2306718417676166e-05,6.046786324986897e-07,-9.433571904082783e-06,-3.9958147681318223e-05,1.2940344277012628e-05,1.4448449974224786e-06
1.6002887999993618,3.722039400599897e-05,-2.084888910758309e-05,4.065801476826891e-06,-1.687073449829768e-06,7.120859663700685e-06,1.5374818758573383e-05,1.412596338923322e-05,-3.935458880732767e-05,2.8940257834619842e-05,1.034705201163888e-05
1.62045069999931,5.4266212828224525e-05,1.265407627215609e-05,6.676024895568844e-06,-1.7976766685023904e-05,1.185276505566435e-05,3.9168980947579257e-07,6.518340342154261e-06,-4.152303881710395e-05,2.8338357878965326e-05,-9.426328688277863e-06
1.6403287999992244,-1.5130238352867309e-05,2.196581772295758e-05,-1.4264678611652926e-06,4.7604271458112635e-07,-4.494616405281704e-06,1.9613204131019302e-05,2.4209006369346753e-05,-4.126596468267962e-05,9.956687790690921e-06,2.0442594177438878e-06
1.6604579999993803,3.390715573914349e-05,2.7490450520417653e-05,6.423270406230586e-06,-4.125698524148902e-06,-9.777429113455582e-06,1.3744004718319047e-05,1.3670274711330421e-05,-4.2685849621193483e-05,3.945722710341215e-05,4.010444627056131e-06
1.680533099999593,3.485648994683288e-05,3.023284807568416e-05,-1.211266135214828e-05,-1.4350823221320752e-05,-1.6818185031297617e-06,1.6856595266290242e-06,-5.411427991930395e-06,-4.229768819641322e-05,1.1794615602411795e-05,3.4076244901370956e-06
1.700354999999945,1.6395379134337418e-06,-2.273017707921099e-05,-3.122049292869633e-06,-1.9845534552587196e-05,1.5977660950738937e-05,6.725263119733427e-06,-6.258419489313383e-06,-4.917783007840626e-05,3.030167590623023e-06,-1.4308825484476984e-06
1.720460199999252,3.7270983739290386e-05,-1.9153454559273086e-05,1.6523013073310722e-06,-1.584591700520832e-05,1.3442254385154229e-05,7.699229172430933e-06,2.25005169340875e-06,-4.043975786771625e-05,1.2920914741698653e-05,-4.429342425282812e-06
1.740393299999596,1.1846810593851842e-05,-2.5779268980841152e-05,1.4966588423703797e-05,-2.7764312108047307e-05,1.605990473763086e-05,1.7649090295890346e-05,1.7779721019905992e-06,-3.636650217231363e-05,1.283136043639388e-05,-4.021534550702199e-06
1.7603928999997152,-2.798404784698505e-05,7.147666565288091e-06,7.672251740586944e-06,-6.44964029561379e-06,1.0529262908676174e-05,2.994777423737105e-05,1.0569999176368583e-05,-3.689531877171248e-05,1.711248842184432e-05,1.0526044206926599e-05
1.7800919999999678,2.704647158680018e-06,-5.338817118172301e-06,-2.7451926598587306e-07,-1.1175729014212266e-05,8.199314834200777e-06,1.6572344975429587e-05,6.484393452410586e-06,-3.849880158668384e-05,2.7800362659036182e-05,-6.742426194250584e-06
1.800286199999391,3.340862167533487e-05,-8.319918379129376e-06,2.1396451757027535e-06,-2.457051959936507e-05,1.0099443898070604e-05,9.58869350142777e-06,1.0827339792740531e-05,-4.0566872485214844e-05,2.8314954761299305e-05,4.197799171379302e-06
1.8203857999997126,3.0495793907903135e-06,-2.8260963063075906e-06,2.6419547793921083e-07,-1.63823915499961e-05,1.0228132850897964e-05,-2.0598406990757212e-05,1.056365181284491e-05,-3.545718209352344e-05,1.547902138554491e-05,7.518608526879689e-06
1.8405532999995557,-2.077623867080547e-05,-1.5879695638432167e-05,1.4076113984629046e-05,-8.165811777871568e-06,1.49346305988729e-06,7.570198249595705e-06,8.316867024404928e-06,-3.759540049941279e-05,2.1527408534893766e-05,-7.297434876818443e-06
1.8601648999992904,1.450962372473441e-05,-4.208599784760736e-05,6.218006092240103e-06,-2.6374653316452168e-05,-3.0044670893403236e-06,-1.2187323591206223e-05,5.839168352395063e-06,-4.06770923291333e-05,-2.0160439362371108e-07,-1.550182332721306e-06
1.8805223999997907,5.646958015859127e-06,4.19488969782833e-06,6.2123617681209e-06,-5.2228451750124805e-06,-1.9396866264287382e-06,1.171707936009625e-05,4.068962516612373e-05,-3.831667345366441e-05,3.1374227546621114e-05,1.1637366696959361e-05
1.90048299999944,2.392900023551192e-05,8.911183613236062e-06,5.342887448023248e-07,-2.9148133762646466e-05,-1.6535943359485827e-05,1.2489572327467613e-05,1.48898470797576e-06,-3.935141285182908e-05,8.796362635621335e-06,4.6095829020487145e-06
1.920331599999372,1.000418478724896e-06,-2.5242970878025517e-05,1.0045097951660864e-05,-2.2118176275398582e-05,-3.7322909065551357e-06,-3.042102889594389e-06,1.641931157791987e-05,-3.4319433325435966e-05,3.0736919143237174e-06,1.1543142136360984e-05
1.9402304999994158,1.0991317139996681e-05,-7.586129413539311e-07,2.84505877061747e-05,-1.8694456230150536e-05,-5.3892376854491886e-06,-7.881343663029838e-06,9.279734513256699e-06,-4.540899317362346e-05,2.8590466172317974e-06,1.4102943168836646e-05
1.9605553999999756,3.7988425901858136e-05,-8.06739080871921e-06,-1.036878711602185e-05,-2.2702592104906216e-05,-3.843678314296994e-06,2.6006396183220204e-06,1.2663353118114173e-05,-4.273594095138833e-05,6.957048299227608e-06,8.084045930445427e-07
1.9805290999993304,6.0158632550155744e-05,-2.164888610423077e-05,-9.137531378655694e-06,-2.3645015971851535e-05,-1.4454383290285477e-06,3.6906697005179012e-06,6.268258402997162e-06,-4.7748719225637615e-05,4.1389903344679624e-05,9.26786469790386e-07
2.0002113999998983,-2.1095194824738428e-05,-3.943582487409003e-05,-5.451667220768286e-06,-3.0595241696573794e-05,9.971233339456376e-06,1.0682388165150769e-05,1.1802865628851578e-05,-3.95046008634381e-05,1.0488701263966504e-05,-4.182598786428571e-06
2.0202832999993916,-9.165727533400059e-06,1.1600223842833657e-05,6.597239007533062e-06,-9.574159776093438e-06,1.9464796423562802e-06,1.4317362001747824e-05,-5.151847517481656e-07,-4.263449227437377e-05,1.1649327461782377e-05,-1.8841010387404822e-06
2.0405713000000105,2.1653182557201944e-05,1.1377292139513884e-05,-5.4970532801235095e-06,-4.4458698539528996e-05,-5.259125828160904e-06,-4.1452272853348404e-05,2.7975007469649427e-05,-4.42630989709869e-05,1.7835598555393517e-05,5.715181487175869e-06
2.0603558999991947,-1.5315123164327815e-05,2.1411742636701092e-06,-5.129510100232437e-05,-4.026925307698548e-05,-1.8175258446717635e-05,-0.00024252200091723353,-3.815714080701582e-06,-3.797373210545629e-05,6.4877349359449e-06,5.420242814579979e-06
2.0805497999999716,3.445232141530141e-05,-4.663309482566547e-06,-0.00014751078560948372,-5.775754834758118e-05,9.653752385929693e-06,-0.0009538449812680483,9.901512385113165e-06,-4.072609590366483e-05,1.7076496078516357e-05,1.3099130228511058e-05
2.100229299999228,4.921856088913046e-06,-3.4666049032239243e-05,-0.00040635300683788955,-6.776908412575722e-05,1.3571663657785393e-05,-0.0021004248410463333,-5.433794285636395e-06,-3.3458753023296595e-05,5.914270332141314e-06,-6.171306267788168e-06
2.120364999999765,-6.797616606490919e-06,1.9892591808456928e-05,-0.0006192143773660064,-0.0002096287498716265,1.3333185052033514e-05,-0.0020539122633635998,2.1740586817031726e-05,-4.492975858738646e-05,1.172072188637685e-05,1.0917325198533945e-05
2.140321299999414,1.4754445146536455e-05,2.50837820203742e-05,-0.0007544048712588847,-0.00023702775069978088,2.9479226213879883e-05,-0.0020507401786744595,1.2370004697004333e-05,-3.829170600511134e-05,2.885860340029467e-05,-3.662934204839985e-06
2.1600515999998606,-4.9349750952387694e-06,3.697469219332561e-05,-0.0009689567377790809,-0.000256301776971668,3.2295301934937015e-05,-0.002062435494735837,1.2204495760670397e-05,-5.687284283339977e-05,1.1700173672579695e-05,-2.237288072137744e-06
2.1800475999998525,3.932237086701207e-05,-2.3647671696380712e-05,-0.0010225290898233652,-0.0002767837722785771,4.308007191866636e-05,-0.0020681903697550297,1.2296494787733536e-05,-7.04704289091751e-05,1.8908223864855245e-05,-3.44046065947623e-06
2.2000904999995328,3.311313412268646e-05,-3.869143620249815e-05,-0.0010965769179165363,-0.00028299432597123086,4.713256930699572e-05,-0.002065329346805811,1.4657422070740722e-05,-4.3180516513530165e-05,2.2408761651604436e-05,-1.5490059013245627e-06
2.2203239999998914,3.13530836137943e-05,-5.615685950033367e-05,-0.001089171739295125,-0.0002749522100202739,2.0885125195491128e-05,-0.0020485450513660908,2.084684638248291e-05,-3.6090823414269835e-05,1.6790425434010103e-05,5.6934900385385845e-06
2.2402345999998943,3.7074958527227864e-05,-2.406484964012634e-05,-0.0010553831234574318,-0.0002683283528313041,3.4726865123957396e-05,-0.0020810929127037525,7.110497790563386e-06,-3.778077370952815e-05,1.2087597497156821e-05,3.259993945903261e-07
2.2601316000000224,1.885795427369885e-05,-4.854617600358324e-06,-0.0010551156010478735,-0.0003228359273634851,3.7938905734336004e-05,-0.0021208131220191717,2.111352728206839e-07,-3.078852023463696e-05,7.809717317286413e-06,1.224669540533796e-05
2.280078699999649,-4.648332833312452e-05,2.0114326616749167e-05,-0.001117489067837596,-0.0003427390183787793,5.2992570999776945e-05,-0.0021253488957881927,-9.16880617296556e-06,-4.153337795287371e-05,1.0671580639609601e-05,1.5750058082630858e-05
2.3003453999999692,2.3902572138467804e-05,-2.3231878003571182e-05,-0.0019451802363619208,-0.00035269069485366344,3.8249141653068364e-05,-0.002141683828085661,2.451431555527961e-06,-4.90613492729608e-05,3.1223869882524014e-05,9.972295629268046e-06
2.3205410999999003,2.8103644581278786e-05,-2.220988244516775e-05,-0.0034648797009140253,-0.00031116913305595517,4.511377483140677e-05,-0.0022708983160555363,5.703874194296077e-06,-5.336848334991373e-05,2.752166983555071e-05,-6.279549324972322e-07
2.340292699999736,2.0203991880407557e-05,2.808078306770767e-06,-0.006416187155991793,-0.0003680153167806566,6.056755955796689e-05,-0.0023040722589939833,7.922400982351974e-06,-3.836872929241508e-05,1.6705809684935957e-05,-6.908408522576792e-06
2.3603755999993155,-2.014356869040057e-05,4.809041001863079e-06,-0.01379659678786993,-0.00041298801079392433,4.9513902922626585e-05,-0.002277838531881571,-8.053953024500515e-07,-7.704124072915874e-06,1.1321742022118997e-05,1.2063364920322783e-05
2.380307299999913,7.221020496217534e-06,9.075262823898811e-06,-0.026615770533680916,-0.00034530897391960025,6.141714402474463e-05,-0.002280663698911667,8.261520633823238e-06,2.3091282855602913e-05,1.9363738829270005e-05,1.7352208487864118e-06
2.4002574999994977,1.2188138498459011e-05,-4.3510452087502927e-05,-0.04487234726548195,-0.00034452578984200954,7.305468898266554e-05,-0.002306843176484108,6.004060196573846e-06,-3.5527067666407675e-05,2.5970781280193478e-05,4.943952262692619e-06
2.420111299999917,5.398158464231528e-06,-5.870082077308325e-06,-0.06679931282997131,-0.0004290700308047235,4.913023440167308e-05,-0.002311679068952799,1.3498166481440421e-05,-3.8759768358431756e-05,1.6312180378008634e-05,-8.636458915134426e-06
2.4404431999992084,-2.4284729079226963e-05,6.133626811788417e-06,-0.09005974233150482,-0.00044107757275924087,4.678597906604409e-05,-0.002284320769831538,1.8256789189763367e-05,-5.1404476835159585e-05,2.6301004254492e-06,-4.0614452245790744e-08
2.4604534999998577,2.9441525839501992e-05,-3.197347905370407e-05,-0.11419398337602615,-0.0003228462883271277,7.121395174181089e-05,-0.0022943562362343073,1.7841852240962908e-05,-3.970167745137587e-05,-3.8295016224765277e-07,3.4739721286314307e-06
2.4801204999994297,-1.588931627338752e-05,-1.0900661436608061e-05,-0.13847026228904724,-0.0002758691553026438,4.781290772370994e-05,-0.0023001977242529392,1.917961890285369e-05,-3.670373553177342e-05,2.0017945644212887e-05,-4.957669261784758e-06
2.5002088999999614,3.378155088284984e-05,-1.8612288840813562e-05,-0.16199028491973877,-0.0002792478771880269,4.827133670914918e-05,-0.0022788960486650467,8.105713277473114e-06,-3.113735874649137e-05,-7.469468528142897e-07,3.8981220313871745e-06
2.5200828999995792,2.8148295314167626e-05,-2.3040209271130152e-05,-0.184591144323349,-0.00026208494091406465,4.2809588194359094e-05,-0.0022887568920850754,1.6346013580914587e-05,-3.9890146581456065e-05,1.7957596355699934e-05,1.6899490447030985e-06
2.540538199999901,3.143577487207949e-06,-2.550593671912793e-05,-0.2079458385705948,-0.00027110055088996887,4.348537913756445e-05,-0.0022874572314321995,-2.6329626052756794e-06,-3.743741399375722e-05,2.5597964850021526e-05,4.5397484882414574e-07
2.5601415999999517,-5.503546162799466e-06,2.987486732308753e-05,-0.231527179479599,-0.0003154550213366747,5.1014558266615495e-05,-0.002322402084246278,1.2877599147032015e-06,-4.657918179873377e-05,2.5111859940807335e-05,1.594089189893566e-05
2.5802153999993607,1.23055560834473e-05,-2.677543852769304e-05,-0.25769537687301636,-0.0002807251294143498,4.673286457546055e-05,-0.0023070601746439934,3.1583091185893863e-05,-4.593742414726876e-05,2.6527328373049386e-05,2.7655084977595834e-07
2.6001136999993832,3.791290509980172e-05,-1.719679312373046e-05,-0.28628671169281006,-0.00026896758936345577,4.4856009481009096e-05,-0.0022789244540035725,9.346093975182157e-06,-4.858043394051492e-05,2.0210176444379613e-05,2.431040229566861e-05
2.620134599999801,-5.142669124325039e-06,-4.070802788191941e-06,-0.31509578227996826,-0.0002638262521941215,5.00330061186105e-05,-0.002270788187161088,2.8242614007467637e-06,-3.778272366616875e-05,6.9178036028461065e-06,1.5310040907934308e-05
2.6407096999992064,-1.0425472282804549e-05,-3.279536758782342e-05,-0.34488093852996826,-0.00018755425116978586,5.137555854162201e-05,-0.0022690631449222565,6.730439508828567e-06,-3.7458070437423885e-05,5.8494169934419915e-06,-4.532883792762732e-07
2.6601507999994283,4.378908488433808e-05,7.924848432594445e-06,-0.37283363938331604,-0.00012827309546992183,5.149211210664362e-05,-0.0022276665549725294,1.85714234248735e-05,-3.8435136957559735e-05,1.1595728210522793e-05,2.9173161237849854e-06
2.6801057999991826,3.6364668630994856e-05,2.6265763153787702e-05,-0.3997545540332794,-0.00011560582788661122,1.958508619281929e-05,-0.0021730735898017883,1.4171958355291281e-05,-3.650686994660646e-05,2.0740885702252854e-06,2.3527914891019464e-05
2.7004284999993615,1.8347996956435964e-05,-2.9477858333848417e-05,-0.42636340856552124,-0.00011307808745186776,3.9490209019277245e-05,-0.002169796032831073,1.977446117962245e-07,-3.8532682083314285e-05,1.2961725587956607e-05,-5.6739718274911866e-06
2.7201915999994526,2.9974802600918338e-05,-9.859207239060197e-06,-0.4499800503253937,-0.00011439693480497226,2.8925111109856516e-05,-0.0020936578512191772,-1.0594440027489327e-05,-3.937114524887875e-05,1.2614646038855426e-05,3.435309281485388e-06
2.7403043999993315,4.731628723675385e-05,-3.752835254999809e-05,-0.47089526057243347,-4.14433961850591e-05,2.067149216600228e-05,-0.00202446011826396,-7.202426786534488e-06,-4.508807251113467e-05,3.179797568009235e-05,9.065398444363382e-06
2.7604027999996106,1.9634462660178542e-05,-1.6213523394981166e-06,-0.48870939016342163,-3.755228317459114e-05,1.6975409380393103e-05,-0.0019211703911423683,2.1391715563368052e-06,-3.534456482157111e-05,2.2530866772285663e-06,1.1109833621958387e-06
2.7801118999996106,-2.047441557806451e-05,-2.651925569807645e-06,-0.5044689178466797,-4.7921279474394396e-05,-9.708624929771759e-06,-0.00192184466868639,1.2987503396288957e-05,-3.8315523852361366e-05,1.2606396921910346e-05,4.567034920910373e-06
2.8002326999994693,-2.4566617867094465e-05,-3.0357075956999324e-05,-0.5181403160095215,-4.8764275561552495e-05,-1.9720660930033773e-05,-0.0019281284185126424,1.4243019904824905e-05,-3.743534762179479e-05,1.2681392036029138e-05,-9.696206689113751e-06
2.8205088999993677,-2.1986461433698423e-06,-1.7408229950888199e-06,-0.5293213725090027,-1.0337963431084063e-05,-1.1631739653239492e-05,-0.0017499085515737534,2.679340241229511e-06,-3.274218397564255e-05,1.095889001589967e-05,-6.4922223828034475e-06
2.840071299999181,2.083823801513063e-06,-2.6866722691920586e-05,-0.5377481579780579,-3.512847615638748e-05,-5.742849225498503e-06,-0.001679317676462233,1.4721778825332876e-05,-3.874853064189665e-05,1.719436841085553e-05,2.87898274109466e-06
2.86041589999968,4.950989023200236e-05,8.635876724838454e-07,-0.5436066389083862,-3.679010842461139e-05,-5.9295347455190495e-05,-0.0016945295501500368,3.891970209224382e-06,-4.7168861783575267e-05,1.6353646060451865e-05,1.2119160601287149e-05
2.880412599999545,-5.3785797717864625e-06,-7.166688192228321e-06,-0.5446169376373291,-1.250600689672865e-05,-9.766568837221712e-05,-0.0016758429119363427,2.167019556509331e-05,-4.790694219991565e-05,2.3970507754711434e-05,1.565696220495738e-05
2.9001141999997344,-3.111086698481813e-05,7.7347112892312e-06,-0.5446444153785706,-8.262874871434178e-06,-8.934126526582986e-05,-0.0015785384457558393,2.0387486074469052e-05,-4.08418127335608e-05,1.8336810171604156e-05,-1.721455419101403e-06
2.9204109999991488,2.786502955132164e-05,2.4239740014309064e-05,-0.5446211099624634,3.254559123888612e-05,-8.992461516754702e-05,-0.0013628217857331038,2.264165595988743e-05,-7.907947292551398e-06,1.1067262676078826e-05,1.3128010323271155e-05
2.94010949999938,4.614701174432412e-05,-3.8197216781554744e-05,-0.5445866584777832,3.0780709494138137e-05,-8.160430297721177e-05,-0.0013784357579424977,5.873675036127679e-06,-2.853503610822372e-05,1.6840192984091118e-05,-2.812907496263506e-06
2.9601973999997426,-1.1821612133644521e-06,-3.054010812775232e-05,-0.5444484949111938,0.00015363606507889926,-9.150162804871798e-05,-0.0013953346060588956,-3.967331394960638e-06,-4.1542210965417325e-05,1.3968663552077487e-05,1.5446760244230973e-06
2.9801103999998304,1.7639418729231693e-05,-1.6250878616119735e-05,-0.5429583191871643,0.00017902065883390605,-7.247693429235369e-05,-0.0015420221025124192,-7.554654985142406e-06,-5.534304364118725e-05,3.00646079267608e-05,5.90398303756956e-06
3.000128799999402,-3.891719825332984e-05,1.0001478585763834e-05,-0.5408362150192261,0.00019863825582433492,-8.626482303952798e-05,-0.0015012230724096298,3.345057393744355e-06,-4.092529707122594e-05,2.0796960598090664e-05,7.042689276204328e-07
3.02028429999973,3.483185719233006e-05,-4.4191182269059937e-07,-0.5409828424453735,0.00025771159562282264,-5.756537939305417e-05,-0.0014525994192808867,1.097104814107297e-05,-3.989899414591491e-05,2.2681339032715186e-05,-2.0117183794354787e-06
3.0403499999993073,-9.0675112005556e-06,-9.835182027018163e-06,-0.5408214330673218,0.00037450584932230413,-5.944368240307085e-05,-0.0014587650075554848,2.58355685218703e-05,-2.642779509187676e-05,2.2232765331864357e-05,8.562652510590851e-06
3.0602303999994547,2.5685658329166472e-05,5.745789167121984e-06,-0.540338933467865,0.0004387587250676006,-9.520031744614244e-05,-0.0015855615492910147,8.291853191622067e-06,-3.6773901229025796e-05,3.1219613447319716e-05,6.0807028603449e-06
3.0801439999995637,-4.7270448703784496e-05,-1.5192581486189738e-06,-0.5387943983078003,0.0004103966348338872,-1.5239811546052806e-05,-0.001654127612709999,7.282434580702102e-06,-4.07902552979067e-05,2.7791016691480763e-05,-6.8238350650062785e-06
3.1001816999996663,4.3726584408432245e-05,-2.5671342882560566e-05,-0.5298666954040527,0.0004229048208799213,-5.848292130394839e-05,-0.0016345190815627575,-4.917044861940667e-06,-4.528113640844822e-05,7.983505383890588e-06,4.318411356507568e-06
3.120282099999713,-3.536424628691748e-07,-6.229560767678777e-06,-0.5132733583450317,0.00041636134847067297,-6.099989332142286e-05,-0.001566183753311634,2.135447721229866e-05,-3.9402606489602476e-05,2.2344556782627478e-05,1.6647849406581372e-05
3.1402377999993405,4.075507968082093e-05,-2.9831175197614357e-05,-0.4917616546154022,0.0004637285601347685,-6.162424688227475e-05,-0.0016206466825678945,9.552064511808567e-06,-3.579914482543245e-05,2.437819966871757e-05,3.6250949051463977e-06
3.1601972999997088,3.7195009099377785e-06,-9.56172079895623e-05,-0.4688520133495331,0.0004815431893803179,-6.326820584945381e-05,-0.001718390267342329,-2.4186497284972575e-06,-3.4383254387648776e-05,4.513076419243589e-05,-1.9998224161099643e-06
3.180231299999832,-9.127010707743466e-05,-4.900656676909421e-06,-0.4448452591896057,0.0004523260868154466,-7.428226672345772e-05,-0.0017363892402499914,2.5886778530548327e-05,-3.9137456042226404e-05,1.796110336726997e-05,-7.0927922024566215e-06
3.200525799999923,-5.4284275393001735e-05,2.5601068045943975e-05,-0.4202173054218292,0.00047802194603718817,-5.6286204198841006e-05,-0.001773069379851222,7.166662726376671e-06,-4.2387997382320464e-05,7.990366611920763e-06,3.275571771155228e-06
3.220116199999211,6.602683242817875e-06,1.7688847947283648e-05,-0.397296279668808,0.0005883595440536737,-3.060358721995726e-05,-0.001733190380036831,1.0564365766185801e-05,-5.4638680012430996e-05,1.8027480109594762e-05,-4.769111910718493e-06
3.2405375999996977,3.489787195576355e-05,-3.48516259691678e-05,-0.3746894299983978,0.0006079743034206331,-6.055803532944992e-05,-0.0017749539110809565,2.620151008159155e-06,-4.561315290629864e-05,2.9962960979901254e-05,-3.915834895451553e-06
3.260088499999256,7.6612617704086e-05,-1.278608942811843e-05,-0.3520336449146271,0.0006573540158569813,-5.473205601447262e-05,-0.001769447117112577,7.754462785669602e-06,-3.6665711377281696e-05,2.084156903947587e-06,-1.277232058782829e-06
3.280272199999672,-3.940604074159637e-05,-2.4459259293507785e-05,-0.32594579458236694,0.0006872783415019512,-4.914103919873014e-05,-0.0017761427443474531,1.06029419839615e-05,-4.055661702295765e-05,6.464455054810969e-06,3.5318582831678214e-06
3.300226499999553,-2.6670972147258e-05,-3.946205833926797e-05,-0.29711711406707764,0.0007760077132843435,-6.0320158809190616e-05,-0.0018128333613276482,1.0891191777773201e-05,-2.1644040316459723e-05,3.157747778459452e-05,4.189408855381771e-07
3.320071299999654,-8.533371146768332e-05,1.3004620996071026e-05,-0.2640097439289093,0.0008048315066844225,-5.3213454521028325e-05,-0.0018329323502257466,1.4478237062576227e-05,-3.574075526557863e-05,9.751956895343028e-06,1.8999617168447003e-07
3.3402870999998413,2.6133075152756646e-05,-1.9538951164577156e-05,-0.22992363572120667,0.0007928685517981648,-5.376286935643293e-05,-0.0018655880121514201,8.799966963124461e-06,-5.0807946536224335e-05,1.80430943146348e-05,-8.015446837816853e-06
3.3602937999994538,2.1648100300808437e-05,-9.523640619590878e-05,-0.1962740421295166,0.0008919721003621817,-3.1778967240825295e-05,-0.0018784872954711318,1.8005036963586463e-06,-6.376628880389035e-05,1.191736100736307e-05,5.912037977395812e-06
3.3801042999994024,-3.167304839735152e-06,-6.265283445827663e-05,-0.1658104956150055,0.0014010341838002205,-2.855878665286582e-05,-0.0019340605940669775,-4.6157992983353324e-07,-4.9857273552333936e-05,1.1575684766285121e-05,-3.5054845284321345e-06
3.4004531999999017,-1.4842337805021089e-05,-4.764910408994183e-05,-0.14027318358421326,0.0014165141619741917,-2.448004852340091e-05,-0.0019075956661254168,6.5123053900606465e-06,-3.552053385647014e-05,3.0282184525276534e-05,1.7871105228550732e-05
3.420447999999851,1.0311125606676796e-06,4.5649281673831865e-05,-0.11971122771501541,0.0014247085200622678,-2.5626650312915444e-05,-0.0019422440091148019,-1.3946691979072057e-06,6.552155809913529e-06,3.965837549912976e-06,8.072643140621949e-06
3.4403235999998287,-1.020995568978833e-05,1.4257803741202224e-05,-0.10298490524291992,0.0013745322357863188,-3.318952803965658e-05,-0.0019508515251800418,1.1050340617657639e-05,-3.5896984627470374e-05,1.439791503798915e-05,-4.695700226875488e-06
3.460355199999867,6.655004108324647e-05,-4.59979810329969e-06,-0.09062251448631287,0.0011909424792975187,-3.57928111043293e-05,-0.0019224665593355894,9.868886081676465e-06,-4.7146899305516854e-05,1.6890537153813057e-05,5.429420525615569e-06
3.4801313999996637,6.410745845641941e-05,9.833761396293994e-06,-0.08224443346261978,0.0007664817967452109,9.482364475843497e-06,-0.001929690595716238,5.0800153985619545e-06,-5.9584941482171416e-05,6.689405381621327e-06,5.221315859671449e-06
3.5001438999997845,8.642127795610577e-06,-3.326620571897365e-05,-0.07591350376605988,0.0002494696818757802,-2.3549175239168108e-05,-0.0018952700775116682,1.0139246114704292e-05,-5.839751975145191e-05,2.614916957099922e-05,1.8683712141864817e-06
3.5201035999998567,1.4122133507044055e-05,-1.6295638488372788e-05,-0.07000166177749634,0.00015774172788951546,-1.0980412298522424e-05,-0.0019156521884724498,8.837247150950134e-06,-5.398547727963887e-05,1.4210481822374277e-05,-2.006509703278425e-06
3.5400707999997394,-3.579620533855632e-05,-9.252579729945865e-06,-0.06258746981620789,0.00013027171371504664,6.736267096130177e-06,-0.0018974237609654665,4.313675162848085e-06,-9.741994517753483e-07,4.4658729166258126e-05,1.1535703379195184e-05
3.560248699999647,3.647320409072563e-05,-7.331694359891117e-05,-0.05197545140981674,0.00015586844529025257,-1.4710318282595836e-05,-0.001892882981337607,1.478184640291147e-05,6.945874702068977e-06,1.0140914127987344e-05,-4.828115379496012e-06
3.5804901999999856,-2.7478366973809898e-05,-8.611156954430044e-05,-0.038500070571899414,0.00013004205538891256,-8.937804523156956e-07,-0.001881526899524033,5.32928515895037e-06,-2.9984292268636636e-05,2.3275304556591436e-05,1.3305259926710278e-05
3.600067699999272,2.141573713743128e-05,-4.5617034629685804e-05,-0.022961623966693878,0.00014827634731773287,4.313961198931793e-06,-0.0018946115160360932,-2.9003495001234114e-06,-5.110502752359025e-05,4.517687557381578e-06,1.185292421723716e-05
3.620171699999446,-5.642698852170724e-06,-4.0850874938769266e-05,-0.004337741527706385,0.00012357489322312176,5.472735665534856e-06,-0.0018886743346229196,1.824322680477053e-05,-4.213838474242948e-05,1.4266107427829411e-05,8.333536243299022e-06
3.64022549999936,-2.364254578424152e-05,2.9231114240246825e-06,0.015494626946747303,0.00013600618694908917,-9.880945981421974e-06,-0.0019025688525289297,-1.000410247797845e-05,-3.781548366532661e-05,5.282153779262444e-06,2.0188508642604575e-05
3.6602513999996518,3.793096402660012e-05,-1.3423267546386342e-06,0.03424590826034546,0.00010911018762271851,-6.400984148058342e-06,-0.0019570281729102135,1.7840013242675923e-05,-3.622600343078375e-05,1.5765263015055098e-05,4.059754701302154e-06
3.6802785999998378,3.13065575028304e-05,-2.645058157213498e-05,0.0495154932141304,0.00011566821194719523,5.213840267970227e-06,-0.00200271955691278,-1.006636921374593e-06,-3.6828740121563897e-05,-5.778729700978147e-06,2.1344937977119116e-06
3.700091799999427,6.651803687418578e-06,-7.124867352104047e-06,0.05969643220305443,0.00010782007302623242,4.507853191171307e-06,-0.0019931287970393896,1.1803329471149482e-05,-3.6097764677833766e-05,3.232041490264237e-05,7.898393050709274e-08
3.720433899999989,2.1736537746619433e-05,-2.5133051167358644e-05,0.06488783657550812,0.00011123759031761438,-2.2221782273845747e-05,-0.0019785193726420403,8.77352704264922e-06,-4.2566560296108946e-05,2.4575047063990496e-05,-1.243306996911997e-06
3.7401585999996314,6.835341082478408e-06,1.3277825928526e-05,0.06571690738201141,0.0001008909530355595,2.7472713099996326e-06,-0.0019902526400983334,1.121067634812789e-05,-4.232914943713695e-05,2.5177081624860875e-05,-1.1483343769214116e-06
3.7601863999998386,2.7276000764686614e-06,-2.3494822016800754e-05,0.06574450433254242,0.00011828614515252411,-1.213569521496538e-05,-0.001958206295967102,1.4173424460750539e-05,-6.628240225836635e-05,3.151603596052155e-05,6.412701623048633e-06
3.7802391999994143,3.508377994876355e-05,-1.366081960441079e-05,0.0662621557712555,0.00013585762644652277,-3.3377018553437665e-06,-0.0019538565538823605,2.491655141056981e-05,-6.0326190578052774e-05,2.183767719543539e-05,-1.9825019990094006e-06
3.8004486999998335,2.8965514502488077e-06,-8.533112122677267e-05,0.06793127954006195,0.00012040947331115603,-5.692466402251739e-06,-0.0019571962766349316,2.2640292627329472e-06,-4.1299063013866544e-05,1.6144929759320803e-05,6.357016900437884e-06
3.8200967999991917,1.9736518879653886e-05,-2.1367068256950006e-06,0.07190798968076706,0.00011364987585693598,-8.025327588256914e-06,-0.0020223045721650124,1.9469789549475536e-06,-3.804567313636653e-06,2.74939629889559e-05,7.61638011681498e-06
3.840559699999176,-2.340717037441209e-05,3.4483932722650934e-06,0.07609681785106659,0.00011426482524257153,-4.073986201547086e-05,-0.0021592965349555016,-1.6801459423732013e-06,-3.6790952435694635e-05,2.026132096943911e-05,7.582655143778538e-07
3.8600621999994473,4.967122367816046e-05,9.456790394324344e-06,0.07952690124511719,0.00016055974992923439,-2.434233647363726e-05,-0.0023446311242878437,-5.683139079337707e-07,-4.112794340471737e-05,1.8009017367148772e-05,2.435663191135973e-07
3.8801296999999977,5.434570994111709e-05,-1.5899911886663176e-05,0.0793425664305687,0.00018743450345937163,-4.044662637170404e-05,-0.0030288465786725283,2.1481151634361595e-05,-4.807115692528896e-05,2.748030783550348e-05,2.600476364023052e-06
3.900149699999929,1.8824379367288202e-05,-5.798745769425295e-05,0.07936031371355057,0.00021049726638011634,-4.7329216613434255e-05,-0.008130603469908237,1.3528500858228654e-05,-6.725939601892605e-05,2.2341122530633584e-05,7.20995330993901e-06
3.9204241999996157,-2.301634958712384e-05,-2.3032942408462986e-05,0.07934832572937012,0.00024711733567528427,9.188880540023092e-06,-0.025990810245275497,2.3148841137299314e-05,-6.280562956817448e-05,3.1920782930683345e-05,5.3969042710377835e-06
3.940472999999656,-1.291703028982738e-05,-8.664897904964164e-06,0.07868456840515137,0.00022916431771591306,1.7642138118389994e-05,-0.056166213005781174,2.3416248950525187e-05,-4.134763730689883e-05,4.6757986638112925e-06,9.06162676983513e-06
3.9604987999991863,-2.7657009923132136e-05,-7.441222987836227e-05,0.07762879133224487,0.00018245384853798896,-5.680217327608261e-07,-0.09456969052553177,1.0204495083598886e-05,1.2888509445474483e-05,4.891983280685963e-06,1.1497354535094928e-06
3.9803109999993467,-2.0137984392931685e-05,-3.476288839010522e-05,0.0772426575422287,0.00010283881420036778,-2.104326085827779e-06,-0.1430688202381134,-5.5613063523196615e-06,4.8104293455253355e-06,9.921759556164034e-06,1.0153124094358645e-05
4.000071399999797,3.1074599974090233e-05,-2.7651016353047453e-05,0.07559657096862793,4.586823342833668e-05,-1.6470638001919724e-05,-0.19957149028778076,2.137386218237225e-05,-3.744617060874589e-05,1.1833416465378832e-05,1.4895840649842285e-07
4.020250399999895,4.524466930888593e-05,-6.148645752546145e-06,0.07045555114746094,3.4518689062679186e-05,-9.59351564233657e-06,-0.2620561122894287,8.036723784243804e-07,-6.40624639345333e-05,1.4768485925742425e-05,7.073143024172168e-06
4.040266699999847,4.005174560006708e-05,-2.8533282602438703e-05,0.060663994401693344,3.159574407618493e-05,-1.2589420293807052e-05,-0.32663148641586304,1.0910980563494377e-05,-0.00011501713743200526,-4.099584202776896e-06,-3.275356903031934e-06
4.060262599999987,3.60193444066681e-05,2.424497142783366e-05,0.049108780920505524,2.8511589334812015e-05,-1.0786470738821663e-05,-0.3931613564491272,2.4223485524998978e-05,-5.8894594985758886e-05,1.4244324120227247e-05,1.853143476182595e-05
4.08047169999918,5.1644987252075225e-05,-2.6314908609492704e-05,0.0379197895526886,5.1554459787439555e-05,-1.6244201106019318e-05,-0.45944544672966003,1.7562631455803057e-06,4.715221166406991e-06,1.4627842574554961e-05,5.2381974455784075e-06
4.100265099999888,3.873281821142882e-05,-7.382301646430278e-06,0.028585243970155716,4.159748641541228e-05,-2.0868763385806233e-05,-0.5214625597000122,1.4722426385560539e-05,-3.1303907235269435e-06,1.53948858496733e-05,-3.6322130654298235e-06
4.12035939999987,-4.780471863341518e-05,-2.011145625147037e-06,0.019768891856074333,3.5361983918846818e-06,1.40594183903886e-05,-0.5805870294570923,1.7802416550694034e-05,5.852854883414693e-06,2.4988130462588742e-06,-8.996355518320343e-07
4.140381899999738,-2.5856264983303845e-05,-1.6241287084994838e-05,0.010068965144455433,1.2347527444944717e-05,3.332495180075057e-05,-0.6373369693756104,4.779185019287979e-06,-3.9134589314926416e-05,1.5433550288435072e-05,7.153106707846746e-06
4.160515999999916,-6.871635378047358e-06,-1.7245058188564144e-05,-0.0008880335954017937,3.637240661191754e-05,6.710614343319321e-06,-0.694985032081604,1.07475534605328e-05,-5.5812637583585456e-05,1.0240298252028879e-05,7.424575414916035e-06
4.180541199999425,2.1319518054951914e-05,-2.9870492653572e-05,-0.012089371681213379,2.7801732358057052e-05,6.274989573284984e-06,-0.748473584651947,1.068956044036895e-05,-6.730588211212307e-05,1.582049299031496e-05,1.9582148524932563e-05
4.200481099999706,2.0560319171636365e-05,-5.751987191615626e-05,-0.023348543792963028,2.7226195015828125e-05,-2.4071499865385704e-05,-0.7958934903144836,-1.1143447409267537e-07,-6.139090692158788e-05,4.0457103750668466e-05,-1.2671275726461317e-06
4.220471199999338,-9.578691788192373e-06,-6.136738375062123e-05,-0.03550294041633606,1.7458591173635796e-05,-8.280935617221985e-06,-0.8358390927314758,1.1850684131786693e-06,-3.8561553083127365e-05,2.8207232389831915e-05,1.4488771739706863e-05
4.240093299999899,3.522417682688683e-05,-3.514099944368354e-06,-0.048173535615205765,-3.696828207466751e-05,-1.6158883227035403e-05,-0.8662320971488953,-1.0365207344875671e-05,1.3454196050588507e-05,1.3510411918105092e-05,-7.2682651079958305e-06
4.260374899999988,1.9415329006733373e-05,-7.634213034179993e-06,-0.06181315705180168,-2.39218588831136e-05,-2.2962318325880915e-05,-0.8901338577270508,5.3361236496130005e-06,3.817237484327052e-06,1.8034417735179886e-05,-3.120376277365722e-07
4.280193099999451,-4.625212568498682e-06,4.470275143830804e-06,-0.07516060769557953,-2.1748695871792734e-05,-4.2061561543960124e-05,-0.9077515602111816,1.2243177479831502e-05,-4.233721119817346e-05,1.2576108929351903e-05,8.954692020779476e-06
4.300225499999215,2.4966995624708943e-05,3.567691601347178e-05,-0.08920933306217194,-5.4589145292993635e-05,-5.8599434851203114e-05,-0.9193192720413208,1.3882996427128091e-05,-7.087168341968209e-05,2.4865248633432202e-05,-3.911080057150684e-06
4.320106499999383,5.437275831354782e-05,-1.6352512830053456e-05,-0.1056053414940834,-4.938177880831063e-05,-7.686414755880833e-05,-0.9225388765335083,2.508395482436754e-06,-8.44215537654236e-05,-2.916940957220504e-06,9.81926768872654e-06
4.340399400000024,-1.6356114429072477e-05,-8.471241017105058e-05,-0.1254996955394745,-4.929607894155197e-05,-7.885505328886211e-05,-0.9202501773834229,8.121329301502556e-06,-4.4356638682074845e-05,-6.7963346737087704e-06,-3.069663762289565e-06
4.360056799999256,4.3549131078179926e-05,-2.7708159905159846e-05,-0.14675411581993103,-3.6601151805371046e-05,-8.194775000447407e-05,-0.9205016493797302,-4.643298780138139e-06,1.896684079838451e-05,2.090662019327283e-05,9.456106226934935e-07
4.38031890000002,8.454718226857949e-06,8.068316674325615e-06,-0.1693778932094574,-2.8048882086295635e-05,-9.953853441402316e-05,-0.9203444719314575,1.384821462124819e-05,-3.05825742543675e-05,1.738498940540012e-05,-2.5970196020352887e-06
4.400363999999172,-1.9372793758520856e-05,-4.125744817429222e-05,-0.19210708141326904,-2.6975600121659227e-05,-0.00014572145300917327,-0.9192067980766296,-9.458079148316756e-06,-3.978342283517122e-05,1.0589032171992585e-05,-2.165903424611315e-06
4.420521699999881,4.594464189722203e-05,-2.5024575734278187e-05,-0.2136126458644867,-4.850907498621382e-05,-0.0001483742380514741,-0.912727952003479,-7.649282451893669e-08,-5.240935934125446e-05,1.0348863725084811e-05,1.1158246707054786e-05
4.440059999999903,1.8748703951132484e-05,-3.983172064181417e-05,-0.2332591712474823,-1.6426522051915526e-05,-0.00013755740656051785,-0.9001694321632385,2.0568280888255686e-05,-5.3898471378488466e-05,1.2835088455176447e-05,2.1829143861396005e-06
4.460082599999623,3.948123776353896e-05,3.7196707125985995e-05,-0.2525274157524109,2.2843316401122138e-05,-0.000179746508365497,-0.882879912853241,8.84229302755557e-06,-4.9421687435824424e-05,3.282605030108243e-05,5.3414264584716875e-06
4.480463599999894,-2.6261091988999397e-05,-3.998937643245881e-07,-0.27152061462402344,-7.145786184992176e-07,-0.00022501447529066354,-0.8616016507148743,1.6746133042033762e-05,-3.7570287531707436e-05,1.534921466372907e-05,2.161119255106314e-06
4.5004974999992555,4.9108646635431796e-05,2.287742063344922e-05,-0.2888263463973999,-2.9947679649922065e-05,-0.00024552649119868875,-0.8352753520011902,1.4246385944716167e-05,-3.786320303333923e-05,2.6086730940733105e-05,1.480420269217575e-05
4.520235399999365,6.38776327832602e-05,-6.689643487334251e-05,-0.30540746450424194,-1.9200309907319024e-05,-0.0002466875594109297,-0.8035277128219604,1.0646600458130706e-05,-3.801402272074483e-05,3.704974915308412e-06,1.2980196970602265e-06
4.5404805999996825,4.626648296834901e-05,-3.7793499359395355e-05,-0.3217281699180603,1.4045978787180502e-05,-0.00025454259593971074,-0.7672864198684692,2.622796046125586e-06,-3.9243368519237265e-05,3.5599783586803824e-05,3.411520447116345e-05
4.560492099999465,1.989122392842546e-05,-3.055585693800822e-05,-0.3381197154521942,1.5530331438640133e-05,-0.0002608942158985883,-0.726645290851593,7.818454832886346e-06,-4.1491461161058396e-05,1.0992402167175896e-05,1.0237996320938691e-05
4.580162299999756,-7.866269152145833e-05,-5.085389784653671e-05,-0.3542947769165039,2.7984389816992916e-05,-0.00030293967574834824,-0.6861259937286377,4.955480562784942e-06,-4.005882874480449e-05,1.2134818462072872e-05,2.747615781117929e-06
4.600184699999772,-6.521870091091841e-05,-3.7745846839243313e-06,-0.37054529786109924,3.1712443160358816e-05,-0.00029085302958264947,-0.6414613723754883,7.945433935674373e-06,-4.262856600689702e-05,-2.397124944764073e-06,1.0952229786198586e-05
4.620237499999348,5.5202450312208384e-05,-3.0501494620693848e-05,-0.3862227201461792,4.0321894630324095e-05,-0.00029675872065126896,-0.5957955121994019,1.818000600906089e-05,-3.722954716067761e-05,1.3586299246526323e-05,4.127435659029288e-06
4.640068400000018,7.820742030162364e-05,-7.645956065971404e-05,-0.4013057053089142,3.517064033076167e-05,-0.00028320407727733254,-0.5490621328353882,-1.7986338207265362e-05,-3.670204387162812e-05,1.329544284089934e-05,-1.1088299288530834e-05
4.660181999999622,4.348838410805911e-05,-2.2619831725023687e-05,-0.4152055084705353,5.826112101203762e-05,-0.0002813840110320598,-0.5005848407745361,-2.1824562281835824e-06,-4.4130338210379705e-06,3.13882264890708e-05,-2.9336169973248616e-06
4.680238799999643,2.889174902520608e-05,-5.83943347010063e-07,-0.42775288224220276,6.144891813164577e-05,-0.0002779148053377867,-0.4513571262359619,7.107300916686654e-06,-4.1561612306395546e-05,2.009547097259201e-05,-2.141674940503435e-06
4.70026069999949,-5.639337905449793e-05,2.3297685402212664e-05,-0.43882137537002563,6.662552186753601e-05,-0.0002709397813305259,-0.39937856793403625,1.815881478250958e-05,-5.314301233738661e-05,1.9743096345337108e-05,3.1027948352857493e-06
4.720393599999625,9.611168934497982e-06,4.026400802104035e-06,-0.44907331466674805,9.147026139544323e-05,-0.000249016797170043,-0.34674832224845886,1.658660767134279e-05,-6.791275518480688e-05,1.2001190043520182e-05,5.011920165998163e-06
4.740487399999438,4.455817907000892e-05,-4.98371446155943e-05,-0.4576723575592041,0.000194366934010759,-0.00021462792938109487,-0.29417991638183594,2.041455081780441e-05,-4.663468280341476e-05,1.021503430820303e-05,2.506271812308114e-07
4.760170499999731,2.4624376237625256e-05,-3.88470507459715e-05,-0.46261128783226013,0.0001813677081372589,-0.0002060463302768767,-0.2406814992427826,2.5560921130818315e-05,-5.0719947466859594e-05,2.2518219338962808e-05,5.767241418652702e-06
4.780361599999196,-1.63693621288985e-05,-2.697349827940343e-07,-0.46432584524154663,0.00018166856898460537,-0.00020705803763121367,-0.18517784774303436,-2.4527980713173747e-06,-2.834115002769977e-05,1.4694111996504944e-05,-3.241485728722182e-06
4.800192799999422,3.726157228811644e-05,1.6158302969415672e-05,-0.46420469880104065,0.00018157919112127274,-0.00020097626838833094,-0.13184666633605957,-4.787241323356284e-07,-3.4725777368294075e-05,2.3205131583381444e-05,2.1465750705829123e-06
4.820060899999589,2.6684636395657435e-05,-2.3671920644119382e-05,-0.4642171561717987,0.00020294974092394114,-0.00020063617557752877,-0.07946927100419998,3.013389687112067e-06,-3.76481912098825e-05,2.4550503439968452e-05,1.530019289930351e-05
4.840113499999461,-3.2557773010921665e-07,-2.4506443878635764e-05,-0.4642026126384735,0.0002168653008993715,-0.00016642283299006522,-0.028537334874272346,6.800845767429564e-06,-3.6501856811810285e-05,2.9603719667647965e-05,2.100326810250408e-06
4.860326099999838,3.578729956643656e-05,-6.964602653170004e-05,-0.4641708731651306,0.00027521626907400787,-0.00018970902601722628,0.02115359716117382,1.451230127713643e-05,-5.175434853299521e-05,-1.1399956747482065e-06,8.12755388324149e-07
4.880129399999532,1.5781297406647354e-05,-1.2442124898370821e-05,-0.4634592831134796,0.00031721420236863196,-0.00016642833361402154,0.06893959641456604,1.1908875421795528e-05,-4.416979936650023e-05,3.246136475354433e-05,9.09480695554521e-06
4.900095199999669,-3.4683378089539474e-06,-4.134603659622371e-05,-0.46336740255355835,0.0003260090888943523,-0.00014557370741385967,0.11407340317964554,-3.846266281470889e-06,-3.57696735591162e-05,2.14650463021826e-05,5.656128905684454e-06
4.920482599999559,3.49584297509864e-05,1.5395620721392334e-05,-0.4633750021457672,0.00035033607855439186,-0.00014529991312883794,0.1583644598722458,1.5850027921260335e-06,-1.692280056886375e-05,1.1467937838460784e-05,-3.7615036490024067e-06
4.940517399999408,-5.782910193374846e-06,1.1108679245808162e-05,-0.4633806347846985,0.00034227073774673045,-0.00015268675633706152,0.19993175566196442,1.787566907296423e-05,-1.5221645298879594e-05,7.53074118620134e-06,4.963205810781801e-06
4.96005999999943,-6.436914190999232e-06,-2.287706229253672e-05,-0.46230536699295044,0.0005593692767433822,-0.0001232990325661376,0.23772649466991425,4.287786396162119e-06,-4.1858249460347e-05,2.7658876206260175e-05,-7.091871793818427e-06
4.980358499999966,-2.1144307538634166e-05,-2.111032472384977e-06,-0.45882463455200195,0.0006247144192457199,-0.00013009723625145853,0.2728147804737091,1.2882714145234786e-05,-5.3275311074685305e-05,3.457334969425574e-05,-5.1639708544826135e-06
5.000384599999961,-1.1407411875552498e-05,-6.680936621705769e-06,-0.4489724636077881,0.0006244114483706653,-7.883393845986575e-05,0.3027937412261963,7.325797014345881e-06,-7.038632611511275e-05,-2.2796350549469935e-06,1.155754944193177e-05
5.020307499999944,-1.185770543088438e-05,-2.8818507416872308e-05,-0.4324796795845032,0.0005894361529499292,-9.18898222153075e-05,0.32812002301216125,-3.057059075217694e-06,-3.839317650999874e-05,3.500030743452953e-06,1.3364977348828688e-05
5.040510599999834,2.361681981710717e-05,-5.3476120228879154e-05,-0.4098832309246063,0.0006330519099719822,-8.875850471667945e-05,0.3501902222633362,-1.8271961153004668e-06,2.1625881345244125e-05,1.5912257367745042e-05,-3.28853616338165e-06
5.060499699999127,-1.7223937902599573e-05,-1.2657120350922924e-05,-0.38345739245414734,0.000631998642347753,-8.641671593068168e-05,0.3667016625404358,4.243391231284477e-06,-1.899287963169627e-05,2.2252972485148348e-05,2.318410770385526e-05
5.080522599999313,6.882192792545538e-06,-4.3857089622179046e-05,-0.35448920726776123,0.0005961016286164522,-9.108369704335928e-05,0.375168114900589,-1.5298280686693033e-07,-3.670927253551781e-05,1.0279332855134271e-05,9.225546818925068e-06
5.100526100000025,4.195747533231042e-05,-7.757672619845835e-07,-0.3242751657962799,0.0005675500724464655,-7.051732973195612e-05,0.3742647171020508,1.93570417650335e-06,-4.771202293341048e-05,1.4531159649777692e-05,1.002624321699841e-05
5.120489599999928,4.2238974856445566e-05,-1.7570600903127342e-05,-0.29391342401504517,0.0005822579842060804,-4.3247066059848294e-05,0.3737620711326599,1.5439203707501292e-05,-5.508014510269277e-05,1.527525091660209e-05,1.3594724805443548e-05
5.140506999999161,3.497591751511209e-05,-1.1545819688763004e-05,-0.2638718783855438,0.0006293668993748724,-2.098171717079822e-05,0.37353968620300293,1.6924484953051433e-05,-3.546184234437533e-05,3.130367986159399e-05,6.018463409418473e-06
5.160491499999807,3.522926999721676e-05,-1.7174163076560944e-05,-0.2375374585390091,0.0006241862429305911,6.727043910359498e-06,0.3734254240989685,2.8994760214118287e-05,-4.149394226260483e-05,3.0574599350075005e-06,-5.614630822492472e-07
5.180280599999605,4.1588180465623736e-05,-4.298130534152733e-06,-0.21477504074573517,0.0006663048989139497,4.3316387746017426e-05,0.37333181500434875,6.441578989324626e-06,-4.930193972541019e-05,3.3772594179026783e-06,1.6831422726681922e-06
5.200525499999458,3.252587339375168e-05,1.4342035683512222e-05,-0.194893017411232,0.0008772355504333973,5.373586463974789e-05,0.3731425106525421,7.388158792309696e-06,-4.006971721537411e-05,2.9482473109965213e-05,1.3335775292944163e-05
5.220511599999554,6.0119778936496004e-05,-2.6245168555760756e-05,-0.17832568287849426,0.001010487205348909,4.402434205985628e-05,0.3724052309989929,-5.496219728229335e-06,-3.7597998016281053e-05,1.7045244021574035e-05,-9.950547791959252e-06
5.240510799999356,1.2309703834034735e-06,3.1332995149568887e-06,-0.1653178334236145,0.0010283971205353737,4.2757572373375297e-05,0.3635824918746948,8.486751539749093e-06,-3.5823344660457224e-05,7.602981895615812e-06,-1.1824662578874268e-05
5.260485899999367,2.6382615033071488e-05,-2.7678108381223865e-05,-0.15515722334384918,0.0010329840006306767,5.49913638678845e-05,0.3420602083206177,-6.463302725023823e-06,-5.642631367663853e-05,1.7368827684549615e-05,5.362789124774281e-06
5.280537399999957,2.067624154733494e-05,-4.534664549282752e-05,-0.1450505405664444,0.0009132607956416905,5.822097955388017e-05,0.312575101852417,7.153792012104532e-07,-3.6771336453966796e-05,1.2453155250113923e-05,-3.1233685149345547e-06
5.30024129999947,4.8022840928751975e-05,-4.1788265662034974e-05,-0.13337957859039307,0.0007290886132977903,5.8333003835286945e-05,0.2752334773540497,2.845795279426966e-06,-4.449839616427198e-05,3.089803067268804e-05,-7.068128525133943e-06
5.320187199999964,3.0665229132864624e-05,-7.146989901229972e-06,-0.11869458109140396,0.0005662316689267755,6.792880594730377e-05,0.2304631769657135,-2.4808650778140873e-07,-1.615746623429004e-05,1.5847725080675445e-05,2.5861995709419716e-06
5.340363199999956,5.036444417783059e-05,3.0514071113429964e-05,-0.10019032657146454,0.0003258518991060555,3.610223939176649e-05,0.17788347601890564,2.193466752942186e-05,-3.4768960176734254e-05,8.620540938863996e-06,5.284969120111782e-06
5.360541899999589,-4.454187546798494e-06,-4.042320142616518e-06,-0.08049644529819489,0.0001848951360443607,6.241191294975579e-05,0.11937195062637329,1.3020444384892471e-05,-4.908016126137227e-05,2.5401777747902088e-06,-5.036456514062593e-06
5.380480299999363,3.6020692277816124e-06,-4.991710738977417e-06,-0.061671335250139236,0.00014804405509494245,7.627211016369984e-05,0.057797595858573914,2.2482046915683895e-05,-5.9378944570198655e-05,-3.882371402141871e-08,4.128281943849288e-06
5.400299099999756,-7.776000529702287e-06,-3.398930130060762e-05,-0.0456596203148365,0.00012407207395881414,8.444159175269306e-05,-0.006402060855180025,-8.37357947602868e-06,-5.281479025143199e-05,1.3104300705890637e-05,-2.546089035604382e-06
5.420079199999236,2.5095525415963493e-05,-8.067338785622269e-05,-0.0333939753472805,0.00010855403525056317,8.440320380032063e-05,-0.07197253406047821,1.2532180335256271e-05,-1.8506328842704534e-06,1.9948409317294136e-05,7.79066340328427e-06
5.440207599999667,4.13051966461353e-05,-1.8116983483196236e-05,-0.02471284568309784,8.738796168472618e-05,8.91910822247155e-05,-0.13967835903167725,2.008391220442718e-06,-3.6432233173400164e-05,5.3973767535353545e-06,4.281414476281498e-06
5.46028109999952,-2.3344438886852004e-05,-3.576845119823702e-05,-0.01974191702902317,2.916880839620717e-05,9.161627531284466e-05,-0.20858855545520782,-2.787894118227996e-06,-3.7375459214672446e-05,1.3988529644848313e-05,9.758515261637513e-06
5.4803015999996205,-3.4255503123858944e-05,-1.1795274076575879e-05,-0.017378315329551697,4.915344834444113e-05,9.828336624195799e-05,-0.2766742706298828,1.0424166248412803e-05,-4.904120942228474e-05,1.6103313100757077e-05,1.1231102689635009e-05
5.500480699999571,6.926903733983636e-05,-3.611064676078968e-05,-0.016981542110443115,5.51935336261522e-05,9.716976637719199e-05,-0.3438844680786133,-7.806198482285254e-06,-4.041944339405745e-05,1.2663816960412078e-05,-5.778526428912301e-06
5.520411299999978,-1.2764558050548658e-05,-9.789849173102994e-06,-0.016948509961366653,4.192974301986396e-05,8.891322795534506e-05,-0.40895089507102966,1.4354320228449069e-05,-3.896509952028282e-05,3.28933383570984e-05,-1.384288793815358e-06
5.540490999999747,2.327473157492932e-05,-1.650350350246299e-05,-0.016979273408651352,2.7975862394669093e-05,6.803574069635943e-05,-0.4715305268764496,1.281312870560214e-05,-3.9258466131286696e-05,1.4159864804241806e-05,-2.468670572852716e-06
5.560490299999401,-1.7585816749488004e-05,1.0926270988420583e-05,-0.017056461423635483,5.087168574391399e-06,9.034886170411482e-05,-0.5291787385940552,2.1414139155240264e-06,-3.521473263390362e-05,4.2154453694820404e-05,-2.9547111353167566e-06
5.580501999999797,1.240399342350429e-06,-1.5617570170434192e-05,-0.017632462084293365,-0.0001448911352781579,8.129188790917397e-05,-0.5826520323753357,1.8621478375280276e-05,-3.46403758157976e-05,2.8761975045199506e-05,-4.199268005322665e-06
5.600294699999722,-6.795796252845321e-06,-7.245067081385059e-06,-0.019071754068136215,-0.000286109687294811,8.112471550703049e-05,-0.6326474547386169,3.3810188142524567e-06,-3.5521450627129525e-05,1.0522067896090448e-05,1.543914549984038e-05
5.6204821999999695,2.001735265366733e-05,8.758881449466571e-06,-0.025405457243323326,-0.0004299124702811241,8.073529170360416e-05,-0.6809027791023254,-2.3776146917953156e-06,-4.654583608498797e-05,1.34476258608629e-05,-3.954895419155946e-06
5.640487499999836,-2.5694166652101558e-06,-4.456567330635153e-05,-0.03916425630450249,-0.0005028077866882086,7.152203761506826e-05,-0.7243874669075012,-1.4090888726059347e-05,-4.423065547598526e-05,-4.138610620429972e-06,-3.959166292588634e-07
5.660463399999571,-1.584843994351104e-05,1.063013542079716e-06,-0.0593794509768486,-0.0005004367558285594,4.1778232116485015e-05,-0.7680019736289978,-8.265134965768084e-06,-4.123038161196746e-05,3.4915574360638857e-06,2.474883729064459e-07
5.6801870999997846,1.3532959201256745e-05,2.0788042093045078e-05,-0.08220332860946655,-0.0005092447390779853,3.640999784693122e-05,-0.8091191649436951,1.0541922165430151e-05,-3.818767436314374e-05,1.6843321645865217e-05,6.831221526226727e-07
5.700465099999747,4.714484020951204e-05,1.8854076188290492e-05,-0.10593495517969131,-0.0004350199014879763,2.864007547032088e-05,-0.8482068181037903,7.835191354388371e-06,-7.50705657992512e-06,2.5578310669516213e-06,-1.3860690160072409e-06
5.720480999999381,8.479513780912384e-05,-3.095954070886364e-06,-0.1285093128681183,-0.00021605045185424387,2.719923941185698e-05,-0.8809609413146973,1.5424706361955032e-05,-3.717374784173444e-05,8.842750503390562e-06,1.3401982869254425e-05
5.740489599999819,5.891355249332264e-05,-3.823919905698858e-05,-0.14816688001155853,-0.00020891577878501266,7.809467206243426e-06,-0.9096527099609375,-1.2324800309215789e-06,-3.885822661686689e-05,4.250255733495578e-05,-3.1299173315346707e-06
5.760455399999955,3.9299458876485005e-05,-4.915054432785837e-06,-0.1652487963438034,-0.0001953012397279963,-8.225221790780779e-06,-0.9348611235618591,3.344937340443721e-06,-5.028440136811696e-05,2.783076706691645e-05,9.271661838283762e-06
5.780277999999271,3.960303001804277e-05,-5.3070976719027385e-05,-0.18166619539260864,-0.0001852525310823694,-9.94859237835044e-06,-0.9569562673568726,-4.137641553825233e-06,-5.1197992434026673e-05,3.001748882525135e-05,2.401469373580767e-06
5.800469799999519,-8.848048310028389e-06,-2.642834442667663e-05,-0.19904419779777527,-0.00018670207646209747,-3.0300263460958377e-05,-0.9764660596847534,1.7698788724374026e-05,-4.1253741073887795e-05,3.815376840066165e-05,5.28089003637433e-07
5.820487299999513,1.4617826309404336e-05,-3.2692212698748335e-05,-0.21803593635559082,-0.00019162720127496868,-4.8727735702414066e-05,-0.9912983775138855,5.2706727728946134e-06,-4.841566988034174e-05,8.996791621029843e-06,9.203893569065258e-06
5.840454099999988,4.7322813770733774e-05,-1.0820697752933484e-05,-0.23912972211837769,-0.00013373357069212943,-7.435052248183638e-05,-1.0008684396743774,1.579393574502319e-05,-4.2947911424562335e-05,1.7816564650274813e-05,1.434509249520488e-05
5.860163599999396,-8.107651410682593e-06,-3.2366904633818194e-05,-0.26032108068466187,-0.00010364030458731577,-8.024516137083992e-05,-1.0031373500823975,6.235627552086953e-07,-4.536277265287936e-05,2.7339941880200058e-05,-3.3341220841975883e-06
5.880476699999235,9.202057299262378e-06,-5.133392187417485e-05,-0.28143179416656494,-9.291894821217284e-05,-7.41308685974218e-05,-1.0017728805541992,-2.9093346256559016e-06,-3.9542785088997334e-05,2.0076575310667977e-05,-2.499653646736988e-06
5.900463899999522,2.2192765754880384e-05,-1.3298696103447583e-05,-0.300331175327301,-4.538254870567471e-05,-9.230917930835858e-05,-0.9974650740623474,3.2839122923178365e-06,-3.6342829844215885e-05,1.2731677998090163e-05,1.4463386833085679e-05
5.920047299999169,5.3808722441317514e-05,-1.6817219147924334e-05,-0.3163101077079773,-4.878346953773871e-05,-0.00012825161684304476,-0.9933196306228638,-3.5335669963387772e-06,-3.581949567887932e-05,1.8537824871600606e-05,2.600886091386201e-06
5.940262699999948,3.239669240429066e-05,-6.640553692704998e-06,-0.33089959621429443,-1.2508405234257225e-05,-0.00016797940770629793,-0.9839602112770081,-3.662583822006127e-06,-3.9870443288236856e-05,2.8617638236028142e-05,-1.654741822676442e-06
5.9604615999996895,1.9055714801652357e-05,-3.5907773963117506e-06,-0.3438652753829956,-1.720506770652719e-05,-0.00019566332048270851,-0.9691315293312073,1.61784773808904e-05,-4.944591273670085e-05,2.9804079531459138e-05,2.766236320894677e-06
5.9803871999993135,8.882647307473235e-06,-1.770675771695096e-05,-0.35518521070480347,-6.958602170925587e-06,-0.00020833811140619218,-0.9497292041778564,1.989840529859066e-05,-3.1714807846583426e-05,-4.097017608728493e-06,1.5500467270612717e-05
6.000096899999335,-2.3623899778613122e-06,-2.842654248524923e-05,-0.3649570941925049,-2.7549180003916263e-07,-0.0001916467008413747,-0.9261906147003174,1.3726787983614486e-05,-3.8275196857284755e-05,2.1713120077038184e-05,5.272181624604855e-06
6.020438899999135,4.0202434320235625e-05,-6.616451173613314e-06,-0.37374502420425415,2.755319292191416e-05,-0.0002057593228528276,-0.8945443630218506,2.450640522511094e-06,-4.5298405893845484e-05,5.172552846488543e-06,1.4079909306019545e-05
6.040071399999761,6.626270624110475e-05,-4.277387779438868e-05,-0.3814936578273773,2.9499473384930752e-05,-0.00021324754925444722,-0.8590530157089233,1.7620917788008228e-05,-4.080502549186349e-05,-1.2321615940891206e-06,-8.187219464161899e-06
6.060444799999459,-2.434689122310374e-05,-5.41886874998454e-05,-0.3899921178817749,2.0121573470532894e-05,-0.00021761018433608115,-0.8175155520439148,1.4111798918747809e-05,-2.8004493287880905e-05,3.555326475179754e-05,6.089859425628674e-07
6.080469399999856,-6.511269748443738e-05,2.272407300552004e-06,-0.39987465739250183,2.8455151550588198e-05,-0.00019178686488885432,-0.7756402492523193,-3.6758844998985296e-06,-4.2864150600507855e-05,2.501568269508425e-05,-1.4782942798774457e-06
6.100435299999845,-7.104785618139431e-05,-4.823128620046191e-06,-0.4098236560821533,4.383373379823752e-05,-0.00019865059584844857,-0.7330929040908813,1.281924869545037e-05,-3.6461664421949536e-05,1.4860907867841888e-05,-4.395531050249701e-06
6.120531399999891,-2.3681361199123785e-05,-1.1888803783222102e-05,-0.419333279132843,3.38771496899426e-05,-0.00017527032468933612,-0.690663754940033,-1.5257739505614154e-05,-4.63649193989113e-05,7.851146619941574e-06,-3.922607902495656e-06
6.140451599999324,8.765542588662356e-05,-6.0833055613329634e-05,-0.42805543541908264,3.920058225048706e-05,-0.00014298694441094995,-0.6440099477767944,-3.4836034501495305e-07,-4.071281000506133e-05,9.528014288662234e-08,2.4470903099427233e-06
6.160489699999744,4.637875099433586e-05,-8.306897507281974e-05,-0.4347677528858185,4.0274688217323273e-05,-0.00013949132699053735,-0.593269944190979,-1.7207627251991653e-06,-3.862294397549704e-05,2.6517031074035913e-05,6.3493771449429914e-06
6.180459599999267,-6.312342520686798e-06,-1.5949726730468683e-05,-0.43869107961654663,7.399555761367083e-05,-0.0001297472626902163,-0.5393791794776917,2.2266087853495264e-06,-3.6218640161678195e-05,7.890423148637637e-06,3.6189921956975013e-06
6.200444299999617,-5.062970012659207e-05,8.958548278314993e-06,-0.4407307505607605,5.532810610020533e-05,-0.0001433973666280508,-0.482778936624527,3.296224804216763e-07,-4.3113381252624094e-05,2.3506712750531733e-05,-4.220072696625721e-06
6.2204502999993565,3.481167368590832e-05,3.696760177263059e-05,-0.44079479575157166,6.737883086316288e-05,-0.00010277650289935991,-0.42451733350753784,1.1915280992980115e-05,-3.824781742878258e-05,6.9160892053332645e-06,5.80581217946019e-06
6.240450299999793,6.152318383101374e-05,-2.9882197850383818e-05,-0.4407678246498108,5.3246589232003316e-05,-0.00010869382094824687,-0.3656888008117676,1.7038168152794242e-05,-4.131226887693629e-05,1.2575376331369625e-06,-5.950785180175444e-06
6.260448099999849,8.205775520764291e-05,-1.7979933545575477e-05,-0.4407309889793396,7.865983934607357e-05,-0.0001025052260956727,-0.30718398094177246,4.38113602285739e-06,-5.084673466626555e-05,3.134837606921792e-05,4.046580670546973e-06
6.280451499999799,1.4544646091962932e-06,-2.6817147954716347e-05,-0.44071099162101746,7.79327965574339e-05,-0.00012474626419134438,-0.24878570437431335,2.85261364751932e-07,-4.3563253711909056e-05,8.464378879580181e-06,-4.481838004721794e-06
6.3004432999996425,-2.74495378107531e-05,5.626098754873965e-06,-0.4406501054763794,6.910568481544033e-05,-0.00011814680328825489,-0.1913226693868637,6.315524842648301e-06,-2.0367340766824782e-05,1.6007327303668717e-06,-2.9012071536271833e-06
6.3203265999991345,-1.631899613130372e-05,1.2344135939201806e-05,-0.44057172536849976,6.167883111629635e-05,-0.0001272951194550842,-0.13471782207489014,1.3847111404174939e-05,-3.827402542810887e-05,2.6298574084648862e-05,-3.391341806491255e-06
6.3404467000000295,-3.703360926010646e-05,-2.703308746276889e-05,-0.43982428312301636,6.440441939048469e-05,-0.0001224122679559514,-0.07859981060028076,-1.3078566553303972e-05,-4.503387026488781e-05,4.605893082043622e-06,1.4028581063030288e-05
6.360401199999615,2.3892596800578758e-05,-6.706113708787598e-06,-0.439368337392807,4.4656728277914226e-05,-0.00011810714204329997,-0.025630593299865723,3.107775410171598e-05,-3.7605990655720234e-05,1.2607894859684166e-05,1.1052616173401475e-06
6.380471199999192,5.068810787633993e-05,-8.81555570231285e-06,-0.4391328692436218,3.829500201391056e-05,-0.00010851975821424276,0.024830235168337822,1.5259211068041623e-05,-3.609051782405004e-05,1.5575209545204416e-05,9.798353858059272e-06
6.400304699999651,1.5540132153546438e-05,-2.3537206288892776e-05,-0.4378783702850342,3.915439447155222e-05,-0.00012717084609903395,0.073473259806633,6.998577191552613e-06,-3.598294279072434e-05,3.1481591577176005e-05,5.918365786783397e-06
6.420453399999133,2.4191242118831724e-05,1.1044757229683455e-05,-0.4349350333213806,2.9995680961292237e-05,-0.00011537312821019441,0.11947925388813019,1.2004329619230703e-05,-4.158695082878694e-05,1.9681268895510584e-05,-1.880527747744054e-06
6.440444399999251,4.247249671607278e-05,2.2559052013093606e-05,-0.4283944070339203,2.106709871441126e-05,-0.00013444205978885293,0.1612590253353119,1.6366007912438363e-05,-4.182733755442314e-05,4.010557404399151e-06,3.037025635421742e-07
6.460190799999509,2.8696389563265257e-05,-2.108002627210226e-05,-0.4158635437488556,4.2368494177935645e-05,-0.00011803177767433226,0.19951464235782623,1.1653516594378743e-05,-4.304949106881395e-05,1.0118199497810565e-05,8.315562809002586e-06
6.480081899999277,6.627661605307367e-06,-1.790201167750638e-05,-0.3980327248573303,5.004549166187644e-05,-0.00011697012814693153,0.23453031480312347,1.2199057891848497e-05,-4.775247361976653e-05,5.07582217323943e-06,-8.258963134721853e-06
6.500259599999481,-9.618342119210865e-06,-1.4802955774939619e-05,-0.37715044617652893,5.2785107982344925e-05,-7.845308573450893e-05,0.26568400859832764,-5.602118108072318e-06,-5.4861480748513713e-05,1.7991054846788757e-05,1.5268513379851356e-05
6.520441899999241,-2.9081234970362857e-05,-2.9372135031735525e-05,-0.3544204533100128,2.7320378649164923e-05,-7.268720219144598e-05,0.29094624519348145,4.16326884078444e-07,-4.166672079009004e-05,2.1367972294683568e-05,2.0103043425478972e-06
6.540343099999518,2.3536467779194936e-05,2.1644633818596049e-07,-0.32964301109313965,3.019648283952847e-05,-4.76862805953715e-05,0.3079397976398468,8.55881989991758e-06,-3.6261983041185886e-05,1.27804314615787e-05,-2.5119309157162206e-06
6.560153499999615,-1.533812337584095e-06,-3.548838503775187e-05,-0.30493366718292236,2.8352993467706256e-05,-5.653158950735815e-05,0.31709179282188416,5.031754426454427e-07,-2.7364332709112205e-05,-3.822473900072509e-06,5.468549716169946e-06
6.580046199999742,3.144068978144787e-05,-5.388095814851113e-05,-0.2812941074371338,1.5278325008694082e-05,1.0299921086698305e-05,0.3207206130027771,2.1421146811917424e-05,-4.581760003929958e-05,1.7449812730774283e-05,6.328919880616013e-06
6.6003383999996,3.179693885613233e-05,-3.810588896158151e-05,-0.25998497009277344,1.0327249583497178e-05,1.587646011103061e-06,0.31952720880508423,7.34104787625256e-06,-4.064893437316641e-05,1.7635575204622e-05,-3.4604963730089366e-06
6.620443299999351,2.5245364668080583e-05,-2.6447189156897366e-05,-0.2409152239561081,1.9161434465786442e-05,-1.020976560539566e-05,0.31834059953689575,6.264674084377475e-06,-4.380929021863267e-05,1.0334681064705364e-05,-2.4978271540021524e-06
6.6405071999997745,3.503769767121412e-05,2.9240964067867026e-05,-0.2222018539905548,3.0097262424533255e-05,-2.6465670089237392e-05,0.318341463804245,6.554102583322674e-06,-4.059623461216688e-05,1.0035513696493581e-05,3.6203000490786508e-06
6.6604476999991675,3.362490679137409e-05,7.4256417974538635e-06,-0.2042916715145111,3.694814949994907e-05,8.530085437996604e-08,0.31833547353744507,2.3771441192366183e-05,-3.840673161903396e-05,1.8797967641148716e-05,-6.783067419746658e-06
6.6804435999993075,6.8859735620208085e-06,-8.82966287463205e-06,-0.1876770704984665,2.8138067136751488e-05,3.7700735902035376e-06,0.3183346390724182,2.6659816285246052e-05,-4.396482108859345e-05,-2.739589945122134e-06,-5.276747288007755e-06
6.700447199999871,-8.9205905169365e-06,-4.137378709856421e-05,-0.17223384976387024,2.7241165298619308e-05,1.8950345292978454e-06,0.31826460361480713,2.4931759980972856e-05,-3.873051537084393e-05,1.5533307305304334e-05,-1.0495440619706642e-05
6.720164399999703,5.50334807485342e-05,-1.558493750053458e-05,-0.1591690629720688,3.3734526368789375e-05,3.6361550428409828e-06,0.3181881308555603,1.7965547158382833e-05,-3.652185478131287e-05,8.084128239715938e-06,2.813171704474371e-06
6.740432299999156,-2.1846683011972345e-05,-5.218778096605092e-05,-0.1476374864578247,1.954940853465814e-05,2.4629114705021493e-05,0.317880779504776,-6.601942459383281e-07,-4.2061721615027636e-05,3.173297045577783e-06,-7.541323157056468e-07
6.760435299999699,-1.9188562873750925e-05,6.710780326102395e-06,-0.13858622312545776,3.0741271075385157e-06,5.611467713606544e-05,0.31624364852905273,1.4112104054220254e-06,-4.202277341391891e-05,2.3564572984469123e-05,-1.5574645431115641e-06
6.780442399999629,3.735046993824653e-05,-4.261687718098983e-05,-0.1310628205537796,2.16488515434321e-05,7.310575892915949e-05,0.3060409128665924,1.0809141713252757e-05,-4.331282980274409e-05,3.435572943999432e-05,1.5419434930663556e-05
6.8000657999991745,6.384330481523648e-05,-3.682404349092394e-05,-0.12425903975963593,1.6986130049190251e-06,7.091423321980983e-05,0.28700798749923706,2.0174154997221194e-05,-4.602662374963984e-05,6.479352123278659e-06,6.048141585779376e-06
6.820380099999966,6.0263169871177524e-05,-3.506503708194941e-05,-0.11574039608240128,1.0301955626346171e-05,8.172396337613463e-05,0.25952109694480896,1.2359023457975127e-05,-1.8521059246268123e-05,-1.9378958313609473e-06,-1.7335952406938304e-06
6.8404586999995445,2.8322814614512026e-05,2.1940211354376515e-06,-0.10513748228549957,-6.292611942626536e-08,7.001477933954448e-05,0.2264004796743393,8.196275302907452e-07,1.1776426617871039e-05,1.0278949957864825e-06,5.26415624335641e-06
6.860284099999262,-3.101702168351039e-05,2.2763266315450892e-05,-0.09389347583055496,1.2707816495094448e-05,5.8910096413455904e-05,0.18609429895877838,1.0735210707935039e-05,2.1466219550347887e-05,1.072456689144019e-05,1.2522051292762626e-05
6.880421599999863,-2.7761966521211434e-06,1.5700768926762976e-05,-0.08300825953483582,1.9243565475335345e-05,5.595059337792918e-05,0.13991090655326843,1.3708560800296254e-05,-3.620456118369475e-05,2.2405216441256925e-05,1.9347724446561188e-05
6.900084799999604,1.6626119759166613e-05,-5.79489551455481e-06,-0.07267969846725464,7.576951247756369e-06,5.51798875676468e-05,0.09250913560390472,4.49118761025602e-06,-7.093937892932445e-05,2.1083787942188792e-05,-1.5273753888322972e-06
6.920312199999898,1.6042449715314433e-05,-0.0001087294876924716,-0.062426500022411346,-1.2431841241777875e-05,3.699675289681181e-05,0.04632818326354027,2.3966938897501677e-05,-7.100447692209855e-05,3.1785414194018813e-06,3.0308419809443876e-06
6.940075099999376,3.754524004762061e-05,-3.3926127798622474e-05,-0.051736947149038315,6.800568371545523e-06,2.6637739210855216e-05,0.005480039864778519,1.931495535245631e-05,-3.646123150247149e-05,9.356821465189569e-06,2.7779751690104604e-05
6.96044289999918,-3.2236875995295122e-06,-4.3500047468114644e-05,-0.039634279906749725,-6.6767593125405256e-06,4.671375791076571e-05,-0.03012794628739357,-8.096747478703037e-06,-2.7769242478825618e-06,4.90914135298226e-06,-1.3153489817341324e-06
6.980126999999811,-6.32163892078097e-06,2.1397374894149834e-06,-0.02876310609281063,2.2165602331369882e-06,2.6264742700732313e-05,-0.060428962111473083,-5.198621238378109e-06,-1.005499143502675e-05,1.390748548146803e-05,-2.591776592453243e-06
7.000413199999457,-2.167084858228918e-06,-1.5216741303447634e-05,-0.020188303664326668,-1.6008905731723644e-05,2.7180352844879963e-05,-0.08436684310436249,1.6975052858470008e-05,-4.318132050684653e-05,7.176509370765416e-06,8.701931619725656e-08
7.020087299999432,1.9731944121303968e-05,-3.245119660277851e-05,-0.015087448991835117,-2.553948070271872e-05,1.9178503862349316e-05,-0.10136237740516663,5.686874828825239e-06,-4.2979398131137714e-05,1.2930839147884399e-05,-7.108997124305461e-06
7.040297599999576,1.1483392881928012e-05,-5.6367262004641816e-05,-0.013511771336197853,-3.254559851484373e-05,4.884783265879378e-06,-0.11028171330690384,1.3196393410908058e-05,-5.746180613641627e-05,3.1147275876719505e-05,-3.467524948064238e-06
7.060437499999352,1.1213576726731844e-05,3.049847873626277e-05,-0.013575774617493153,-2.6271547540090978e-05,-9.834963748289738e-06,-0.11172366142272949,5.8754312703968026e-06,-3.704202390508726e-05,1.6411537217209116e-05,-6.899044819874689e-07
7.0804840999999215,-5.5473945394624025e-05,1.9098501070402563e-05,-0.013559202663600445,-5.6217904784716666e-06,-2.596510967123322e-06,-0.11124583333730698,1.457919006497832e-05,1.5620280464645475e-05,1.7385371393174864e-05,4.268375960236881e-06
7.100410399999419,-1.802752012736164e-05,-3.2516093142476166e-06,-0.013570582494139671,-9.430375939700752e-06,-1.6226402294705622e-05,-0.11078181862831116,-4.225062184559647e-06,4.492133484745864e-06,1.5782923583174124e-05,-8.229807235693443e-07
7.120397400000002,-8.698058081790805e-06,-3.803105573751964e-05,-0.01356594543904066,-2.3055697965901345e-05,1.4126939277048223e-05,-0.10798661410808563,3.2939176890067756e-05,-4.083464591531083e-05,1.8834372895071283e-05,-2.4584146558481734e-06
7.140528599999925,4.6031520469114184e-05,-5.575090472120792e-05,-0.013522950001060963,-1.052541392709827e-05,-6.4669047787901945e-06,-0.1006561666727066,2.8788592317141593e-05,-3.883851240971126e-05,2.0798459445359185e-05,-7.822686711733695e-06
7.160044699999162,3.1364681944978656e-06,-5.793916443508351e-06,-0.01350670401006937,2.4001137717277743e-06,-8.12876987765776e-06,-0.09121090173721313,1.6973413949017413e-05,-4.910872667096555e-05,5.032357876189053e-06,6.51421032671351e-07
7.18005439999979,1.938191053341143e-05,-3.2092223136714892e-06,-0.013478358276188374,2.8897358788526617e-05,2.667279886736651e-06,-0.08053433895111084,3.0531523407262284e-06,-2.546276300563477e-05,4.765938683704007e-06,-7.950975486892276e-06
7.200140499999179,-2.5336987164337188e-05,2.1028017727076076e-05,-0.013315384276211262,3.252104943385348e-05,-2.8501128326752223e-05,-0.06966780126094818,2.7608634809439536e-06,3.953801410716551e-07,1.9900366169167683e-05,1.0983619631588226e-06
7.220195099999728,7.080045179463923e-05,1.4805855244048871e-05,-0.012993705458939075,3.0812232580501586e-05,-2.724517253227532e-05,-0.05852370709180832,-1.3206414223532192e-05,-2.7248124752077274e-05,1.0167054824705701e-05,2.401446909061633e-05
7.240426899999875,6.742771074641496e-05,-2.475605288054794e-05,-0.012469073757529259,2.7574198611546308e-05,-4.3306543375365436e-05,-0.04596126824617386,2.249023054901045e-06,-3.877891867887229e-05,1.8985778297064826e-05,1.2168735338491388e-05
7.260427100000015,6.551681144628674e-05,-3.179557461407967e-05,-0.011915295384824276,4.4753312977263704e-05,-3.499999729683623e-05,-0.0314364954829216,2.1401788217190187e-06,-4.145516868447885e-05,8.654069461044855e-06,8.262087249022443e-06
7.280304399999295,-3.047570316994097e-05,4.522227754932828e-06,-0.011057354509830475,3.833928349195048e-05,-2.868954834411852e-05,-0.01508642639964819,1.2310656529734842e-05,-4.991854075342417e-05,1.692236992312246e-06,5.808598416479072e-06
7.300439699999515,-3.53933428414166e-05,2.1709825887228362e-05,-0.009029753506183624,2.4886749088182114e-05,-3.2083473342936486e-05,0.0031819562427699566,1.0231033229501918e-05,-4.5823206164641306e-05,2.9682585591217503e-05,-2.351812099732342e-06
7.32051279999996,1.2759899618686177e-05,3.0362832603714196e-06,-0.007786743342876434,2.402033169346396e-05,-4.718012860394083e-05,0.023209642618894577,5.623563538392773e-06,-3.669586294563487e-05,1.4934226783225313e-05,4.571521458274219e-06
7.340485799999442,4.6485707571264356e-05,-4.454335794434883e-05,-0.007835475727915764,4.22279117628932e-05,-2.5313511287095025e-05,0.04229406267404556,6.061117346689571e-06,-3.685746560222469e-05,2.1530015146709047e-05,1.0842968549695797e-05
7.360188499999822,1.4989490409789141e-05,-4.012326098745689e-05,-0.007806754671037197,3.621708310674876e-05,-7.5601283242576756e-06,0.05809950828552246,-5.5534483180963434e-06,-3.814164665527642e-05,2.256660627608653e-05,2.6826430712389993e-06
7.38018909999937,4.2644969653338194e-05,3.872325032716617e-05,-0.007814706303179264,0.00012311615864746273,-1.3576990340880002e-06,0.07100778818130493,1.697819789114874e-05,-4.0846560295904055e-05,1.315306235483149e-06,-9.1013680503238e-06
7.400417099999686,2.119358214258682e-05,1.4550536434398964e-05,-0.007824307307600975,0.00027057103579863906,-6.650043360423297e-07,0.08046641945838928,2.5311370336567052e-05,-5.109711491968483e-05,2.5585448383935727e-05,7.990909580257721e-06
7.420510899999499,-1.6229691027547233e-05,-4.004965740023181e-05,-0.00783674605190754,0.0003351376508362591,2.0761586711159907e-05,0.08606933057308197,-9.665462130215019e-06,-5.7004072004929185e-05,4.350893505034037e-06,2.390858298895182e-06
7.440387699999519,5.25260365975555e-05,-2.801585287670605e-05,-0.00782710686326027,0.00021385429135989398,-2.5047242161235772e-05,0.08402816951274872,2.7334113838151097e-05,-3.1799208954907954e-05,2.309401679667644e-06,1.1202420864719898e-05
7.460323999999673,5.979222623864189e-05,-3.47733439411968e-05,-0.007833946496248245,0.000148662700667046,7.40738278182107e-06,0.08466426283121109,8.960060768004041e-06,-4.909735480396193e-07,4.218891263008118e-06,6.69048904455849e-06
7.4800689999992755,-2.3025942937238142e-05,-9.845800377661362e-05,-0.007875785231590271,0.00017115820082835853,5.25261884831707e-06,0.08465921878814697,2.4720924557186663e-05,-1.76105932041537e-05,2.194136868638452e-05,-5.659510406985646e-07
7.500116100000014,-9.671590305515565e-06,-3.5365450457902625e-05,-0.007900990545749664,0.00015651906142011285,7.797261787345633e-07,0.08469223976135254,1.7301637853961438e-05,-4.638380778487772e-05,6.7518312789616175e-06,6.9178354351606686e-06
7.5204651999993075,5.17248990945518e-05,-3.47446814430441e-07,-0.007982410490512848,9.374664659844711e-05,5.7801371440291405e-06,0.08471007645130157,7.822647603461519e-06,-5.491271804203279e-05,1.0671136806195136e-05,-2.3763664103171322e-06
7.540440699999635,3.539588942658156e-05,-7.411595288431272e-05,-0.008028519339859486,4.823836934519932e-05,4.356062618171563e-06,0.08471459895372391,2.4968730940599926e-05,-6.582713103853166e-05,1.7077532902476378e-05,9.549972673994489e-06
7.5603313999999955,-2.5590288714738563e-05,-2.627246658448712e-06,-0.00809539295732975,5.1400809752522036e-05,1.3238081010058522e-05,0.08466590940952301,2.338298872928135e-05,-4.008116229670122e-05,1.975565101020038e-05,1.0382389064034214e-06
7.580381199999465,-9.615398084861226e-06,1.8609965991345234e-05,-0.008126651868224144,5.753070581704378e-05,6.84442738929647e-06,0.0846717432141304,1.784560299711302e-05,1.8646725948201492e-05,8.290576261060778e-06,2.259822622363572e-06
7.600098299999445,-2.4890654458431527e-05,3.0777266601944575e-06,-0.008144749328494072,3.12047814077232e-05,-1.6609454178251326e-05,0.08466094732284546,1.753370088408701e-05,-3.6866003938484937e-06,9.646835223975359e-07,-1.4068516520637786e-06
7.6204776999993555,3.996109080617316e-05,-1.4371483302966226e-05,-0.008137822151184082,4.358965816209093e-05,-4.658547254621226e-07,0.08467045426368713,2.2000867829774506e-05,-3.560690674930811e-05,1.2348938980721869e-05,8.166420229827054e-06
7.640510499999436,1.6478599718539044e-05,-7.299287517525954e-06,-0.008122049272060394,3.215847391402349e-05,4.328906925366027e-06,0.08467638492584229,2.183791366405785e-05,-4.8460093239555135e-05,2.8160495276097208e-05,7.688222467550077e-06
7.6605092999998305,3.4011463867500424e-05,-5.242583938525058e-05,-0.008123835548758507,2.7038575353799388e-05,6.443840447900584e-06,0.08467492461204529,-2.8267227207834367e-06,-6.049827061360702e-05,2.0018589566461742e-05,1.366743708786089e-05
7.6800455999991755,2.5667141017038375e-05,-3.310122701805085e-05,-0.008083853870630264,2.7689549824572168e-05,6.843935352662811e-06,0.08470399677753448,1.7239995941054076e-05,-4.23131205025129e-05,1.6235095245065168e-05,1.586728285474237e-05
7.7004424999995535,8.070607691479381e-06,-7.854923751438037e-06,-0.008049475029110909,2.90611988020828e-05,1.1835145414806902e-06,0.0847138985991478,1.5756751963635907e-05,-1.571381653775461e-05,2.5342844310216606e-05,-1.095384732252569e-06
7.720419399999628,7.252264185808599e-05,-2.8459335226216353e-05,-0.008014239370822906,3.265688428655267e-05,-1.2892314771306701e-05,0.08470844477415085,-1.3707929156225873e-06,4.2104570638912264e-06,9.9713997769868e-06,6.935147212061565e-06
7.740074199999981,2.731833046709653e-05,-4.013670331914909e-05,-0.008020449429750443,3.0580704333260655e-05,-4.638638529286254e-06,0.08471102267503738,-7.888750701567915e-07,-2.0040732124471106e-05,2.210710954386741e-05,-1.9739036360988393e-06
7.760114499999872,2.603712709969841e-05,-2.88541050394997e-05,-0.008006222546100616,2.72021734417649e-05,6.542796199937584e-06,0.08471962809562683,-3.979416305810446e-06,-4.3685278797056526e-05,1.4656739949714392e-05,-6.071482857805677e-06
7.78020479999941,-1.4302202544058673e-05,-2.777013105514925e-05,-0.007987122982740402,5.3789670346304774e-05,3.0174437597452197e-06,0.08472084254026413,8.960514605860226e-07,-7.16015711077489e-05,2.550275530666113e-05,1.0869138350244612e-05
7.8003036000000066,2.0678500732174143e-05,-2.4271648726426065e-05,-0.008010437712073326,6.448180647566915e-05,-1.6583799151703715e-05,0.08472391963005066,2.2169801013660617e-05,-6.28223642706871e-05,1.1048049600503873e-05,2.3215729925141204e-06
7.820343599999433,-4.633206845028326e-05,-4.028227340313606e-05,-0.007998019456863403,5.595220500254072e-05,-8.100522791210096e-06,0.08471010625362396,3.0587352739530616e-06,-4.9834994570119306e-05,5.905644684389699e-07,6.438116542994976e-06
7.840502899999592,-3.9091435610316694e-05,4.874337719229516e-06,-0.008016320876777172,6.094574564485811e-05,4.280960638425313e-06,0.08471766114234924,1.1545914276211988e-05,-1.345628515991848e-05,3.341122646816075e-05,4.418065600475529e-06
7.860513799999353,3.4107808460248634e-05,-4.831220940104686e-05,-0.00804918073117733,4.232746141497046e-05,1.1012059530912666e-06,0.0847165584564209,8.659526429255493e-06,-2.2080816052039154e-05,2.1462945369421504e-05,-2.0538172407214006e-07
7.88021309999931,5.697243977920152e-05,-6.257112545426935e-05,-0.008053457364439964,3.898423528880812e-05,5.893312390981009e-06,0.0847148597240448,-1.3364642654778436e-06,-3.2477131753694266e-05,2.3943961423356086e-05,1.4899768757459242e-05
7.9001150999993115,3.900512820109725e-05,1.3951981600257568e-05,-0.008065568283200264,4.345543129602447e-05,8.937395250541158e-07,0.08470563590526581,-8.192038876586594e-06,-6.810449121985584e-05,4.313714453019202e-05,2.1036164980614558e-05
7.920049199999994,4.0408482163911685e-05,6.033907538949279e-06,-0.00808126013725996,3.27868401654996e-05,1.3900787962484173e-05,0.08469771593809128,-9.334077731182333e-06,-6.820216367486864e-05,2.0775123630301096e-05,-7.231195013446268e-06
7.940069699999185,-8.761930075706914e-06,-6.221906005521305e-06,-0.008073246106505394,2.6305255232728086e-05,-1.9462981981632765e-07,0.08470667898654938,2.2962383809499443e-05,-4.039184932480566e-05,1.9938906916650012e-05,7.024765181995463e-06
7.960095099999307,6.256958295125514e-05,-2.570055949036032e-05,-0.008076777681708336,4.1031755245057866e-05,4.329973307903856e-06,0.08470720052719116,1.728533607092686e-05,-2.380911973887123e-05,1.7527063391753472e-06,-1.3728740668739192e-06
7.980137699999432,-1.2219704785820795e-06,-2.037378362729214e-05,-0.00809251144528389,4.0747778257355094e-05,8.979370250017382e-06,0.08470965176820755,1.9465335299173603e-07,-2.7589272576733492e-05,2.3115906515158713e-05,-4.773876298713731e-06
8.00042239999948,1.0178629963775165e-05,-2.6569034162093885e-05,-0.008071990683674812,3.639301939983852e-05,4.585128863254795e-06,0.08471493422985077,1.7418213246855885e-05,-3.802792707574554e-05,1.8882241420214996e-05,1.6523015801794827e-05
8.020067699999345,3.7872367101954296e-05,-2.2746210106561193e-06,-0.008068167604506016,3.0047282052692026e-05,-3.9838278098613955e-06,0.08470994234085083,7.91586899140384e-06,-4.483584052650258e-05,6.898897481733002e-06,2.64849632003461e-06
8.0404067999998,2.1489471691893414e-05,-3.0638708267360926e-05,-0.008054180070757866,3.412295336602256e-05,-1.3035401934757829e-05,0.08469714969396591,7.341283435380319e-06,-4.968475695932284e-05,2.2848589651403017e-05,5.978847639198648e-06
8.060414699999455,4.4951892050448805e-05,-2.9713333788095042e-05,-0.008046085014939308,2.8381706215441227e-05,5.2712093747686595e-06,0.08471285551786423,-1.571918460285815e-06,-3.699421358760446e-05,3.47584173141513e-05,1.4236582501325756e-05
8.080133699999351,-1.6359372239094228e-05,-2.6597747364576207e-06,-0.008016945794224739,3.440636282903142e-05,-9.088971637538634e-07,0.08471359312534332,2.8669204766629264e-05,-4.057666228618473e-05,1.4389799616765231e-05,9.729866178531665e-06
8.100084999999126,-3.909370207111351e-05,-4.467518738238141e-05,-0.008038673549890518,4.287336560082622e-05,1.4529596228385344e-06,0.08471839129924774,-5.80857204113272e-07,-3.629035199992359e-05,1.9103117665508762e-05,1.8547439140093047e-07
8.12047899999925,-3.743846173165366e-05,-2.05296601052396e-05,-0.008023086935281754,4.219963739160448e-05,-2.9479406293830834e-06,0.08471918106079102,4.560172783385497e-06,-3.7462625186890364e-05,1.9864786736434326e-05,2.338084868824808e-06
8.140085799999724,4.325029294705018e-06,-1.8909906430053525e-05,-0.00805507693439722,5.293453796184622e-05,9.4549723144155e-06,0.08471043407917023,7.50788785808254e-06,-4.646485467674211e-05,1.4029681551619433e-05,3.5327811929164454e-06
8.160423899999842,7.861811900511384e-05,-2.823348404490389e-05,-0.008041346445679665,4.1735263948794454e-05,9.545025022816844e-06,0.084713414311409,2.0004888938274235e-05,-4.167955194134265e-05,7.582843863929156e-08,5.386716111388523e-06
8.180324599999949,1.6094554666779004e-05,-3.380963244126178e-05,-0.00804431363940239,4.198756505502388e-05,2.077018143609166e-05,0.08471845090389252,9.523927474219818e-06,-3.994251892436296e-05,2.068611138383858e-05,-2.2167762381286593e-06
8.200408799999423,2.0273337213438936e-06,-2.6162713766098022e-05,-0.008066958747804165,4.76684290333651e-05,1.3358912838157266e-05,0.08471141010522842,9.26994198380271e-06,-3.8342433981597424e-05,2.8925835067639127e-05,1.5490200894419104e-05
8.220246899999438,-1.929598511196673e-05,-2.9854894819436595e-05,-0.008075334131717682,3.287672734586522e-05,6.07838956057094e-06,0.08470520377159119,8.504377547069453e-06,-4.120027006138116e-05,4.940080088999821e-06,2.3350276023847982e-07
8.24055799999951,3.107933298451826e-05,-4.8072775825858116e-05,-0.008082283660769463,3.32470444845967e-05,-2.644065034473897e-06,0.08471361547708511,1.8581709809950553e-05,-3.8368289096979424e-05,1.3331834452401381e-05,4.335945959610399e-06
8.26011539999945,-2.835068698914256e-06,-4.505204560700804e-05,-0.008082140237092972,2.844321534212213e-05,7.074669952089607e-07,0.08470747619867325,1.5636751413694583e-05,-4.1110575693892315e-05,2.857093932107091e-05,-6.675584700133186e-06
8.280428399999437,-2.242481059511192e-05,-1.9735342249305177e-08,-0.00807504914700985,2.8608728825929575e-05,2.303427208971698e-06,0.0847175270318985,1.053240566761815e-06,-3.7315592635422945e-05,2.1412697606137954e-05,6.671996743534692e-06
8.300390399999742,2.7282316295895725e-05,-3.5021465009776875e-05,-0.008083745837211609,4.8234520363621414e-05,-2.497752575436607e-06,0.08471328020095825,-1.1724532669177279e-05,-3.625755925895646e-05,2.2249540052143857e-05,5.5650966714893e-06
8.32053839999935,8.442050602752715e-05,1.1483223715913482e-05,-0.008054806850850582,3.3016673114616424e-05,-1.0219937394140288e-06,0.08470741659402847,9.831139323068783e-06,-2.974972994707059e-05,1.2047756172250956e-05,9.014286206365796e-07
8.340237499999603,-5.788147063867655e-06,-1.6030935512389988e-05,-0.008048217743635178,6.275621126405895e-05,2.5075611119973473e-05,0.08471406996250153,1.8477805497241206e-05,-3.687525895657018e-05,2.8319751436356455e-05,7.827544322935864e-06
8.360454699999536,6.400587153621018e-05,1.3845704415871296e-05,-0.008065581321716309,5.1970986532978714e-05,9.409224730916321e-06,0.08471657335758209,-9.47109583648853e-06,-4.393934068502858e-05,1.709681237116456e-05,1.583821131134755e-06
8.380111899999974,8.13636215752922e-05,1.6959173080977052e-05,-0.008042361587285995,5.1500021072570235e-05,1.8856947008316638e-06,0.08471934497356415,-1.8963132788485382e-06,-4.4964690459892154e-05,7.684958291065414e-06,2.8503823159553576e-06
8.400409399999262,4.4618325773626566e-05,-9.207704351865686e-06,-0.008030216209590435,4.970872760168277e-05,3.6123515201325063e-06,0.08471617102622986,5.205964498600224e-06,-4.449665721040219e-05,1.4126381756796036e-05,-3.927999841835117e-06
8.42039879999993,1.1169608114869334e-05,-1.3696551832254045e-05,-0.008020805194973946,3.922864925698377e-05,2.2724276504959562e-07,0.08471892774105072,-1.557049654365983e-05,-4.235525557305664e-05,2.5540510250721127e-05,2.44301809289027e-05
8.440129699999488,-1.1082831406383775e-05,2.0388142729643732e-05,-0.008026679046452045,3.136310988338664e-05,4.95939616484975e-07,0.08472299575805664,1.3221030712884385e-05,-4.5509907067753375e-05,8.300434274133295e-06,-6.597279934794642e-06
8.460144299999229,4.936166078550741e-05,-4.996373536414467e-05,-0.008033554069697857,5.158050771569833e-05,9.142242561210878e-06,0.08471360057592392,1.0326468782295706e-06,-4.1420535126235336e-05,8.026518116821535e-06,-1.5866735338931903e-06
8.48039609999978,3.2683055906090885e-05,6.050696811144007e-06,-0.008058479055762291,4.191696643829346e-05,5.63909043194144e-06,0.08471749722957611,8.838458597892895e-06,-3.498014120850712e-05,1.665539457462728e-05,-4.877632363786688e-06
8.500058499999795,1.3405888239503838e-05,-2.2711205019732006e-05,-0.008051993325352669,4.131301830057055e-05,-4.572333637042902e-06,0.08471491932868958,1.1872164577653166e-05,-3.785247099585831e-05,1.0911552635661792e-05,-7.470358468708582e-06
8.520498699999735,-2.703895006561652e-06,-1.9487763438519323e-06,-0.008054075762629509,3.923850454157218e-05,2.100137407978764e-06,0.0847146287560463,-4.564422397379531e-06,-4.4420223275665194e-05,2.5697541786939837e-05,3.5395814848016016e-06
8.540387099999862,4.484783858060837e-06,-1.7134181689471006e-05,-0.008069540373980999,3.5903864045394585e-05,-1.8607708625495434e-05,0.08471304178237915,2.444841811666265e-05,-4.149588494328782e-05,1.4031992577656638e-05,1.9346583940205164e-05
8.560358099999576,5.102193244965747e-05,-3.1978437618818134e-05,-0.008072580210864544,4.525612894212827e-05,4.411070676724194e-06,0.08471943438053131,9.098738701140974e-06,-3.605529491323978e-05,3.657769048004411e-05,1.1496127626742236e-05
8.58030879999933,1.7623080566409044e-05,-4.099099896848202e-05,-0.008060289546847343,4.5046734157949686e-05,6.1383088905131444e-06,0.08470955491065979,9.231744115822949e-07,-4.48571918241214e-05,1.3224985195847694e-05,1.8316416117158951e-06
8.600455399999191,-4.505334800342098e-06,-1.3948312698630616e-05,-0.008080931380391121,3.3003561838995665e-05,3.5994526115246117e-07,0.08470810949802399,7.732167432550341e-06,-3.740031024790369e-05,1.8387701857136562e-05,-1.2508335203165188e-06
8.620501799999147,3.0142318792059086e-05,-4.635467576008523e-06,-0.00805187039077282,3.344925062265247e-05,6.3466573010373395e-06,0.08471053093671799,1.7140419004135765e-06,-4.268213524483144e-05,6.620075055252528e-06,2.4033699446590617e-05
8.640530399999989,-6.471787855844013e-06,8.999810233945027e-06,-0.008064894005656242,3.2450425351271406e-05,1.1192174497409724e-05,0.08471344411373138,2.3498952941736206e-05,-3.898816430591978e-05,6.9840075411775615e-06,3.816750449914252e-06
8.660083799999484,5.862483158125542e-05,1.2497046554926783e-05,-0.008048808202147484,3.9807047869544476e-05,-1.1586436130528455e-06,0.08471217751502991,1.2178603356005624e-05,-3.267253123340197e-05,6.200691018420912e-07,-1.0097920494445134e-05
8.680074499999137,9.20230468182126e-06,-1.2177044482086785e-05,-0.008045002818107605,2.887292066588998e-05,1.8757713405648246e-05,0.08471620082855225,1.9602428437792696e-05,-3.7229307054076344e-05,2.123836566170212e-05,8.101442290353589e-06
8.700532199999543,2.9966300644446164e-05,-2.9023098250036128e-05,-0.008019063621759415,4.084047395735979e-05,3.993477093899855e-06,0.08470557630062103,2.1993582777213305e-05,-4.31868429586757e-05,1.004363366519101e-05,7.566518434032332e-08
8.720404899999266,4.7227280447259545e-05,-9.976579895010218e-05,-0.008041724562644958,3.696173007483594e-05,-1.3925016446592053e-06,0.0847129076719284,-2.821267344188527e-06,-4.077242556377314e-05,5.862290436198236e-06,8.414872354478575e-09
8.740394699999342,2.468561979185324e-05,-1.8602691852720454e-05,-0.00802481360733509,3.554702561814338e-05,-9.831528586801142e-07,0.08470410108566284,-1.855486289059627e-07,-3.9758066122885793e-05,1.699183849268593e-05,7.109932994353585e-06
8.760486799999853,4.363958214526065e-05,5.741379936807789e-06,-0.008043842390179634,3.1464554922422394e-05,-8.21485991764348e-06,0.08471275866031647,-9.526186659059022e-06,-4.004454240202904e-05,1.6132511518662795e-05,3.413682634345605e-07
8.78045639999982,2.6315139621146955e-05,-4.155291026108898e-05,-0.008051080629229546,4.580967652145773e-05,-5.705191142624244e-06,0.0847238302230835,3.0034134397283196e-06,-4.83455769426655e-05,8.522063581040129e-06,1.1952786735491827e-05
8.800418199999513,4.0195427573053166e-05,8.685149623488542e-06,-0.00805890653282404,5.01013855682686e-05,-3.2189045668928884e-06,0.08471380174160004,2.799388130370062e-05,-3.8986745494185016e-05,1.3941982615506276e-05,2.8270169423194602e-06
8.820507899999939,2.3589193006046116e-05,-1.662875001784414e-05,-0.00807527732104063,3.8547303120139986e-05,-1.0362342436565086e-05,0.08471326529979706,1.0832953194039874e-05,-3.6746321711689234e-05,1.4787620784773026e-05,-1.109453478420619e-06
8.840031599999747,6.03028638579417e-06,-5.0833637033065315e-06,-0.008074933663010597,3.617897891672328e-05,-1.9261663055658573e-06,0.0847129374742508,1.5261382941389456e-05,-3.520209793350659e-05,1.4511568224406801e-05,1.1805936992459465e-06
8.860105199999452,-1.5484778487007134e-05,-7.100116363289999e-06,-0.008062450215220451,5.004854028811678e-05,1.221702950715553e-05,0.08470809459686279,-2.4851174202922266e-06,-4.562101821647957e-05,-1.3427197700366378e-06,-1.1776662631746149e-06
8.880197999999837,5.855481140315533e-05,-4.7420959162991494e-05,-0.00808295514434576,3.4150463761761785e-05,3.7831634926988045e-06,0.08471836149692535,1.3316974218469113e-05,-4.065971006639302e-05,6.776739610359073e-06,-4.23828851126018e-06
8.900334799999655,-4.763078686664812e-05,-5.0608454330358654e-05,-0.008068677969276905,4.646349043468945e-05,-1.939530648087384e-06,0.08470555394887924,1.7500513422419317e-05,-4.5652421249542385e-05,9.494819096289575e-06,-7.4815079642576165e-06
8.920266599999195,-2.1459261915879324e-05,-1.1414287655497901e-05,-0.008068125694990158,3.106390795437619e-05,3.748926246771589e-06,0.08471933007240295,-6.725754701619735e-06,-4.062934749526903e-05,6.754505648132181e-07,-4.9905165724339895e-06
8.940186499999982,1.000269730866421e-05,-1.7143649529316463e-05,-0.008068311959505081,4.966033520759083e-05,9.084317753149662e-06,0.08471639454364777,1.2267738611626555e-06,-4.04210586566478e-05,8.928031093091704e-06,-1.1333358997944742e-06
8.96019669999987,2.4581033358117566e-05,2.9673615244973917e-06,-0.008044984191656113,2.8645828933804296e-05,1.4887448287481675e-06,0.08471702039241791,-2.250492343591759e-06,-4.9539808969711885e-05,2.256107109133154e-05,3.969457793573383e-06
8.980122999999367,5.138066262588836e-05,-4.367082510725595e-05,-0.008065057918429375,4.89308986288961e-05,7.549105021098512e-07,0.08471257984638214,6.964602107473183e-06,-3.5398363252170384e-05,1.4427040696318727e-05,7.044980065984419e-08
9.000235399999838,5.753901496063918e-05,-2.046039116976317e-05,-0.008067579008638859,2.967747423099354e-05,2.7022249469155213e-06,0.08471138775348663,3.9839037526689935e-06,-4.321390588302165e-05,7.888002073741518e-06,-1.6679477994330227e-06
9.02005199999985,7.980608643265441e-06,-4.84662305098027e-05,-0.008052595891058445,4.538740176940337e-05,1.2159080142737366e-05,0.08471371233463287,9.639844392950181e-06,-3.664130417746492e-05,2.1748264771304093e-05,-4.621688276529312e-06
9.040142799999558,-8.977535799203906e-06,-1.3719573871640023e-05,-0.0080398079007864,3.462758468231186e-05,7.063222255965229e-07,0.08471253514289856,-3.1158392630459275e-06,-2.5480054318904877e-05,1.5760060705360956e-05,-5.970257916487753e-06
9.0603744,6.749443127773702e-05,-5.370343387767207e-06,-0.008047766983509064,4.269634519005194e-05,1.529908877273556e-05,0.08471269905567169,9.288454748457298e-06,-4.011555574834347e-05,1.8806385924108326e-05,6.121928436186863e-06
9.080094599999939,8.133813935273793e-06,-4.669230293075088e-06,-0.008040636777877808,2.802633389364928e-05,-6.701297024847008e-06,0.08471721410751343,4.443812485988019e-06,-4.757094939122908e-05,3.159859261359088e-05,9.30613350647036e-06
9.100465900000017,1.545853228890337e-05,-2.0908368242089637e-05,-0.008057396858930588,4.643093780032359e-05,9.111760846280959e-06,0.08471771329641342,1.2035237887175754e-05,-4.033920413348824e-05,1.6776708434917964e-05,-2.1512157672987087e-06
9.120477699999356,2.601938831503503e-06,-3.6235665902495384e-05,-0.008042899891734123,2.949478403024841e-05,-6.2806575442664325e-06,0.08470144867897034,4.303146397433011e-06,-4.952908057020977e-05,2.0652092644013464e-05,1.325769699178636e-05
9.140157299999373,2.260264864162309e-06,1.0638165804266464e-05,-0.008052597753703594,3.462505992501974e-05,-1.1832123163912911e-05,0.08469368517398834,-8.201979653676972e-06,-4.112482565687969e-05,-1.026744371301902e-06,5.105891887069447e-06
9.160118499999953,1.974338010768406e-05,-4.118578362977132e-05,-0.008043071255087852,3.0197321393643506e-05,1.2281754607101902e-05,0.08471468836069107,7.987500794115476e-07,-4.130789602641016e-05,3.301033575553447e-05,1.2916572813992389e-05
9.18038129999968,-1.5139601600822061e-05,-2.1946279957774095e-05,-0.008059496991336346,2.9922954126959667e-05,3.672455932246521e-06,0.08471102267503738,1.1120916497020517e-05,-4.614093995769508e-05,1.7357984688715078e-05,2.0766827219631523e-05
9.200390699999843,4.3610300053842366e-05,-1.2859404705523048e-05,-0.0080560352653265,3.9153143006842583e-05,5.337874426913913e-06,0.08471380174160004,5.567508651438402e-06,-4.253325823810883e-05,2.8666219805018045e-05,-9.687972124083899e-06
9.22005739999986,-4.946560693497304e-06,-1.2635359780688304e-05,-0.0080522820353508,4.9124122597277164e-05,-2.0959512312401785e-06,0.08471556007862091,2.2619835363002494e-05,-3.414202728890814e-05,2.2574404283659533e-05,9.87828207144048e-06
9.240390199999638,3.475113771855831e-05,-7.1496460805065e-06,-0.008053001016378403,4.370711394585669e-05,1.4511522749671713e-05,0.08470283448696136,9.152260645350907e-06,-4.457842078409158e-05,1.595013600308448e-05,1.5467969660676317e-06
9.260264099999404,4.9828755436465144e-05,-1.2683733075391501e-05,-0.00806438084691763,3.486307105049491e-05,8.547710422135424e-06,0.08470785617828369,3.0540377338184044e-06,-4.4127085857326165e-05,2.4904806195991114e-05,2.2373887986759655e-07
9.28032119999989,1.8992810510098934e-05,-1.108785090764286e-05,-0.008043130859732628,3.6515477404464036e-05,6.926577952981461e-06,0.08470680564641953,-5.584017344517633e-06,-3.973494312958792e-05,1.7522490452392958e-05,-4.630894636648009e-06
9.300419899999724,5.857769065187313e-05,-4.312613236834295e-05,-0.008038872852921486,4.1670165956020355e-05,1.2640459317481145e-05,0.0847175270318985,6.82052723277593e-06,-3.579862823244184e-05,2.3357140889856964e-05,1.3774986200587591e-06
9.32036799999969,-4.291409641155042e-05,-3.65959458576981e-05,-0.008041437715291977,5.4844291298650205e-05,2.4644386940053664e-06,0.08471143245697021,1.130632335843984e-05,-4.1952043829951435e-05,1.991293902392499e-05,2.75449019682128e-06
9.340058199999476,7.451809324265923e-06,-1.4932380508980714e-05,-0.008044248446822166,3.533095514285378e-05,6.975276392040541e-06,0.08471231162548065,1.6169860828085802e-05,-4.4994787458563223e-05,2.4912918888730928e-05,6.149783075670712e-06
9.360288399999263,1.5796791558386758e-05,-4.244266892783344e-05,-0.008036878891289234,3.807817120105028e-05,9.413067346031312e-06,0.08471567928791046,6.5855865614139475e-06,-4.264300150680356e-05,2.7328551368555054e-05,1.1772833659051685e-06
9.38032529999964,-1.5448258636752144e-06,2.482562922523357e-05,-0.008055552840232849,4.519398135016672e-05,-1.8927583369077183e-05,0.08470892906188965,2.3162188881542534e-05,-4.2438630771357566e-05,1.2680050531344023e-05,3.7218646866676863e-06
9.400351199999932,4.055348654219415e-06,-6.429542554542422e-05,-0.008051233366131783,3.942574403481558e-05,4.214918135403423e-06,0.08471690118312836,7.519277460232843e-06,-3.9691854908596724e-05,7.870504305174109e-06,1.5981171372914105e-06
9.420507099999668,2.6977440938935615e-05,1.172326574305771e-05,-0.008064638823270798,3.481390012893826e-05,9.936369679053314e-06,0.08470016717910767,-2.6470852390048094e-06,-4.332513708504848e-05,1.719308420433663e-05,-3.2193072456720984e-06
9.440188799999305,-1.5254832760547288e-05,-4.555761188385077e-05,-0.008062386885285378,3.14506032736972e-05,2.0587000108207576e-05,0.08470658957958221,4.520195034274366e-06,-3.471643867669627e-05,2.1581477994914167e-05,-3.801796992775053e-07
9.460095499999625,2.3000751752988435e-05,-2.85935834654083e-06,-0.008066429756581783,4.4414140575099736e-05,2.8565079901454737e-06,0.0847087875008583,1.838650496210903e-05,-3.825363819487393e-05,1.2735023119603284e-05,7.546443157480098e-06
9.480322799999158,1.4965932678023819e-05,-2.387386302871164e-05,-0.008045789785683155,2.6578574761515483e-05,1.3350037988857366e-05,0.0847097784280777,-6.973976269364357e-06,-3.6771649320144206e-05,-5.808465175505262e-07,6.239346475922503e-06
9.500401299999794,2.718313226068858e-06,-1.7390897482982837e-05,-0.008066169917583466,3.918593574780971e-05,6.237034540390596e-06,0.08471156656742096,1.2718282960122451e-05,-4.244669617037289e-05,2.8719561669277027e-05,-2.2326635189529043e-06
9.520367299999634,1.772490759321954e-05,-4.0344297303818166e-05,-0.008073890581727028,4.667300891014747e-05,3.980246219725814e-06,0.0847092866897583,4.424548478709767e-06,-4.366237044450827e-05,1.2380464795569424e-05,2.140555579899228e-06
9.540425799999866,3.62664541171398e-05,3.2385253234679112e-06,-0.008084582164883614,5.270582914818078e-05,-5.286860414344119e-06,0.08471585810184479,7.854046089050826e-06,-3.671054219012149e-05,1.2039973626087885e-05,8.730665285838768e-06
9.560523199999807,1.4808932064624969e-05,-1.257914937013993e-05,-0.008057096041738987,4.346454079495743e-05,4.6365184971364215e-06,0.08472457528114319,1.7047301298589446e-05,-3.73931325157173e-05,2.7496484108269215e-05,2.1220886992523447e-05
9.580423399999745,3.641226066974923e-05,-3.060856033698656e-05,-0.008035293780267239,3.923049371223897e-05,-1.8176611774833873e-05,0.08471657335758209,-1.0796620699693449e-06,-4.441631608642638e-05,2.2014928617863916e-05,8.38258165458683e-06
9.600096299999677,1.3708408005186357e-05,-2.8454202038119547e-05,-0.008029473014175892,3.700071829371154e-05,2.419351858407026e-06,0.08471475541591644,1.4341338101075962e-05,-4.217368405079469e-05,1.7035952623700723e-05,-3.679048404592322e-06
9.62046409999948,1.763784166541882e-05,-2.208097794209607e-05,-0.008045950904488564,4.8101934225996956e-05,-1.3640169527207036e-06,0.08471592515707016,2.545558709243778e-05,-3.667423879960552e-05,1.7211181329912506e-05,-6.696233867842238e-06
9.640490799999498,1.5511141100432724e-05,-8.980120583146345e-06,-0.00804288499057293,4.1529714508214965e-05,9.188860531139653e-06,0.08471978455781937,1.2237686860316899e-05,-3.731811011675745e-05,1.365660318697337e-05,5.436794708657544e-06
9.660428899999715,-1.2159045581938699e-05,-1.7088212189264596e-05,-0.008030114695429802,4.307658673496917e-05,3.322466909594368e-06,0.08471052348613739,1.9573393728933297e-05,-4.468969564186409e-05,2.8026581276208162e-05,-5.324982339516282e-06
9.680365399999573,2.562332338129636e-05,-3.124461727566086e-05,-0.00804377906024456,2.8371259759296663e-05,-3.1462686820304953e-06,0.0847148597240448,3.1786748877493665e-06,-4.5492230128729716e-05,1.3566493635153165e-06,4.49451681561186e-06
9.700168399999711,2.4710428988328204e-05,-1.1046699910366442e-05,-0.008043387904763222,3.288098014309071e-05,5.412950486061163e-06,0.0847122073173523,7.2232373895531055e-06,-4.116577474633232e-05,1.1158212146256119e-05,5.475890247907955e-07
9.720365199999833,1.2687080015894026e-05,-1.3344671060622204e-05,-0.008053372614085674,4.493348387768492e-05,-5.618860541289905e-06,0.08471682667732239,5.142576810612809e-06,-3.826518150162883e-05,2.188556027249433e-05,1.6202795904973755e-06
9.740425099999811,6.0426074924180284e-05,-6.3940360632841475e-06,-0.008050542324781418,4.2566651245579123e-05,1.1457245818746742e-08,0.08470985293388367,2.792135092022363e-06,-4.2535706597846e-05,9.445376235817093e-06,1.0642905181157403e-05
9.760341999999582,-2.189722545153927e-05,-4.398760211188346e-05,-0.008060041815042496,3.672985621960834e-05,1.2962012988282368e-05,0.08471758663654327,1.580294883751776e-05,-4.7080273361643776e-05,1.8959170120069757e-05,3.1378453968500253e-07
9.780245299999478,8.09476932772668e-06,-5.511626659426838e-05,-0.008057886734604836,2.9067070499877445e-05,8.040269676712342e-06,0.08471514284610748,1.3253111319500022e-05,-3.678776556625962e-05,8.524176337232348e-06,-4.6168124754331075e-06
9.800414099999216,4.351335155661218e-05,-1.6368425349355675e-05,-0.008059199899435043,3.124105205642991e-05,-3.0997184694570024e-06,0.08471313863992691,2.3388576664729044e-05,-3.758599632419646e-05,1.2126834008086007e-05,4.042370619572466e-06
9.820324099999198,1.7433700122637674e-05,7.5541729529504664e-06,-0.00805981457233429,4.6081568143563345e-05,1.4090557669987902e-05,0.08471407741308212,6.503078111563809e-06,-5.0290636863792315e-05,2.0725751710415352e-06,-1.6011798606996308e-06
9.840211299999282,1.8580294636194594e-05,-3.596038368414156e-05,-0.008054140955209732,3.996515442850068e-05,2.863802819774719e-06,0.08471226692199707,1.562929537612945e-05,-3.545920117176138e-05,2.9756753065157682e-05,2.8806989575969055e-06
9.860183699999652,4.32624074164778e-05,1.2827660611947067e-05,-0.008070847950875759,3.515496791806072e-05,8.038552550715394e-06,0.08471044898033142,-2.0336974557721987e-06,-3.558291064109653e-05,2.8573476811288856e-05,2.263970145577332e-06
9.88010099999974,4.481875294004567e-05,-1.9244684153818525e-05,-0.008041733875870705,3.248796201660298e-05,1.307364072999917e-06,0.08471781015396118,7.499996172555257e-06,-3.8064721593400463e-05,8.554923624615185e-06,2.8546282919705845e-06
