0.0001063999998223153,0.0438823327422142,0.15551406145095825,-1.0630300045013428,0.00017408744315616786,0.05815673619508743,-0.5825042724609375,2.385623156442307e-05,-0.046187400817871094,-1.2849021004512906e-05,-0.05508187785744667
0.020304900000155612,0.04383291304111481,0.15550567209720612,-1.0630342960357666,0.0001817699958337471,0.05815483257174492,-0.5825088620185852,2.9526328944484703e-05,-0.046212948858737946,-1.1258571248617955e-05,-0.05507855862379074
0.04029420000006212,0.04381901025772095,0.1555495411157608,-1.0630438327789307,0.00018072969396598637,0.05814656987786293,-0.5825009942054749,3.935061613447033e-05,-0.04620116949081421,-2.3693235561950132e-05,-0.05506911501288414
0.06015060000027006,0.04387049376964569,0.1555359661579132,-1.063033938407898,0.00017152412328869104,0.05817442759871483,-0.5825023055076599,2.5979086785810068e-05,-0.04618832468986511,-1.917506779136602e-05,-0.05507893115282059
0.08028560000002471,0.043879877775907516,0.15547503530979156,-1.0630336999893188,0.00016088475240394473,0.05815383791923523,-0.5825092792510986,3.7903442716924474e-05,-0.04619302600622177,-1.4677446415589657e-05,-0.055078424513339996
0.10020629999962694,0.043849002569913864,0.1555570363998413,-1.0630249977111816,0.0001726487244013697,0.058124128729104996,-0.5825093984603882,2.9154431103961542e-05,-0.04618968814611435,-3.7628547033818904e-06,-0.05507814884185791
0.12023640000006708,0.04385315626859665,0.15551970899105072,-1.0630559921264648,0.00019161646196153015,0.05815747380256653,-0.5824882984161377,2.9628568881889805e-05,-0.04621089994907379,-9.421875802217983e-06,-0.05506715178489685
0.1404525999996622,0.043877407908439636,0.1555124670267105,-1.063037395477295,0.00019069128029514104,0.05814974009990692,-0.5825134515762329,2.9315177016542293e-05,-0.04620135575532913,-7.705320967943408e-07,-0.05508020520210266
0.1603156000001036,0.043837253004312515,0.15550462901592255,-1.0630536079406738,0.0001782892068149522,0.058151569217443466,-0.5825076103210449,3.3665724913589656e-05,-0.04619103670120239,-1.118404725275468e-05,-0.05507117509841919
0.18026730000019597,0.04387255012989044,0.15552639961242676,-1.0630509853363037,0.0001641655107960105,0.05814556032419205,-0.5824914574623108,2.730988126131706e-05,-0.04618571698665619,-1.6501217032782733e-05,-0.05506362393498421
0.20029479999993782,0.04385846480727196,0.1554984748363495,-1.0630624294281006,0.0001857783063314855,0.05816655233502388,-0.5824824571609497,2.877388942579273e-05,-0.04618507996201515,-4.9396930990042165e-06,-0.05507630482316017
0.22027179999986402,0.04385237768292427,0.15556396543979645,-1.06304132938385,0.0001830442633945495,0.058163899928331375,-0.5824766159057617,3.039618422917556e-05,-0.046194035559892654,-1.409796459483914e-05,-0.05507023632526398
0.24009159999968688,0.04384869337081909,0.15550363063812256,-1.0630478858947754,0.0001574983907630667,0.05817009136080742,-0.582492470741272,2.5243771233363077e-05,-0.046190619468688965,-2.2704360162606463e-05,-0.05507218837738037
0.26039680000030785,0.043866030871868134,0.15550798177719116,-1.0630238056182861,0.0001565535640111193,0.058156099170446396,-0.5824956893920898,4.416041701915674e-05,-0.04619494825601578,-3.189987182850018e-05,-0.05507461354136467
0.28007830000024114,0.04388955980539322,0.15549184381961823,-1.063056468963623,0.0001696654362604022,0.0581645704805851,-0.5825145244598389,3.481715975794941e-05,-0.04618099331855774,-2.0001134544145316e-05,-0.05507248267531395
0.30031789999975445,0.04382004216313362,0.15554901957511902,-1.0630502700805664,0.00016814946138765663,0.05814848467707634,-0.582514226436615,4.5680615585297346e-05,-0.04619249701499939,-2.641691025928594e-06,-0.05507544428110123
0.32033919999958016,0.04383659362792969,0.15551792085170746,-1.0630240440368652,0.00017066113650798798,0.05814669281244278,-0.582500696182251,3.691508754855022e-05,-0.04619048535823822,-9.585538691680995e-07,-0.05507095903158188
0.34005939999951806,0.043814849108457565,0.1554878056049347,-1.0630505084991455,0.00017991059576161206,0.05816192179918289,-0.582489550113678,1.7199217836605385e-05,-0.046192318201065063,-1.4495934010483325e-05,-0.05506540834903717
0.36046299999998155,0.043885793536901474,0.15550415217876434,-1.0630278587341309,0.00017118194955401123,0.05817217007279396,-0.5824856758117676,4.537140921456739e-05,-0.046187445521354675,1.788292820492643e-06,-0.055072568356990814
0.3800642999995034,0.0438150092959404,0.15549127757549286,-1.063023328781128,0.0001683015434537083,0.05814838781952858,-0.5824857354164124,4.439707481651567e-05,-0.04618719965219498,-1.695497485343367e-05,-0.055076826363801956
0.4002677999997104,0.04387800395488739,0.15548081696033478,-1.0630106925964355,0.00017374652088619769,0.058147259056568146,-0.5825060606002808,1.1766271200031042e-05,-0.04618677496910095,-9.088341357710306e-06,-0.055067889392375946
0.42028639999989537,0.043833471834659576,0.15551888942718506,-1.0630109310150146,0.00016615654749330133,0.05814877524971962,-0.582499623298645,4.6587643737439066e-05,-0.04619638994336128,-2.4875231247278862e-05,-0.055079735815525055
0.4402552999999898,0.04384271427989006,0.15548644959926605,-1.0629973411560059,0.00018688739510253072,0.05814993754029274,-0.5824741125106812,2.4228927941294387e-05,-0.04618850350379944,-1.2712503121292684e-05,-0.05507904663681984
0.4604624000003241,0.04385032132267952,0.1555139273405075,-1.0630016326904297,0.00019994757894892246,0.058168165385723114,-0.5824933052062988,3.509280213620514e-05,-0.046204887330532074,-2.9605921554320958e-06,-0.05507313832640648
0.4804438000001028,0.04382190853357315,0.15551534295082092,-1.0629785060882568,0.00019007771334145218,0.058153603225946426,-0.5824870467185974,3.787691821344197e-05,-0.046178415417671204,-2.337293335585855e-05,-0.05506902188062668
0.5004656999999497,0.04385625943541527,0.15548764169216156,-1.062999963760376,0.00018610042752698064,0.05814896523952484,-0.5825056433677673,3.851530345855281e-05,-0.04622314125299454,-7.599044693051837e-06,-0.055083587765693665
0.5204918999997972,0.043854717165231705,0.15550141036510468,-1.0629857778549194,0.0001915659522637725,0.05816291645169258,-0.5824850797653198,3.884698526235297e-05,-0.04619045928120613,-1.8916267435997725e-05,-0.05507971718907356
0.5403318999997282,0.04388181492686272,0.1555044949054718,-1.0629987716674805,0.00020493645570240915,0.058163225650787354,-0.5824939012527466,4.008562973467633e-05,-0.046214234083890915,-2.1884341549593955e-05,-0.055071476846933365
0.5600592000000688,0.043841652572155,0.15552212297916412,-1.0629875659942627,0.0001946321572177112,0.05817543342709541,-0.5824922323226929,2.2749838535673916e-05,-0.04618902876973152,-1.833627902669832e-05,-0.055079519748687744
0.5802657000003819,0.043841421604156494,0.15549176931381226,-1.0629868507385254,0.0001922018564073369,0.058166395872831345,-0.5824978351593018,1.7088257663999684e-05,-0.04617825150489807,-2.348836096643936e-05,-0.055083975195884705
0.600445299999592,0.043818555772304535,0.15547138452529907,-1.063002347946167,0.00020079786190763116,0.05817293003201485,-0.5824770331382751,2.3970071197254583e-05,-0.04618050158023834,-3.1848821890889667e-07,-0.05507281422615051
0.6203256999997393,0.043831873685121536,0.15552079677581787,-1.0629860162734985,0.00020014522306155413,0.05816017463803291,-0.5824888348579407,3.237062628613785e-05,-0.04620761796832085,-2.3462700482923537e-05,-0.05506933853030205
0.6402640999995128,0.04381779208779335,0.15551920235157013,-1.0629856586456299,0.00018936303968075663,0.05816488340497017,-0.5824664831161499,3.195894532836974e-05,-0.046193718910217285,-4.329448529460933e-06,-0.055068980902433395
0.6601934999998775,0.043875571340322495,0.15549631416797638,-1.0629730224609375,0.00018544743943493813,0.05815954878926277,-0.5824925899505615,2.5651883333921432e-05,-0.04620901495218277,1.75599348040123e-06,-0.05507109686732292
0.6801321000002645,0.04384759068489075,0.1555011123418808,-1.0629973411560059,0.00015927270578686148,0.05814627185463905,-0.5824906229972839,3.329272294649854e-05,-0.0461927130818367,-6.706596650474239e-06,-0.05508020520210266
0.700258699999722,0.04383178427815437,0.15552233159542084,-1.0630109310150146,0.00017135110101662576,0.05815241113305092,-0.5824792385101318,4.283671296434477e-05,-0.04617942124605179,-3.0442606657743454e-05,-0.055078789591789246
0.7202735999999277,0.04383345693349838,0.15548308193683624,-1.0630048513412476,0.00017110862245317549,0.05815789848566055,-0.5824942588806152,2.3447064450010657e-05,-0.046201352030038834,-2.668912202352658e-09,-0.0550980307161808
0.7403016999996908,0.043838560581207275,0.1555318683385849,-1.063007116317749,0.0001724214234855026,0.058170709758996964,-0.5824798941612244,2.4522756575606763e-05,-0.046205516904592514,-1.1652289686026052e-05,-0.055080596357584
0.7602324999998018,0.04386267438530922,0.1555345058441162,-1.0629932880401611,0.00017200280854012817,0.058155179023742676,-0.5824955105781555,2.5540488422848284e-05,-0.04621128365397453,-1.598052949702833e-05,-0.055074289441108704
0.7802196000002368,0.04382867366075516,0.15548546612262726,-1.0630054473876953,0.00018878246191889048,0.058151859790086746,-0.5824903249740601,3.98685660911724e-05,-0.04619631916284561,-2.1188769096625037e-05,-0.055079083889722824
0.8003171999998813,0.043816938996315,0.15549886226654053,-1.0630109310150146,0.00017075345385819674,0.058157920837402344,-0.5824994444847107,3.1074385333340615e-05,-0.04619321599602699,-2.1635714801959693e-05,-0.05508395656943321
0.8201821000002383,0.043890297412872314,0.15555115044116974,-1.0629991292953491,0.0001785720669431612,0.05814697965979576,-0.5825035572052002,2.4335571652045473e-05,-0.046197619289159775,-3.667541932372842e-07,-0.055093999952077866
0.8402195999997275,0.04388701170682907,0.15555791556835175,-1.0629892349243164,0.00017739323084242642,0.058161813765764236,-0.5825039148330688,3.913908585673198e-05,-0.04618886485695839,-9.799777217267547e-06,-0.055098678916692734
0.8602386000002298,0.043831296265125275,0.15548406541347504,-1.0629814863204956,0.0002134228270733729,0.05814878270030022,-0.5824770927429199,4.132464891881682e-05,-0.046193305402994156,-2.2990840079728514e-05,-0.05509382486343384
0.880144200000359,0.04385855048894882,0.15548524260520935,-1.0629713535308838,0.00018557757721282542,0.058150213211774826,-0.5824912786483765,2.773528831312433e-05,-0.046191778033971786,-1.1995698514510877e-05,-0.05507802218198776
0.90053590000025,0.04384293407201767,0.15551365911960602,-1.0629782676696777,0.00018130768148694187,0.05817605182528496,-0.5825029015541077,2.133748603228014e-05,-0.046202436089515686,-2.65000453509856e-05,-0.0550789013504982
0.9200607000002492,0.0438518151640892,0.15553772449493408,-1.0629920959472656,0.00017816160107031465,0.05816303566098213,-0.5824754238128662,3.552879934431985e-05,-0.046203576028347015,-2.154908361262642e-05,-0.055075354874134064
0.9402534999999261,0.043876297771930695,0.1555180698633194,-1.0629900693893433,0.0001945600233739242,0.05819110944867134,-0.5824750065803528,3.402274160180241e-05,-0.046190232038497925,-1.5197665561572649e-05,-0.05507342517375946
0.9602253000002747,0.04385087639093399,0.15548953413963318,-1.0629892349243164,0.0001925001124618575,0.058165740221738815,-0.5824854373931885,3.297295916127041e-05,-0.046210214495658875,-2.4707838747417554e-05,-0.055071018636226654
0.9802424999998038,0.043823085725307465,0.15550538897514343,-1.0629864931106567,0.00018462457228451967,0.05816863104701042,-0.5824889540672302,3.337617818033323e-05,-0.04619631916284561,-3.589117113733664e-06,-0.05507654324173927
1.000441299999693,0.043887414038181305,0.15548983216285706,-1.0629888772964478,0.00019153596076648682,0.05816112458705902,-0.5825054049491882,2.3939117454574443e-05,-0.04618167504668236,-1.707895989966346e-06,-0.05508282408118248
1.020269599999665,0.04385852813720703,0.1555156707763672,-1.0629658699035645,0.00018635440210346133,0.05818077176809311,-0.582502007484436,2.7257790861767717e-05,-0.04620815068483353,-2.854348349501379e-05,-0.05507706105709076
1.0404773999998724,0.04389788955450058,0.15548868477344513,-1.0629801750183105,0.00017550340271554887,0.05817294865846634,-0.5824967622756958,1.9203638657927513e-05,-0.04618913680315018,-9.878151104203425e-06,-0.055069588124752045
1.0605311999997866,0.04386729747056961,0.15548478066921234,-1.0629777908325195,0.00018054686370305717,0.058169491589069366,-0.5824837684631348,3.990696495748125e-05,-0.0461847148835659,-1.5558440281893127e-05,-0.055077698081731796
1.0801345999998375,0.04385191202163696,0.15551379323005676,-1.0629122257232666,0.00019278531544841826,0.05814438313245773,-0.5824575424194336,3.484718763502315e-05,-0.04618712514638901,-4.588342108036159e-06,-0.055082716047763824
1.1003539000003002,0.04381575435400009,0.1555320769548416,-1.0628474950790405,0.0001741059240885079,0.05814352259039879,-0.5824797749519348,3.1659896194469184e-05,-0.04618968814611435,-1.669985067564994e-05,-0.055081311613321304
1.1204814000002443,0.0438477098941803,0.15547409653663635,-1.0628514289855957,0.000203673291252926,0.058137815445661545,-0.5825002193450928,2.983377271448262e-05,-0.046197399497032166,-1.2179123586975038e-05,-0.055071841925382614
1.1403887999995277,0.043828003108501434,0.1555042862892151,-1.0628561973571777,0.00016817363211885095,0.05816028639674187,-0.5824834704399109,4.367539077065885e-05,-0.04620808735489845,-4.544263447314734e-06,-0.05507666990160942
1.1604556000002049,0.04384704306721687,0.1555488109588623,-1.0628340244293213,0.00017758368630893528,0.05816042050719261,-0.5824787616729736,8.353084012924228e-06,-0.046199820935726166,-1.0124682376044802e-05,-0.05507675185799599
1.1802289999995992,0.04387293756008148,0.1554805487394333,-1.062826156616211,0.00017518625827506185,0.05816884711384773,-0.582467794418335,4.1551968024577945e-05,-0.046197425574064255,-1.4124789231573232e-05,-0.05507165938615799
1.2002276000002894,0.04383588209748268,0.15550240874290466,-1.0628162622451782,0.0001790002133930102,0.058167386800050735,-0.5824830532073975,4.4937271013623103e-05,-0.046208709478378296,1.2829756997234654e-05,-0.055084604769945145
1.220350999999937,0.0438099279999733,0.155528262257576,-1.062830924987793,0.00018039629503618926,0.05816716328263283,-0.5824978351593018,2.7111815143143758e-05,-0.04622277989983559,-1.2468468412407674e-05,-0.055070456117391586
1.24027389999992,0.04384844750165939,0.15556055307388306,-1.0628349781036377,0.00019863597117364407,0.058166924864053726,-0.5824701189994812,1.7549929907545447e-05,-0.046193890273571014,-1.4880600247124676e-05,-0.0550803579390049
1.2603418999997302,0.04386744275689125,0.15555790066719055,-1.0628412961959839,0.00018830597400665283,0.05816575884819031,-0.5824775099754333,4.099774014321156e-05,-0.046200744807720184,-8.540849194105249e-06,-0.05506519600749016
1.2805345999995552,0.04382862150669098,0.1554986983537674,-1.0628318786621094,0.00017919512174557894,0.0581679604947567,-0.5824736952781677,3.860265496768989e-05,-0.04619733244180679,-2.0592789951479062e-05,-0.05506325140595436
1.3002352000003157,0.04382969066500664,0.15551912784576416,-1.0628376007080078,0.00016729719936847687,0.058162689208984375,-0.5824896097183228,2.6542142222751863e-05,-0.046211302280426025,-1.8331844330532476e-05,-0.05507282540202141
1.3202330000003712,0.043827176094055176,0.155519038438797,-1.0628366470336914,0.00018184134387411177,0.05817120522260666,-0.5824798345565796,4.428559259395115e-05,-0.04619038105010986,-1.9943554434576072e-05,-0.05506829544901848
1.3402317999998559,0.04389851540327072,0.15555231273174286,-1.0628714561462402,0.0001576626964379102,0.05818089097738266,-0.5824793577194214,4.552542668534443e-05,-0.046207524836063385,-9.627450708649121e-06,-0.05507398396730423
1.3602408999995532,0.043814774602651596,0.15548761188983917,-1.0629180669784546,0.00015813225763849914,0.05818387120962143,-0.5825044512748718,3.5750603274209425e-05,-0.046205054968595505,-9.823665095609613e-06,-0.0550769679248333
1.3800780000001396,0.043854184448719025,0.15549160540103912,-1.0629465579986572,0.0001482903608120978,0.05819004401564598,-0.5824893712997437,3.17836384056136e-05,-0.04619644954800606,-1.3349120308703277e-05,-0.05506731569766998
1.4005144000002474,0.043900784105062485,0.15550927817821503,-1.0629663467407227,0.000144904013723135,0.058167535811662674,-0.5825152397155762,3.169453702867031e-05,-0.04618314653635025,-1.8863080185838044e-05,-0.055079687386751175
1.4202589999995325,0.04388626292347908,0.1555127203464508,-1.0629961490631104,0.00010955575271509588,0.05817536264657974,-0.5825127959251404,2.3396734832203947e-05,-0.046192437410354614,-1.3580527593148872e-05,-0.055070824921131134
1.4404943999998068,0.043873801827430725,0.1555134803056717,-1.0630598068237305,9.327534644398838e-05,0.058187127113342285,-0.5825106501579285,9.168928045255598e-06,-0.04618392884731293,-2.2173637262312695e-05,-0.05508038029074669
1.4604503999998997,0.04386339709162712,0.155516117811203,-1.0630848407745361,7.706372707616538e-05,0.05821683257818222,-0.5824890732765198,3.590668347897008e-05,-0.04619481414556503,-2.2209329472389072e-05,-0.055076390504837036
1.4804463000000396,0.04386865720152855,0.15548962354660034,-1.0631369352340698,7.383326010312885e-05,0.05821174755692482,-0.5825151205062866,1.2188002074253745e-05,-0.04618654400110245,-9.099001545109786e-06,-0.055070661008358
1.500247899999522,0.043870121240615845,0.1555308997631073,-1.0631515979766846,7.613653724547476e-05,0.058204811066389084,-0.582600474357605,3.140552144031972e-05,-0.046202436089515686,-1.371793587168213e-06,-0.055074308067560196
1.5201404999997976,0.04385540261864662,0.15550097823143005,-1.0631763935089111,7.570303569082171e-05,0.05819503590464592,-0.5827538967132568,2.97552232950693e-05,-0.04620931297540665,-5.058085207565455e-06,-0.05506886914372444
1.5402493000001414,0.043862760066986084,0.15550681948661804,-1.0632288455963135,7.571892638225108e-05,0.05820696800947189,-0.5828319787979126,3.770433249883354e-05,-0.046204857528209686,-2.312486685696058e-05,-0.055076707154512405
1.5604529000002003,0.043898552656173706,0.1554839015007019,-1.0632328987121582,7.857185119064525e-05,0.05821385979652405,-0.5828313827514648,3.400617424631491e-05,-0.0461898110806942,-2.22459202632308e-05,-0.055078405886888504
1.5802584000002753,0.04386257380247116,0.15551842749118805,-1.0632481575012207,8.410627924604341e-05,0.05821080505847931,-0.5828558802604675,3.497685247566551e-05,-0.04619539529085159,-1.5240962056850549e-05,-0.05508263036608696
1.6002118999995218,0.043870750814676285,0.15552325546741486,-1.0632234811782837,9.398227120982483e-05,0.05821068212389946,-0.5832122564315796,3.07928494294174e-05,-0.04619752615690231,-1.6266396414721385e-05,-0.05507173389196396
1.6202904000001581,0.043850596994161606,0.15548327565193176,-1.0632610321044922,8.133116352837533e-05,0.05819433182477951,-0.5834648609161377,3.696624844451435e-05,-0.0462082177400589,-1.020579475152772e-05,-0.05508234724402428
1.6402336000001014,0.04388934746384621,0.15553723275661469,-1.063305377960205,0.00012347578012850136,0.05821586400270462,-0.5834840536117554,1.9492634237394668e-05,-0.046190045773983,-1.1526753951329738e-05,-0.05506998300552368
1.660070199999609,0.04385486990213394,0.15553024411201477,-1.0633766651153564,0.00016507753753103316,0.05820406600832939,-0.583465576171875,2.392125315964222e-05,-0.04619476944208145,-7.066179932735395e-06,-0.055075161159038544
1.6803200000003926,0.04381997138261795,0.15550781786441803,-1.0636053085327148,0.0001864853547886014,0.058217138051986694,-0.583480954170227,2.2275569790508598e-05,-0.04620254784822464,-1.5893567251623608e-05,-0.055069830268621445
1.7002332000001843,0.04384734481573105,0.15548080205917358,-1.0643680095672607,0.0001981833192985505,0.0582086406648159,-0.5834990739822388,4.847376840189099e-05,-0.04618978500366211,6.4954547269735485e-06,-0.055074237287044525
1.7203001999996559,0.043829645961523056,0.15550151467323303,-1.0661332607269287,0.00016877413145266473,0.05819034203886986,-0.5834735631942749,2.5536421162541956e-05,-0.046181485056877136,-2.617015161376912e-05,-0.055086925625801086
1.7400643000000855,0.043848924338817596,0.155506432056427,-1.069596529006958,0.0001752539537847042,0.05820978432893753,-0.5834646224975586,4.0813210944179446e-05,-0.04619999974966049,-1.1453856131993234e-05,-0.05507201328873634
1.7602681999997003,0.043872810900211334,0.15551450848579407,-1.0737076997756958,0.00019854521087836474,0.05820155888795853,-0.5834925174713135,2.3127702661440708e-05,-0.046204760670661926,-1.615141809452325e-05,-0.05507713556289673
1.7802404000003662,0.043822161853313446,0.15555094182491302,-1.0777909755706787,0.0001918751950142905,0.05820086970925331,-0.5834892988204956,2.0689330995082855e-05,-0.04619937390089035,-3.320104588055983e-05,-0.05507232993841171
1.8000763000000006,0.04383954033255577,0.15553034842014313,-1.0814733505249023,0.0001720497675705701,0.05817526578903198,-0.5834693908691406,4.17845840274822e-05,-0.0461825430393219,5.538421646633651e-06,-0.05506527051329613
1.8200784000000567,0.043819207698106766,0.15556208789348602,-1.0822722911834717,0.00016592782048974186,0.058192383497953415,-0.5834865570068359,2.930500340880826e-05,-0.04619444161653519,-1.8058246496366337e-05,-0.05507710203528404
1.840497399999549,0.04380767047405243,0.15552540123462677,-1.0823006629943848,0.0001582903350936249,0.058182623237371445,-0.5834712982177734,2.5549195925123058e-05,-0.046184051781892776,-2.4296155970660038e-05,-0.05507765710353851
1.860248899999533,0.043818674981594086,0.15551795065402985,-1.082526683807373,0.0001330461964244023,0.05819234997034073,-0.5834596157073975,3.752442353288643e-05,-0.04620901867747307,-2.649062662385404e-05,-0.055071089416742325
1.880238400000053,0.04391069710254669,0.15548184514045715,-1.0828195810317993,0.0001271842047572136,0.058184195309877396,-0.5834784507751465,2.3017935745883733e-05,-0.04619969427585602,-2.431497887300793e-05,-0.05508100613951683
1.9002262000003611,0.04384660720825195,0.15552741289138794,-1.0828557014465332,0.00013579093501903117,0.05818198621273041,-0.5834839344024658,2.7027308533433825e-05,-0.046198323369026184,-1.9875662474078126e-05,-0.05508304014801979
1.9205150999996476,0.04384160786867142,0.15550416707992554,-1.0828630924224854,6.762794509995729e-05,0.058176636695861816,-0.5835002660751343,3.601229400373995e-05,-0.04619361460208893,-2.1301060769474134e-05,-0.05507362633943558
1.94010789999993,0.043822210282087326,0.15548351407051086,-1.0828795433044434,1.851614797487855e-05,0.058166734874248505,-0.5834954977035522,3.925618148059584e-05,-0.046212442219257355,-1.1637669558695052e-05,-0.055078618228435516
1.9603115999998408,0.04388456419110298,0.1554945856332779,-1.0828793048858643,2.284694346599281e-05,0.05815611034631729,-0.5834569931030273,3.9628270315006375e-05,-0.046203985810279846,-1.463618355046492e-05,-0.05508474260568619
1.9802843999996185,0.04386501386761665,0.15549054741859436,-1.0828678607940674,2.363118255743757e-05,0.058164872229099274,-0.5834976434707642,1.8350399841438048e-05,-0.046200402081012726,-1.0848034435184672e-05,-0.05507275089621544
2.000128599999698,0.04382777214050293,0.15548095107078552,-1.0828800201416016,1.6076071915449575e-05,0.05817302688956261,-0.5834634304046631,3.923969779862091e-05,-0.04619186371564865,-2.548821794334799e-05,-0.0550815723836422
2.020396300000357,0.043832190334796906,0.15550129115581512,-1.0828765630722046,2.037446574831847e-05,0.05818502977490425,-0.583483099937439,3.43587962561287e-05,-0.04621032625436783,-6.116193617344834e-06,-0.05506660416722298
2.040216600000349,0.043864160776138306,0.15551599860191345,-1.0828638076782227,2.569193566159811e-05,0.05819014832377434,-0.5834916234016418,2.073055657092482e-05,-0.0461987629532814,-1.8051272490993142e-05,-0.05508219823241234
2.060449499999777,0.04385455697774887,0.15548016130924225,-1.0828208923339844,6.822233262937516e-05,0.05818422883749008,-0.5836650133132935,2.6109821192221716e-05,-0.04618597775697708,-1.8780818209052086e-05,-0.05507301166653633
2.080267299999832,0.043842583894729614,0.1555064171552658,-1.0828266143798828,9.989846148528159e-05,0.058166347444057465,-0.5836871862411499,3.430480865063146e-05,-0.046186674386262894,-2.1217778339632787e-05,-0.055072762072086334
2.1005083999998533,0.04383768513798714,0.15552864968776703,-1.0828064680099487,0.00012334954226389527,0.058172352612018585,-0.5836799144744873,2.9946402719360776e-05,-0.046192411333322525,-4.202242962492164e-06,-0.05509019270539284
2.120540699999765,0.04382438585162163,0.15552137792110443,-1.0827877521514893,0.00016116716142278165,0.05813979730010033,-0.5836751461029053,1.9715993403224275e-05,-0.046208225190639496,-1.9373419490875676e-05,-0.055077701807022095
2.1402391999999963,0.04381551593542099,0.15548571944236755,-1.0827858448028564,0.00015721969248261303,0.05807814002037048,-0.5836813449859619,2.639778540469706e-05,-0.04617737978696823,-5.305522336129798e-06,-0.05507022514939308
2.160424800000328,0.04384840652346611,0.15555506944656372,-1.0827784538269043,0.00015814378275536,0.05808575823903084,-0.5836755633354187,2.444409801682923e-05,-0.04619000852108002,-2.984372031278326e-06,-0.055072393268346786
2.1804407999998148,0.043806008994579315,0.1555158942937851,-1.0827815532684326,0.0001656392269069329,0.05809750780463219,-0.5836800932884216,4.850764526054263e-05,-0.04618944227695465,-1.2676819096668623e-05,-0.05507926642894745
2.200494499999877,0.043842680752277374,0.1555221974849701,-1.0827810764312744,0.00016993534518405795,0.05814581364393234,-0.5835952162742615,3.5250817745691165e-05,-0.04619663208723068,-6.406667580449721e-06,-0.05507633462548256
2.220450900000287,0.04386153817176819,0.1555505096912384,-1.082762598991394,0.00018181726045440882,0.058152422308921814,-0.5835157036781311,1.623655407456681e-05,-0.0461900532245636,-7.978671419550665e-06,-0.055067114531993866
2.2402357999999367,0.043864309787750244,0.15550841391086578,-1.0825765132904053,0.0002156930713681504,0.05814191326498985,-0.5834509134292603,2.904606117226649e-05,-0.046191394329071045,-1.8426317183184437e-06,-0.05508113652467728
2.2604983999999604,0.04389510303735733,0.15553511679172516,-1.0826019048690796,0.00024347849830519408,0.0581648088991642,-0.5833550691604614,2.260593646497e-05,-0.04620504379272461,-1.5912268281681463e-05,-0.05508216843008995
2.2804717999997592,0.04385824128985405,0.1555110365152359,-1.0825676918029785,0.0003300033276900649,0.058159034699201584,-0.5826787948608398,2.517419670766685e-05,-0.0461837500333786,-1.2716813216684386e-05,-0.05507751926779747
2.300141800000347,0.04382981359958649,0.15550363063812256,-1.082566499710083,0.0006260838708840311,0.058262910693883896,-0.5793079137802124,3.700186061905697e-05,-0.04618861526250839,-2.5438912416575477e-05,-0.05507288873195648
2.3202861999998277,0.04383839666843414,0.15554389357566833,-1.0825780630111694,0.0006132881389930844,0.05823260918259621,-0.5706376433372498,3.407290205359459e-05,-0.04620427265763283,-1.7956448573386297e-05,-0.05507110059261322
2.340233199999602,0.04383958876132965,0.15550698339939117,-1.0824549198150635,0.0004386805812828243,0.0581936314702034,-0.5576909184455872,2.874889651138801e-05,-0.04620406776666641,-7.080640443746233e-06,-0.055080346763134
2.360228499999721,0.04384011775255203,0.15551108121871948,-1.0824041366577148,0.00043259316589683294,0.05822054296731949,-0.5437734127044678,2.8914917493239045e-05,-0.04619322717189789,-2.035895158769563e-05,-0.05508480593562126
2.3801493000000846,0.0438944548368454,0.1555163562297821,-1.08213472366333,0.0003560060868039727,0.05827658995985985,-0.5276927351951599,3.970475518144667e-05,-0.046195678412914276,-3.431812365306541e-05,-0.05506841465830803
2.4000647000002573,0.043837398290634155,0.15554310381412506,-1.0803601741790771,0.0003842051373794675,0.05827055871486664,-0.5065715312957764,3.672003367682919e-05,-0.0462128147482872,-2.559311360528227e-05,-0.055082641541957855
2.420145899999625,0.04384688287973404,0.15547756850719452,-1.0734195709228516,0.00028794154059141874,0.05826302245259285,-0.4785862863063812,3.274350456194952e-05,-0.04619624465703964,-2.0330688130343333e-05,-0.05507303401827812
2.4404026000001977,0.043832115828990936,0.15550902485847473,-1.0600857734680176,0.0003040985611733049,0.05825823172926903,-0.44258567690849304,3.329359969939105e-05,-0.04619093984365463,1.1910203738807468e-06,-0.05507159233093262
2.4602365000000646,0.0438556969165802,0.15555410087108612,-1.04124116897583,0.0003161542699672282,0.05824613943696022,-0.4024214744567871,3.947604272980243e-05,-0.04619980603456497,-2.697610943869222e-05,-0.05506904050707817
2.480097499999829,0.043852753937244415,0.15551549196243286,-1.0183887481689453,0.00032300344901159406,0.058235183358192444,-0.36277005076408386,1.9523988157743588e-05,-0.04620467871427536,-2.447249789838679e-05,-0.055078305304050446
2.500248399999691,0.04383888095617294,0.15552090108394623,-0.9945933222770691,0.00031566497636958957,0.05824065953493118,-0.3245253562927246,3.153056604787707e-05,-0.046183161437511444,-5.253640438240836e-07,-0.05508042871952057
2.5202166999997644,0.04383530467748642,0.15549685060977936,-0.9731205701828003,0.00032429961720481515,0.05822299048304558,-0.28933751583099365,3.837856274913065e-05,-0.046176809817552567,-1.2813479770557024e-05,-0.055072128772735596
2.5402181999997993,0.043863095343112946,0.15553507208824158,-0.9525967240333557,0.00034449290251359344,0.05822133645415306,-0.25448012351989746,2.6749668904813007e-05,-0.04617904871702194,-2.857552135537844e-05,-0.05507246404886246
2.5604284000000916,0.04385346919298172,0.1554870754480362,-0.932348370552063,0.0003353484789840877,0.05816841125488281,-0.21980790793895721,1.833459646150004e-05,-0.046201467514038086,-1.9620048988144845e-05,-0.05508416146039963
2.5802174000000377,0.043850257992744446,0.1555304080247879,-0.9136035442352295,0.00034450675593689084,0.058176152408123016,-0.18614019453525543,4.464431549422443e-05,-0.04620008170604706,-1.402831003360916e-06,-0.0550798662006855
2.6002636000002894,0.043839484453201294,0.1554960459470749,-0.8946006298065186,0.0003318942035548389,0.05814654380083084,-0.15591172873973846,2.7600446628639475e-05,-0.04621833935379982,-1.8747356079984456e-05,-0.055077701807022095
2.6202219999995577,0.043840453028678894,0.15555793046951294,-0.8737140893936157,0.0003384880255907774,0.058138299733400345,-0.12888938188552856,3.240282239858061e-05,-0.04619888961315155,-1.4674875274067745e-05,-0.05509115755558014
2.640266700000211,0.043852850794792175,0.15550610423088074,-0.8511316180229187,0.0003214195021428168,0.0581451915204525,-0.10465582460165024,2.360205508011859e-05,-0.04620373621582985,-8.34517959447112e-06,-0.055087361484766006
2.660294399999657,0.04384889453649521,0.15549522638320923,-0.8260027170181274,0.0003573467256501317,0.05814468488097191,-0.08439323306083679,3.09586976072751e-05,-0.046195417642593384,-1.4681783795822412e-05,-0.055080316960811615
2.6800870999995823,0.04382999241352081,0.1554735004901886,-0.7958534359931946,0.00040273930062539876,0.058184415102005005,-0.06813836097717285,2.9365339287323877e-05,-0.04618476703763008,-3.53818541043438e-05,-0.055073920637369156
2.70010960000036,0.0438653789460659,0.15550409257411957,-0.7597389817237854,0.00040223903488367796,0.05817686393857002,-0.055193446576595306,1.2985306966584176e-05,-0.04619412124156952,1.794226136553334e-07,-0.05506676062941551
2.7202025999995385,0.043841779232025146,0.15552331507205963,-0.7213414907455444,0.00036657883902080357,0.05818697437644005,-0.04675090312957764,3.3703017834341154e-05,-0.046208664774894714,2.5294607439718675e-06,-0.05507634952664375
2.7401669000000766,0.043838031589984894,0.15554627776145935,-0.6811308264732361,0.00036597196594811976,0.05820604786276817,-0.0431828498840332,2.3505730496253818e-05,-0.046189747750759125,-3.375470623723231e-05,-0.05507354438304901
2.76047219999964,0.04387306421995163,0.1555374711751938,-0.6408429145812988,0.0003739012754522264,0.05819174274802208,-0.0427892692387104,2.8261956686037593e-05,-0.04620278626680374,-2.5931134587153792e-05,-0.05508334934711456
2.7802159000002575,0.04387875646352768,0.1555267572402954,-0.6023340225219727,0.00039431953337043524,0.05815931037068367,-0.042793646454811096,2.7141104510519654e-05,-0.04618563503026962,-3.650137659860775e-05,-0.055082861334085464
2.8001326000003246,0.04384661465883255,0.15552808344364166,-0.5667251944541931,0.0003759545797947794,0.058164626359939575,-0.042808957397937775,4.0565559174865484e-05,-0.04618028551340103,-2.2040225303499028e-05,-0.05507023632526398
2.820059499999843,0.043852075934410095,0.15551777184009552,-0.5335831642150879,0.00038895237958058715,0.05817654728889465,-0.0428193174302578,3.9011712942738086e-05,-0.046196162700653076,1.3063705637250678e-06,-0.055074866861104965
2.840205999999853,0.043848298490047455,0.15549665689468384,-0.5060677528381348,0.0004027562972623855,0.05820160731673241,-0.042847681790590286,3.385922536836006e-05,-0.04619970917701721,-2.488914833520539e-05,-0.05507739633321762
2.86020869999993,0.04383718967437744,0.15551699697971344,-0.48291000723838806,0.0003635329776443541,0.058188296854496,-0.042923543602228165,1.636252818570938e-05,-0.046211667358875275,-2.4918494091252796e-05,-0.055071327835321426
2.880065299999842,0.043837811797857285,0.15553371608257294,-0.46183061599731445,0.0003512288094498217,0.05817016214132309,-0.04292968660593033,2.4627863240311854e-05,-0.046206213533878326,-1.7504831703263335e-05,-0.05507436767220497
2.9002047000003586,0.04386033117771149,0.1555238962173462,-0.44109511375427246,0.00038817175664007664,0.05821538344025612,-0.04295571148395538,2.8887512598885223e-05,-0.04620591178536415,-1.4322629795060493e-05,-0.055077727884054184
2.9200478000002477,0.043846942484378815,0.15552645921707153,-0.41967710852622986,0.00039057264802977443,0.058150798082351685,-0.043118782341480255,2.173711618524976e-05,-0.046192847192287445,-2.7830378712678794e-07,-0.055076923221349716
2.940111799999613,0.0438462495803833,0.15551121532917023,-0.3950392007827759,0.0003920067101716995,0.05824919417500496,-0.04333261400461197,3.20002727676183e-05,-0.046179719269275665,-4.45538080384722e-06,-0.05507979914546013
2.9604870000002848,0.04383300244808197,0.15553025901317596,-0.3679906129837036,0.00046483008190989494,0.05824217572808266,-0.04379411041736603,2.2613996407017112e-05,-0.04619809612631798,-3.5988625313621014e-05,-0.055067550390958786
2.980272099999638,0.043833423405885696,0.15550824999809265,-0.3423529863357544,0.0004644524015020579,0.0582292340695858,-0.04834125190973282,4.950306174578145e-05,-0.046205826103687286,-4.63612286694115e-06,-0.055078890174627304
3.0002722999997786,0.043849773705005646,0.15553691983222961,-0.3183583915233612,0.00039193450356833637,0.05827443674206734,-0.061368294060230255,3.313380875624716e-05,-0.0462079718708992,-2.446045800752472e-05,-0.055074241012334824
3.0203159000002415,0.043805595487356186,0.1555488258600235,-0.29687219858169556,0.0003198885824531317,0.05826465040445328,-0.08234244585037231,4.209498001728207e-05,-0.04619980603456497,-3.800661215791479e-05,-0.05508722364902496
3.040328699999918,0.04382006824016571,0.15550290048122406,-0.27954989671707153,0.00029858306515961885,0.058266811072826385,-0.11150896549224854,4.981659003533423e-05,-0.04618208110332489,-8.145122592395637e-06,-0.05509175360202789
3.060480899999675,0.04388989508152008,0.1554887294769287,-0.26591458916664124,0.00029180641286075115,0.05825238674879074,-0.14963723719120026,3.8779347960371524e-05,-0.04618360102176666,-6.727535492245806e-06,-0.05506359785795212
3.0802993999996033,0.043887294828891754,0.15557435154914856,-0.2540363669395447,0.0002960970450658351,0.0583239421248436,-0.19087666273117065,3.071005630772561e-05,-0.04619992896914482,-1.3505909009836614e-05,-0.05507141724228859
3.1001931999999215,0.043828085064888,0.15549349784851074,-0.24212972819805145,0.0002704428043216467,0.05835351347923279,-0.23722922801971436,3.064831253141165e-05,-0.046199969947338104,-1.8435674064676277e-05,-0.05508154258131981
3.120219899999938,0.04387877136468887,0.15549173951148987,-0.2319258600473404,0.0002482380368746817,0.058384984731674194,-0.2902773916721344,3.128835669485852e-05,-0.04619878530502319,-1.8434791854815558e-05,-0.0550784096121788
3.1401763000003484,0.04386474937200546,0.15556031465530396,-0.22492365539073944,0.00025573483435437083,0.05839918181300163,-0.3451331555843353,4.36605405411683e-05,-0.046220261603593826,-9.924720870913006e-06,-0.05507713556289673
3.160407000000305,0.04386432468891144,0.15549960732460022,-0.2202470600605011,0.00024428049800917506,0.058436863124370575,-0.4021451771259308,2.6129800971830264e-05,-0.04619329422712326,-9.353900168207474e-06,-0.055066775530576706
3.1801927999995314,0.04385647922754288,0.15548282861709595,-0.21807844936847687,-9.380624396726489e-05,0.05844566226005554,-0.4574649930000305,3.5708399082068354e-05,-0.046178966760635376,-1.5802643247297965e-05,-0.05507827550172806
3.2003623999999036,0.04384535551071167,0.155504047870636,-0.21783728897571564,-0.00042620798922143877,0.05845176801085472,-0.512966513633728,2.5900864784489386e-05,-0.04617893695831299,-2.2098793124314398e-05,-0.05508873239159584
3.22028870000031,0.04387370124459267,0.1555154025554657,-0.2178398072719574,-0.0005329846171662211,0.05851716920733452,-0.5670026540756226,3.6046454624738544e-05,-0.04619770497083664,-6.5484732658660505e-06,-0.05507394298911095
3.2402161999998498,0.04384575039148331,0.15551529824733734,-0.21792355179786682,-0.0006711168680340052,0.05860700458288193,-0.6215310096740723,2.7022038921131752e-05,-0.04620550945401192,-2.720414340728894e-05,-0.05508381500840187
3.2602795000002516,0.043835192918777466,0.15552619099617004,-0.21800661087036133,-0.0006780187250114977,0.05869348719716072,-0.6758935451507568,4.128214277443476e-05,-0.04620523750782013,-1.710473770799581e-05,-0.05507850646972656
3.2802175999995598,0.043821997940540314,0.15551432967185974,-0.2182190865278244,-0.0006912703393027186,0.058718644082546234,-0.7289481163024902,3.551960253389552e-05,-0.046200308948755264,4.282733698346419e-06,-0.055080533027648926
3.300421500000084,0.043842777609825134,0.15555669367313385,-0.21877619624137878,-0.001074817730113864,0.05872008576989174,-0.7829515337944031,2.9763121347059496e-05,-0.04617999494075775,-2.913870230258908e-05,-0.055080633610486984
3.320275000000038,0.0438317209482193,0.15549054741859436,-0.22227337956428528,-0.0024637742899358273,0.05875040218234062,-0.8347124457359314,1.725476613501087e-05,-0.04618624597787857,-1.585763311595656e-05,-0.05508564040064812
3.340289499999926,0.043873339891433716,0.1555691510438919,-0.23107627034187317,-0.011266326531767845,0.05877048149704933,-0.8865938782691956,9.499433872406371e-06,-0.04619690403342247,-4.821509264729684e-06,-0.055069632828235626
3.3603423000004113,0.04383879154920578,0.15550930798053741,-0.24545592069625854,-0.025203565135598183,0.05875402316451073,-0.9394940137863159,3.4333195799263194e-05,-0.04618005454540253,-1.509366302343551e-05,-0.055080071091651917
3.38021099999969,0.04383225739002228,0.15552127361297607,-0.26320821046829224,-0.03735700249671936,0.058704037219285965,-0.9907324910163879,2.950760790554341e-05,-0.046203263103961945,-7.0209844125201926e-06,-0.055084891617298126
3.4003568999996787,0.04384714365005493,0.15551471710205078,-0.2830156683921814,-0.04535796493291855,0.0586785264313221,-1.0423640012741089,2.828280412359163e-05,-0.04619886726140976,-1.83255979209207e-05,-0.055072419345378876
3.420401100000163,0.0438537560403347,0.15549828112125397,-0.3050622344017029,-0.04886097088456154,0.05866628512740135,-1.0944271087646484,3.405909956200048e-05,-0.04618901014328003,-7.793896656949073e-06,-0.05506427213549614
3.440432000000328,0.04383953660726547,0.1555183380842209,-0.32957881689071655,-0.04896267130970955,0.05865425989031792,-1.1443073749542236,2.306626265635714e-05,-0.046179547905921936,-1.6897580280783586e-05,-0.05507522448897362
3.4604099999996834,0.043862901628017426,0.15549275279045105,-0.3543098568916321,-0.04903288185596466,0.05865968018770218,-1.1912916898727417,4.069517308380455e-05,-0.04617959260940552,-1.9522432921803556e-05,-0.055078137665987015
3.4800481000002037,0.04383978247642517,0.15551938116550446,-0.38007399439811707,-0.049309272319078445,0.058645810931921005,-1.2355167865753174,3.355137596372515e-05,-0.04617984592914581,-1.7042704712366685e-05,-0.055072132498025894
3.50018799999998,0.043827127665281296,0.1554863005876541,-0.40858015418052673,-0.052530352026224136,0.05863611027598381,-1.2761754989624023,3.8873738958500326e-05,-0.04617903381586075,-2.1293735699146055e-05,-0.0550687201321125
3.520203500000207,0.043849676847457886,0.1555282026529312,-0.43794625997543335,-0.06531098484992981,0.05852141231298447,-1.3126988410949707,3.470967203611508e-05,-0.04620775952935219,-1.8176673620473593e-05,-0.05508413910865784
3.540202600000157,0.043833132833242416,0.15545602142810822,-0.46786701679229736,-0.076020747423172,0.05846233293414116,-1.341988205909729,2.1607740563922562e-05,-0.04623282700777054,-7.2586885835335124e-06,-0.05507301911711693
3.5602062999996633,0.043893009424209595,0.1555134654045105,-0.4975149631500244,-0.08248640596866608,0.05844441428780556,-1.3661417961120605,2.3302036424865946e-05,-0.04622180387377739,-9.701620001578704e-06,-0.055069904774427414
3.5804559999996854,0.043830469250679016,0.15552550554275513,-0.5254004001617432,-0.08345848321914673,0.05845929682254791,-1.3886818885803223,3.77843898604624e-05,-0.04617631435394287,-2.5733090296853334e-05,-0.05509249493479729
3.6004479000002902,0.04388716071844101,0.15555058419704437,-0.553287148475647,-0.08359810709953308,0.058436695486307144,-1.4066293239593506,3.9190192183014005e-05,-0.0461767315864563,-1.2080911801604088e-05,-0.055081676691770554
3.6203864999997677,0.043857086449861526,0.1555088311433792,-0.5802258253097534,-0.08351203799247742,0.05837559700012207,-1.4180554151535034,3.943141928175464e-05,-0.046184517443180084,-1.3823758990838542e-06,-0.055078186094760895
3.6403027999995174,0.04382406920194626,0.15551158785820007,-0.6077111959457397,-0.08348250389099121,0.05834796652197838,-1.4241764545440674,2.578000203357078e-05,-0.046207308769226074,-2.3343007342191413e-05,-0.05507068708539009
3.660325400000147,0.04385237395763397,0.15552610158920288,-0.6374820470809937,-0.08352554589509964,0.058290306478738785,-1.4234280586242676,3.943772389902733e-05,-0.046236712485551834,-1.0555547305557411e-05,-0.055083680897951126
3.680401200000233,0.043801404535770416,0.15545934438705444,-0.6685540676116943,-0.08352243900299072,0.05822928994894028,-1.4219424724578857,3.227654087822884e-05,-0.04622945934534073,-1.148600858869031e-05,-0.0550757497549057
3.7004300999997213,0.04384586960077286,0.155500590801239,-0.7012696266174316,-0.08350184559822083,0.058185331523418427,-1.4218904972076416,2.4568773369537666e-05,-0.046227164566516876,-7.122328497644048e-06,-0.0550704225897789
3.7201796999997896,0.04386649280786514,0.15553249418735504,-0.7353874444961548,-0.08344829082489014,0.058107517659664154,-1.4218419790267944,3.538519376888871e-05,-0.04619128257036209,-1.014947883959394e-05,-0.05506182834506035
3.7403089999997974,0.04389352723956108,0.1555333435535431,-0.767989993095398,-0.0834597647190094,0.058076392859220505,-1.4214649200439453,2.508863872208167e-05,-0.046187080442905426,-9.550510185363237e-06,-0.055079299956560135
3.7605439999997543,0.04382719844579697,0.15552103519439697,-0.7986343502998352,-0.08346129953861237,0.05804455280303955,-1.419500470161438,2.397540993115399e-05,-0.04617641866207123,-1.0652669516275637e-05,-0.05507110059261322
3.7801251000000775,0.04389108717441559,0.15551862120628357,-0.8242233395576477,-0.0834532380104065,0.05800262838602066,-1.4094960689544678,1.3227630915935151e-05,-0.046173833310604095,-1.5421916032209992e-05,-0.055073078721761703
3.80042130000038,0.04385281354188919,0.15550965070724487,-0.8481226563453674,-0.08347617089748383,0.057920362800359726,-1.3906173706054688,2.907760972448159e-05,-0.04619235172867775,3.1886229407973588e-06,-0.055062517523765564
3.8201734000003853,0.04387062042951584,0.15552133321762085,-0.871158242225647,-0.0834784209728241,0.05776241421699524,-1.3687852621078491,4.4666485337074846e-05,-0.046217236667871475,-2.533902988943737e-05,-0.055081892758607864
3.840513099999953,0.0438285730779171,0.1555020809173584,-0.8963854312896729,-0.08344760537147522,0.05721614137291908,-1.3459358215332031,3.169317642459646e-05,-0.04622642323374748,-3.741282625924214e-06,-0.055077604949474335
3.8601723000001584,0.04386512190103531,0.15554587543010712,-0.9221119284629822,-0.08344918489456177,0.055857833474874496,-1.3224455118179321,2.0245055566192605e-05,-0.04619372636079788,-3.359639958944172e-05,-0.05508249253034592
3.880381699999816,0.0438678003847599,0.15550145506858826,-0.9500468373298645,-0.08343269675970078,0.05445002764463425,-1.2917771339416504,3.0393117413041182e-05,-0.046184949576854706,-1.489891110395547e-05,-0.05506880208849907
3.9005223000003753,0.04386742785573006,0.15551121532917023,-0.9758899211883545,-0.08342601358890533,0.0545225515961647,-1.254650592803955,4.068546695634723e-05,-0.046183668076992035,-2.34205126616871e-05,-0.0550805889070034
3.9201194999996005,0.043847329914569855,0.15549308061599731,-0.9978218078613281,-0.08340025693178177,0.054506100714206696,-1.2124109268188477,1.9620711100287735e-05,-0.046179741621017456,-2.420080272713676e-05,-0.055072762072086334
3.9402695999997377,0.0438757985830307,0.15549705922603607,-1.0184727907180786,-0.08344428986310959,0.05451921746134758,-1.1675670146942139,2.5420988094992936e-05,-0.046186674386262894,-1.4281161384133156e-05,-0.05508202314376831
3.960300599999755,0.043867528438568115,0.1555028110742569,-1.0363216400146484,-0.08344388008117676,0.054530348628759384,-1.1214523315429688,3.594748704927042e-05,-0.046217236667871475,-4.7697512854938395e-06,-0.055073052644729614
3.9801645999996254,0.043852388858795166,0.1554698944091797,-1.052175760269165,-0.08343835175037384,0.05453009530901909,-1.0748533010482788,3.633477172115818e-05,-0.04621221125125885,-2.0664831481553847e-06,-0.05508122220635414
4.000470199999654,0.04385160654783249,0.15553882718086243,-1.0655492544174194,-0.08343569934368134,0.05453804135322571,-1.0214717388153076,1.7390993889421225e-05,-0.04620566964149475,-1.3731548278883565e-05,-0.05508122220635414
4.020158499999525,0.04385847970843315,0.15549947321414948,-1.0752372741699219,-0.08341187238693237,0.054539915174245834,-0.9646969437599182,1.37490587803768e-05,-0.04618619754910469,-8.114075171761215e-06,-0.05506962165236473
4.040350799999942,0.04389018192887306,0.15550246834754944,-1.0818591117858887,-0.08343252539634705,0.05452332645654678,-0.9033271670341492,2.8555936296470463e-05,-0.04618292301893234,-1.8697955965762958e-05,-0.0550755076110363
4.06029529999978,0.04382358491420746,0.15550491213798523,-1.08457350730896,-0.08341823518276215,0.05453600361943245,-0.8425246477127075,2.3031177988741547e-05,-0.046185754239559174,-1.8613336578710005e-05,-0.055077336728572845
4.080175600000075,0.043839532881975174,0.1555076390504837,-1.0856640338897705,-0.08343668282032013,0.05455399304628372,-0.7822108864784241,2.258566382806748e-05,-0.04618160426616669,-2.4557557480875403e-05,-0.05507192015647888
4.100413600000138,0.04384928196668625,0.15548650920391083,-1.0883084535598755,-0.08344027400016785,0.05458684638142586,-0.7217653393745422,3.428030322538689e-05,-0.04619579017162323,-9.387954378325958e-06,-0.05508473515510559
4.12006829999973,0.04385394603013992,0.15553399920463562,-1.0942665338516235,-0.08344995975494385,0.05461461842060089,-0.6655867099761963,4.0695653297007084e-05,-0.0462181493639946,-2.750151907093823e-05,-0.05509476363658905
4.14014859999952,0.043814517557621,0.15550926327705383,-1.1025493144989014,-0.08344557881355286,0.054607026278972626,-0.6089707612991333,8.043241905397736e-06,-0.04622691497206688,-1.6344129107892513e-05,-0.055066704750061035
4.160402399999839,0.04384935647249222,0.15550658106803894,-1.1088600158691406,-0.0834553986787796,0.05462000146508217,-0.5512663125991821,2.028679045906756e-05,-0.046207260340452194,-1.9553672245820053e-05,-0.055083103477954865
4.180125099999714,0.043858639895915985,0.15550203621387482,-1.1098538637161255,-0.08343974500894547,0.054614145308732986,-0.4940447211265564,3.5414122976362705e-05,-0.04618954658508301,-1.761872772476636e-05,-0.05507653206586838
4.200206200000139,0.043816834688186646,0.1555158942937851,-1.1098583936691284,-0.0834454894065857,0.05462460592389107,-0.43666666746139526,3.314694913569838e-05,-0.046189986169338226,-5.279452579998178e-06,-0.05508236959576607
4.220490900000186,0.043840691447257996,0.1555127650499344,-1.1098616123199463,-0.08343600481748581,0.054626546800136566,-0.38083121180534363,1.6685704395058565e-05,-0.04618511348962784,-2.5394239855813794e-05,-0.05509098246693611
4.240177300000141,0.04385204613208771,0.15551112592220306,-1.109790325164795,-0.08343076705932617,0.054633889347314835,-0.32780277729034424,4.300211003283039e-05,-0.04620001092553139,-1.2904386494483333e-05,-0.05507567152380943
4.260178700000324,0.04383712261915207,0.15548387169837952,-1.109454870223999,-0.08344371616840363,0.054639849811792374,-0.2758321464061737,3.977766027674079e-05,-0.0461837574839592,-2.6794821678777225e-05,-0.055070992559194565
4.280163200000061,0.043798379600048065,0.1555078625679016,-1.109114170074463,-0.0834345817565918,0.0546836331486702,-0.22597883641719818,2.8016611395287327e-05,-0.04619093984365463,-6.565614512510365e-06,-0.05507306754589081
4.300180100000034,0.04384296387434006,0.15548312664031982,-1.108677864074707,-0.08345034718513489,0.05471038073301315,-0.17793980240821838,4.058287959196605e-05,-0.04621291160583496,-2.210590901086107e-05,-0.055079005658626556
4.320285699999658,0.04381953924894333,0.15552452206611633,-1.1054258346557617,-0.08339664340019226,0.05478004366159439,-0.13321518898010254,4.276043182471767e-05,-0.04619167745113373,3.0261367101047654e-07,-0.05508195236325264
4.340159299999868,0.04386644810438156,0.1554981917142868,-1.0950888395309448,-0.08341795206069946,0.054766345769166946,-0.08982303738594055,1.6391131794080138e-05,-0.04619117081165314,-2.576689985289704e-05,-0.05506939813494682
4.360176700000011,0.043832458555698395,0.15549391508102417,-1.0745965242385864,-0.08337569236755371,0.054762087762355804,-0.04636403173208237,2.5319441192550585e-05,-0.046188633888959885,-1.2103024346288294e-05,-0.055075448006391525
4.38019660000009,0.04388357698917389,0.15550154447555542,-1.0447747707366943,-0.08336839079856873,0.05478405952453613,-0.001459837076254189,3.644450043793768e-05,-0.046196214854717255,-3.46483534485742e-06,-0.0550723522901535
4.400529900000038,0.04387868195772171,0.15547315776348114,-1.0039658546447754,-0.08338074386119843,0.05480163171887398,0.04381784051656723,2.8305028536124155e-05,-0.046209804713726044,-1.7146119716926478e-05,-0.055076926946640015
4.42026689999966,0.04382641613483429,0.15550152957439423,-0.9607599377632141,-0.0833657905459404,0.05495380237698555,0.0835629552602768,3.546446896507405e-05,-0.04619799181818962,-2.9349675969569944e-05,-0.05508384481072426
4.440301200000249,0.043833374977111816,0.15550526976585388,-0.9174990057945251,-0.08329819142818451,0.054990559816360474,0.11831691116094589,3.326404112158343e-05,-0.046182867139577866,-1.86694560397882e-05,-0.055074144154787064
4.4603297000003295,0.04386769235134125,0.15549297630786896,-0.8793899416923523,-0.08329405635595322,0.055025890469551086,0.14523887634277344,4.230117338011041e-05,-0.04619365930557251,-1.251576395588927e-05,-0.05506785959005356
4.480154799999582,0.04384748637676239,0.15551894903182983,-0.8455320000648499,-0.08321460336446762,0.05549192801117897,0.16367146372795105,2.01444563572295e-05,-0.04617752879858017,-1.7868542272481136e-05,-0.05508572608232498
4.500541399999747,0.04385052248835564,0.15550310909748077,-0.8149413466453552,-0.08320287615060806,0.05576109141111374,0.17460313439369202,1.976835665118415e-05,-0.04619972035288811,-4.617327704181662e-06,-0.05507294833660126
4.520172999999886,0.043883465230464935,0.15550212562084198,-0.7862380146980286,-0.08320759981870651,0.05621366947889328,0.1758316308259964,3.124904469586909e-05,-0.046207599341869354,-1.4193908100423869e-05,-0.05506814271211624
4.5401560999998765,0.04391470551490784,0.1555536687374115,-0.75672447681427,-0.08319215476512909,0.056383244693279266,0.17347478866577148,4.393213021103293e-05,-0.04621025174856186,-3.229017966077663e-05,-0.05507432669401169
4.560075399999732,0.04382365569472313,0.15551523864269257,-0.7271112203598022,-0.08321402966976166,0.0563783161342144,0.172325998544693,3.394238592591137e-05,-0.04619347304105759,4.711346718977438e-06,-0.05508166551589966
4.580086699999811,0.04385627806186676,0.15556222200393677,-0.6940904855728149,-0.08321904391050339,0.05651185289025307,0.1710100769996643,4.3192947487114e-05,-0.04618312045931816,-1.9821873138425872e-05,-0.05506753548979759
4.600159200000235,0.04389438033103943,0.15552689135074615,-0.6586442589759827,-0.08320581912994385,0.056483566761016846,0.17105287313461304,3.402039146749303e-05,-0.04620566964149475,-1.8584214558359236e-05,-0.05508191138505936
4.620152399999824,0.04387068748474121,0.1555320769548416,-0.6212734580039978,-0.08313945680856705,0.05655958503484726,0.17111742496490479,3.434196696616709e-05,-0.04620176553726196,-1.6059198969742283e-05,-0.05507473647594452
4.6401513000000705,0.04381364583969116,0.15551547706127167,-0.5853896141052246,-0.08308692276477814,0.05661895498633385,0.17133936285972595,3.1400370062328875e-05,-0.04620647057890892,-1.3948496416560374e-05,-0.05507175624370575
4.66016479999962,0.04388666898012161,0.15551412105560303,-0.5531154870986938,-0.08303851634263992,0.05698542669415474,0.17119961977005005,2.1794967324240133e-05,-0.046189047396183014,-9.854502422967926e-06,-0.05507008731365204
4.680327699999907,0.04384472966194153,0.1555173397064209,-0.5241425037384033,-0.08305372297763824,0.058703627437353134,0.1707337349653244,2.6873314709519036e-05,-0.04621335119009018,-5.46941373613663e-06,-0.055080171674489975
4.7001493999996455,0.0438203401863575,0.15549546480178833,-0.49942880868911743,-0.08304977416992188,0.058343783020973206,0.16945472359657288,2.2853375412523746e-05,-0.046184051781892776,-1.4282992196967825e-05,-0.05507463961839676
4.720373500000278,0.04384276270866394,0.15551306307315826,-0.4749271869659424,-0.08305776119232178,0.05835912376642227,0.16550201177597046,3.9826176362112164e-05,-0.04619171842932701,-1.9396153220441192e-05,-0.055078741163015366
4.740146699999968,0.043860893696546555,0.15552708506584167,-0.4521189033985138,-0.08303272724151611,0.058315735310316086,0.1536368578672409,4.478885239223018e-05,-0.0461854413151741,-2.716258677537553e-05,-0.05508636683225632
4.760327199999665,0.04385039582848549,0.15552479028701782,-0.4298627972602844,-0.08305773138999939,0.05837535485625267,0.13531066477298737,4.02445366489701e-05,-0.04619502276182175,-2.3114793293643743e-05,-0.05507342144846916
4.780146899999636,0.043834198266267776,0.1555490642786026,-0.406000554561615,-0.08307309448719025,0.05835958197712898,0.11236771941184998,3.082589682890102e-05,-0.04622650146484375,-1.5175481166807003e-05,-0.05506863817572594
4.800148700000136,0.04384835809469223,0.15555691719055176,-0.3783748149871826,-0.08306128531694412,0.058352045714855194,0.0860319435596466,3.0043578590266407e-05,-0.04619499295949936,-1.3500537534127943e-05,-0.0550825260579586
4.820435599999655,0.04383431375026703,0.1555669605731964,-0.3488693833351135,-0.083075150847435,0.05840583145618439,0.05794469267129898,3.5695000406121835e-05,-0.046197257936000824,-2.184464392485097e-05,-0.055077578872442245
4.840149599999677,0.04382497817277908,0.15554602444171906,-0.319058895111084,-0.08318915218114853,0.05840906500816345,0.029239796102046967,1.4640118934039492e-05,-0.0461946576833725,-1.5280595107469708e-05,-0.05507533997297287
4.860433099999682,0.04387150704860687,0.15549319982528687,-0.2870885133743286,-0.08322318643331528,0.058393724262714386,-0.0016316559631377459,2.664927887963131e-05,-0.04618664085865021,-1.7065674910554662e-05,-0.05508151277899742
4.880175899999813,0.043806292116642,0.1554935872554779,-0.2560209035873413,-0.08325724303722382,0.058408115059137344,-0.03263920545578003,3.546399966580793e-05,-0.046210333704948425,-2.2677799279335886e-05,-0.055076729506254196
4.900140099999589,0.04387577623128891,0.15548884868621826,-0.2250060886144638,-0.0833030492067337,0.05842498317360878,-0.06679929047822952,3.2224201277131215e-05,-0.046195581555366516,-1.6950191366049694e-06,-0.05507678538560867
4.920285899999726,0.04384821280837059,0.15548846125602722,-0.19783221185207367,-0.0833551213145256,0.05845131725072861,-0.10315637290477753,2.3734277419862337e-05,-0.04621657729148865,-7.627217200933956e-06,-0.0550803542137146
4.940359299999727,0.04383757710456848,0.15554171800613403,-0.17435380816459656,-0.08337374776601791,0.058442432433366776,-0.14484232664108276,1.8445005480316468e-05,-0.04619748145341873,-1.0842647498066071e-05,-0.05508324131369591
4.960408900000402,0.04381854459643364,0.1555020809173584,-0.154543936252594,-0.083437979221344,0.05848420411348343,-0.1886613816022873,3.989053220720962e-05,-0.04620545357465744,-1.5882798834354617e-05,-0.05507896468043327
4.980239399999846,0.04387533664703369,0.15549801290035248,-0.13752537965774536,-0.08343683183193207,0.058515749871730804,-0.23410901427268982,3.6000368709210306e-05,-0.04619588702917099,-1.898270784295164e-05,-0.055077098309993744
5.000309000000016,0.043874889612197876,0.15554828941822052,-0.12326598912477493,-0.08343316614627838,0.0585322231054306,-0.2812770903110504,2.346000292163808e-05,-0.04619767144322395,-7.236795681819785e-06,-0.05507165566086769
5.020148599999629,0.043833229690790176,0.15550968050956726,-0.11078851670026779,-0.08344212174415588,0.058549825102090836,-0.3278866410255432,3.0245726520661265e-05,-0.046185217797756195,-1.805590363801457e-05,-0.05506343021988869
5.040155099999538,0.043855708092451096,0.15553970634937286,-0.09876717627048492,-0.08343721926212311,0.058507706969976425,-0.377437561750412,2.8815695259254426e-05,-0.04621177911758423,-2.403114558546804e-05,-0.05507415160536766
5.06017729999985,0.04384307563304901,0.1555236577987671,-0.08661699295043945,-0.08343765139579773,0.058545053005218506,-0.42839619517326355,2.3343007342191413e-05,-0.04619903117418289,-2.2700312456436222e-06,-0.05506870150566101
5.080114600000343,0.04383525997400284,0.1555136889219284,-0.0757078230381012,-0.08344649523496628,0.05852436274290085,-0.4826681315898895,2.536685497034341e-05,-0.04620124027132988,-2.5496428861515597e-05,-0.055079758167266846
5.100375099999837,0.04383755102753639,0.15546704828739166,-0.06749611347913742,-0.08344879746437073,0.05858089402318001,-0.5399268865585327,3.278978692833334e-05,-0.046190641820430756,-2.712139394134283e-05,-0.055063389241695404
5.120137599999907,0.043851088732481,0.15554563701152802,-0.06358049809932709,-0.08344796299934387,0.05853083357214928,-0.5983960628509521,2.908342685259413e-05,-0.04619569331407547,-1.8899763745139353e-05,-0.055079758167266846
5.140166500000305,0.04386524111032486,0.1554868370294571,-0.06352207064628601,-0.08345353603363037,0.05854327976703644,-0.660352349281311,4.0091916162054986e-05,-0.04619184881448746,1.3687745195056777e-05,-0.055068474262952805
5.160136399999828,0.04386165738105774,0.15553037822246552,-0.06351838260889053,-0.08348935842514038,0.05859013646841049,-0.7238532900810242,1.5000297935330309e-05,-0.046186596155166626,-1.9893643184332177e-05,-0.05507051199674606
5.180559700000231,0.043839793652296066,0.15552379190921783,-0.06350745260715485,-0.08346480131149292,0.05855989083647728,-0.7893257141113281,3.622915028245188e-05,-0.0462043359875679,-2.0859284632024355e-05,-0.0550672672688961
5.200089400000252,0.043823644518852234,0.15552584826946259,-0.06354501098394394,-0.08350531756877899,0.058609120547771454,-0.8513691425323486,3.228889545425773e-05,-0.04619259387254715,2.1447408471431118e-06,-0.05509426072239876
5.220191600000362,0.04382598400115967,0.15554727613925934,-0.06362444907426834,-0.08359897136688232,0.05859699845314026,-0.9151033163070679,4.2469906475162134e-05,-0.046214088797569275,-6.011270215822151e-06,-0.05508822202682495
5.240253500000108,0.043830402195453644,0.1555340588092804,-0.06410527229309082,-0.08372806012630463,0.05860735848546028,-0.9783771634101868,3.430947981541976e-05,-0.04620283842086792,-2.0745384972542524e-05,-0.05507125332951546
5.2604192999997395,0.04381841421127319,0.15549319982528687,-0.06663075089454651,-0.08389721810817719,0.05867074802517891,-1.04253089427948,3.771774936467409e-05,-0.046180300414562225,-2.105282328557223e-05,-0.055071257054805756
5.280284499999652,0.043829210102558136,0.15547572076320648,-0.07351505756378174,-0.08404205739498138,0.05897293612360954,-1.1060445308685303,3.254711191402748e-05,-0.046189188957214355,-1.4428242138819769e-05,-0.055079683661460876
5.3004227999999785,0.043802499771118164,0.15546923875808716,-0.08647926896810532,-0.08405762165784836,0.05918655917048454,-1.1697063446044922,3.81571808247827e-05,-0.04618401080369949,-3.0688097467646003e-06,-0.05507579445838928
5.320204800000283,0.043885864317417145,0.1555541604757309,-0.10452952980995178,-0.08405382931232452,0.05919603630900383,-1.2305384874343872,3.804394509643316e-05,-0.046205900609493256,-5.9429294196888804e-06,-0.05507490783929825
5.340253800000028,0.043901167809963226,0.1555679440498352,-0.12502536177635193,-0.0840219110250473,0.059170253574848175,-1.290247917175293,2.7197997042094357e-05,-0.046204980462789536,3.5937189295509597e-06,-0.055069100111722946
5.360092199999599,0.04385167360305786,0.15550412237644196,-0.14725299179553986,-0.08399133384227753,0.05915769934654236,-1.349437952041626,1.5758789231767878e-05,-0.046189263463020325,-1.6962443623924628e-05,-0.05507567524909973
5.380407800000285,0.04384196922183037,0.1555107831954956,-0.17082972824573517,-0.0839235931634903,0.05904976278543472,-1.410082459449768,1.8663287846720777e-05,-0.046200186014175415,1.3010981092520524e-06,-0.05507227033376694
5.400105800000347,0.04382047802209854,0.15554279088974,-0.1941681057214737,-0.08390170335769653,0.05889433994889259,-1.465074896812439,3.0031907954253256e-05,-0.046202078461647034,-2.8436861612135544e-06,-0.05506580322980881
5.420103299999937,0.04382386803627014,0.15552714467048645,-0.21647343039512634,-0.08383569121360779,0.058698397129774094,-1.5152817964553833,3.6230023397365585e-05,-0.046197760850191116,-1.4370007193065248e-05,-0.05508221313357353
5.440147299999808,0.043834343552589417,0.15553610026836395,-0.2371717244386673,-0.08382091671228409,0.05848061665892601,-1.5624781847000122,2.251727164548356e-05,-0.04618619382381439,-2.304883673787117e-05,-0.05505931377410889
5.460159199999907,0.043862126767635345,0.1555158644914627,-0.2564506530761719,-0.08376624435186386,0.058452822268009186,-1.6055996417999268,3.139034015475772e-05,-0.04619894176721573,-1.288479415961774e-05,-0.05507536232471466
5.480160299999625,0.04383061081171036,0.15552066266536713,-0.2760595679283142,-0.08377495408058167,0.05835429206490517,-1.646024227142334,2.4228669644799083e-05,-0.0461917407810688,-1.7845990441855974e-05,-0.05506599694490433
5.500268699999651,0.043885696679353714,0.1555350124835968,-0.29730215668678284,-0.08375725895166397,0.05830323323607445,-1.6807595491409302,3.6033670767210424e-05,-0.046192318201065063,-1.5788151358719915e-05,-0.05507400259375572
5.520409699999618,0.043857499957084656,0.15550026297569275,-0.3215331435203552,-0.08371102064847946,0.058281563222408295,-1.7114930152893066,2.8518539693322964e-05,-0.046205297112464905,-1.6552410670556128e-05,-0.055073149502277374
5.540472800000316,0.0438624732196331,0.1555158644914627,-0.34629178047180176,-0.0835990384221077,0.05824487656354904,-1.7371326684951782,1.5825973605387844e-05,-0.04619181156158447,-5.7496326917316765e-06,-0.055067386478185654
5.560151300000143,0.043811917304992676,0.15548405051231384,-0.37102365493774414,-0.08354948461055756,0.05827384814620018,-1.7580597400665283,1.5110551430552732e-05,-0.04617629945278168,-2.254568607895635e-05,-0.05507582426071167
5.580353000000287,0.043860793113708496,0.15552431344985962,-0.3980025351047516,-0.0835493803024292,0.05828443169593811,-1.7751013040542603,9.417613910045475e-06,-0.04619217291474342,-1.7978181858779863e-05,-0.055072300136089325
5.600218900000073,0.04383336752653122,0.15550923347473145,-0.42521581053733826,-0.08352048695087433,0.05829576030373573,-1.7861469984054565,3.122071939287707e-05,-0.046189721673727036,-1.6290241546812467e-05,-0.055079638957977295
5.620074899999963,0.04382315278053284,0.15549716353416443,-0.45189210772514343,-0.08353278040885925,0.05835976079106331,-1.791232705116272,3.037803980987519e-05,-0.046186428517103195,-1.556675306346733e-05,-0.05507103353738785
5.640494199999921,0.04387437552213669,0.1554865539073944,-0.47947263717651367,-0.08355221897363663,0.05842635780572891,-1.7917201519012451,3.966392978327349e-05,-0.046173304319381714,-1.4709267816215288e-05,-0.055076342076063156
5.660200199999963,0.04386122152209282,0.15547442436218262,-0.506034255027771,-0.08355744183063507,0.05850325524806976,-1.791688084602356,9.878782293526456e-06,-0.04621746763586998,-1.2488270840549376e-05,-0.055077433586120605
5.680206500000168,0.043863460421562195,0.15555860102176666,-0.5339934825897217,-0.0835864394903183,0.058564744889736176,-1.7916233539581299,2.9152519346098416e-05,-0.04619201645255089,-2.9680561056011356e-05,-0.055073659867048264
5.700139599999602,0.04385451227426529,0.155512735247612,-0.5632283091545105,-0.08359891176223755,0.05876324698328972,-1.7915881872177124,3.251303132856265e-05,-0.046205565333366394,-1.2154874639236368e-05,-0.055080804973840714
5.720486199999868,0.04386092722415924,0.1555185616016388,-0.5919015407562256,-0.0836348831653595,0.059224680066108704,-1.7914937734603882,3.9395905332639813e-05,-0.04619065299630165,-1.4211132111086044e-05,-0.05507148429751396
5.7401356000000305,0.04388900101184845,0.15553170442581177,-0.6187998056411743,-0.08367684483528137,0.060323670506477356,-1.7914687395095825,3.674873005365953e-05,-0.046207085251808167,-9.516132195130922e-06,-0.05508032441139221
5.760414600000331,0.04381988197565079,0.15550486743450165,-0.6446233987808228,-0.08369085192680359,0.06544414907693863,-1.7913833856582642,2.1617623133352026e-05,-0.04620012640953064,-1.0134132025996223e-05,-0.05507587641477585
5.780147599999509,0.04384986311197281,0.15553000569343567,-0.6673306226730347,-0.08369417488574982,0.07856712490320206,-1.791116714477539,3.47278946719598e-05,-0.04621528461575508,-1.2895545296487398e-05,-0.055073413997888565
5.8001383000000715,0.04386976361274719,0.15549758076667786,-0.6887149214744568,-0.08370392769575119,0.09765201061964035,-1.7909473180770874,2.904187022068072e-05,-0.04620971903204918,-2.0143510482739657e-05,-0.055079467594623566
5.820257800000036,0.04388558864593506,0.15547417104244232,-0.7098725438117981,-0.0836942046880722,0.12097238004207611,-1.7908412218093872,3.284564445493743e-05,-0.046197790652513504,-1.018225884763524e-05,-0.05507071316242218
5.840429199999562,0.043878257274627686,0.15551215410232544,-0.7289812564849854,-0.08368174731731415,0.14581246674060822,-1.790786862373352,4.893044751952402e-05,-0.046191390603780746,-1.1660215932352003e-05,-0.05509299039840698
5.8601505999995425,0.04383959248661995,0.1555526703596115,-0.7442058324813843,-0.08369149267673492,0.1692887842655182,-1.7896053791046143,2.4591430701548234e-05,-0.04618256166577339,-2.624953049235046e-05,-0.055073175579309464
5.880175600000257,0.04388139769434929,0.1555035263299942,-0.7572530508041382,-0.08368326723575592,0.19207704067230225,-1.7828539609909058,2.277521343785338e-05,-0.04618386924266815,-8.072749551502056e-06,-0.05507177859544754
5.900172900000143,0.043897826224565506,0.15547867119312286,-0.7683245539665222,-0.08368918299674988,0.21373072266578674,-1.770933747291565,2.3987780878087506e-05,-0.04619467258453369,-9.502251486992463e-06,-0.05507932975888252
5.920450999999957,0.04388432204723358,0.1555148959159851,-0.7784273028373718,-0.08370047807693481,0.2347320020198822,-1.758868932723999,2.9212129447842017e-05,-0.04620197042822838,-2.0325391233200207e-05,-0.05508030951023102
5.940156900000147,0.04385821893811226,0.15547966957092285,-0.787514865398407,-0.08367560058832169,0.2542930543422699,-1.7503269910812378,2.4396224034717306e-05,-0.046185389161109924,-1.2872285878984258e-05,-0.05507052317261696
5.960175999999592,0.04388553649187088,0.15553247928619385,-0.7963509559631348,-0.0836704671382904,0.27448534965515137,-1.74489426612854,3.428834315855056e-05,-0.04619713872671127,-1.5886536857578903e-05,-0.05507807806134224
5.9800992999998925,0.04386717453598976,0.15549181401729584,-0.8053710460662842,-0.08367772400379181,0.29612627625465393,-1.7401450872421265,2.5039707907126285e-05,-0.046197399497032166,-1.3618817320093513e-05,-0.055090732872486115
6.000340900000083,0.043865881860256195,0.15550969541072845,-0.8150157332420349,-0.08367685973644257,0.3204244077205658,-1.7335951328277588,3.1657749786973e-05,-0.04620193690061569,-2.0123570720897987e-05,-0.055075500160455704
6.020072700000128,0.04385095089673996,0.15551261603832245,-0.8232924342155457,-0.08368432521820068,0.3455353379249573,-1.7257695198059082,3.682023088913411e-05,-0.04618338495492935,-2.0343934011179954e-05,-0.055078040808439255
6.040193599999839,0.04387747868895531,0.15550486743450165,-0.8287819623947144,-0.08367592096328735,0.37182825803756714,-1.7160450220108032,2.6751318728202023e-05,-0.046187810599803925,-1.3682029930350836e-05,-0.05507492274045944
6.0602977999997165,0.043866366147994995,0.15549057722091675,-0.8297308087348938,-0.08369432389736176,0.3989967107772827,-1.7058982849121094,3.2726413337513804e-05,-0.04618658870458603,-1.1408734280848876e-05,-0.05507630854845047
6.080095100000108,0.043838486075401306,0.155527263879776,-0.8297521471977234,-0.08368754386901855,0.42765727639198303,-1.6968011856079102,2.984405728057027e-05,-0.046198658645153046,2.3919910745462403e-06,-0.05507583171129227
6.100172200000088,0.04382088780403137,0.15549464523792267,-0.8297436237335205,-0.0837506502866745,0.4606461822986603,-1.6888600587844849,4.392168557387777e-05,-0.04620438814163208,-2.1606234440696426e-05,-0.05506615713238716
6.12015749999955,0.04386479780077934,0.15549993515014648,-0.8297606706619263,-0.08376453071832657,0.4968542456626892,-1.6811597347259521,3.880589792970568e-05,-0.04620395973324776,-2.9462476959452033e-05,-0.055071618407964706
6.140105200000107,0.04382113367319107,0.15552078187465668,-0.829752504825592,-0.08378271758556366,0.536780595779419,-1.6723418235778809,3.9831065805628896e-05,-0.04618034511804581,-1.7962178390007466e-05,-0.055071618407964706
6.160141999999723,0.04386476054787636,0.15547610819339752,-0.8297379016876221,-0.08374335616827011,0.5799765586853027,-1.6627388000488281,3.2606538297841325e-05,-0.046182893216609955,-3.007429222634528e-05,-0.05508115887641907
6.180142799999885,0.04385136067867279,0.1554967164993286,-0.8297233581542969,-0.08367708325386047,0.6238751411437988,-1.655145287513733,3.408372140256688e-05,-0.046193115413188934,-3.4647714528546203e-06,-0.055078282952308655
6.200164500000028,0.04389355331659317,0.15553520619869232,-0.8296767473220825,-0.0836450606584549,0.6692153215408325,-1.6510273218154907,8.975046512205154e-06,-0.04620441794395447,-1.1818557140941266e-05,-0.055080462247133255
6.220487800000228,0.043850935995578766,0.15551325678825378,-0.8296579718589783,-0.08365097641944885,0.7158875465393066,-1.6474299430847168,2.3895343474578112e-05,-0.04621746391057968,-2.2632168111158535e-05,-0.05507245659828186
6.2401497999999265,0.04383127763867378,0.15549036860466003,-0.8295744061470032,-0.08365869522094727,0.7613117098808289,-1.647444725036621,2.7183066777070053e-05,-0.04620765149593353,-1.9267379684606567e-05,-0.05507276952266693
6.260235400000056,0.043862417340278625,0.15551941096782684,-0.8295052647590637,-0.08363531529903412,0.8071258664131165,-1.6474193334579468,4.390420508570969e-05,-0.04619729146361351,-2.6647589038475417e-05,-0.05508625507354736
6.280095500000243,0.04385536164045334,0.15549564361572266,-0.8294293284416199,-0.0836244747042656,0.852059543132782,-1.6474193334579468,2.144221252819989e-05,-0.04620344191789627,-1.4102233762969263e-05,-0.05508973076939583
6.300187599999845,0.04383421689271927,0.15553897619247437,-0.8294023275375366,-0.08359722793102264,0.8978182077407837,-1.6474415063858032,3.816413664026186e-05,-0.04618183523416519,-7.3459800660202745e-06,-0.055077649652957916
6.320249499999591,0.043827664107084274,0.15550588071346283,-0.8287065029144287,-0.0836242213845253,0.943494439125061,-1.6474308967590332,3.199839557055384e-05,-0.04619251936674118,-9.698886060505174e-06,-0.05507047846913338
6.340309399999569,0.043847717344760895,0.15553326904773712,-0.8274869322776794,-0.08360929787158966,0.9900836944580078,-1.647444248199463,2.7768108338932507e-05,-0.04621237516403198,-2.636129102029372e-05,-0.05507739633321762
6.360472899999877,0.0438164658844471,0.1554998904466629,-0.8246564269065857,-0.0836019217967987,1.037519097328186,-1.6474336385726929,1.963590329978615e-05,-0.04620484262704849,-1.7864469555206597e-05,-0.05507883056998253
6.380544100000407,0.0438266396522522,0.1555481106042862,-0.8234676122665405,-0.08362319320440292,1.0855586528778076,-1.6474096775054932,3.39928810717538e-05,-0.04620242863893509,-1.949789748323383e-06,-0.05507668852806091
6.40024749999975,0.043855056166648865,0.15550461411476135,-0.8204043507575989,-0.08361229300498962,1.133425235748291,-1.6468827724456787,3.755222860490903e-05,-0.04619385674595833,-1.5178579815255944e-06,-0.05507830157876015
6.420171900000241,0.04386020451784134,0.15551863610744476,-0.8121404051780701,-0.08353922516107559,1.1838347911834717,-1.644750952720642,1.367891309200786e-05,-0.04620610922574997,-1.0578115507087205e-05,-0.05507578328251839
6.440099700000246,0.04389262571930885,0.15551401674747467,-0.7988367676734924,-0.08352101594209671,1.2334901094436646,-1.6374796628952026,4.000259286840446e-05,-0.04619300737977028,3.7260040244291304e-06,-0.055061887949705124
6.460559000000103,0.04387429729104042,0.1555257886648178,-0.7804417014122009,-0.08352392911911011,1.2836443185806274,-1.6283056735992432,3.967443262808956e-05,-0.04621632397174835,-4.4796179281547666e-06,-0.05508258938789368
6.480131999999685,0.0438612625002861,0.1555258184671402,-0.7601051330566406,-0.08352595567703247,1.3295612335205078,-1.6184766292572021,3.0279419661383145e-05,-0.04621044173836708,-2.5869339879136533e-05,-0.055067550390958786
6.500117200000204,0.043823786079883575,0.15557239949703217,-0.7393972277641296,-0.08352367579936981,1.3735783100128174,-1.6070870161056519,3.430038123042323e-05,-0.046213604509830475,-2.2767791961086914e-05,-0.05507389083504677
6.520380699999805,0.04387515410780907,0.15550164878368378,-0.7172066569328308,-0.08345889300107956,1.414527177810669,-1.5934889316558838,1.2178427823528182e-05,-0.04618726670742035,-2.8227201255504042e-05,-0.05507594347000122
6.540132999999514,0.04382581263780594,0.15550316870212555,-0.6942213773727417,-0.083473339676857,1.4503755569458008,-1.5792609453201294,4.3705207644961774e-05,-0.04617505148053169,-9.952625987352803e-06,-0.05507145822048187
6.560229300000174,0.043870650231838226,0.1554880440235138,-0.671103298664093,-0.08345460146665573,1.4837563037872314,-1.5629090070724487,3.21283150697127e-05,-0.046177543699741364,-7.137360626074951e-06,-0.05508064106106758
6.580549299999802,0.04382726922631264,0.15548093616962433,-0.6472243070602417,-0.08346003293991089,1.5136336088180542,-1.5427030324935913,3.66554522770457e-05,-0.04618924483656883,-1.8943173927254975e-05,-0.05508013069629669
6.60030420000021,0.043820396065711975,0.15554116666316986,-0.6234633922576904,-0.08344295620918274,1.539162039756775,-1.519999623298645,3.719979213201441e-05,-0.046222344040870667,-1.553247420815751e-05,-0.055083196610212326
6.620122100000117,0.04383445531129837,0.15554530918598175,-0.5989216566085815,-0.08337166905403137,1.5618699789047241,-1.4958744049072266,1.4307023775472771e-05,-0.046226225793361664,-2.36752907767368e-06,-0.05510394275188446
6.640116399999897,0.0438685417175293,0.15550222992897034,-0.5739595890045166,-0.08321724832057953,1.5815070867538452,-1.4707750082015991,2.6030091248685494e-05,-0.046222347766160965,-1.673190126894042e-05,-0.055073145776987076
6.660145499999999,0.0438532754778862,0.15551720559597015,-0.5495164394378662,-0.08321384340524673,1.5971760749816895,-1.4443209171295166,3.24231295962818e-05,-0.04618879780173302,-2.0117106032557786e-05,-0.05507504940032959
6.680295999999544,0.04382884502410889,0.15550793707370758,-0.5254642963409424,-0.08315269649028778,1.6075152158737183,-1.4153181314468384,3.883532917825505e-05,-0.046181343495845795,-1.58841248776298e-05,-0.05507611483335495
6.7004665000004024,0.043854083865880966,0.1555045247077942,-0.501716136932373,-0.0830739215016365,1.611742377281189,-1.38065505027771,2.1467745682457462e-05,-0.04617505893111229,-1.0893296348513104e-05,-0.0550924576818943
6.720446600000287,0.04386212304234505,0.15555699169635773,-0.4769877791404724,-0.08306264132261276,1.611019492149353,-1.342085838317871,2.952852810267359e-05,-0.046207305043935776,-2.2355507098836824e-05,-0.05506838858127594
6.7405391000002055,0.04386065900325775,0.1555604785680771,-0.45270100235939026,-0.08281022310256958,1.6110328435897827,-1.30006742477417,3.748416202142835e-05,-0.04622660577297211,-1.0777790521387942e-05,-0.055073704570531845
6.760370699999839,0.04390626400709152,0.155532106757164,-0.4313640594482422,-0.07665414363145828,1.6109956502914429,-1.2550039291381836,4.1266837797593325e-05,-0.046230047941207886,-1.2746133506880142e-05,-0.055079009383916855
6.7800968999999895,0.04385661706328392,0.15549133718013763,-0.41192448139190674,-0.06153923645615578,1.6101632118225098,-1.2052390575408936,2.309069714101497e-05,-0.04622665047645569,-1.193472598970402e-05,-0.05507754534482956
6.800216900000123,0.043852269649505615,0.15549449622631073,-0.3928941786289215,-0.04166683927178383,1.6061818599700928,-1.1515450477600098,1.9765113393077627e-05,-0.0461931936442852,-1.9794901163550094e-05,-0.05507181957364082
6.820124799999576,0.04390105605125427,0.155514657497406,-0.3745517432689667,-0.021050676703453064,1.597312092781067,-1.0969456434249878,2.710707667574752e-05,-0.04618378356099129,-1.5181643902906217e-05,-0.055073194205760956
6.840126899999632,0.04385491460561752,0.1554786115884781,-0.35694533586502075,-0.005796766374260187,1.583280324935913,-1.0419163703918457,2.7259417038294487e-05,-0.04617847502231598,-2.1857587853446603e-05,-0.055066969245672226
6.8603972000000795,0.043800875544548035,0.15550976991653442,-0.3409596383571625,0.0029494843911379576,1.5641636848449707,-0.988858699798584,4.519052890827879e-05,-0.04620493948459625,-1.2514929039753042e-05,-0.05507669970393181
6.880346300000383,0.04385790973901749,0.15551237761974335,-0.3277933597564697,0.0047625582665205,1.54201078414917,-0.9382491111755371,1.5804254871909507e-05,-0.04622301459312439,-1.7680709788692184e-05,-0.05506768450140953
6.900272099999711,0.04386778920888901,0.1555287390947342,-0.31634995341300964,0.004911717958748341,1.5180244445800781,-0.8885724544525146,2.0696055798907764e-05,-0.04621531814336777,-3.589066864151391e-06,-0.0550692155957222
6.920090200000232,0.04384052753448486,0.15551486611366272,-0.3062651753425598,0.008073607459664345,1.4927310943603516,-0.8418146371841431,3.654045576695353e-05,-0.04621842876076698,-1.5770328900543973e-05,-0.05507253110408783
6.940085600000202,0.043849021196365356,0.15550753474235535,-0.29760879278182983,0.009268803521990776,1.4646044969558716,-0.7951181530952454,4.422850179253146e-05,-0.046210359781980515,-3.9865342841949314e-05,-0.055081091821193695
6.960221000000274,0.043815720826387405,0.15552011132240295,-0.29017019271850586,0.009226517751812935,1.4325612783432007,-0.7508199214935303,4.055216413689777e-05,-0.04617558419704437,-7.269793059094809e-06,-0.05507942661643028
6.980318199999601,0.04381498321890831,0.15553593635559082,-0.28446584939956665,0.009441087953746319,1.3970892429351807,-0.7097578048706055,3.0505561881000176e-05,-0.04617966338992119,-2.6067164071719162e-05,-0.05507924407720566
7.000188600000001,0.043850917369127274,0.15551812946796417,-0.28033000230789185,0.00953898299485445,1.3596906661987305,-0.6709359884262085,3.054210901609622e-05,-0.04617955535650253,-2.4983957700897008e-05,-0.05506470426917076
7.020317200000136,0.043865665793418884,0.15551845729351044,-0.27805161476135254,0.009730825200676918,1.31777822971344,-0.6325473785400391,1.782518120307941e-05,-0.046193305402994156,-2.0099003450013697e-05,-0.05509340390563011
7.040204400000221,0.04388556629419327,0.15549425780773163,-0.27682068943977356,0.009744549170136452,1.2738438844680786,-0.5959166288375854,4.4168191379867494e-05,-0.046215325593948364,-2.5893590645864606e-05,-0.05509059876203537
7.0602577999998175,0.04390355944633484,0.1555459201335907,-0.27681857347488403,0.00983116403222084,1.227696418762207,-0.5606532096862793,2.4475521058775485e-05,-0.04623229801654816,-2.0918807422276586e-05,-0.055079467594623566
7.080157000000327,0.04385416582226753,0.15551108121871948,-0.27680784463882446,0.00983416847884655,1.1802246570587158,-0.5263588428497314,3.4256729122716933e-05,-0.04620128497481346,-1.641772178118117e-05,-0.05506820231676102
7.100180000000364,0.043855130672454834,0.15551336109638214,-0.27680930495262146,0.009825560264289379,1.1307693719863892,-0.4920000731945038,3.16384612233378e-05,-0.046181924641132355,-2.7574858904699795e-05,-0.05506863072514534
7.120080499999858,0.04382683336734772,0.1554732620716095,-0.2768195867538452,0.009832121431827545,1.0803322792053223,-0.46115073561668396,3.223009844077751e-05,-0.04619140177965164,-2.0841456716880202e-05,-0.055069100111722946
7.140063099999679,0.043812088668346405,0.15549607574939728,-0.2768934369087219,0.00982842780649662,1.0281375646591187,-0.4325670301914215,3.406420728424564e-05,-0.04620688408613205,-1.047834211931331e-05,-0.05507194250822067
7.160099300000184,0.043864473700523376,0.1555042415857315,-0.2770412266254425,0.009837132878601551,0.9740445613861084,-0.40831366181373596,3.3912390790646896e-05,-0.046181827783584595,-1.72070740518393e-05,-0.055075570940971375
7.180099700000028,0.04383813589811325,0.15547756850719452,-0.2771250605583191,0.00984668917953968,0.920059323310852,-0.38824698328971863,2.3016284103505313e-05,-0.04622548073530197,-3.78848853870295e-05,-0.055074017494916916
7.200087299999723,0.04383786395192146,0.15553951263427734,-0.27732640504837036,0.009844569489359856,0.8651768565177917,-0.3711446225643158,3.7903730117250234e-05,-0.04623373597860336,-6.230938652151963e-06,-0.055076051503419876
7.220072299999629,0.04389272630214691,0.1554875373840332,-0.27867090702056885,0.009953050874173641,0.8095694184303284,-0.35900652408599854,2.068252069875598e-05,-0.046198129653930664,-2.9248836654005572e-05,-0.0550757460296154
7.240098500000386,0.04384583979845047,0.1554921567440033,-0.284390926361084,0.01029384508728981,0.7537219524383545,-0.3525956869125366,2.6915688067674637e-05,-0.04618816822767258,-2.3122485799831338e-05,-0.05507903918623924
7.260116100000232,0.04381205886602402,0.1555311232805252,-0.2987971901893616,0.010231312364339828,0.6978143453598022,-0.35250240564346313,1.5558896848233417e-05,-0.046203069388866425,-1.544234237371711e-06,-0.05506386607885361
7.280122299999675,0.043845199048519135,0.1554744690656662,-0.32034069299697876,0.01021150778979063,0.641708493232727,-0.3542356491088867,3.097365697612986e-05,-0.04619792103767395,-1.062333285517525e-05,-0.05506296083331108
7.300237600000401,0.04383959621191025,0.15551309287548065,-0.3439459800720215,0.010248749516904354,0.584152102470398,-0.3552267551422119,3.0162413168000057e-05,-0.04618242383003235,-1.2723868167086039e-05,-0.05507734790444374
7.320281799999975,0.04385963827371597,0.1555190235376358,-0.3671732544898987,0.010293684899806976,0.5255244970321655,-0.3552229702472687,4.9412730732001364e-05,-0.046187423169612885,-1.4659007320005912e-05,-0.05507848039269447
7.3400964000002205,0.04382146894931793,0.1555488109588623,-0.39062467217445374,0.010280853137373924,0.4682665765285492,-0.3553639054298401,2.4029752239584923e-05,-0.046198029071092606,-4.5040474105917383e-07,-0.05508025363087654
7.36039989999972,0.04387658089399338,0.15550224483013153,-0.4147455096244812,0.010344833135604858,0.41109710931777954,-0.35660451650619507,3.248264692956582e-05,-0.046218108385801315,-9.930219675879925e-06,-0.05509360134601593
7.380206099999668,0.04384651407599449,0.15554532408714294,-0.4365932047367096,0.01027490384876728,0.3563501238822937,-0.36348533630371094,2.9876793632865883e-05,-0.04620135575532913,2.060704446193995e-06,-0.055068857967853546
7.400140499999907,0.04388062655925751,0.15549983084201813,-0.45640698075294495,0.010157540440559387,0.302987277507782,-0.37699204683303833,2.4413624487351626e-05,-0.04618336260318756,-2.7889414923265576e-05,-0.055069901049137115
7.420513400000345,0.043858811259269714,0.15556085109710693,-0.47523489594459534,0.010145246051251888,0.24913235008716583,-0.3959263563156128,1.9399269149289466e-05,-0.046175770461559296,-1.4313470273918938e-05,-0.055083394050598145
7.440196100000321,0.043821126222610474,0.1555050164461136,-0.49289560317993164,0.010129312053322792,0.19900156557559967,-0.4193812608718872,2.700348341022618e-05,-0.04618261754512787,-1.3625159226648975e-05,-0.05506831780076027
7.460225900000296,0.043857745826244354,0.15548500418663025,-0.5107746124267578,0.010058319196105003,0.1514953076839447,-0.4496549367904663,3.2317642762791365e-05,-0.046204425394535065,-1.2187266293040011e-05,-0.05507318302989006
7.480532399999902,0.04382505267858505,0.15553532540798187,-0.5291815996170044,0.009895799681544304,0.10702701658010483,-0.4823301434516907,3.109121462330222e-05,-0.04621626064181328,-1.646685450396035e-05,-0.055086325854063034
7.500071299999945,0.04383718967437744,0.15546409785747528,-0.5461472272872925,0.009820206090807915,0.06761038303375244,-0.5153239369392395,3.4314143704250455e-05,-0.04620400816202164,-1.5143850760068744e-05,-0.0550716407597065
7.520132200000262,0.04387079179286957,0.15548035502433777,-0.5604467988014221,0.009599540382623672,0.031579792499542236,-0.5524381995201111,3.5779637983068824e-05,-0.04619651287794113,-2.1363010091590695e-05,-0.055077530443668365
7.540088800000376,0.043808236718177795,0.15553219616413116,-0.5731418132781982,0.009518593549728394,0.0006641362560912967,-0.5934569835662842,2.921041232184507e-05,-0.04619107395410538,-1.4474406953013386e-06,-0.05508705601096153
7.5600868000001356,0.043910007923841476,0.15552666783332825,-0.5870064496994019,0.009455845691263676,-0.025475922971963882,-0.6357773542404175,4.6470810048049316e-05,-0.046185452491045,-4.4194821384735405e-06,-0.055082544684410095
7.580268499999875,0.04387981444597244,0.15549598634243011,-0.6025631427764893,0.009053932502865791,-0.04604925960302353,-0.6802263259887695,3.835969255305827e-05,-0.04618801176548004,-1.2251778571226168e-05,-0.05507668852806091
7.600086399999782,0.043869152665138245,0.1555139571428299,-0.6183416843414307,0.008764452300965786,-0.06109565496444702,-0.72560715675354,3.018418101419229e-05,-0.04620121046900749,-8.691493349033408e-06,-0.05508342757821083
7.620267799999965,0.043864745646715164,0.15547984838485718,-0.6338562965393066,0.008665299043059349,-0.07171310484409332,-0.7745035290718079,3.848269989248365e-05,-0.046204403042793274,-1.5749375961604528e-05,-0.05509212985634804
7.640070299999934,0.043854959309101105,0.15551647543907166,-0.6489756107330322,0.008356121368706226,-0.0788549929857254,-0.8200621008872986,1.69890536199091e-05,-0.04620499536395073,2.953265720861964e-08,-0.05508509650826454
7.660077900000033,0.04382999986410141,0.15553827583789825,-0.6630374789237976,0.008295616135001183,-0.08304685354232788,-0.8633884787559509,1.7937940356205218e-05,-0.04620989039540291,-1.879172123153694e-05,-0.055072370916604996
7.680379600000379,0.04383186623454094,0.15551146864891052,-0.6753540635108948,0.008289292454719543,-0.08340944349765778,-0.9063543677330017,2.7252675863564946e-05,-0.046201515942811966,-1.4785105122427922e-05,-0.05507514998316765
7.7000998000003165,0.04385495185852051,0.15550962090492249,-0.68659508228302,0.0082725640386343,-0.08249898999929428,-0.9495403170585632,3.234749601688236e-05,-0.04618394747376442,-7.2768684731272515e-06,-0.055075567215681076
7.72015569999985,0.043857641518116,0.15551845729351044,-0.6999053955078125,0.008303329348564148,-0.08259318768978119,-0.9962360858917236,3.694358019856736e-05,-0.046180609613657,-1.1280829312454443e-05,-0.05506405606865883
7.740057199999683,0.043860919773578644,0.15556438267230988,-0.717208743095398,0.008305216208100319,-0.08257797360420227,-1.0422091484069824,3.733250923687592e-05,-0.04619700461626053,-2.7597267035162076e-05,-0.05508202314376831
7.760083199999826,0.043824486434459686,0.155487060546875,-0.736346960067749,0.008270516991615295,-0.08253958821296692,-1.0885392427444458,3.560306504368782e-05,-0.04622418433427811,-1.772917494236026e-05,-0.05506863445043564
7.780528000000231,0.04385562986135483,0.1555054485797882,-0.7541771531105042,0.008272788487374783,-0.08247672021389008,-1.1351137161254883,3.1578449124936014e-05,-0.04620613157749176,-1.611471816431731e-05,-0.055070724338293076
7.800127999999859,0.04385683685541153,0.15550556778907776,-0.769081175327301,0.008283567614853382,-0.0823751837015152,-1.1813411712646484,2.5471259505138732e-05,-0.04620257019996643,-3.076418215641752e-05,-0.05508324131369591
7.820289600000251,0.04384532943367958,0.15550152957439423,-0.7819241881370544,0.008290672674775124,-0.08184637874364853,-1.2306873798370361,1.6504203813383356e-05,-0.04620613157749176,-1.0729569112299941e-05,-0.05506085604429245
7.840193299999555,0.043846242129802704,0.15549863874912262,-0.791719913482666,0.00828203372657299,-0.08155087381601334,-1.279181957244873,3.360092159709893e-05,-0.04619189351797104,-2.5937446480384097e-05,-0.0550803542137146
7.8600986999999805,0.04392865672707558,0.1555415838956833,-0.7982890605926514,0.008274171501398087,-0.08139574527740479,-1.3291637897491455,2.982860678457655e-05,-0.04618962109088898,-2.2991416699369438e-05,-0.0550890788435936
7.880352399999538,0.04382956027984619,0.15550164878368378,-0.8028220534324646,0.008235168643295765,-0.08127622306346893,-1.3795232772827148,3.941137038054876e-05,-0.04620591551065445,-1.4781648133066483e-05,-0.05508672818541527
7.9000880000003235,0.043891698122024536,0.1555023193359375,-0.8048065900802612,0.008223745040595531,-0.08122323453426361,-1.4292981624603271,1.1296844604657963e-05,-0.046188727021217346,-1.540151788503863e-05,-0.05508257448673248
7.92007730000023,0.0438091941177845,0.15549519658088684,-0.8052140474319458,0.007836546748876572,-0.0808277279138565,-1.4780150651931763,2.496582419553306e-05,-0.0461936816573143,-1.5501220332225785e-05,-0.05507699400186539
7.9401639999996405,0.043890438973903656,0.15549761056900024,-0.8051986694335938,0.007170177064836025,-0.0788496881723404,-1.524692416191101,2.791962651826907e-05,-0.04618131369352341,-3.981466761615593e-06,-0.055077046155929565
7.960394499999893,0.04389342665672302,0.15553869307041168,-0.805160403251648,0.007173068821430206,-0.05923612415790558,-1.5731379985809326,4.066608380526304e-05,-0.04619171842932701,-2.196051354985684e-06,-0.05506733059883118
7.980481300000065,0.04381270706653595,0.15549154579639435,-0.8051483035087585,0.0069800931960344315,-0.02115873247385025,-1.622205138206482,1.3628147826239001e-05,-0.04619249701499939,-2.960618985525798e-06,-0.05507068708539009
8.000162100000125,0.04384440928697586,0.15556330978870392,-0.8051419854164124,0.006331171840429306,0.030664095655083656,-1.6699401140213013,2.0565854356391355e-05,-0.046188123524188995,-1.0032659702119417e-05,-0.05506834760308266
8.020429399999557,0.04381833225488663,0.15548567473888397,-0.8051462173461914,0.003112891921773553,0.09282675385475159,-1.7180103063583374,3.899436705978587e-05,-0.04620153084397316,-1.0256122550345026e-05,-0.05507190153002739
8.04023049999978,0.04387178644537926,0.15551573038101196,-0.8051104545593262,-0.0037925452925264835,0.15618205070495605,-1.7583352327346802,1.3850816685589962e-05,-0.04618678241968155,-2.8964075681869872e-05,-0.05508533865213394
8.060132800000247,0.043803777545690536,0.15552502870559692,-0.8050743937492371,-0.0071888817474246025,0.21879509091377258,-1.7934017181396484,3.78452314180322e-05,-0.04619850963354111,-1.981457171496004e-05,-0.055076416581869125
8.080088900000192,0.04384074732661247,0.15548580884933472,-0.8049769997596741,-0.00866706669330597,0.2793784737586975,-1.823407530784607,2.860350468836259e-05,-0.04619842767715454,-1.8285372789250687e-06,-0.05507637932896614
8.100069500000245,0.04383647069334984,0.1555079221725464,-0.8048094511032104,-0.008448375388979912,0.33636605739593506,-1.8519319295883179,2.858630432456266e-05,-0.04619412124156952,-1.3599012163467705e-05,-0.05508856847882271
8.120492799999738,0.04382134974002838,0.1555250734090805,-0.8036293983459473,-0.008592033758759499,0.3926078975200653,-1.8784160614013672,3.27954076055903e-05,-0.04618612676858902,-2.4730994482524693e-05,-0.055064521729946136
8.140060400000038,0.043861426413059235,0.15550656616687775,-0.8014256358146667,-0.00922198873013258,0.4469641447067261,-1.8999626636505127,2.580021282483358e-05,-0.04618718847632408,6.678465069853701e-08,-0.05507925897836685
8.160087399999611,0.04384640231728554,0.15549640357494354,-0.7985167503356934,-0.01111656241118908,0.5054296851158142,-1.9185831546783447,5.373037129174918e-05,-0.04620622843503952,-4.442214503797004e-06,-0.05507063865661621
8.18008699999973,0.04384573549032211,0.15549087524414062,-0.7939848899841309,-0.017401471734046936,0.5684777498245239,-1.9333032369613647,3.2599396945443004e-05,-0.04622127115726471,-2.815856169036124e-05,-0.055089324712753296
8.200085299999955,0.04384244605898857,0.15553292632102966,-0.7871923446655273,-0.023659126833081245,0.6352278590202332,-1.9436883926391602,4.2571802623569965e-05,-0.04622727632522583,-9.208264600601979e-06,-0.05507700890302658
8.220068800000263,0.043853484094142914,0.15550850331783295,-0.7775290012359619,-0.025630243122577667,0.7056490182876587,-1.9488909244537354,4.1679460991872475e-05,-0.04621721804141998,-4.772328338731313e-06,-0.055081628262996674
8.240411900000254,0.04383572190999985,0.15555933117866516,-0.7635996341705322,-0.030901290476322174,0.7785853743553162,-1.948080062866211,2.9271861421875656e-05,-0.04617806524038315,-1.4304653632279951e-05,-0.05507653206586838
8.26005559999976,0.04385380446910858,0.15550081431865692,-0.7474080920219421,-0.035802680999040604,0.8491476774215698,-1.9480644464492798,3.594373993109912e-05,-0.04617441073060036,-1.5437672118423507e-05,-0.0550747849047184
8.280104100000244,0.04389273002743721,0.15551741421222687,-0.7273846864700317,-0.040249478071928024,0.9203885793685913,-1.9477994441986084,2.9253300454001874e-05,-0.046174176037311554,-2.631648567330558e-05,-0.055073756724596024
8.300139500000114,0.04390576481819153,0.1555483192205429,-0.7023887634277344,-0.03977925330400467,0.9884592890739441,-1.944556474685669,2.9189957786002196e-05,-0.046192992478609085,-1.2462108315958176e-05,-0.05507837235927582
8.320403599999736,0.04384434223175049,0.15552501380443573,-0.6724494695663452,-0.039752982556819916,1.0541698932647705,-1.9315876960754395,4.0227252611657605e-05,-0.04622034728527069,-2.5335406462545507e-05,-0.05507203936576843
8.340086999999585,0.043815165758132935,0.15550334751605988,-0.640144407749176,-0.03976093977689743,1.1141629219055176,-1.9108995199203491,4.753776374855079e-05,-0.0462220162153244,7.686308549637033e-07,-0.055071666836738586
8.360397999999805,0.043835222721099854,0.15549758076667786,-0.6054385900497437,-0.039722099900245667,1.1717846393585205,-1.885923981666565,4.431043635122478e-05,-0.04625324904918671,-1.8458948034094647e-05,-0.05507468432188034
8.38027080000029,0.0438692532479763,0.15550950169563293,-0.5730668306350708,-0.039693672209978104,1.2223255634307861,-1.8590373992919922,2.091679925797507e-05,-0.04620077461004257,-1.014733970805537e-05,-0.055084384977817535
8.400359700000081,0.043856583535671234,0.15550556778907776,-0.5424073934555054,-0.03969381004571915,1.2666175365447998,-1.828791856765747,3.6681736673926935e-05,-0.04617217183113098,-1.4483453014690895e-05,-0.05507674440741539
8.420180199999777,0.04382158815860748,0.15552397072315216,-0.5153825283050537,-0.039636969566345215,1.303077220916748,-1.7947900295257568,3.285428829258308e-05,-0.04617610573768616,-5.924369816057151e-06,-0.05507522448897362
8.4401356999997,0.043836385011672974,0.15551291406154633,-0.49070143699645996,-0.03962577134370804,1.3326683044433594,-1.7551777362823486,2.906137888203375e-05,-0.046174079179763794,-2.4655821107444353e-05,-0.055100493133068085
8.460190499999953,0.043825648725032806,0.15556930005550385,-0.46677154302597046,-0.039622873067855835,1.3550262451171875,-1.7140949964523315,4.3077969166915864e-05,-0.046195775270462036,-1.554820300952997e-05,-0.05507424473762512
8.480156200000238,0.043864764273166656,0.1554652601480484,-0.4443770945072174,-0.039432037621736526,1.371510624885559,-1.6674091815948486,4.0282928239321336e-05,-0.04623812437057495,-2.0251749447197653e-05,-0.05507557839155197
8.500129400000333,0.04386488348245621,0.15553347766399384,-0.4236275851726532,-0.037832073867321014,1.3826637268066406,-1.6158618927001953,3.6401244869921356e-05,-0.04623038321733475,-1.299319865211146e-05,-0.05507902055978775
8.520047599999998,0.04388388246297836,0.15553078055381775,-0.403238445520401,-0.03446352481842041,1.3886703252792358,-1.5586826801300049,2.9966218789923005e-05,-0.04622553288936615,1.4344525425258325e-06,-0.05507297441363335
8.540396299999884,0.04383619874715805,0.1555401086807251,-0.38360050320625305,-0.03350335359573364,1.3922233581542969,-1.4980785846710205,3.1310981285059825e-05,-0.046175766736269,-4.6774366637691855e-06,-0.055078860372304916
8.560176099999808,0.043887682259082794,0.15548686683177948,-0.3660898208618164,-0.033515527844429016,1.3936530351638794,-1.439130425453186,2.6349782274337485e-05,-0.046176277101039886,-3.0195431463653222e-05,-0.05508448928594589
8.580536599999505,0.04383227229118347,0.15553011000156403,-0.349855899810791,-0.03350920230150223,1.393581748008728,-1.376781940460205,2.5276200176449493e-05,-0.04617337882518768,-2.5612641820771387e-06,-0.05507852882146835
8.600036199999522,0.04383450746536255,0.155521959066391,-0.33464938402175903,-0.033503368496894836,1.3933581113815308,-1.3144147396087646,4.6929202653700486e-05,-0.046200770884752274,-1.8523405742598698e-05,-0.05507568642497063
8.620049399999516,0.04387344792485237,0.15555210411548615,-0.3191310167312622,-0.033353619277477264,1.3932456970214844,-1.2492222785949707,3.8901147490832955e-05,-0.046202994883060455,-1.3122346899763215e-05,-0.055071137845516205
8.640078600000379,0.043907616287469864,0.15552617609500885,-0.30361777544021606,-0.03290120139718056,1.3928698301315308,-1.1855039596557617,2.2210633687791415e-05,-0.04624272882938385,-6.228761776583269e-06,-0.05507684499025345
8.660340899999937,0.043881624937057495,0.1555042564868927,-0.2898830771446228,-0.025154920294880867,1.3903868198394775,-1.1228543519973755,7.306716724997386e-07,-0.0462312251329422,-2.2518701371154748e-05,-0.0550820417702198
8.68052549999993,0.04384660720825195,0.1554839015007019,-0.2790539264678955,-0.013259832747280598,1.3829967975616455,-1.0613389015197754,4.6773955546086654e-05,-0.0462079718708992,-9.060276170202997e-06,-0.05507402494549751
8.700055499999507,0.04385072737932205,0.15551301836967468,-0.27204182744026184,-0.0027096716221421957,1.367319107055664,-1.00465989112854,3.333683707751334e-05,-0.04617451876401901,4.1680191316118e-06,-0.055074695497751236
8.720458699999654,0.04387925565242767,0.15550124645233154,-0.26896652579307556,0.006543072871863842,1.3435006141662598,-0.9509015679359436,3.1018607842270285e-05,-0.046179525554180145,-1.860906013462227e-05,-0.05508233234286308
8.7401547999998,0.04388517513871193,0.15548574924468994,-0.2681753635406494,0.014115395955741405,1.3159408569335938,-0.9049577713012695,2.6050298401969485e-05,-0.04618186131119728,-2.5263878342229873e-05,-0.05506851151585579
8.760200300000179,0.04385310038924217,0.15552133321762085,-0.26818281412124634,0.020397000014781952,1.2867540121078491,-0.8604312539100647,5.023409175919369e-05,-0.046200044453144073,-1.176938894786872e-05,-0.055073149502277374
8.780350299999554,0.04385887831449509,0.15549582242965698,-0.2681768834590912,0.026681698858737946,1.2575055360794067,-0.8123199939727783,3.262123937020078e-05,-0.04619932919740677,-2.0697985746664926e-05,-0.05506665259599686
8.800486000000092,0.04385509341955185,0.1555365025997162,-0.2681833505630493,0.02981998771429062,1.2290089130401611,-0.763911783695221,3.116064181085676e-05,-0.04621463641524315,5.475115358422045e-06,-0.05507563054561615
8.82029969999985,0.04385802149772644,0.15554076433181763,-0.2681795060634613,0.036563973873853683,1.201820969581604,-0.7161816358566284,3.759267201530747e-05,-0.04620622843503952,-3.131970879621804e-05,-0.05507912114262581
8.840162999999848,0.043878160417079926,0.15549814701080322,-0.26816898584365845,0.04072215408086777,1.1747729778289795,-0.6704102754592896,3.88036496588029e-05,-0.046184465289115906,-3.445356560405344e-05,-0.05507117509841919
8.86026419999962,0.04387347772717476,0.15552115440368652,-0.2682010531425476,0.04395906999707222,1.1464362144470215,-0.6264380216598511,4.101599915884435e-05,-0.046182774007320404,-3.411903162486851e-05,-0.05508190393447876
8.88052020000032,0.04384472593665123,0.15551230311393738,-0.26820456981658936,0.04372883588075638,1.117182970046997,-0.5853898525238037,1.6339672583853826e-05,-0.046181485056877136,-1.483023197579314e-06,-0.055082399398088455
8.900077299999793,0.043875083327293396,0.15552133321762085,-0.2682012915611267,0.04364928975701332,1.0883510112762451,-0.5503077507019043,4.161797551205382e-05,-0.04618757218122482,-2.380857949901838e-05,-0.05507194623351097
8.920111100000213,0.04388667270541191,0.1555330753326416,-0.268196702003479,0.043668482452631,1.0571742057800293,-0.5178898572921753,4.005068331025541e-05,-0.04618604853749275,-7.254468073369935e-06,-0.05507439747452736
8.940419700000348,0.04386205971240997,0.1555013805627823,-0.2682609558105469,0.043724264949560165,1.022834062576294,-0.4897911846637726,3.529452078510076e-05,-0.046178143471479416,8.492804681736743e-08,-0.05507350340485573
8.960415499999726,0.04381928965449333,0.15553072094917297,-0.26826220750808716,0.04393131285905838,0.9850530028343201,-0.46745309233665466,2.5670691684354097e-05,-0.04619185999035835,1.0682081665436272e-05,-0.05506430193781853
8.980238199999803,0.0439063236117363,0.15550579130649567,-0.26830387115478516,0.043950848281383514,0.9451318383216858,-0.4484068751335144,1.144007546827197e-05,-0.046212997287511826,-1.8771574104903266e-05,-0.05507420748472214
9.000087899999926,0.04381302371621132,0.15548980236053467,-0.2683301568031311,0.043952785432338715,0.901328980922699,-0.4316714406013489,1.318822705798084e-05,-0.04618298262357712,-1.302992404816905e-05,-0.05507105216383934
9.020087699999749,0.04382389411330223,0.15549592673778534,-0.2683280408382416,0.043965116143226624,0.8542338013648987,-0.41740238666534424,3.302459663245827e-05,-0.04619438946247101,-1.0935080354101956e-05,-0.05507474020123482
9.040077399999973,0.04384008049964905,0.15552420914173126,-0.26840606331825256,0.04411383345723152,0.8055840134620667,-0.4046822786331177,2.744849189184606e-05,-0.04619184136390686,-2.1567801013588905e-05,-0.055078908801078796
9.060368299999936,0.0438273623585701,0.15550117194652557,-0.26842039823532104,0.04444816708564758,0.7561166286468506,-0.39262181520462036,3.8831334677524865e-05,-0.04619234800338745,-1.4698325685458258e-05,-0.05508306249976158
9.080323600000156,0.043857838958501816,0.15551024675369263,-0.26840147376060486,0.04743025079369545,0.7062960863113403,-0.3811447322368622,2.2006657673045993e-05,-0.04619390517473221,-1.636478555155918e-05,-0.055076513439416885
9.100545000000238,0.04380699247121811,0.15553675591945648,-0.26843416690826416,0.0642094686627388,0.6535791158676147,-0.37023237347602844,4.3894993723370135e-05,-0.046200260519981384,-2.6615563911036588e-05,-0.055066365748643875
9.12050679999993,0.043864376842975616,0.15547803044319153,-0.2684013545513153,0.0885101854801178,0.6010483503341675,-0.36174342036247253,2.48919750447385e-05,-0.0461931936442852,-7.894206646597013e-06,-0.0550762414932251
9.140456500000255,0.0438162237405777,0.15547685325145721,-0.26836806535720825,0.11569573730230331,0.549504816532135,-0.3576553761959076,2.6182819055975415e-05,-0.046204425394535065,-1.5089900443854276e-05,-0.055073805153369904
9.160053999999946,0.043859705328941345,0.15553835034370422,-0.2683009207248688,0.1392815113067627,0.5009720325469971,-0.35640934109687805,4.09293788834475e-05,-0.04619733244180679,-1.102655915019568e-05,-0.05508118122816086
9.180412400000023,0.04389073699712753,0.15554089844226837,-0.26827967166900635,0.15727409720420837,0.45428478717803955,-0.35642683506011963,2.7491532819112763e-05,-0.0461985245347023,-1.9945531676057726e-05,-0.05508528649806976
9.200244900000143,0.04386129230260849,0.1555205136537552,-0.268180251121521,0.16865654289722443,0.41274526715278625,-0.35648083686828613,2.5922096028807573e-05,-0.04618792235851288,-2.5683086278149858e-05,-0.05507251247763634
9.220318099999531,0.043885454535484314,0.15554064512252808,-0.2681167721748352,0.17533443868160248,0.3739088177680969,-0.3564809262752533,1.348036039416911e-05,-0.04618607461452484,-1.1581385479075834e-05,-0.05506855249404907
9.240385099999912,0.04387037456035614,0.15551944077014923,-0.26802951097488403,0.1735033094882965,0.3385279178619385,-0.3565395176410675,1.4643125723523553e-05,-0.04618328437209129,-4.42221107732621e-07,-0.05506809800863266
9.260457600000336,0.04386814311146736,0.1555590182542801,-0.2678585648536682,0.17499196529388428,0.30695992708206177,-0.35661280155181885,3.9880163967609406e-05,-0.04620206356048584,-2.011071592278313e-05,-0.05507408082485199
9.280139899999995,0.043860550969839096,0.15546706318855286,-0.26785576343536377,0.17475873231887817,0.2793111503124237,-0.3566588759422302,3.371542698005214e-05,-0.04620499163866043,-2.067983223241754e-05,-0.05508388951420784
9.300183299999844,0.04385001212358475,0.15548543632030487,-0.2678490877151489,0.174699604511261,0.2555656433105469,-0.35671284794807434,2.5277402528445236e-05,-0.046203598380088806,-1.6164562111953273e-05,-0.05508403852581978
9.320167300000321,0.04386809095740318,0.15553057193756104,-0.26772838830947876,0.1747371107339859,0.2364795207977295,-0.35674387216567993,2.9243426979519427e-05,-0.04620646312832832,-2.688179665710777e-05,-0.05507289245724678
9.340374299999894,0.0439031720161438,0.1554807871580124,-0.26763463020324707,0.1747319996356964,0.22077162563800812,-0.35674312710762024,2.502335701137781e-05,-0.046187613159418106,-1.1007106877514161e-05,-0.05508012697100639
9.360079400000359,0.04385588690638542,0.1554996371269226,-0.26742029190063477,0.17472590506076813,0.20794546604156494,-0.35673201084136963,3.8592399505432695e-05,-0.046178288757801056,1.6193686178667122e-06,-0.05507949739694595
9.38048710000021,0.04384303092956543,0.15554305911064148,-0.26728594303131104,0.17472754418849945,0.19676515460014343,-0.3567526936531067,3.701350215123966e-05,-0.04617643728852272,-5.408361630543368e-06,-0.055066078901290894
9.400505900000098,0.04384665936231613,0.15547770261764526,-0.2671928405761719,0.17473164200782776,0.18806308507919312,-0.3567478358745575,3.774539436562918e-05,-0.04618936777114868,-2.625866181915626e-05,-0.05507146567106247
9.420219999999972,0.043824631720781326,0.15554262697696686,-0.2669260501861572,0.17472779750823975,0.18115445971488953,-0.35673123598098755,2.1291094526532106e-05,-0.04619572311639786,-1.7464299162384123e-07,-0.055077508091926575
9.440500499999871,0.043822936713695526,0.15552857518196106,-0.2657335698604584,0.17473086714744568,0.17507056891918182,-0.3567315638065338,3.9446338632842526e-05,-0.0462215431034565,-5.788485395896714e-06,-0.05508032441139221
9.4600403000004,0.043830931186676025,0.15551261603832245,-0.2612065374851227,0.17473897337913513,0.17286750674247742,-0.3567277193069458,3.5891105653718114e-05,-0.046214308589696884,-1.9907569367205724e-05,-0.055068232119083405
9.480081099999552,0.043852802366018295,0.15554136037826538,-0.25287866592407227,0.1747218370437622,0.17049792408943176,-0.35673844814300537,1.8184789951192215e-05,-0.04618988186120987,-7.046864993753843e-06,-0.055076684802770615
9.500358199999937,0.043827123939991,0.15553292632102966,-0.24341748654842377,0.17469331622123718,0.16767045855522156,-0.3567954897880554,5.021078686695546e-05,-0.0461769700050354,-2.117613985319622e-05,-0.05507780238986015
9.520061999999598,0.04383605718612671,0.15550631284713745,-0.23587630689144135,0.17469920217990875,0.16840508580207825,-0.35680362582206726,3.3503871236462146e-05,-0.04617856815457344,-5.775009412900545e-06,-0.05506645515561104
9.540162299999793,0.0439114086329937,0.15547722578048706,-0.23059040307998657,0.17464816570281982,0.16838037967681885,-0.3568211793899536,2.7139329176861793e-05,-0.04619155079126358,-1.1850323062390089e-05,-0.05507073923945427
9.560311500000353,0.04383757710456848,0.15549638867378235,-0.22836214303970337,0.1745886355638504,0.16836312413215637,-0.3568041920661926,2.5817098503466696e-05,-0.0461994931101799,-1.140989115810953e-05,-0.0550801157951355
9.580667600000197,0.04383726045489311,0.15550780296325684,-0.22839108109474182,0.17459003627300262,0.1683751940727234,-0.3568585515022278,2.7562567993300036e-05,-0.04619620367884636,-1.213075483974535e-05,-0.05507814139127731
9.600534299999708,0.04384847730398178,0.15554533898830414,-0.2283785492181778,0.17457780241966248,0.16837313771247864,-0.35687607526779175,1.5144464668992441e-05,-0.046210676431655884,-1.1449323210399598e-05,-0.055090855807065964
9.620533199999954,0.04389786720275879,0.15551598370075226,-0.2283475250005722,0.1745852530002594,0.16836267709732056,-0.35685354471206665,2.2042495402274653e-05,-0.046202048659324646,-1.4110548363532871e-05,-0.055080510675907135
9.640496199999689,0.04382769390940666,0.15552125871181488,-0.22835688292980194,0.17458918690681458,0.16838064789772034,-0.356864869594574,3.8845842937007546e-05,-0.04619167745113373,-1.593173510627821e-05,-0.05507029592990875
9.660356600000341,0.04384491965174675,0.15553045272827148,-0.22836068272590637,0.17458397150039673,0.16838422417640686,-0.35686957836151123,1.6156143828993663e-05,-0.04618506878614426,-7.164717317209579e-06,-0.055090684443712234
9.680200300000251,0.04383379966020584,0.1555229127407074,-0.22835075855255127,0.17457424104213715,0.1683645099401474,-0.3568682372570038,2.3066764697432518e-05,-0.0462089404463768,-1.4373008525581099e-05,-0.05506596714258194
9.700524900000346,0.04382487013936043,0.15554779767990112,-0.22835247218608856,0.17459014058113098,0.16837310791015625,-0.35686808824539185,1.851260822149925e-05,-0.046186793595552444,-5.181706910661887e-06,-0.055074822157621384
9.720481299999847,0.04387139901518822,0.15548460185527802,-0.22836440801620483,0.1745908111333847,0.16837820410728455,-0.3568648099899292,3.357194873387925e-05,-0.046197354793548584,-3.6875513615086675e-05,-0.055073633790016174
9.740226599999914,0.04389732703566551,0.15549138188362122,-0.228349506855011,0.17457830905914307,0.16837486624717712,-0.3568773567676544,2.672194932529237e-05,-0.04621221497654915,-1.94880849448964e-05,-0.055061038583517075
9.760194700000284,0.04386083781719208,0.15552236139774323,-0.2283431887626648,0.17458978295326233,0.1683782935142517,-0.3568691611289978,1.8514218027121387e-05,-0.04620063304901123,-1.0615676728775725e-06,-0.0550837516784668
9.780050800000026,0.04387873783707619,0.15552939474582672,-0.22835223376750946,0.17457658052444458,0.16840511560440063,-0.35686981678009033,3.616044341470115e-05,-0.04618477821350098,-1.7476144421380013e-05,-0.0550815723836422
9.80003620000025,0.04384499043226242,0.15548187494277954,-0.228339284658432,0.17457491159439087,0.16838324069976807,-0.3568647503852844,2.1374249627115205e-05,-0.04618334770202637,-1.4769857443752699e-05,-0.05508064851164818
9.820523000000321,0.04384937882423401,0.15552504360675812,-0.22833546996116638,0.17455247044563293,0.1683650016784668,-0.356861412525177,1.8653361621545628e-05,-0.04620093107223511,-3.516190190566704e-05,-0.05507110804319382
9.84037619999981,0.04383038356900215,0.15556129813194275,-0.228358656167984,0.17454271018505096,0.16838881373405457,-0.3568629026412964,3.1401083106175065e-05,-0.04620692878961563,-1.7987207684200257e-05,-0.05509296432137489
9.860038400000121,0.04386365786194801,0.15554113686084747,-0.22836507856845856,0.1745477020740509,0.16839125752449036,-0.3568599224090576,3.55322117684409e-05,-0.04619830101728439,-5.3252329053066205e-06,-0.055074770003557205
9.880154000000402,0.043839871883392334,0.15554912388324738,-0.22834888100624084,0.17456179857254028,0.16841310262680054,-0.35685962438583374,2.8660586394835263e-05,-0.04618934914469719,-2.1245559764793143e-05,-0.05507207289338112
9.900468799999544,0.04388173297047615,0.1555311530828476,-0.22834628820419312,0.1745675653219223,0.16837641596794128,-0.3568685054779053,3.998410466010682e-05,-0.04619009047746658,-1.9579360014176928e-05,-0.055071160197257996
9.920489299999645,0.04382782056927681,0.15551882982254028,-0.2283376008272171,0.17455285787582397,0.1683795303106308,-0.3568685054779053,2.845100243575871e-05,-0.04620613157749176,-1.245067051058868e-05,-0.05506656691431999
9.94035199999962,0.04386885464191437,0.1555015593767166,-0.22833870351314545,0.17455071210861206,0.16837936639785767,-0.35684606432914734,4.4187327148392797e-05,-0.04618389159440994,-1.065782180376118e-05,-0.05507185682654381
9.960301600000093,0.043819647282361984,0.15550512075424194,-0.22832231223583221,0.17457762360572815,0.16838733851909637,-0.3568603992462158,2.7560747184907086e-05,-0.046177517622709274,-3.6455169265536824e-06,-0.05507444590330124
9.980140499999834,0.043815359473228455,0.1554962545633316,-0.2282862365245819,0.17457401752471924,0.16840815544128418,-0.3568428158760071,4.400188845465891e-05,-0.04618878290057182,-8.838051144266501e-07,-0.055081531405448914
10.000443900000391,0.04385979473590851,0.15550999343395233,-0.22814632952213287,0.1745673567056656,0.16838426887989044,-0.356845498085022,4.634898868971504e-05,-0.04619097337126732,2.2832346076029353e-06,-0.05507964640855789
10.020060599999852,0.0438106469810009,0.15551815927028656,-0.22777995467185974,0.17456234991550446,0.16838766634464264,-0.35685575008392334,3.0403203709283844e-05,-0.046195000410079956,-5.778152171842521e-06,-0.055070582777261734
10.04034799999954,0.04383391886949539,0.1555013209581375,-0.22747112810611725,0.174556165933609,0.1683844029903412,-0.35684943199157715,2.9391332645900548e-05,-0.046189986169338226,-7.59855856813374e-06,-0.05509284511208534
10.060477199999696,0.04386329650878906,0.15550242364406586,-0.2273729145526886,0.17455561459064484,0.1683657467365265,-0.3568331003189087,2.0322544514783658e-05,-0.04618280753493309,-1.4048333468963392e-05,-0.055072080343961716
10.08051129999967,0.0438506081700325,0.15557636320590973,-0.22727589309215546,0.17457324266433716,0.16838204860687256,-0.3568410873413086,4.250106212566607e-05,-0.04618813842535019,-3.6348545108921826e-05,-0.05506884306669235
10.100036499999987,0.04387478157877922,0.1555519551038742,-0.22706103324890137,0.17457319796085358,0.16841238737106323,-0.35684919357299805,1.903896736621391e-05,-0.046182308346033096,-1.7396766907040728e-06,-0.055071692913770676
10.120161099999677,0.0438615120947361,0.15551064908504486,-0.22671569883823395,0.17456360161304474,0.1684112250804901,-0.3568473160266876,2.0967072487110272e-05,-0.04618825763463974,-4.696285486716079e-06,-0.055071327835321426
10.140260000000126,0.04383353888988495,0.1555205136537552,-0.22643016278743744,0.17456023395061493,0.16838635504245758,-0.3568020462989807,2.309888986928854e-05,-0.04619213566184044,-1.4732754607393872e-05,-0.05507420375943184
10.160315999999511,0.043874867260456085,0.15554504096508026,-0.2257268875837326,0.1745549738407135,0.16839155554771423,-0.35676491260528564,2.963340921269264e-05,-0.04617939889431,-1.4401914086192846e-05,-0.055076614022254944
10.180131699999947,0.04382425546646118,0.15552367269992828,-0.22294124960899353,0.1745476871728897,0.16839514672756195,-0.3567962348461151,3.4054744901368394e-05,-0.04619094729423523,-1.7342121282126755e-05,-0.055067263543605804
10.20018119999986,0.04385549575090408,0.1555328667163849,-0.2184244841337204,0.17454391717910767,0.16837018728256226,-0.3568044900894165,2.044622306129895e-05,-0.046195704489946365,-1.4660618035122752e-05,-0.0550747774541378
10.220496199999616,0.04386839270591736,0.15550954639911652,-0.2125202715396881,0.17456409335136414,0.16837318241596222,-0.35680508613586426,1.8537979485699907e-05,-0.04618518799543381,-2.1239682610030286e-05,-0.05506611242890358
10.240470699999605,0.0438748300075531,0.15550273656845093,-0.20600995421409607,0.17456722259521484,0.16839289665222168,-0.3568098247051239,1.6298741684295237e-05,-0.04618050530552864,-2.3579794287797995e-05,-0.055075038224458694
10.260500899999897,0.043900106102228165,0.15549829602241516,-0.1999971568584442,0.1745663583278656,0.16839253902435303,-0.3568035364151001,2.9556707886513323e-05,-0.04620153829455376,-8.494561370753217e-06,-0.05507553368806839
10.28019310000036,0.04390063136816025,0.15549635887145996,-0.19376656413078308,0.1745726615190506,0.16837158799171448,-0.35683339834213257,2.8975737222936004e-05,-0.046191565692424774,-2.3235366825247183e-05,-0.05507398396730423
10.300259399999959,0.04383084923028946,0.15554125607013702,-0.18760693073272705,0.1745699942111969,0.16841024160385132,-0.3568560481071472,3.8639922422589734e-05,-0.046177275478839874,-2.0860083168372512e-05,-0.05506911873817444
10.320257700000184,0.04390479996800423,0.15552540123462677,-0.1829811930656433,0.17457273602485657,0.16838103532791138,-0.35684821009635925,2.807412965921685e-05,-0.04618426039814949,-2.1550789824686944e-05,-0.05507238209247589
10.340111399999842,0.04386914521455765,0.15556207299232483,-0.17909091711044312,0.17454832792282104,0.16839708387851715,-0.35687005519866943,3.1010928069008514e-05,-0.046203404664993286,-2.6950074243359268e-05,-0.055078960955142975
10.36012109999956,0.04383397847414017,0.1555016189813614,-0.17775723338127136,0.17457443475723267,0.16840830445289612,-0.35686445236206055,3.370526974322274e-05,-0.04618103802204132,4.195747806079453e-06,-0.055078133940696716
10.380128499999955,0.043874673545360565,0.15552864968776703,-0.17697668075561523,0.17456915974617004,0.16840064525604248,-0.3568580150604248,3.079217640333809e-05,-0.0462014302611351,-2.0618275812012143e-05,-0.05506926402449608
10.400524300000143,0.04384501650929451,0.15551073849201202,-0.17661243677139282,0.17456871271133423,0.16838207840919495,-0.35686057806015015,1.886755126179196e-05,-0.046201348304748535,-1.6566038539167494e-05,-0.05505821481347084
10.42053130000022,0.04384263977408409,0.1555275321006775,-0.17612028121948242,0.174566850066185,0.16838157176971436,-0.3568553924560547,2.043314634647686e-05,-0.04619363695383072,-1.9199371308786795e-05,-0.055071670562028885
10.44050210000023,0.04391246289014816,0.15553677082061768,-0.17464207112789154,0.17456772923469543,0.16839319467544556,-0.35686424374580383,3.17981030093506e-05,-0.04619979113340378,-1.1650209671643097e-05,-0.05508001521229744
10.460285299999668,0.04388397932052612,0.15554377436637878,-0.17362335324287415,0.1745590716600418,0.1683984100818634,-0.3568364381790161,2.0781506464118138e-05,-0.046193722635507584,-1.330411214439664e-05,-0.055068355053663254
10.480505900000026,0.04385589063167572,0.1555176079273224,-0.173624649643898,0.17456978559494019,0.1683930605649948,-0.35685157775878906,3.6703007936012e-05,-0.04618827998638153,-1.861376586020924e-05,-0.05508303642272949
10.500052200000027,0.043855540454387665,0.15551359951496124,-0.17362217605113983,0.17455816268920898,0.16839075088500977,-0.35685867071151733,3.441333683440462e-05,-0.046199098229408264,-1.2965214409632608e-05,-0.055079538375139236
10.520474599999943,0.04384014382958412,0.15550988912582397,-0.17362895607948303,0.1745818555355072,0.16840757429599762,-0.35685500502586365,3.7064288335386664e-05,-0.04621327668428421,-8.187643288692925e-06,-0.055071230977773666
10.54042870000012,0.04385098069906235,0.15548738837242126,-0.17362019419670105,0.1745678037405014,0.1684059500694275,-0.35685551166534424,2.9247919883346185e-05,-0.04620995745062828,-9.245386536349542e-06,-0.05508706718683243
10.560498099999677,0.043893471360206604,0.15554389357566833,-0.17360222339630127,0.17456765472888947,0.1683892011642456,-0.3568519651889801,2.934312760771718e-05,-0.04618687182664871,-2.252550439152401e-05,-0.055077552795410156
10.580271599999833,0.04385559633374214,0.155568465590477,-0.17361077666282654,0.1745685636997223,0.16838842630386353,-0.35685646533966064,3.120600013062358e-05,-0.04618271440267563,-1.3485442650562618e-05,-0.05507534369826317
10.600502999999662,0.04384683072566986,0.15548931062221527,-0.17361465096473694,0.17457500100135803,0.16841411590576172,-0.3568500280380249,2.616970959934406e-05,-0.04619569331407547,-8.659478226036299e-06,-0.0550638847053051
10.620490600000267,0.04389704018831253,0.15551626682281494,-0.17360377311706543,0.17456714808940887,0.16840387880802155,-0.356831431388855,4.0991177229443565e-05,-0.04618624225258827,-8.92871139512863e-06,-0.05506628751754761
10.640520099999776,0.043845243752002716,0.15555274486541748,-0.1735915243625641,0.1745801866054535,0.16840076446533203,-0.35680216550827026,4.008693576906808e-05,-0.04618901014328003,-8.692283699929249e-06,-0.05506908521056175
10.660514899999725,0.043869443237781525,0.1554976999759674,-0.1733565330505371,0.17452934384346008,0.16842235624790192,-0.3567979633808136,1.1938236639252864e-05,-0.04618847370147705,-2.5059530344151426e-06,-0.05507790669798851
10.680362299999615,0.04389456287026405,0.1555146723985672,-0.17242273688316345,0.17455026507377625,0.16843801736831665,-0.35679906606674194,3.30924303852953e-05,-0.046189092099666595,-1.5272853488568217e-05,-0.05507708713412285
10.700408400000015,0.04387063533067703,0.1555197536945343,-0.17110219597816467,0.1743840128183365,0.16841840744018555,-0.3567960858345032,4.048074333695695e-05,-0.046211905777454376,-1.3551112715504132e-05,-0.05506949499249458
10.720137700000123,0.04385930299758911,0.15551282465457916,-0.16963884234428406,0.17403176426887512,0.1684083640575409,-0.3567980229854584,3.958819434046745e-05,-0.046198226511478424,-1.413076461176388e-05,-0.05507102608680725
10.74013339999965,0.04390003904700279,0.15549899637699127,-0.16437844932079315,0.1710611879825592,0.1684522032737732,-0.3567904233932495,3.894871406373568e-05,-0.046191342175006866,-2.540902823966462e-05,-0.05507733300328255
10.760425800000121,0.04385949671268463,0.1555585265159607,-0.1541144698858261,0.1621364951133728,0.16850242018699646,-0.3567826747894287,3.3436648664064705e-05,-0.04618851840496063,-3.4878914902947145e-06,-0.055078983306884766
10.780290400000013,0.04380744695663452,0.15553011000156403,-0.14044418931007385,0.15134882926940918,0.16940152645111084,-0.3567955195903778,3.666674456326291e-05,-0.046211063861846924,-7.732691301498562e-06,-0.05507315695285797
10.800480900000366,0.04383644089102745,0.15554000437259674,-0.1277347207069397,0.14327377080917358,0.16922254860401154,-0.35678547620773315,3.3990647352766246e-05,-0.04620126634836197,-1.2337482075963635e-05,-0.05507437139749527
10.820045399999799,0.04387461394071579,0.15551219880580902,-0.11847106367349625,0.1357751488685608,0.16914662718772888,-0.35681992769241333,4.1010855056811124e-05,-0.04620346799492836,-6.299637334450381e-06,-0.05507908761501312
10.840437199999542,0.04388327896595001,0.1555207371711731,-0.11208801716566086,0.12796908617019653,0.16920173168182373,-0.3568155765533447,3.694208862725645e-05,-0.04618288576602936,-1.2214309208502527e-05,-0.055073678493499756
10.860296500000004,0.04381484538316727,0.15550115704536438,-0.10770716518163681,0.12324902415275574,0.1692621409893036,-0.3567783534526825,1.6583659089519642e-05,-0.046174854040145874,-1.2683541172009427e-05,-0.055077292025089264
10.880674099999851,0.04384741187095642,0.15554463863372803,-0.10354045033454895,0.11630997806787491,0.1692754626274109,-0.3567928373813629,2.186671190429479e-05,-0.046192143112421036,8.452491783828009e-06,-0.05507422238588333
10.900518100000227,0.04383736476302147,0.15556319057941437,-0.09637147933244705,0.1072666123509407,0.1692865490913391,-0.35677069425582886,3.8583479181397706e-05,-0.0461924783885479,-4.377660843601916e-06,-0.05507374554872513
10.920076100000188,0.043852441012859344,0.1555553823709488,-0.08522898703813553,0.09698432683944702,0.16926950216293335,-0.356767475605011,2.419749398541171e-05,-0.046201035380363464,-2.0925497665302828e-05,-0.05507735535502434
10.94039520000024,0.04384155198931694,0.15551088750362396,-0.07047653943300247,0.08725066483020782,0.16923204064369202,-0.3567638397216797,2.6865182007895783e-05,-0.046225953847169876,-2.6721345420810394e-05,-0.05506986752152443
10.960455700000239,0.04386845976114273,0.15552443265914917,-0.056065235286951065,0.08096501231193542,0.1691952347755432,-0.356795072555542,1.84087020898005e-05,-0.046185046434402466,-2.579705324023962e-06,-0.055087532848119736
10.980512600000111,0.043891534209251404,0.1555248498916626,-0.044272735714912415,0.07546438276767731,0.16922447085380554,-0.3568010926246643,4.337897917139344e-05,-0.04617864266037941,9.573947863827925e-06,-0.05506806820631027
11.00033220000023,0.04387050122022629,0.15552641451358795,-0.03498554974794388,0.07300595939159393,0.16920042037963867,-0.3567959666252136,3.5704011679627e-05,-0.046189457178115845,1.0177171134273522e-05,-0.05507151782512665
11.020469799999773,0.043861135840415955,0.15553827583789825,-0.02756924368441105,0.0662534087896347,0.1692914068698883,-0.3567834496498108,2.3958858946571127e-05,-0.04618675634264946,-2.0646690245484933e-05,-0.05507710576057434
11.040459199999532,0.04387292638421059,0.1555381417274475,-0.021279824897646904,0.05869816616177559,0.1692795306444168,-0.3567734956741333,3.351704799570143e-05,-0.046199291944503784,-1.8266120605403557e-05,-0.055074919015169144
11.060591800000111,0.04383113980293274,0.15550950169563293,-0.014881053939461708,0.05067184194922447,0.16922718286514282,-0.3567938208580017,1.7012373064062558e-05,-0.046192675828933716,-1.628783138585277e-05,-0.055074866861104965
11.080509800000073,0.043877679854631424,0.15549136698246002,-0.007619902025908232,0.04434194415807724,0.1692298799753189,-0.35679683089256287,3.934971755370498e-05,-0.04618866741657257,7.394489784928737e-07,-0.05508170649409294
11.100207899999987,0.04381101578474045,0.15551894903182983,0.00010465685772942379,0.03876592218875885,0.16922372579574585,-0.35678786039352417,3.8817237509647384e-05,-0.04620947688817978,-1.3083288649795577e-05,-0.0550643615424633
11.12037059999966,0.04385106638073921,0.15552197396755219,0.007939535193145275,0.03918735682964325,0.16920843720436096,-0.3567902743816376,3.500836464809254e-05,-0.04618368297815323,-1.620610782993026e-05,-0.05507157742977142
11.140537999999651,0.04386419430375099,0.15552352368831635,0.015868118032813072,0.03881564363837242,0.16927602887153625,-0.35677799582481384,3.753790952032432e-05,-0.04619280993938446,-2.305437192262616e-05,-0.05507323145866394
11.160116500000186,0.04386378079652786,0.15549196302890778,0.02335701510310173,0.03880593925714493,0.16926300525665283,-0.35679495334625244,2.421140015940182e-05,-0.046186961233615875,-2.063821375486441e-05,-0.055091213434934616
11.18050889999995,0.04390276223421097,0.15556791424751282,0.02931911125779152,0.03880155086517334,0.16921988129615784,-0.35678786039352417,3.7281330151017755e-05,-0.046198729425668716,-1.3444159776554443e-05,-0.055088359862565994
11.200278000000253,0.04382409527897835,0.1555265486240387,0.03209129720926285,0.03883397951722145,0.16924023628234863,-0.3567875027656555,3.156410821247846e-05,-0.04617739096283913,-1.2399106708471663e-05,-0.0550791397690773
11.220214199999646,0.043845824897289276,0.155474454164505,0.03211861103773117,0.03895308077335358,0.16926166415214539,-0.35679376125335693,3.4127122489735484e-05,-0.04618929699063301,-2.1525705960812047e-05,-0.05507935583591461
11.240504999999757,0.04388388618826866,0.15549995005130768,0.03210708498954773,0.03908825293183327,0.16924530267715454,-0.35676950216293335,3.2420619390904903e-05,-0.04619897902011871,-1.1790146345447283e-05,-0.05506729707121849
11.260524899999837,0.043813299387693405,0.15552392601966858,0.03211798891425133,0.03920885920524597,0.16924390196800232,-0.3567899465560913,1.886414065666031e-05,-0.046186938881874084,-2.240931280539371e-05,-0.05507200211286545
11.280232199999773,0.04385845363140106,0.15548638999462128,0.03215406835079193,0.039235204458236694,0.1692257523536682,-0.3567955493927002,2.8247523005120456e-05,-0.04620245099067688,-8.019094821065664e-06,-0.05507136508822441
11.30049450000024,0.04386531561613083,0.15553481876850128,0.03216075152158737,0.039256684482097626,0.1692121922969818,-0.356786847114563,2.9666005502804182e-05,-0.0462062731385231,-1.992147008422762e-05,-0.05508051812648773
11.320186799999647,0.043888822197914124,0.15549783408641815,0.03215303272008896,0.03924538940191269,0.16920828819274902,-0.3567873239517212,2.9609496777993627e-05,-0.04618952423334122,-2.0335644876467995e-05,-0.05507112666964531
11.340486400000373,0.043862149119377136,0.15548822283744812,0.03214211389422417,0.03924764320254326,0.16922658681869507,-0.3567710518836975,3.791955532506108e-05,-0.04620902240276337,-1.1566127795958892e-05,-0.05508045852184296
11.360075999999935,0.043846823275089264,0.1555326133966446,0.03212524205446243,0.039238929748535156,0.16921913623809814,-0.356781542301178,2.171050255128648e-05,-0.046190060675144196,-2.229312485724222e-06,-0.05506500229239464
11.380107599999974,0.043814241886138916,0.155528724193573,0.032119106501340866,0.03920673578977585,0.16922038793563843,-0.3567894399166107,3.3890311897266656e-05,-0.04618522524833679,-1.0510579159017652e-05,-0.05507921054959297
11.40020000000004,0.04384186863899231,0.1555483043193817,0.03210289776325226,0.039153434336185455,0.16921108961105347,-0.35679107904434204,2.8199630833114497e-05,-0.046192727982997894,-1.9850329408654943e-05,-0.05507434159517288
11.42040309999993,0.04382839798927307,0.15554001927375793,0.032097481191158295,0.039134688675403595,0.1692226231098175,-0.356792151927948,1.0260507224302273e-05,-0.04618727043271065,-2.2433585399994627e-05,-0.05507292225956917
11.440211299999646,0.043868206441402435,0.1555316299200058,0.03206862881779671,0.03910904377698898,0.16923728585243225,-0.3567960858345032,4.545301271718927e-05,-0.046186305582523346,2.636589215398999e-06,-0.055084243416786194
11.460354699999698,0.04387100785970688,0.1554948389530182,0.03206051513552666,0.03909415751695633,0.1692395955324173,-0.35679733753204346,4.015190643258393e-05,-0.04618914797902107,-2.881019327105605e-06,-0.05507243797183037
11.480251299999509,0.04387623816728592,0.15550661087036133,0.03207406401634216,0.039097703993320465,0.1692381501197815,-0.3567882180213928,2.6249554139212705e-05,-0.04618573933839798,-2.0117531676078215e-05,-0.05508652701973915
11.500275499999589,0.04386664181947708,0.1554802507162094,0.03209025785326958,0.03912585973739624,0.16924409568309784,-0.35678964853286743,3.647972334874794e-05,-0.04619908332824707,-1.898949449241627e-05,-0.05507165566086769
11.520200899999509,0.04385659843683243,0.15552139282226562,0.03207618370652199,0.03914762660861015,0.16922777891159058,-0.35678088665008545,2.4476012185914442e-05,-0.0461905263364315,-2.4375727662118152e-05,-0.05507165566086769
11.540440900000249,0.04382437467575073,0.1555110216140747,0.03208573907613754,0.039170533418655396,0.1692482829093933,-0.35678690671920776,2.4833696443238296e-05,-0.0461881048977375,-5.112671260576462e-06,-0.05507805198431015
11.560458400000243,0.04387405887246132,0.15553966164588928,0.032095979899168015,0.03917386755347252,0.16921280324459076,-0.3568000793457031,3.025842124770861e-05,-0.04620291665196419,-3.1515073715127073e-06,-0.055071935057640076
11.580337999999756,0.04385102167725563,0.15550349652767181,0.03210349380970001,0.039190322160720825,0.1692110300064087,-0.35679861903190613,2.8138536436017603e-05,-0.04618419334292412,-1.7622225641389377e-05,-0.05507379397749901
11.600232699999651,0.04383503645658493,0.15552668273448944,0.03210941329598427,0.03918151557445526,0.16921654343605042,-0.35678648948669434,3.0600069294450805e-05,-0.046201400458812714,2.6058974071929697e-06,-0.0550832599401474
11.620251399999688,0.04381552338600159,0.1555173397064209,0.0321064218878746,0.03917767107486725,0.1692245900630951,-0.356789767742157,7.92633363744244e-06,-0.04620213061571121,-2.5236948204110377e-05,-0.055065564811229706
11.640271100000064,0.043809883296489716,0.1554875522851944,0.03211823105812073,0.03915247321128845,0.16923043131828308,-0.3567776083946228,2.237897388113197e-05,-0.046183787286281586,-8.942422937252559e-06,-0.05507371947169304
11.66042600000037,0.04387235641479492,0.15547782182693481,0.03212416172027588,0.03914223611354828,0.1692279875278473,-0.3567924499511719,1.0130613190995064e-05,-0.046198226511478424,-8.52977973408997e-06,-0.055079471319913864
11.680183800000123,0.04386439174413681,0.15554048120975494,0.03210742771625519,0.03912884742021561,0.16921398043632507,-0.3567809462547302,3.173425648128614e-05,-0.04618377238512039,-1.6903504729270935e-05,-0.055077582597732544
11.70030510000015,0.04384952038526535,0.1555216908454895,0.03209887444972992,0.03913752734661102,0.16922008991241455,-0.35678696632385254,2.6903066100203432e-05,-0.04619926959276199,-2.5133491362794302e-05,-0.05507219210267067
11.720024000000194,0.04383961856365204,0.1555340737104416,0.03208167105913162,0.03911607339978218,0.1692316234111786,-0.3567940890789032,2.2777117919758894e-05,-0.046205878257751465,-3.6358060242491774e-06,-0.05507870391011238
11.740043300000252,0.04381159693002701,0.15553542971611023,0.03209563344717026,0.03914271295070648,0.16923251748085022,-0.35679197311401367,3.686991840368137e-05,-0.04620422422885895,-1.158481518359622e-05,-0.05506562441587448
11.760440400000334,0.043871451169252396,0.1554826945066452,0.032081857323646545,0.039141349494457245,0.16924628615379333,-0.3567907214164734,3.6394842027220875e-05,-0.04618820175528526,-1.5413967048516497e-05,-0.055077388882637024
11.780379599999833,0.04384266212582588,0.1554824858903885,0.03209486976265907,0.0391579270362854,0.16922590136528015,-0.3567909598350525,3.9472208300139755e-05,-0.0461934432387352,-1.6783284081611782e-05,-0.055078502744436264
11.800483600000007,0.04385800659656525,0.15554137527942657,0.03207188844680786,0.03918038308620453,0.16921614110469818,-0.3567945957183838,3.155454760417342e-05,-0.04620780795812607,-1.2561904441099614e-05,-0.055080901831388474
11.82050100000015,0.043891556560993195,0.15550602972507477,0.03208174183964729,0.03916706144809723,0.16921725869178772,-0.3567934036254883,3.142241621389985e-05,-0.04618804156780243,-1.8785494830808602e-05,-0.05507950112223625
11.840315499999633,0.04385413974523544,0.15552037954330444,0.03209499269723892,0.03915660083293915,0.1692078709602356,-0.35679373145103455,2.8574593670782633e-05,-0.04618877172470093,-1.1039546734536998e-05,-0.055076297372579575
11.860368499999822,0.04384004324674606,0.1554824858903885,0.032085731625556946,0.039181556552648544,0.16923165321350098,-0.3567945063114166,2.823471550073009e-05,-0.04617850109934807,-1.8934959371108562e-05,-0.055071890354156494
11.88017839999975,0.043843600898981094,0.15552988648414612,0.03209700435400009,0.03915872797369957,0.16923978924751282,-0.3567962348461151,2.397333810222335e-05,-0.046194493770599365,8.142294063873123e-06,-0.05507364496588707
11.900503400000161,0.04388711601495743,0.15550337731838226,0.03212188184261322,0.039133220911026,0.1692385971546173,-0.3567935824394226,3.1935494916979223e-05,-0.04619428142905235,-1.6322021110681817e-05,-0.055078815668821335
11.92028879999998,0.0438428670167923,0.15553061664104462,0.032106928527355194,0.03912712261080742,0.16923697292804718,-0.3567947745323181,3.8684367609675974e-05,-0.046198904514312744,-1.3847613445250317e-05,-0.05508450046181679
11.940383399999519,0.043871499598026276,0.15551258623600006,0.03211075812578201,0.03913596272468567,0.16922391951084137,-0.3567909300327301,2.271040648338385e-05,-0.04619015008211136,-2.1635541997966357e-05,-0.055080313235521317
11.96004929999981,0.043849196285009384,0.15553927421569824,0.03209884464740753,0.03913799673318863,0.16923370957374573,-0.3567759394645691,1.1210237971681636e-05,-0.046194761991500854,-1.0773339454317465e-05,-0.055063534528017044
11.980348500000218,0.04386436194181442,0.1554734855890274,0.032116152346134186,0.0391494557261467,0.1692136824131012,-0.3567913770675659,1.9993567548226565e-05,-0.04617985337972641,-9.06396144273458e-06,-0.05508596822619438
12.000793199999862,0.04383458197116852,0.15553461015224457,0.03211326524615288,0.03915255516767502,0.16923315823078156,-0.3567802906036377,2.2701504349242896e-05,-0.04619656503200531,-2.4788849259493873e-05,-0.05507643148303032
12.02006689999962,0.04386143386363983,0.15551069378852844,0.0321076363325119,0.03916984796524048,0.16921517252922058,-0.356784850358963,3.6437399103306234e-05,-0.04619439318776131,-1.1973524124186952e-05,-0.05506773293018341
12.040098299999954,0.04383173584938049,0.15551474690437317,0.03210486099123955,0.03917516767978668,0.16921848058700562,-0.3567991852760315,1.8672146325116046e-05,-0.04619799554347992,-1.1433597137511242e-05,-0.05507286265492439
12.060207100000298,0.043811872601509094,0.15552538633346558,0.03209565579891205,0.03917109593749046,0.1692218780517578,-0.3567899763584137,4.1857463656924665e-05,-0.04619988799095154,-8.515396984876134e-06,-0.055074166506528854
12.080191199999717,0.04387547820806503,0.15555021166801453,0.03209266439080238,0.03916565701365471,0.16921065747737885,-0.3567872643470764,3.327081140014343e-05,-0.04618208110332489,-1.8692189769353718e-05,-0.055069390684366226
12.100518299999749,0.04384215921163559,0.15551483631134033,0.03209991380572319,0.039143286645412445,0.16924048960208893,-0.35679852962493896,1.8717206330620684e-05,-0.04619045555591583,-3.135229053441435e-05,-0.055076874792575836
12.120278399999734,0.04386695846915245,0.15551471710205078,0.03210822865366936,0.0391395278275013,0.16921810805797577,-0.35679662227630615,2.677957854757551e-05,-0.046210095286369324,-2.2172647732077166e-05,-0.05507883056998253
