8.70000003487803e-05,0.04393164813518524,0.1557317078113556,-0.023087123408913612,-0.044657450169324875,0.034780167043209076,-0.04584846645593643,0.00020339331240393221,-0.04617900401353836,-5.534097726922482e-05,0.015052669681608677
0.020172800001091673,0.043947942554950714,0.15566973388195038,-0.02307913824915886,-0.04464803636074066,0.034792449325323105,-0.04585016518831253,0.00019294868980068713,-0.046169452369213104,-4.086292756255716e-05,0.015052180737257004
0.040271300000313204,0.043947480618953705,0.15567530691623688,-0.023084349930286407,-0.0446595773100853,0.03478837385773659,-0.04584377259016037,0.00018046333570964634,-0.046180497854948044,-5.3826021030545235e-05,0.015062513761222363
0.06009530000119412,0.043946340680122375,0.15574191510677338,-0.023099590092897415,-0.044656917452812195,0.034780651330947876,-0.045861128717660904,0.0001878657058114186,-0.046174343675374985,-6.291992031037807e-05,0.015050938352942467
0.0804046000012022,0.04394882917404175,0.15567082166671753,-0.023078840225934982,-0.04466726630926132,0.034791864454746246,-0.04583193361759186,0.00019041477935388684,-0.04617726057767868,-6.225198740139604e-05,0.015063412487506866
0.10037720000036643,0.043889351189136505,0.15572567284107208,-0.02307950332760811,-0.044664230197668076,0.034773774445056915,-0.04584583640098572,0.0001842883793869987,-0.046176716685295105,-5.979926572763361e-05,0.015044346451759338
0.12042420000034326,0.04395858943462372,0.15569427609443665,-0.02308790758252144,-0.044658489525318146,0.03479404374957085,-0.045832570642232895,0.0001895823806989938,-0.046179190278053284,-5.7218952861148864e-05,0.015057522803544998
0.14038280000022496,0.04393267631530762,0.15574513375759125,-0.023084666579961777,-0.04464874416589737,0.03477473556995392,-0.0458502322435379,0.0001832960406318307,-0.04618214815855026,-3.894627297995612e-05,0.015050102956593037
0.16048740000042017,0.04393208399415016,0.15569481253623962,-0.02307116985321045,-0.044650062918663025,0.034772761166095734,-0.045840390026569366,0.00020751619013026357,-0.04617387428879738,-6.434808892663568e-05,0.015053864568471909
0.18039839999983087,0.04397013038396835,0.1557016521692276,-0.023086771368980408,-0.04465542733669281,0.034777525812387466,-0.04583501070737839,0.00017848025890998542,-0.04617918282747269,-5.872672045370564e-05,0.015054857358336449
0.20050009999977192,0.04394693672657013,0.15569446980953217,-0.023084420710802078,-0.04465366154909134,0.03477764129638672,-0.045836254954338074,0.00019195584172848612,-0.04617515951395035,-6.473211396951228e-05,0.015045993030071259
0.22039030000087223,0.043963223695755005,0.155680850148201,-0.023082926869392395,-0.04465440660715103,0.03477279841899872,-0.04586118459701538,0.00020447868155315518,-0.04617626965045929,-5.3137348004383966e-05,0.015037521719932556
0.2402727999997296,0.04394308477640152,0.155753493309021,-0.023085784167051315,-0.044654037803411484,0.03477717936038971,-0.04584699124097824,0.0001763428736012429,-0.04616701602935791,-5.0934213504660875e-05,0.015041700564324856
0.26039700000001176,0.04394078254699707,0.1557445079088211,-0.023078523576259613,-0.044652100652456284,0.034765612334012985,-0.04584918171167374,0.0001902447984321043,-0.04618148133158684,-7.516609184676781e-05,0.015045620501041412
0.28039220000027854,0.04395706579089165,0.15571732819080353,-0.02306746318936348,-0.044668279588222504,0.034772031009197235,-0.04584956169128418,0.00018224926316179335,-0.04618325084447861,-6.727630534442142e-05,0.015053308568894863
0.30059930000061286,0.043949998915195465,0.15571296215057373,-0.02309241145849228,-0.044654637575149536,0.0347750261425972,-0.04584223031997681,0.00017502877744846046,-0.046176426112651825,-6.807787576690316e-05,0.015060382895171642
0.32028170000012324,0.04393087327480316,0.15571855008602142,-0.0230804942548275,-0.04464683681726456,0.034771233797073364,-0.04584695026278496,0.00018230131536256522,-0.04617675021290779,-2.817867607518565e-05,0.015043264254927635
0.3402172000005521,0.043955639004707336,0.15566647052764893,-0.02308528684079647,-0.04465509206056595,0.03477763384580612,-0.04584897309541702,0.0001924343960126862,-0.046164244413375854,-3.980025940109044e-05,0.015040295198559761
0.3602612000013323,0.04393034428358078,0.1557203084230423,-0.023090869188308716,-0.04465276747941971,0.034780241549015045,-0.04585671424865723,0.00019356531265657395,-0.046183474361896515,-5.575270188273862e-05,0.0150434710085392
0.3802527999996528,0.043953150510787964,0.1556825339794159,-0.023085061460733414,-0.04466601461172104,0.03478026017546654,-0.045833904296159744,0.00018601938791107386,-0.04617631807923317,-4.9389538617106155e-05,0.015039368532598019
0.4001717999999528,0.04397258907556534,0.15570156276226044,-0.023082401603460312,-0.04465484991669655,0.03476643189787865,-0.045840825885534286,0.00019572462770156562,-0.04616868495941162,-4.759726289194077e-05,0.015045760199427605
0.4201935000000958,0.04395810514688492,0.15568667650222778,-0.023072389885783195,-0.04468154162168503,0.034787867218256,-0.045853883028030396,0.00018311914755031466,-0.04617338627576828,-6.286546704359353e-05,0.015046739019453526
0.4402871000002051,0.043967798352241516,0.1556876003742218,-0.02307693101465702,-0.04464717581868172,0.03477101773023605,-0.045848071575164795,0.0001764898916007951,-0.04616791009902954,-4.200852708891034e-05,0.015038971789181232
0.46028170000136015,0.043944694101810455,0.1556743085384369,-0.02308301255106926,-0.04465820640325546,0.03477785363793373,-0.0458415150642395,0.00018805167928803712,-0.046166423708200455,-5.857366704731248e-05,0.015048428438603878
0.48025910000069416,0.0439348965883255,0.15569037199020386,-0.02310013771057129,-0.04465222731232643,0.03477596491575241,-0.04584914445877075,0.00017883247346617281,-0.04618019610643387,-5.676041473634541e-05,0.015063983388245106
0.5002089999998134,0.043960824608802795,0.15568305552005768,-0.023082517087459564,-0.04465240240097046,0.03478098660707474,-0.045858174562454224,0.00019357848213985562,-0.04617758095264435,-7.566863496322185e-05,0.015055909752845764
0.5202964000000065,0.04391917958855629,0.15567758679389954,-0.02307605743408203,-0.04465029388666153,0.034768663346767426,-0.04583606868982315,0.00018167780945077538,-0.04617195576429367,-4.6562814532080665e-05,0.01504225842654705
0.540216600000349,0.04393278807401657,0.15567228198051453,-0.02308727614581585,-0.04464152082800865,0.034777313470840454,-0.04584955796599388,0.000185967335710302,-0.046178460121154785,-2.640192542457953e-05,0.015038331039249897
0.5601807000002736,0.043917108327150345,0.15567487478256226,-0.023078974336385727,-0.04465724527835846,0.03478136286139488,-0.04584851861000061,0.00019610185700003058,-0.0461776964366436,-5.747093018726446e-05,0.015055213123559952
0.5802103000005445,0.04393861070275307,0.15571779012680054,-0.023104321211576462,-0.04465648531913757,0.03477105498313904,-0.0458424910902977,0.00019204658747185022,-0.04618821293115616,-6.9398432970047e-05,0.015060692094266415
0.6001624000000447,0.04395643249154091,0.15570403635501862,-0.023075923323631287,-0.044681817293167114,0.03476880490779877,-0.045846350491046906,0.00020168906485196203,-0.046168047934770584,-4.3480256863404065e-05,0.015052363276481628
0.6202122000013333,0.043937359005212784,0.15569563210010529,-0.023080822080373764,-0.04465688765048981,0.034784190356731415,-0.04585244879126549,0.0001690612407401204,-0.046173181384801865,-5.0794737035175785e-05,0.015049129724502563
0.6400907000006555,0.043919652700424194,0.15567032992839813,-0.023087244480848312,-0.04465232044458389,0.03477707505226135,-0.045847199857234955,0.0001836574519984424,-0.04617941379547119,-4.256104148225859e-05,0.015055176801979542
0.6602128000013181,0.043928999453783035,0.15573112666606903,-0.023081474006175995,-0.04464992880821228,0.034771472215652466,-0.04584193229675293,0.00018982069741468877,-0.046160176396369934,-7.137467036955059e-05,0.015045302920043468
0.6801894000000175,0.043940138071775436,0.15570597350597382,-0.02307155728340149,-0.044672489166259766,0.034768298268318176,-0.04583733156323433,0.00017791820573620498,-0.046177223324775696,-4.003070353064686e-05,0.015039902180433273
0.7005437999996502,0.04393209517002106,0.15571273863315582,-0.02309214323759079,-0.0446661151945591,0.03478416055440903,-0.04583876207470894,0.000183008101885207,-0.04617617651820183,-6.871932419016957e-05,0.015045716427266598
0.720186399999875,0.043937601149082184,0.1557445079088211,-0.023097146302461624,-0.0446569062769413,0.03477492928504944,-0.04585467278957367,0.00019599626830313355,-0.04617612808942795,-5.0297741836402565e-05,0.015060092322528362
0.7402140000012878,0.043917398899793625,0.15569260716438293,-0.023082420229911804,-0.044656217098236084,0.03478186950087547,-0.04585456848144531,0.00017795416351873428,-0.04617461562156677,-6.567439413629472e-05,0.015043552964925766
0.7602301000006264,0.0439700186252594,0.15570068359375,-0.02308804914355278,-0.044650763273239136,0.03476754575967789,-0.04584338888525963,0.00019822358444798738,-0.0461716502904892,-6.92156536388211e-05,0.015036050230264664
0.7801940000008472,0.04391526058316231,0.15573005378246307,-0.02308000437915325,-0.04465305805206299,0.0347733274102211,-0.045846063643693924,0.00019291916396468878,-0.04617913067340851,-6.616570317419246e-05,0.015049169771373272
0.8001715999998851,0.04395248740911484,0.15568573772907257,-0.023081593215465546,-0.04464627057313919,0.03478489816188812,-0.04584740474820137,0.00019408440857660025,-0.04618454352021217,-4.7297155106207356e-05,0.015051284804940224
0.8201949000012974,0.04395591467618942,0.15567390620708466,-0.023079218342900276,-0.04466455802321434,0.034778717905282974,-0.045825861394405365,0.0001950182777363807,-0.04618518054485321,-6.544559437315911e-05,0.01505823340266943
0.8402612999998382,0.04394100233912468,0.15568843483924866,-0.023082442581653595,-0.044646620750427246,0.03477856144309044,-0.04585525393486023,0.00018307383288629353,-0.046185798943042755,-3.34227952407673e-05,0.015041003935039043
0.8604769000012311,0.043940216302871704,0.15569283068180084,-0.02308121882379055,-0.04465331882238388,0.03476724028587341,-0.04584423080086708,0.0001753336691763252,-0.046164728701114655,-6.182811921462417e-05,0.015058709308505058
0.8801449000002322,0.043952491134405136,0.15570896863937378,-0.023092012852430344,-0.04463760554790497,0.03477656841278076,-0.045851610600948334,0.00017216303967870772,-0.04617796093225479,-5.951412458671257e-05,0.015045230276882648
0.9002584000008937,0.043932825326919556,0.15570229291915894,-0.023093331605196,-0.04466206580400467,0.0347713939845562,-0.045847486704587936,0.00017758223111741245,-0.04617507755756378,-4.903012450085953e-05,0.015043550170958042
0.9201780000003055,0.04394294321537018,0.1557026505470276,-0.023074932396411896,-0.044683486223220825,0.03479733318090439,-0.04585479944944382,0.0001861338096205145,-0.046176470816135406,-5.2167652029311284e-05,0.015047014690935612
0.9402103000011266,0.04392348974943161,0.15575982630252838,-0.023074675351381302,-0.044654082506895065,0.03477628156542778,-0.04584275186061859,0.00018689922580961138,-0.046176739037036896,-4.9818598199635744e-05,0.01505607832223177
0.9602567000001727,0.04395592212677002,0.15567712485790253,-0.023078840225934982,-0.04465355724096298,0.03478466719388962,-0.04584284871816635,0.0001918483612826094,-0.04617203772068024,-4.045954119646922e-05,0.015041790902614594
0.9802760000002309,0.043939948081970215,0.15567319095134735,-0.02308150939643383,-0.044652730226516724,0.034780003130435944,-0.04584657400846481,0.0001657865650486201,-0.046181581914424896,-4.380138489068486e-05,0.015049654990434647
1.0003171999996994,0.04394814372062683,0.15573854744434357,-0.023065930232405663,-0.04464591294527054,0.03478124737739563,-0.04584353789687157,0.00017210299847647548,-0.04618135839700699,-3.1380805012304336e-05,0.01506001129746437
1.0201465999998618,0.043930791318416595,0.15573126077651978,-0.023086681962013245,-0.04465111345052719,0.034777842462062836,-0.04585587978363037,0.00017900999228004366,-0.04617936164140701,-4.6224457037169486e-05,0.015045585110783577
1.0401257000012265,0.04394811391830444,0.15568611025810242,-0.023107673972845078,-0.04467088729143143,0.03478875756263733,-0.04589225351810455,0.00018826434097718447,-0.04617203027009964,-4.8088437324622646e-05,0.015048892237246037
1.0603447000012238,0.04393775016069412,0.1557263284921646,-0.023124288767576218,-0.04467438906431198,0.03477150574326515,-0.04600246250629425,0.00018942814494948834,-0.046175409108400345,-5.750797936343588e-05,0.015049254521727562
1.0802800000001298,0.0439392551779747,0.1557249277830124,-0.023177552968263626,-0.04465050250291824,0.03476441651582718,-0.04616282135248184,0.0001824390492402017,-0.046178266406059265,-5.8350367908133194e-05,0.015049385838210583
1.1001176000008854,0.04389238357543945,0.15571188926696777,-0.02346291020512581,-0.044651664793491364,0.034778788685798645,-0.046115078032016754,0.00018401231500320137,-0.04616919159889221,-3.871649823850021e-05,0.015048318542540073
1.120154399999592,0.043936990201473236,0.15569856762886047,-0.024793656542897224,-0.044635746628046036,0.034792862832546234,-0.046138275414705276,0.000182252362719737,-0.04617534205317497,-4.475555761018768e-05,0.015056007541716099
1.1401065000009112,0.04394940286874771,0.15571218729019165,-0.02563387341797352,-0.04462325572967529,0.034743912518024445,-0.04684954136610031,0.0001981818932108581,-0.04618547856807709,-6.656060577370226e-05,0.015047093853354454
1.1601172999999108,0.04393598809838295,0.15571241080760956,-0.025709286332130432,-0.04459047317504883,0.03473769128322601,-0.05100560933351517,0.00018686674593482167,-0.046176254749298096,-5.035824506194331e-05,0.015049331821501255
1.18014630000107,0.043948836624622345,0.1556815505027771,-0.02573661133646965,-0.04458830505609512,0.03474075347185135,-0.05798841267824173,0.00018748885486274958,-0.04617564380168915,-5.148770651430823e-05,0.015061980113387108
1.2007126000007702,0.043952107429504395,0.15572912991046906,-0.02639135718345642,-0.044724781066179276,0.03474307805299759,-0.06627283245325089,0.00018167548114433885,-0.04617561399936676,-6.807176396250725e-05,0.01503042969852686
1.2201709000000847,0.04394282028079033,0.15571151673793793,-0.027583235874772072,-0.04476422071456909,0.03473394736647606,-0.07522651553153992,0.00019720711861737072,-0.04617103189229965,-4.606871152645908e-05,0.01505181286484003
1.2401410000002215,0.04394317790865898,0.15568876266479492,-0.028868261724710464,-0.0447101816534996,0.0347454696893692,-0.08570539951324463,0.0001882638898678124,-0.04617959260940552,-5.237180812400766e-05,0.01504271849989891
1.2601687000005768,0.04394834488630295,0.15568408370018005,-0.031951867043972015,-0.04464562237262726,0.03472379595041275,-0.09786255657672882,0.00017078514792956412,-0.046179406344890594,-4.8194753617281094e-05,0.015046036802232265
1.2805317000002105,0.04394035041332245,0.1556873470544815,-0.036239560693502426,-0.044556625187397,0.03473920747637749,-0.11228574812412262,0.00017546259914524853,-0.04618328809738159,-4.749933577841148e-05,0.0150812529027462
1.3001204000011057,0.043949227780103683,0.15572308003902435,-0.039995577186346054,-0.04454721137881279,0.034729715436697006,-0.1284846067428589,0.00016615487402305007,-0.046172551810741425,-5.573566886596382e-05,0.0150437718257308
1.3201834000010422,0.04394125938415527,0.15568779408931732,-0.0429919958114624,-0.04454362392425537,0.034733764827251434,-0.14642536640167236,0.0001756122219376266,-0.046170540153980255,-6.261830276343971e-05,0.015048380009829998
1.3401229000010062,0.04393843561410904,0.15569202601909637,-0.04298222064971924,-0.04456022381782532,0.03474225103855133,-0.16395428776741028,0.0001759599836077541,-0.04618040472269058,-3.5684926842805e-05,0.015056774951517582
1.360146300001361,0.04395979642868042,0.1557634323835373,-0.04296315461397171,-0.04452892392873764,0.03474031761288643,-0.1838533580303192,0.00018978025764226913,-0.046181127429008484,-5.7026376452995464e-05,0.015059267170727253
1.380122399999891,0.04395675286650658,0.15569938719272614,-0.042976584285497665,-0.04448086395859718,0.03474351391196251,-0.2064620405435562,0.00017688906518742442,-0.04617708921432495,-5.340322604752146e-05,0.015061428770422935
1.4001414000013028,0.04394690692424774,0.1557033658027649,-0.04298485815525055,-0.04436761140823364,0.03475385531783104,-0.23125576972961426,0.00019813144172076136,-0.046179454773664474,-5.485554720507935e-05,0.015058605931699276
1.4201191000011022,0.04395240545272827,0.15574516355991364,-0.042981814593076706,-0.04431072995066643,0.03474681079387665,-0.25817251205444336,0.00019539508502930403,-0.04617825150489807,-3.315310459583998e-05,0.01504533737897873
1.4402141999999003,0.04393063485622406,0.15573646128177643,-0.042969636619091034,-0.04430794715881348,0.03474630415439606,-0.28958699107170105,0.0002019372914219275,-0.04617851972579956,-5.1697938033612445e-05,0.015056089498102665
1.4604926000010892,0.04392372816801071,0.1556939035654068,-0.04298774152994156,-0.04431788623332977,0.03473518416285515,-0.3240182399749756,0.00018842123972717673,-0.04618195816874504,-5.257637531030923e-05,0.015047820284962654
1.4802400000007765,0.04395773261785507,0.1557168960571289,-0.0429999940097332,-0.044294655323028564,0.034747250378131866,-0.3611094057559967,0.00018061375885736197,-0.04618110507726669,-6.329691677819937e-05,0.015047679655253887
1.5004550000012387,0.043952468782663345,0.1556975245475769,-0.04303056001663208,-0.04431895539164543,0.034727394580841064,-0.40093907713890076,0.00020046663121320307,-0.04617401212453842,-5.118870467413217e-05,0.015058370307087898
1.5201206000001548,0.043944329023361206,0.15569321811199188,-0.04303380846977234,-0.04432741552591324,0.0347307026386261,-0.4422529339790344,0.00019446072110440582,-0.04616565257310867,-6.546094664372504e-05,0.01505277119576931
1.540416900001219,0.04397459328174591,0.15571299195289612,-0.043133445084095,-0.04439685866236687,0.03474041074514389,-0.48786482214927673,0.00018762028776109219,-0.04616913944482803,-6.200849020387977e-05,0.015048028901219368
1.5603330000012647,0.043944403529167175,0.15568651258945465,-0.04355975240468979,-0.04447384178638458,0.03473019599914551,-0.5347219705581665,0.0001964402908924967,-0.046175625175237656,-4.607977462001145e-05,0.015050332061946392
1.5806033000008028,0.04394473135471344,0.15570247173309326,-0.04498382657766342,-0.044631123542785645,0.03473863750696182,-0.5842129588127136,0.00018651616119313985,-0.046203456819057465,-4.679991980083287e-05,0.01503928005695343
1.6002219000001787,0.04396781325340271,0.15568134188652039,-0.048919592052698135,-0.04478391259908676,0.03474210575222969,-0.6332703828811646,0.00018765647837426513,-0.04617743194103241,-5.817623241455294e-05,0.015049610286951065
1.620234600000913,0.04394953325390816,0.15570342540740967,-0.05542883276939392,-0.04484417662024498,0.03475053980946541,-0.6847875118255615,0.00017236979329027236,-0.04617815837264061,-6.87007704982534e-05,0.015044120140373707
1.6405438000001595,0.04394508898258209,0.15568743646144867,-0.06473351269960403,-0.04485437646508217,0.03475121408700943,-0.738115668296814,0.00017449291772209108,-0.04617266356945038,-5.8327514125267044e-05,0.015033276751637459
1.660203499999625,0.043929118663072586,0.15571536123752594,-0.07493618130683899,-0.044828835874795914,0.03476398438215256,-0.7941135764122009,0.0001834436261560768,-0.04617689177393913,-3.717932850122452e-05,0.015051710419356823
1.6802390000011656,0.04394998773932457,0.15569546818733215,-0.08525475859642029,-0.04479540139436722,0.0347609668970108,-0.8542335033416748,0.00021302733512129635,-0.0461711585521698,-4.660385457100347e-05,0.015066112391650677
1.7005774000008387,0.04394850879907608,0.15572647750377655,-0.09515388309955597,-0.044799502938985825,0.03474968299269676,-0.9164443016052246,0.00018045272736344486,-0.046185076236724854,-6.051723175914958e-05,0.015064699575304985
1.7202016999999614,0.04394656792283058,0.15573865175247192,-0.10306905955076218,-0.044976264238357544,0.03474173694849014,-0.9756175875663757,0.00017732655396685004,-0.04619157686829567,-4.982477184967138e-05,0.015047946944832802
1.740235200000825,0.04393545538187027,0.15573963522911072,-0.10974413901567459,-0.04508636146783829,0.034758348017930984,-1.035883903503418,0.0001949949946720153,-0.0461810827255249,-5.307777973939665e-05,0.015041869133710861
1.7601387000013347,0.04396066442131996,0.15572422742843628,-0.11699265986680984,-0.04503858834505081,0.03476198762655258,-1.0988352298736572,0.0001733161334414035,-0.04617403820157051,-5.671012695529498e-05,0.015045234002172947
1.7800891999995656,0.04392749443650246,0.15570904314517975,-0.12663407623767853,-0.044896528124809265,0.03475396707653999,-1.1641353368759155,0.0001760139421094209,-0.04617129638791084,-3.819475386990234e-05,0.015058470889925957
1.8001301000003878,0.04397103935480118,0.15572448074817657,-0.13763025403022766,-0.04486611485481262,0.034737467765808105,-1.2294108867645264,0.0001725104229990393,-0.04617084190249443,-5.943762153037824e-05,0.01505972445011139
1.8204235000011977,0.04392809420824051,0.15570655465126038,-0.14780068397521973,-0.044743798673152924,0.03474820405244827,-1.293923020362854,0.00017809856217354536,-0.04617629572749138,-3.67723114322871e-05,0.015037755481898785
1.8404354000012972,0.04393699765205383,0.15570345520973206,-0.15519730746746063,-0.04470568522810936,0.03474120795726776,-1.3561158180236816,0.00020524358842521906,-0.04618265479803085,-4.91138816869352e-05,0.015048446133732796
1.8601897000007739,0.04395819455385208,0.15571095049381256,-0.15994246304035187,-0.0446854904294014,0.03473774716258049,-1.415727138519287,0.00016313017113134265,-0.046179816126823425,-4.607045048032887e-05,0.015044976025819778
1.8804753000003984,0.04392680898308754,0.15572382509708405,-0.16294728219509125,-0.04462824761867523,0.03471393510699272,-1.4698286056518555,0.00019363657338544726,-0.04617439955472946,-6.570846016984433e-05,0.01505561824887991
1.9002114000013535,0.04396791011095047,0.15568526089191437,-0.1664656400680542,-0.04459427297115326,0.03466513752937317,-1.513723611831665,0.00017643714090809226,-0.046177901327610016,-7.165768329286948e-05,0.015042605809867382
1.9201064000008046,0.04395033046603203,0.15572455525398254,-0.170624241232872,-0.044547658413648605,0.0346362330019474,-1.549704670906067,0.00020110243349336088,-0.046180181205272675,-5.0870668928837404e-05,0.015049295499920845
1.9401740000012069,0.04393428564071655,0.15569335222244263,-0.1769174039363861,-0.04454273357987404,0.03459079936146736,-1.576041579246521,0.00017921056132763624,-0.04618625342845917,-2.679739372979384e-05,0.01504336018115282
1.960238900001059,0.04395375773310661,0.15573324263095856,-0.184287428855896,-0.044482409954071045,0.034573689103126526,-1.5908958911895752,0.0001662275317357853,-0.046172939240932465,-7.102555537130684e-05,0.015048302710056305
1.980207500000688,0.043922748416662216,0.15573696792125702,-0.19076137244701385,-0.044342219829559326,0.034604109823703766,-1.5947964191436768,0.00018202216597273946,-0.04618573933839798,-5.38527820026502e-05,0.015052021481096745
2.0002185000012105,0.04397061467170715,0.15566636621952057,-0.19429084658622742,-0.044246770441532135,0.034598276019096375,-1.5938397645950317,0.00020191282965242863,-0.046180468052625656,-5.4866872233105823e-05,0.015041200444102287
2.020591100001184,0.043957486748695374,0.1557433307170868,-0.1953057050704956,-0.0442027822136879,0.034612685441970825,-1.5932809114456177,0.00018726973212324083,-0.046176597476005554,-4.976890704710968e-05,0.01504058763384819
2.0400717000011355,0.04394785314798355,0.15571939945220947,-0.19530756771564484,-0.043964631855487823,0.034651994705200195,-1.5861960649490356,0.0001996600767597556,-0.04616307467222214,-5.759160194429569e-05,0.015047271735966206
2.0601514000009047,0.04393312335014343,0.15573330223560333,-0.19519764184951782,-0.043034542351961136,0.03469403088092804,-1.565071702003479,0.0001637621026020497,-0.04616181552410126,-2.95731624646578e-05,0.015035021118819714
2.080176700001175,0.04395013302564621,0.15570329129695892,-0.19490042328834534,-0.0382516011595726,0.03474356606602669,-1.5334219932556152,0.0001720520667731762,-0.046168722212314606,-5.162079105502926e-05,0.015037007629871368
2.1001140999997006,0.043938662856817245,0.1557472199201584,-0.19491718709468842,-0.025560623034834862,0.03479791060090065,-1.4959583282470703,0.00018215297313872725,-0.0461789146065712,-5.329725536284968e-05,0.015050403773784637
2.1201620000010735,0.04397837072610855,0.15572912991046906,-0.19362452626228333,-0.008583934977650642,0.03477045148611069,-1.4535191059112549,0.00019644241547212005,-0.04617170989513397,-5.343174416339025e-05,0.01504634227603674
2.1401574999999866,0.043947190046310425,0.155679851770401,-0.18707114458084106,0.0050025805830955505,0.03477435186505318,-1.4083651304244995,0.00018093374092131853,-0.046172063797712326,-5.5963722843443975e-05,0.015050678513944149
2.1601518000006763,0.043930333107709885,0.15570826828479767,-0.17656919360160828,0.01353434193879366,0.03483095020055771,-1.3582813739776611,0.00018099079898092896,-0.04618803784251213,-4.885486123384908e-05,0.015039568766951561
2.1801284000011947,0.04394102096557617,0.15570642054080963,-0.1617514044046402,0.018623458221554756,0.03485158830881119,-1.3053944110870361,0.00019261678971815854,-0.04618999361991882,-5.0451526476535946e-05,0.015041155740618706
2.200054700000692,0.04394982382655144,0.1557004153728485,-0.14408457279205322,0.015807919204235077,0.03485005348920822,-1.2473604679107666,0.00019112082372885197,-0.04619334638118744,-4.0379938582191244e-05,0.015064263716340065
2.220110600001135,0.04394351318478584,0.15575559437274933,-0.12596240639686584,0.016801754012703896,0.03484872356057167,-1.184801459312439,0.00017575912352185696,-0.04618104547262192,-4.9991322157438844e-05,0.015050283633172512
2.2400964999997086,0.04395431652665138,0.1557357907295227,-0.10977984964847565,0.016661202535033226,0.03483303636312485,-1.1230552196502686,0.00018325549899600446,-0.0461735799908638,-5.070166662335396e-05,0.015051483176648617
2.260114100001374,0.04394882172346115,0.15569578111171722,-0.09572520852088928,0.01665605418384075,0.03482607752084732,-1.0629892349243164,0.0001960115769179538,-0.04616187512874603,-4.1181840060744435e-05,0.015043569728732109
2.2804723999997805,0.043916668742895126,0.15571652352809906,-0.08337710797786713,0.016665643081068993,0.034802746027708054,-1.0037121772766113,0.00017657983698882163,-0.04617425054311752,-5.771537689724937e-05,0.015041193924844265
2.3004632000011043,0.04394335299730301,0.15573172271251678,-0.07350409030914307,0.016688082367181778,0.03476078808307648,-0.9469781517982483,0.0001785789499990642,-0.046180255711078644,-4.597719816956669e-05,0.015049528330564499
2.3200991000012436,0.04395303130149841,0.15567941963672638,-0.0658319741487503,0.016698624938726425,0.03474424034357071,-0.8933074474334717,0.0002058817190118134,-0.04619264975190163,-5.280266123008914e-05,0.01505257748067379
2.340447500000664,0.04390696808695793,0.15572991967201233,-0.05913825333118439,0.01671326719224453,0.03474417328834534,-0.8390425443649292,0.00019747241458389908,-0.04620104283094406,-4.668481778935529e-05,0.015051287598907948
2.3604396999999153,0.04390116035938263,0.1557043492794037,-0.05221819505095482,0.01675434038043022,0.03474276885390282,-0.7852106690406799,0.0001933141757035628,-0.046194903552532196,-5.389297439251095e-05,0.015053520910441875
2.380316099999618,0.04394003003835678,0.15570318698883057,-0.04423094540834427,0.016742318868637085,0.03473993390798569,-0.7319480180740356,0.0001880949130281806,-0.04617507755756378,-4.337531208875589e-05,0.015049576759338379
2.400170300001264,0.0439433753490448,0.15568731725215912,-0.03459778428077698,0.01675492152571678,0.034742698073387146,-0.6835222244262695,0.00018563808407634497,-0.04617410898208618,-3.118062886642292e-05,0.015051834285259247
2.4203071000010823,0.04390731826424599,0.15571719408035278,-0.02317887730896473,0.016748270019888878,0.03474895656108856,-0.6372917890548706,0.00017640183796174824,-0.04616251587867737,-4.87576107843779e-05,0.01504589058458805
2.440382099999624,0.04396427422761917,0.15573494136333466,-0.010568775236606598,0.016759978607296944,0.034747183322906494,-0.5955134630203247,0.000174730084836483,-0.046175479888916016,-7.014157017692924e-05,0.015058604069054127
2.4601769000000786,0.0439322367310524,0.15570905804634094,0.0020282394252717495,0.01676350273191929,0.03474297374486923,-0.5584539771080017,0.000187439625733532,-0.04617924615740776,-5.499793405761011e-05,0.015053343027830124
2.4801552000008087,0.04395280033349991,0.15571549534797668,0.014571879990398884,0.016797631978988647,0.034763067960739136,-0.5244508981704712,0.0001906777179101482,-0.04622485861182213,-4.5500069973059e-05,0.01503708865493536
2.5002284000001964,0.04394212365150452,0.1557093858718872,0.025552285835146904,0.016874490305781364,0.03476415574550629,-0.492672860622406,0.00018486351473256946,-0.04618794471025467,-6.640829087700695e-05,0.015056103467941284
2.520144000000073,0.04394116252660751,0.15575428307056427,0.03249683976173401,0.01685262657701969,0.03475881367921829,-0.46464917063713074,0.00018243388331029564,-0.04618816822767258,-3.3328760764561594e-05,0.015038629993796349
2.540233600000647,0.04393307864665985,0.15572933852672577,0.033724796026945114,0.01679905876517296,0.03475843369960785,-0.44072526693344116,0.00018694238679017872,-0.04617796465754509,-4.667994289775379e-05,0.01505571324378252
2.560430000001361,0.04392731189727783,0.15572452545166016,0.03370404243469238,0.016779813915491104,0.03476100042462349,-0.42335760593414307,0.00019601636449806392,-0.04616771638393402,-5.6356180721195415e-05,0.015048730187118053
2.5804144000012457,0.04395723342895508,0.15567918121814728,0.03341486304998398,0.016736352816224098,0.03475594520568848,-0.4143674075603485,0.0001737813581712544,-0.046131864190101624,-6.327700975816697e-05,0.01505475677549839
2.600267100000565,0.043952204287052155,0.15568137168884277,0.03034566156566143,0.016819920390844345,0.03477002680301666,-0.4144914746284485,0.00018670143617782742,-0.04617565497756004,-4.06793478759937e-05,0.015050992369651794
2.620289100001173,0.04389054328203201,0.15573084354400635,0.02342405542731285,0.016783883795142174,0.03473450988531113,-0.418491929769516,0.00019862323824781924,-0.04620124027132988,-2.9932041798019782e-05,0.01504373736679554
2.6404474999999366,0.043937548995018005,0.15571455657482147,0.010986793786287308,0.016725456342101097,0.03474019467830658,-0.42141804099082947,0.00020058773225173354,-0.04620329290628433,-3.404839662835002e-05,0.015040378086268902
2.6604372000001604,0.04396633058786392,0.15569818019866943,-0.009594959206879139,0.01673218235373497,0.034721530973911285,-0.4270489513874054,0.0001812989794416353,-0.046187713742256165,-4.2151212255703285e-05,0.015054373070597649
2.6804623999996693,0.043935783207416534,0.15573172271251678,-0.03893465921282768,0.01672295853495598,0.03473684936761856,-0.43514713644981384,0.00019061042985413224,-0.04617192968726158,-3.5841319913743064e-05,0.015050332061946392
2.7002128000003722,0.043957002460956573,0.15572389960289001,-0.07468011975288391,0.016722556203603745,0.034715741872787476,-0.4462578296661377,0.00018545787315815687,-0.046158090233802795,-5.7951041526393965e-05,0.015051987022161484
2.7202495000001363,0.043910592794418335,0.15569250285625458,-0.11529603600502014,0.01673363335430622,0.03473686799407005,-0.46216386556625366,0.00018509500660002232,-0.04615945369005203,-2.517600660212338e-05,0.01503603532910347
2.7402252000010776,0.04393200948834419,0.15570920705795288,-0.15679104626178741,0.0167221762239933,0.03474177420139313,-0.4799402058124542,0.00019254673679824919,-0.046178340911865234,-4.58260255982168e-05,0.015048475936055183
2.7602764000002935,0.04393146187067032,0.1556810438632965,-0.19730952382087708,0.016674600541591644,0.03474082797765732,-0.4956926107406616,0.0001797093718778342,-0.046188317239284515,-5.138132473803125e-05,0.015046430751681328
2.7800803999998607,0.04395938292145729,0.15573379397392273,-0.23526664078235626,0.016676895320415497,0.034712400287389755,-0.5086735486984253,0.00017910078167915344,-0.046180859208106995,-5.342569784261286e-05,0.015038060955703259
2.800274700000955,0.04394596070051193,0.15570469200611115,-0.27263209223747253,0.016677627339959145,0.03472761809825897,-0.5205317735671997,0.00016143693937920034,-0.04618748277425766,-4.9274967750534415e-05,0.015049906447529793
2.820226100000582,0.0439162403345108,0.15575212240219116,-0.3090003728866577,0.01663029007613659,0.0347309336066246,-0.5316611528396606,0.00018301120144315064,-0.0461692288517952,-5.959097688901238e-05,0.0150469234213233
2.840262600000642,0.04394876956939697,0.15567658841609955,-0.34841322898864746,0.015869662165641785,0.03471580892801285,-0.5432058572769165,0.00018653046572580934,-0.046161990612745285,-5.369292921386659e-05,0.015052634291350842
2.860433699999703,0.043935682624578476,0.15573282539844513,-0.3914886713027954,0.01559616532176733,0.03473970666527748,-0.5554538369178772,0.00018888100748881698,-0.046174440532922745,-4.719408752862364e-05,0.015048578381538391
2.880653700000039,0.04391681030392647,0.15573067963123322,-0.43848636746406555,0.015570673160254955,0.034738458693027496,-0.5696814060211182,0.00018219390767626464,-0.04618334397673607,-7.273819937836379e-05,0.015045318752527237
2.900422599999729,0.04395327717065811,0.1556982845067978,-0.48663583397865295,0.015563255175948143,0.03473929315805435,-0.5847876071929932,0.0001857373135862872,-0.04617232829332352,-4.929448914481327e-05,0.015039833262562752
2.9205008000008092,0.04393637925386429,0.1557212471961975,-0.5347276926040649,0.015569696202874184,0.03474626690149307,-0.6005525588989258,0.00017703944467939436,-0.0461866557598114,-5.476496880874038e-05,0.015040278434753418
2.9403216000009706,0.04394220933318138,0.15570537745952606,-0.5808565616607666,0.015594536438584328,0.034723564982414246,-0.6152844429016113,0.00018136024300474674,-0.04619288444519043,-5.491936462931335e-05,0.015040668658912182
2.9605248999996547,0.04392410069704056,0.15570969879627228,-0.6235838532447815,0.015582641586661339,0.03474269062280655,-0.6302408576011658,0.00018747033027466387,-0.04617829993367195,-3.6696947063319385e-05,0.015045595355331898
2.980082500000208,0.043938253074884415,0.15568919479846954,-0.6632561683654785,0.015589307993650436,0.03474799543619156,-0.6460510492324829,0.00016382549074478447,-0.04617517441511154,-5.285699080559425e-05,0.015040461905300617
3.000148799999806,0.04394594952464104,0.15572838485240936,-0.703269362449646,0.015573883429169655,0.034745633602142334,-0.6643359661102295,0.00017986079910770059,-0.04617921635508537,-5.98568185523618e-05,0.015037575736641884
3.0200624000008247,0.04391942173242569,0.15570928156375885,-0.7435947060585022,0.01557824295014143,0.03474542498588562,-0.6843041181564331,0.00016631741891615093,-0.046174678951501846,-4.957948476658203e-05,0.015056584030389786
3.0400853999999526,0.04393548145890236,0.15573613345623016,-0.7833398580551147,0.015490295365452766,0.03474820405244827,-0.7056682109832764,0.00017324413056485355,-0.04617634415626526,-6.5037194872275e-05,0.01505057979375124
3.0600528000013583,0.04395398497581482,0.15572868287563324,-0.8216438293457031,0.015447264537215233,0.03475883975625038,-0.7280860543251038,0.00018818820535670966,-0.046190883964300156,-6.655864854110405e-05,0.015055897645652294
3.080110599999898,0.043935853987932205,0.15570323169231415,-0.8601827621459961,0.015302129089832306,0.03474512696266174,-0.7531542778015137,0.00017236486019100994,-0.04618373513221741,-5.807665002066642e-05,0.015054992400109768
3.100248599999759,0.043961577117443085,0.15571779012680054,-0.8991925716400146,0.015278917737305164,0.03474988788366318,-0.7780290842056274,0.00018681850633583963,-0.04619288817048073,-4.901899956166744e-05,0.015041062608361244
3.120256899999731,0.04392029345035553,0.1557314544916153,-0.9367381930351257,0.015160022303462029,0.03476812317967415,-0.8005585670471191,0.000180553033715114,-0.046184904873371124,-6.66730193188414e-05,0.015046537853777409
3.140195300000414,0.04392492026090622,0.15565915405750275,-0.9719651937484741,0.014962960034608841,0.03476742282509804,-0.8231655955314636,0.000183126496267505,-0.04618068039417267,-4.274842649465427e-05,0.015038633719086647
3.1602136000001337,0.04395580291748047,0.15567094087600708,-1.0042126178741455,0.014958290383219719,0.03476833552122116,-0.8458374738693237,0.00018184410873800516,-0.046188466250896454,-5.4095766245154664e-05,0.01506083644926548
3.180391400001099,0.04395529627799988,0.15570250153541565,-1.0358662605285645,0.014985697343945503,0.03477643430233002,-0.8680236339569092,0.00019285506277810782,-0.04617699235677719,-4.448254912858829e-05,0.01505968626588583
3.2002664000010554,0.04392380267381668,0.15574733912944794,-1.0656225681304932,0.01498523447662592,0.03477197140455246,-0.8899477124214172,0.00019792441162280738,-0.04617743939161301,-2.6228834030916914e-05,0.01504413690418005
3.220113200000924,0.04394786059856415,0.15571744740009308,-1.094705581665039,0.015032387338578701,0.03475445508956909,-0.9116560816764832,0.0001782445324352011,-0.04618282616138458,-3.553562783054076e-05,0.015038836747407913
3.2401925000012852,0.0439225509762764,0.15570110082626343,-1.1232551336288452,0.015101080760359764,0.03476104140281677,-0.9335778951644897,0.00019350535876583308,-0.04617764800786972,-3.6665900552179664e-05,0.015037870034575462
3.260239700000966,0.043934669345617294,0.15571185946464539,-1.1508944034576416,0.015206078067421913,0.034761957824230194,-0.9545565247535706,0.00019636988872662187,-0.04617662355303764,-4.97807668580208e-05,0.015051007270812988
3.2802551000004314,0.04395556077361107,0.1557517796754837,-1.1797573566436768,0.015283182263374329,0.03474391624331474,-0.9748170971870422,0.00019996133050881326,-0.04618255794048309,-5.5057233112165704e-05,0.015043110586702824
3.3003304000012577,0.043954797089099884,0.1557161509990692,-1.2076690196990967,0.015414627268910408,0.0347384437918663,-0.9941840171813965,0.00019385683117434382,-0.04617393761873245,-4.417555464897305e-05,0.015048678033053875
3.3201559000008274,0.04395029693841934,0.1557200849056244,-1.2326879501342773,0.01554882898926735,0.034726545214653015,-1.012012243270874,0.0001678553526289761,-0.046178221702575684,-4.372073817648925e-05,0.015039544552564621
3.340048600000955,0.04395171254873276,0.15572437644004822,-1.2557964324951172,0.01568293571472168,0.034710247069597244,-1.0287573337554932,0.0001836909941630438,-0.04618486762046814,-3.9541682781418785e-05,0.015058154240250587
3.3604140000006737,0.043943069875240326,0.155704528093338,-1.2759685516357422,0.01592858135700226,0.03468821942806244,-1.045893669128418,0.00018518154683988541,-0.04618033021688461,-5.452467667055316e-05,0.015047659166157246
3.3800826000006055,0.043937817215919495,0.1557052582502365,-1.293154239654541,0.015959417447447777,0.03467409312725067,-1.061916470527649,0.00018190991249866784,-0.04616434872150421,-6.455907714553177e-05,0.015041201375424862
3.400226100000509,0.043954405933618546,0.1556747704744339,-1.3094027042388916,0.016204671934247017,0.03468259423971176,-1.0777840614318848,0.00019462560885585845,-0.046176958829164505,-5.994090679450892e-05,0.015051624737679958
3.420535600000221,0.04392746835947037,0.15571317076683044,-1.3257668018341064,0.016342654824256897,0.03467515856027603,-1.0949089527130127,0.0001870936539489776,-0.0461786650121212,-3.478088183328509e-05,0.015043552964925766
3.4400507000009384,0.0439458042383194,0.15570412576198578,-1.343010663986206,0.016363807022571564,0.03467497229576111,-1.1128036975860596,0.00017184639000333846,-0.046176403760910034,-5.552432776312344e-05,0.015041083097457886
3.4600444000006974,0.043948762118816376,0.15573562681674957,-1.361236810684204,0.016377687454223633,0.03469078242778778,-1.1318919658660889,0.0001701389264781028,-0.04617282748222351,-5.343470547813922e-05,0.015059215016663074
3.480039100000795,0.04395124316215515,0.15569336712360382,-1.37799072265625,0.016378246247768402,0.03466884791851044,-1.1505424976348877,0.00018589470710139722,-0.046176835894584656,-5.8682217058958486e-05,0.015044063329696655
3.5003022000000783,0.04395782947540283,0.15572883188724518,-1.394242525100708,0.016410458832979202,0.03467605262994766,-1.1671733856201172,0.00018310391169507056,-0.046164996922016144,-3.940024907933548e-05,0.015042704530060291
3.520270700000765,0.0439443364739418,0.1557147055864334,-1.4103467464447021,0.016460910439491272,0.034667350351810455,-1.1802585124969482,0.00019373184477444738,-0.04618626832962036,-3.252243550377898e-05,0.015042390674352646
3.540230300000985,0.043947502970695496,0.15567731857299805,-1.4250764846801758,0.016600698232650757,0.034663110971450806,-1.1902692317962646,0.00019718859402928501,-0.04617661237716675,-4.495925531955436e-05,0.015047171153128147
3.5602787000007083,0.04394875466823578,0.1556853950023651,-1.4392662048339844,0.016909107565879822,0.03464721143245697,-1.1993436813354492,0.00017992414359468967,-0.04619249701499939,-5.189453804632649e-05,0.015048623085021973
3.5803785999996762,0.0439387708902359,0.1557420790195465,-1.4549009799957275,0.01689981482923031,0.034639082849025726,-1.2089515924453735,0.00018807989545166492,-0.04618537425994873,-4.3335003283573315e-05,0.015040355734527111
3.60019420000026,0.04394527152180672,0.15571221709251404,-1.471808671951294,0.016930483281612396,0.03464924544095993,-1.2187483310699463,0.0001846873783506453,-0.04618023335933685,-3.7922131014056504e-05,0.015070943161845207
3.6202431000001525,0.04395371675491333,0.1557323932647705,-1.4894185066223145,0.016950547695159912,0.034653857350349426,-1.227708339691162,0.00019558798521757126,-0.04618252068758011,-3.9624428609386086e-05,0.01504504680633545
3.6401875000010477,0.043943025171756744,0.15572986006736755,-1.504793643951416,0.016954444348812103,0.03465494513511658,-1.2348459959030151,0.00017047209257725626,-0.0461684912443161,-6.466200284194201e-05,0.015033560805022717
3.6605146000001696,0.04395207762718201,0.1557479202747345,-1.5178101062774658,0.017030298709869385,0.03466499596834183,-1.240037441253662,0.00017949013272300363,-0.04617845267057419,-4.232950959703885e-05,0.015042591840028763
3.6801350000005186,0.04395437240600586,0.15571866929531097,-1.5267188549041748,0.01704348996281624,0.03467312082648277,-1.2443561553955078,0.00019089259149041027,-0.046177178621292114,-4.999246448278427e-05,0.015053500421345234
3.7002095999996527,0.043946072459220886,0.15569883584976196,-1.5307244062423706,0.017049089074134827,0.034695617854595184,-1.2463877201080322,0.00018082885071635246,-0.04617651551961899,-5.550531204789877e-05,0.015050787478685379
3.7202386999997543,0.043919600546360016,0.15573066473007202,-1.5314745903015137,0.017320584505796432,0.03469700366258621,-1.2520543336868286,0.00018726460984908044,-0.04617616906762123,-5.803694875794463e-05,0.015057862736284733
3.740553600000567,0.04394083097577095,0.15572652220726013,-1.5314748287200928,0.01740270107984543,0.034743811935186386,-1.2587497234344482,0.0001989295706152916,-0.046178750693798065,-5.9449259424582124e-05,0.01504994835704565
3.7604301999999734,0.04394395276904106,0.15566496551036835,-1.5314513444900513,0.017341136932373047,0.03475998342037201,-1.267648458480835,0.00017352092254441231,-0.046180836856365204,-6.054140976630151e-05,0.015053222887217999
3.780239100000472,0.04392668604850769,0.1557077318429947,-1.5314158201217651,0.017301183193922043,0.03478650003671646,-1.2786309719085693,0.00019424624042585492,-0.0461784303188324,-5.246361979516223e-05,0.015047598630189896
3.800110300000597,0.043937280774116516,0.15570592880249023,-1.5312544107437134,0.01727585680782795,0.034961435943841934,-1.2914328575134277,0.0001624120632186532,-0.04618018865585327,-7.141112291719764e-05,0.015048150904476643
3.820141700000022,0.04394718259572983,0.1557314395904541,-1.5306031703948975,0.017307385802268982,0.035074781626462936,-1.3061062097549438,0.00016919084009714425,-0.046178095042705536,-4.683650331571698e-05,0.015051322989165783
3.840473500000371,0.043929148465394974,0.1557379812002182,-1.5250731706619263,0.016959894448518753,0.03514929860830307,-1.3218398094177246,0.00017404239042662084,-0.04617691785097122,-6.018774365657009e-05,0.01505662128329277
3.860095800000636,0.04395715519785881,0.15571030974388123,-1.5084151029586792,0.016736553981900215,0.03521392494440079,-1.3351686000823975,0.00018432122305966914,-0.04616934806108475,-5.847707507200539e-05,0.015066119842231274
3.8804899000006117,0.04396228864789009,0.15576590597629547,-1.4741253852844238,0.015893027186393738,0.03513701260089874,-1.3443604707717896,0.0001658213441260159,-0.04617488011717796,-3.6940811696695164e-05,0.015042497776448727
3.9004543000010017,0.043926991522312164,0.15573164820671082,-1.4234005212783813,0.015953045338392258,0.03498207405209541,-1.346293568611145,0.00018165167421102524,-0.0461689792573452,-6.12186559010297e-05,0.015052727423608303
3.9202065999998013,0.04394983872771263,0.15572361648082733,-1.3581695556640625,0.01595010608434677,0.03498396277427673,-1.3433606624603271,0.000189529950148426,-0.046171315014362335,-3.389836638234556e-05,0.01504478044807911
3.940513000001374,0.04394456744194031,0.15571604669094086,-1.281583309173584,0.016008500009775162,0.03495575860142708,-1.3437379598617554,0.00019616416830103844,-0.04618352651596069,-4.27991253673099e-05,0.01505003497004509
3.9603872999996383,0.04396815598011017,0.15571273863315582,-1.2042077779769897,0.015976402908563614,0.034944646060466766,-1.3435347080230713,0.00018795591313391924,-0.04617684334516525,-4.8326721298508346e-05,0.015050703659653664
3.9802827000003163,0.0439491793513298,0.15571042895317078,-1.1274884939193726,0.015575315803289413,0.0349464938044548,-1.3435249328613281,0.00017667743668425828,-0.046174466609954834,-5.011890607420355e-05,0.015066757798194885
4.000240800000029,0.043969981372356415,0.15568703413009644,-1.0546008348464966,0.014970175921916962,0.034897156059741974,-1.3435351848602295,0.00018948288925457746,-0.04618621617555618,-3.9164147892734036e-05,0.01506032794713974
4.020349600001282,0.04392627626657486,0.15574106574058533,-0.9854318499565125,0.014498704113066196,0.034901030361652374,-1.343540072441101,0.00017826815019361675,-0.04618913680315018,-6.051233140169643e-05,0.015035481192171574
4.040339799999856,0.04395877942442894,0.15568020939826965,-0.9209389090538025,0.014207061380147934,0.03497178107500076,-1.3435415029525757,0.0001834347058320418,-0.04618176072835922,-4.112255555810407e-05,0.01504779327660799
4.060575900000913,0.04395023733377457,0.155684232711792,-0.8595116138458252,0.014131131581962109,0.03501943498849869,-1.3435388803482056,0.00017157444381155074,-0.04618823528289795,-5.382777453633025e-05,0.0150516452267766
4.080160800000158,0.04393193870782852,0.15572376549243927,-0.801788330078125,0.013427778147161007,0.035097211599349976,-1.3435389995574951,0.00018054989050142467,-0.04618710279464722,-5.319947740645148e-05,0.015053090639412403
4.1003349000002345,0.04393184185028076,0.155711829662323,-0.7416940331459045,0.005591192282736301,0.03519349545240402,-1.3434717655181885,0.0001892455038614571,-0.0461854487657547,-3.225640466553159e-05,0.015044784173369408
4.120235200000025,0.04393506422638893,0.15572838485240936,-0.6791320443153381,-0.005683163180947304,0.03527747094631195,-1.3434624671936035,0.0001694635284366086,-0.04618071764707565,-5.682393384631723e-05,0.015042525716125965
4.140187099999821,0.04395323991775513,0.1557285040616989,-0.6141417622566223,-0.013903017155826092,0.035173818469047546,-1.3434576988220215,0.0001996482751565054,-0.04618097469210625,-4.399672252475284e-05,0.015038956888020039
4.160197000001062,0.043933749198913574,0.15570898354053497,-0.5468055009841919,-0.0196500476449728,0.03502281755208969,-1.3434767723083496,0.00018099622684530914,-0.04616939276456833,-6.0398691857699305e-05,0.015051712282001972
4.180207499999597,0.043916478753089905,0.15568098425865173,-0.4784669578075409,-0.024067336693406105,0.03498871996998787,-1.3435204029083252,0.00019465642981231213,-0.046156466007232666,-4.889213596470654e-05,0.015050580725073814
4.200235500000417,0.04393614083528519,0.15572066605091095,-0.41113781929016113,-0.02253129705786705,0.03491390496492386,-1.3434921503067017,0.00019012777192983776,-0.046173010021448135,-5.2396451792446896e-05,0.015033632516860962
4.220231000001149,0.04395204409956932,0.15570691227912903,-0.3445741534233093,-0.022763531655073166,0.034939177334308624,-1.3434808254241943,0.00020556717936415225,-0.04618571698665619,-3.934975029551424e-05,0.015058723278343678
4.240191700000651,0.043973349034786224,0.15570853650569916,-0.2808394134044647,-0.022811846807599068,0.03492613881826401,-1.343430995941162,0.00019370419613551348,-0.04619055986404419,-4.5860509999329224e-05,0.015047452412545681
4.260201099999904,0.043943487107753754,0.1557013988494873,-0.22006116807460785,-0.02284235879778862,0.03491666167974472,-1.3434535264968872,0.0001776728458935395,-0.046177253127098083,-3.8376580050680786e-05,0.015062699094414711
4.280224400001316,0.04392281547188759,0.15572181344032288,-0.1632489562034607,-0.0227825865149498,0.03489457815885544,-1.3434685468673706,0.0001887315884232521,-0.0461927205324173,-3.846227627946064e-05,0.015050561167299747
4.3002962999999,0.04396054148674011,0.15575776994228363,-0.10999292880296707,-0.022825270891189575,0.03487157076597214,-1.3435354232788086,0.00018063592142425478,-0.04616318643093109,-4.8008019803091884e-05,0.015044222585856915
4.320209299999988,0.043954454362392426,0.15574143826961517,-0.0615704208612442,-0.022776247933506966,0.0348866730928421,-1.3435224294662476,0.00018844363512471318,-0.04616423696279526,-6.6858519858215e-05,0.01506114099174738
4.340295100000731,0.0439126193523407,0.15571478009223938,-0.020299600437283516,-0.02277557924389839,0.03489360213279724,-1.3434979915618896,0.00016331576625816524,-0.04616592824459076,-4.589913442032412e-05,0.015053026378154755
4.360206500001368,0.0439324751496315,0.155730739235878,0.013201387599110603,-0.02276046946644783,0.034885965287685394,-1.3435313701629639,0.0001966004929272458,-0.046174462884664536,-5.113918814458884e-05,0.015051417052745819
4.380198099999689,0.04395540803670883,0.1557329148054123,0.03847894072532654,-0.022766180336475372,0.034884899854660034,-1.343544840812683,0.00017908812151290476,-0.04619523137807846,-2.6801213607541285e-05,0.015052910894155502
4.400254800000766,0.04393181577324867,0.15570464730262756,0.055697567760944366,-0.022775661200284958,0.03488792106509209,-1.3435840606689453,0.00017148263577837497,-0.04618683457374573,-3.7658151995856315e-05,0.015050884336233139
4.420181600000433,0.043935954570770264,0.15571707487106323,0.06344267725944519,-0.022775236517190933,0.03490671142935753,-1.3435571193695068,0.00018949237710330635,-0.04618559032678604,-4.914953024126589e-05,0.01505335234105587
4.440100699999675,0.043940406292676926,0.15571388602256775,0.0616755373775959,-0.022771429270505905,0.03485972434282303,-1.3435465097427368,0.00018096900021191686,-0.04618366062641144,-4.8943715228233486e-05,0.015055153518915176
4.4603124000004755,0.04395829141139984,0.1557345688343048,0.05882265046238899,-0.02284584380686283,0.03481198847293854,-1.3435345888137817,0.00018339314556214958,-0.046174898743629456,-5.284156577545218e-05,0.015041173435747623
4.480151800000385,0.04395236447453499,0.1557430922985077,0.05398373678326607,-0.022774480283260345,0.03479260578751564,-1.343565583229065,0.00018762535182759166,-0.04616013169288635,-6.427260086638853e-05,0.015054713003337383
4.500213200000871,0.04394751042127609,0.15567924082279205,0.03930874913930893,-0.022538956254720688,0.03482047840952873,-1.343581199645996,0.00019213452469557524,-0.04616069421172142,-4.581535904435441e-05,0.015053619630634785
4.520370700000058,0.043967776000499725,0.1557542234659195,0.01002831757068634,-0.02247779443860054,0.0348074808716774,-1.343564748764038,0.00019600203086156398,-0.04617735743522644,-4.79001973872073e-05,0.015043368563055992
4.540042700000413,0.04392295330762863,0.15572579205036163,-0.03593449294567108,-0.022452805191278458,0.034752123057842255,-1.3435938358306885,0.00020868585852440447,-0.04621567577123642,-4.233624349581078e-05,0.015034218318760395
4.560375299999578,0.04392101615667343,0.15573441982269287,-0.09608214348554611,-0.022449016571044922,0.03475281596183777,-1.3436145782470703,0.0001782628387445584,-0.046190984547138214,-4.5265478547662497e-05,0.015068665146827698
4.580299999999625,0.04393802583217621,0.1556842029094696,-0.1603361815214157,-0.022340022027492523,0.03471487760543823,-1.3436048030853271,0.00017965205188374966,-0.046181946992874146,-4.020138658233918e-05,0.015042612329125404
4.600463400000081,0.0439319983124733,0.15572597086429596,-0.22687435150146484,-0.022331368178129196,0.034680794924497604,-1.3435783386230469,0.00018478743731975555,-0.04616537690162659,-5.895579670323059e-05,0.015048454515635967
4.620032099999662,0.04395060986280441,0.15575022995471954,-0.2908051013946533,-0.022000132128596306,0.03466577082872391,-1.343536376953125,0.0001723573514027521,-0.0461491160094738,-5.785833127447404e-05,0.015050199814140797
4.640483299999687,0.04397248476743698,0.15572457015514374,-0.35612109303474426,-0.018644122406840324,0.03463137894868851,-1.3435108661651611,0.0001573387417010963,-0.04616391658782959,-4.4474123569671065e-05,0.01504665520042181
4.660206599999583,0.04392891377210617,0.15571068227291107,-0.4200651943683624,-0.009327047504484653,0.03458963707089424,-1.3434908390045166,0.00017632154049351811,-0.04618144780397415,-8.0931480624713e-05,0.015038900077342987
4.680102100001022,0.043920718133449554,0.15569259226322174,-0.48441359400749207,0.006375211291015148,0.034513410180807114,-1.343538761138916,0.00019736970716621727,-0.04619138687849045,-4.6821653086226434e-05,0.015043068677186966
4.700278000000253,0.04390903562307358,0.15567852556705475,-0.5497581958770752,0.025287557393312454,0.034444987773895264,-1.3435338735580444,0.00017197828856296837,-0.046187758445739746,-4.462553988560103e-05,0.015059208497405052
4.720472000000882,0.04395896568894386,0.15572762489318848,-0.615292489528656,0.04576786607503891,0.03442297875881195,-1.343519687652588,0.0001942435628734529,-0.04618039354681969,-5.745277667301707e-05,0.015050120651721954
4.7401890000001,0.04394267871975899,0.15571922063827515,-0.6807340383529663,0.06733395159244537,0.03437827527523041,-1.3434903621673584,0.00020012419554404914,-0.04617103189229965,-3.477856807876378e-05,0.01505227666348219
4.760100400000738,0.043943166732788086,0.15568846464157104,-0.747765064239502,0.09145773947238922,0.03440605849027634,-1.3434674739837646,0.0002004334091907367,-0.04617501050233841,-3.7887002690695226e-05,0.01505056768655777
4.780335600000399,0.043906886130571365,0.15573103725910187,-0.8142549395561218,0.11840562522411346,0.03443862497806549,-1.3434566259384155,0.00019052857533097267,-0.04618653282523155,-4.989807348465547e-05,0.015040218830108643
4.800235200000316,0.04396182298660278,0.15572726726531982,-0.8762214183807373,0.147626131772995,0.034444354474544525,-1.3434628248214722,0.00016852898988872766,-0.046187371015548706,-4.537889253697358e-05,0.015042927116155624
4.820525900000575,0.043929047882556915,0.15575933456420898,-0.9336868524551392,0.17790257930755615,0.034519992768764496,-1.343468427658081,0.00018248528067488223,-0.04617521911859512,-6.147261592559516e-05,0.015055644325911999
4.840524000001096,0.04394228383898735,0.15571734309196472,-0.9847306609153748,0.20772860944271088,0.03452984243631363,-1.3434722423553467,0.00019035529112443328,-0.046179503202438354,-5.4908425227040425e-05,0.01503984909504652
4.860358699999779,0.043941907584667206,0.15572002530097961,-1.0312037467956543,0.23670856654644012,0.034579068422317505,-1.3434736728668213,0.00018206833919975907,-0.04616566002368927,-4.4801607145927846e-05,0.015035350807011127
4.880219100001341,0.04391975700855255,0.15569539368152618,-1.0724096298217773,0.2653353810310364,0.03458255156874657,-1.3435230255126953,0.0001818973250919953,-0.04617059603333473,-4.8984384193317965e-05,0.015048731118440628
4.900109100000918,0.043942391872406006,0.15570469200611115,-1.112614631652832,0.29685544967651367,0.0345897451043129,-1.343536138534546,0.00019387624342925847,-0.04617464542388916,-5.988136035739444e-05,0.015046275220811367
4.920095499999661,0.04393992945551872,0.1557423323392868,-1.1535186767578125,0.3352805972099304,0.034595366567373276,-1.3435535430908203,0.0001887401012936607,-0.04616960883140564,-4.701606303569861e-05,0.015047223307192326
4.940111199999592,0.04394344240427017,0.15570610761642456,-1.1980024576187134,0.37737923860549927,0.0346057265996933,-1.3435842990875244,0.0001832235138863325,-0.04618143290281296,-5.757192411692813e-05,0.015055768191814423
4.960143399999652,0.04395880550146103,0.15571129322052002,-1.2432106733322144,0.4190184772014618,0.03466535732150078,-1.3435633182525635,0.0001839381584431976,-0.046174462884664536,-6.183100049383938e-05,0.015044078230857849
4.980535800001235,0.0439426526427269,0.15574760735034943,-1.2896685600280762,0.45887047052383423,0.03467734903097153,-1.3435368537902832,0.00017594046948943287,-0.04617854207754135,-5.334310117177665e-05,0.015055553987622261
5.000404700000217,0.043963901698589325,0.15570864081382751,-1.3318322896957397,0.4960143566131592,0.03479862958192825,-1.3434853553771973,0.00018972264660988003,-0.04616590589284897,-2.3562171918456443e-05,0.015051822178065777
5.020625700000892,0.04395522177219391,0.15573129057884216,-1.371070146560669,0.5322108268737793,0.03482043370604515,-1.3434631824493408,0.00016964056703727692,-0.04617476463317871,-5.0169488531537354e-05,0.015046707354485989
5.040068600001177,0.043921247124671936,0.15573672950267792,-1.404455542564392,0.5641504526138306,0.03481772541999817,-1.3434616327285767,0.0001761899038683623,-0.046171680092811584,-5.1479179091984406e-05,0.015037747099995613
5.060205400000996,0.04396596923470497,0.1557283103466034,-1.438011884689331,0.5942072868347168,0.034820470958948135,-1.3434889316558838,0.00016664096619933844,-0.046182043850421906,-4.7355097194667906e-05,0.015050393529236317
5.080591199999617,0.04395408555865288,0.15573354065418243,-1.4718897342681885,0.6245304942131042,0.03481021523475647,-1.3434996604919434,0.00018286684644408524,-0.04617578536272049,-4.8358146159444004e-05,0.015039721503853798
5.1000764000000345,0.04392564296722412,0.15573139488697052,-1.5056605339050293,0.6536548137664795,0.03479287773370743,-1.3435354232788086,0.00017736807058099657,-0.0461810827255249,-5.916578447795473e-05,0.015042833983898163
5.12039410000034,0.043950192630290985,0.1556929051876068,-1.5409122705459595,0.6834643483161926,0.03478338569402695,-1.3434982299804688,0.00019522375077940524,-0.04617650806903839,-7.446529343724251e-05,0.015051038935780525
5.1405556999998225,0.04394964128732681,0.15574179589748383,-1.576996922492981,0.7130035758018494,0.03482574224472046,-1.34353506565094,0.00018277794879395515,-0.04617122560739517,-7.219988037832081e-05,0.015054055489599705
5.1605579999995825,0.04393869265913963,0.15569168329238892,-1.6122511625289917,0.7407858371734619,0.034838464111089706,-1.3435391187667847,0.00017636628763284534,-0.04618482291698456,-6.928470975253731e-05,0.015054049901664257
5.180463300001065,0.043939925730228424,0.155689999461174,-1.645468831062317,0.7672255635261536,0.0349336639046669,-1.343536376953125,0.00018495775293558836,-0.04619032144546509,-3.6092998925596476e-05,0.015044519677758217
5.2003473000004306,0.043945521116256714,0.15568819642066956,-1.6760661602020264,0.7925040125846863,0.03499636799097061,-1.343542456626892,0.0001671425998210907,-0.04617711156606674,-6.0082587879151106e-05,0.015050365589559078
5.220090800001344,0.04394403472542763,0.15571370720863342,-1.7025010585784912,0.8157060742378235,0.03506247699260712,-1.3436130285263062,0.0001768826914485544,-0.046163227409124374,-3.622697840910405e-05,0.015055671334266663
5.240081199999622,0.04393342509865761,0.15569737553596497,-1.7258670330047607,0.8368406891822815,0.03507819399237633,-1.3437702655792236,0.00018154580902773887,-0.046165332198143005,-5.468938616104424e-05,0.015048161149024963
5.260515900001337,0.043959714472293854,0.15570515394210815,-1.74586820602417,0.8548579812049866,0.03506702929735184,-1.3440651893615723,0.00020758039318025112,-0.04618965834379196,-4.54620058008004e-05,0.015049648471176624
5.280538799999704,0.04392986744642258,0.1556939333677292,-1.76393723487854,0.8701317310333252,0.03510865196585655,-1.3447542190551758,0.00019584692199714482,-0.0461762398481369,-6.110437243478373e-05,0.01503946352750063
5.300351199999568,0.043899230659008026,0.15573181211948395,-1.7809901237487793,0.8856914043426514,0.03519759327173233,-1.3474082946777344,0.0001619880786165595,-0.04618282988667488,-3.916048081009649e-05,0.015038600191473961
5.320204800000283,0.04396230727434158,0.1556948870420456,-1.799275279045105,0.9038761854171753,0.035345472395420074,-1.3554391860961914,0.0001886464742710814,-0.04618585854768753,-5.012514520785771e-05,0.015048842877149582
5.340234100000089,0.04395564645528793,0.1557333767414093,-1.817394495010376,0.9235161542892456,0.035500265657901764,-1.3692320585250854,0.00019311397045385092,-0.04618186503648758,-3.2624964660499245e-05,0.015034876763820648
5.360291300001336,0.04396525397896767,0.1557512730360031,-1.8334662914276123,0.9412530660629272,0.03551209717988968,-1.387390375137329,0.00018150034884456545,-0.046180035918951035,-4.906712274532765e-05,0.01504762377589941
5.3801626000004035,0.0439574271440506,0.1556805670261383,-1.8469040393829346,0.9550142288208008,0.03549294173717499,-1.4086672067642212,0.0001693761150818318,-0.046169593930244446,-5.8758687373483554e-05,0.01505220029503107
5.4001076000004105,0.043955251574516296,0.15574248135089874,-1.8589177131652832,0.9673487544059753,0.03551524132490158,-1.4303479194641113,0.00018364736752118915,-0.04617663472890854,-4.273006197763607e-05,0.015052596107125282
5.420194700000138,0.04393399506807327,0.15570425987243652,-1.8691811561584473,0.9822592735290527,0.03548182547092438,-1.4512534141540527,0.00019336465629749,-0.04618284851312637,-4.7895075113046914e-05,0.015045899897813797
5.440230500000325,0.04395043104887009,0.15569280087947845,-1.8760799169540405,1.001401662826538,0.035428404808044434,-1.4702891111373901,0.00019983304082415998,-0.04617408663034439,-5.379865615395829e-05,0.015051505528390408
5.460536800001137,0.043962396681308746,0.15569466352462769,-1.8788173198699951,1.022451400756836,0.03520835191011429,-1.4876213073730469,0.00017903861589729786,-0.046174902468919754,-5.74315017729532e-05,0.01505191158503294
5.480127000000721,0.04395957291126251,0.1557246297597885,-1.878825306892395,1.0411534309387207,0.03484147787094116,-1.5034527778625488,0.00017559388652443886,-0.046159833669662476,-4.974919283995405e-05,0.015059813857078552
5.500309900000502,0.04396693408489227,0.15567858517169952,-1.8788191080093384,1.0590206384658813,0.034841388463974,-1.5191890001296997,0.0001622628915356472,-0.046173274517059326,-3.429120988585055e-05,0.015050207264721394
5.520243700000719,0.043947480618953705,0.15569186210632324,-1.878843903541565,1.0767436027526855,0.03480003401637077,-1.5333609580993652,0.00017897009092848748,-0.04617449268698692,-4.766650454257615e-05,0.01505451463162899
5.540502300000298,0.04393842816352844,0.1556675285100937,-1.8788524866104126,1.0959067344665527,0.034764550626277924,-1.5452591180801392,0.00018364255083724856,-0.04619044065475464,-3.785930675803684e-05,0.015042543411254883
5.5606007000005775,0.04394280165433884,0.15565916895866394,-1.8788410425186157,1.1169869899749756,0.034766003489494324,-1.5538904666900635,0.00018583645578473806,-0.04618335887789726,-5.1800274377455935e-05,0.015051096677780151
5.580544200000077,0.04392930120229721,0.1557408720254898,-1.8788363933563232,1.1387672424316406,0.034791938960552216,-1.559278130531311,0.00018402410205453634,-0.04619283601641655,-4.884609006694518e-05,0.015045179054141045
5.600408600001174,0.043952956795692444,0.15574419498443604,-1.878799557685852,1.1602113246917725,0.034821607172489166,-1.5628007650375366,0.00017476195353083313,-0.04617850482463837,-4.811297549167648e-05,0.015048195607960224
5.620483900000181,0.04394245892763138,0.1557527482509613,-1.87882661819458,1.1799511909484863,0.03481721505522728,-1.5650159120559692,0.00016550134751014411,-0.04617121070623398,-5.85144771321211e-05,0.015048372559249401
5.640093900001375,0.04393167048692703,0.15566501021385193,-1.878818392753601,1.196887493133545,0.034812115132808685,-1.564380168914795,0.00018534413538873196,-0.04616080969572067,-5.690722173312679e-05,0.015048177912831306
5.6604511000005004,0.04393085092306137,0.15572050213813782,-1.878828763961792,1.2126719951629639,0.03476688265800476,-1.5643975734710693,0.00016943203809205443,-0.04617244377732277,-2.8238186132512055e-05,0.01503086369484663
5.6804456999998365,0.04392559826374054,0.15568535029888153,-1.8788343667984009,1.2267534732818604,0.03476028889417648,-1.5644217729568481,0.0001863970683189109,-0.04619067907333374,-3.979400935349986e-05,0.01504625752568245
5.7000791000009485,0.0439271405339241,0.15574467182159424,-1.8788453340530396,1.2398712635040283,0.03473062068223953,-1.5643949508666992,0.00017637305427342653,-0.046213436871767044,-5.66310845897533e-05,0.015052099712193012
5.720193000001018,0.043945081532001495,0.15576153993606567,-1.8788399696350098,1.2536113262176514,0.034736357629299164,-1.5644288063049316,0.0001785432978067547,-0.04618484526872635,-4.8771831643534824e-05,0.01504469569772482
5.740519799999674,0.04392553120851517,0.1556984931230545,-1.8788340091705322,1.2683188915252686,0.03475424647331238,-1.5643864870071411,0.00018385164730716497,-0.046169791370630264,-4.972253373125568e-05,0.015060674399137497
5.760103300000992,0.04393403232097626,0.15572066605091095,-1.8788353204727173,1.2814934253692627,0.034760572016239166,-1.5643647909164429,0.00017862023378256708,-0.04615084454417229,-6.390234921127558e-05,0.015043814666569233
5.780520199999955,0.0439281091094017,0.15568450093269348,-1.8788264989852905,1.29383385181427,0.03480863943696022,-1.5643579959869385,0.0001876836031442508,-0.046160124242305756,-4.2908770410576835e-05,0.01505328994244337
5.800565300000017,0.043959058821201324,0.15570837259292603,-1.8788162469863892,1.3040578365325928,0.03481915220618248,-1.5643466711044312,0.00019390352827031165,-0.04617423564195633,-5.4582342272624373e-05,0.015039844438433647
5.820485800000824,0.0439334437251091,0.15571057796478271,-1.8787721395492554,1.3122186660766602,0.034851327538490295,-1.564342975616455,0.00020266002684365958,-0.046189501881599426,-4.292128869565204e-05,0.015050291083753109
5.840252199999668,0.043962262570858,0.1557363122701645,-1.8787541389465332,1.31790292263031,0.03488077223300934,-1.5643385648727417,0.00017977587413042784,-0.046213239431381226,-4.904007073491812e-05,0.015039173886179924
5.860218499999974,0.04393225535750389,0.15577521920204163,-1.8787137269973755,1.3188385963439941,0.034899234771728516,-1.5643372535705566,0.00018307490972802043,-0.046202968806028366,-2.8826898414990865e-05,0.015045665204524994
5.880265900001177,0.04394764080643654,0.15568652749061584,-1.8787060976028442,1.3176225423812866,0.03490274026989937,-1.5643479824066162,0.00019063823856413364,-0.04617686569690704,-6.50085712550208e-05,0.015042595565319061
5.900545300000886,0.043947331607341766,0.15565992891788483,-1.8786916732788086,1.3176848888397217,0.03490852564573288,-1.5643565654754639,0.00018807088781613857,-0.046167440712451935,-5.996966137900017e-05,0.015055296011269093
5.9205251000003045,0.04393160343170166,0.15572009980678558,-1.8785719871520996,1.3176417350769043,0.03496726229786873,-1.5643776655197144,0.00019255334336776286,-0.0461607351899147,-6.132137059466913e-05,0.015060081146657467
5.940140300001076,0.04396175593137741,0.1556869000196457,-1.8785429000854492,1.3175749778747559,0.035004545003175735,-1.5643600225448608,0.00017134333029389381,-0.04617947340011597,-5.2197359764249995e-05,0.015052231028676033
5.960467300001255,0.04395598545670509,0.1557416021823883,-1.8785293102264404,1.3173085451126099,0.035132236778736115,-1.5643589496612549,0.0001862406643340364,-0.04619162157177925,-5.0010894483421e-05,0.015047190710902214
5.980464399999619,0.04392659291625023,0.1557307094335556,-1.8783825635910034,1.3134393692016602,0.03529054671525955,-1.564388394355774,0.00018721987726166844,-0.04620114341378212,-3.619393828557804e-05,0.015048440545797348
6.000469399999929,0.0439620167016983,0.15576328337192535,-1.877769947052002,1.301764726638794,0.03614742308855057,-1.5644283294677734,0.00017823213420342654,-0.046188902109861374,-3.9684910007053986e-05,0.015036982484161854
6.02039970000078,0.04394926130771637,0.15570926666259766,-1.8755974769592285,1.2781444787979126,0.04259640723466873,-1.5644774436950684,0.0001828959066187963,-0.04617031663656235,-4.717959382105619e-05,0.015040137805044651
6.040258600000016,0.043950654566287994,0.1557161808013916,-1.8703762292861938,1.2413926124572754,0.05663943290710449,-1.5644973516464233,0.00015796850493643433,-0.04615573585033417,-3.1683561246609315e-05,0.01506223063915968
6.060297100000753,0.043988876044750214,0.155730202794075,-1.8632190227508545,1.1997302770614624,0.0787748172879219,-1.5644810199737549,0.00017219009168911725,-0.04614703357219696,-6.248574209166691e-05,0.015054155141115189
6.080225300000166,0.04396267980337143,0.15568676590919495,-1.8577765226364136,1.1602277755737305,0.10667799413204193,-1.564474105834961,0.0001782951585482806,-0.04619082063436508,-4.604658897733316e-05,0.015053846873342991
6.100058899999567,0.04396839067339897,0.15572090446949005,-1.8542228937149048,1.1217883825302124,0.1381920874118805,-1.564446210861206,0.0001938436325872317,-0.0462038479745388,-5.232772673480213e-05,0.015047549270093441
6.120150599999761,0.043952420353889465,0.15570250153541565,-1.8535404205322266,1.0832396745681763,0.171391099691391,-1.5644292831420898,0.0001910101855173707,-0.04619954898953438,-4.881366476183757e-05,0.015046303160488605
6.140273000000889,0.043941646814346313,0.15570349991321564,-1.8533315658569336,1.0449140071868896,0.20584353804588318,-1.5643467903137207,0.0001828037347877398,-0.04618217796087265,-4.468415136216208e-05,0.015046842396259308
6.160507800001142,0.04393196478486061,0.15569952130317688,-1.8516887426376343,1.00612211227417,0.24293535947799683,-1.5641802549362183,0.00017707483493722975,-0.04613976180553436,-6.370912888087332e-05,0.01504483725875616
6.180240499999854,0.043953970074653625,0.155692920088768,-1.8454278707504272,0.9688547849655151,0.28032779693603516,-1.5639585256576538,0.00018813330098055303,-0.04614189639687538,-5.8336758229415864e-05,0.01504847314208746
6.20026770000004,0.043949514627456665,0.1556825041770935,-1.8310664892196655,0.9285357594490051,0.3184489607810974,-1.5638748407363892,0.00019481757772155106,-0.04616924747824669,-4.358151272754185e-05,0.015045387670397758
6.22031650000099,0.04394346848130226,0.1557144820690155,-1.8064000606536865,0.8846367597579956,0.35464316606521606,-1.5636813640594482,0.0001855372975114733,-0.046183984726667404,-3.7568450352409855e-05,0.015046457760035992
6.24036150000029,0.04394395649433136,0.15570098161697388,-1.7736766338348389,0.8409230709075928,0.38525015115737915,-1.5630404949188232,0.00017803782247938216,-0.046197887510061264,-6.675274926237762e-05,0.015040136873722076
6.260287900000549,0.043926604092121124,0.15573911368846893,-1.7315765619277954,0.801970362663269,0.40759438276290894,-1.5594438314437866,0.0001932426675921306,-0.04619228094816208,-5.492262789630331e-05,0.015041989274322987
6.280297600000267,0.04393944516777992,0.15569807589054108,-1.6785227060317993,0.7696372270584106,0.4203939437866211,-1.5510004758834839,0.00019434024579823017,-0.046180132776498795,-5.112414146424271e-05,0.015068761073052883
6.300150200000644,0.04393748193979263,0.15568575263023376,-1.6139038801193237,0.7401401996612549,0.42322784662246704,-1.537306547164917,0.00019285154121462256,-0.046145178377628326,-3.800737613346428e-05,0.01504828967154026
6.320269699999699,0.043940912932157516,0.155694842338562,-1.5379973649978638,0.7071815729141235,0.42065054178237915,-1.5196729898452759,0.00020621405565179884,-0.04615931957960129,-4.396108488435857e-05,0.015061578713357449
6.340492000001177,0.04395128786563873,0.1557019203901291,-1.454421877861023,0.672784686088562,0.41826534271240234,-1.4999247789382935,0.00018095594714395702,-0.046169813722372055,-6.227704579941928e-05,0.015052331611514091
6.360436099999788,0.043917976319789886,0.1557190716266632,-1.3688106536865234,0.6408488750457764,0.4185638427734375,-1.4804601669311523,0.00018197424651589245,-0.04619036614894867,-4.524890391621739e-05,0.015035158954560757
6.380501200001163,0.04393738508224487,0.15567851066589355,-1.2836925983428955,0.6085629463195801,0.4184098541736603,-1.4619531631469727,0.00017895089695230126,-0.046201832592487335,-4.860605258727446e-05,0.015035968273878098
6.400155700001051,0.043949324637651443,0.15573418140411377,-1.2043941020965576,0.5770778656005859,0.41833001375198364,-1.4467494487762451,0.0001742881431709975,-0.04619770497083664,-5.307297396939248e-05,0.015034664422273636
6.420414199999868,0.043930038809776306,0.15569595992565155,-1.1287214756011963,0.5430176258087158,0.41830530762672424,-1.4356013536453247,0.00019909969705622643,-0.0461760014295578,-4.492825974011794e-05,0.01505615096539259
6.440507799999978,0.04394511878490448,0.15565504133701324,-1.0599846839904785,0.5039540529251099,0.41840845346450806,-1.429195523262024,0.0001761999592417851,-0.046142153441905975,-6.144438521005213e-05,0.015041787177324295
6.460489500001131,0.0439632311463356,0.15570774674415588,-0.9955453872680664,0.4621027410030365,0.4184272587299347,-1.4285022020339966,0.0001734048710204661,-0.04614865779876709,-7.540745718870312e-05,0.015049506910145283
6.480276700000104,0.0439484529197216,0.1557328850030899,-0.9351083040237427,0.4216560423374176,0.41841503977775574,-1.4281350374221802,0.0001832724956329912,-0.04616440087556839,-3.522068800521083e-05,0.015049483627080917
6.500348400000803,0.043953604996204376,0.15567827224731445,-0.8744393587112427,0.3807901442050934,0.41838690638542175,-1.4279322624206543,0.00017670367378741503,-0.04620373994112015,-5.194901314098388e-05,0.015043143182992935
6.520042500000272,0.04393355920910835,0.15574754774570465,-0.8137840628623962,0.34223565459251404,0.4183129370212555,-1.4257725477218628,0.00018028641352429986,-0.046212200075387955,-4.072173760505393e-05,0.015045486390590668
6.540445300001011,0.04395979642868042,0.15571701526641846,-0.7506049871444702,0.30268532037734985,0.4182835519313812,-1.4168341159820557,0.00018104513583239168,-0.04619088023900986,-5.334609522833489e-05,0.015037354081869125
6.5604753000006895,0.043956346809864044,0.15573342144489288,-0.687824010848999,0.2652754783630371,0.41827264428138733,-1.4041197299957275,0.00018657330656424165,-0.04617173597216606,-4.069849819643423e-05,0.015053178183734417
6.580074900000909,0.04391620308160782,0.1557227224111557,-0.627921462059021,0.2336140275001526,0.41824087500572205,-1.3876068592071533,0.00019633279589470476,-0.04616240784525871,-2.793814019241836e-05,0.015062478370964527
6.600474799999574,0.04396502301096916,0.15570884943008423,-0.5669304132461548,0.20420965552330017,0.4182587265968323,-1.3641619682312012,0.0001791048707673326,-0.04617840051651001,-6.704166298732162e-05,0.015048529021441936
6.620178500001202,0.04393916577100754,0.155698761343956,-0.5087050199508667,0.1794092059135437,0.41833487153053284,-1.338393211364746,0.00016649384633637965,-0.04618287831544876,-4.477842594496906e-05,0.015040881931781769
6.640460200000234,0.04396436735987663,0.1557067632675171,-0.4494117200374603,0.15763765573501587,0.41841259598731995,-1.3103569746017456,0.00018179843027610332,-0.046181440353393555,-5.806214903714135e-05,0.015061757527291775
6.66055520000009,0.043919630348682404,0.15572795271873474,-0.39124444127082825,0.13849470019340515,0.4184826910495758,-1.2816622257232666,0.00018543947953730822,-0.04619432985782623,-4.2402843973832205e-05,0.015039988793432713
6.680548899999849,0.04393715038895607,0.15569768846035004,-0.33396127820014954,0.12047728151082993,0.4185362160205841,-1.2517446279525757,0.00019259595137555152,-0.04616576060652733,-3.967341035604477e-05,0.015044443309307098
6.700114900000699,0.04391380399465561,0.1556825041770935,-0.2793280780315399,0.10143313556909561,0.4185423254966736,-1.218482255935669,0.00018729800649452955,-0.046165142208337784,-4.8585046897642314e-05,0.0150407450273633
6.72049750000042,0.0439319908618927,0.15572096407413483,-0.22564586997032166,0.08208005130290985,0.4186352789402008,-1.1811211109161377,0.00018708626157604158,-0.046165019273757935,-4.2042960558319464e-05,0.015053806826472282
6.740400900000168,0.04395109415054321,0.1556820422410965,-0.17858010530471802,0.06533233076334,0.41862884163856506,-1.1426200866699219,0.00018681210349313915,-0.04618150740861893,-5.107164179207757e-05,0.015054428949952126
6.760358300000007,0.04391343519091606,0.15569891035556793,-0.13673099875450134,0.050902608782052994,0.4186246991157532,-1.1045048236846924,0.0001824759820010513,-0.046187736093997955,-4.893064760835841e-05,0.015051882714033127
6.7800808000010875,0.04390951246023178,0.15572500228881836,-0.10190364718437195,0.03704589605331421,0.41862890124320984,-1.068547010421753,0.0001923845848068595,-0.0461888313293457,-6.05693094257731e-05,0.015049866400659084
6.800381600000037,0.043949540704488754,0.1557149440050125,-0.07092203199863434,0.02341199666261673,0.4186084270477295,-1.0337345600128174,0.00017638184363022447,-0.046180106699466705,-4.5282191422302276e-05,0.015049798414111137
6.820455600000059,0.04393932223320007,0.15571650862693787,-0.04561401531100273,0.01265909057110548,0.4186300039291382,-1.0031977891921997,0.00018260789511259645,-0.04616711288690567,-4.80686649098061e-05,0.01505773700773716
6.840110299999651,0.04394424706697464,0.1557445526123047,-0.024197975173592567,0.005441073328256607,0.41862040758132935,-0.9732615947723389,0.00016038773173931986,-0.0461612343788147,-4.593416815623641e-05,0.015058161690831184
6.860541000000012,0.04396224766969681,0.15570025146007538,-0.0036095790565013885,0.0020757855381816626,0.4186052978038788,-0.9414252638816833,0.00019589981820899993,-0.04617743939161301,-4.917115074931644e-05,0.01504515390843153
6.880511999999726,0.04392431676387787,0.15569846332073212,0.015753094106912613,-0.0013602349208667874,0.4186081886291504,-0.9052518010139465,0.0001823039201553911,-0.04617154598236084,-6.107722583692521e-05,0.01504684891551733
6.900493600000118,0.04395072162151337,0.15571320056915283,0.035385649651288986,0.00046384442248381674,0.41862332820892334,-0.8649068474769592,0.00016676953237038106,-0.046182628720998764,-6.536908040288836e-05,0.015036061406135559
6.920531400000982,0.043949324637651443,0.1556711345911026,0.054188698530197144,0.00024355282948818058,0.4186278283596039,-0.8200295567512512,0.00018345638818573207,-0.0461861789226532,-4.550833546090871e-05,0.01506172213703394
6.940296400000079,0.04392368718981743,0.1557365357875824,0.06866785883903503,0.00021796680812258273,0.41865161061286926,-0.7740517258644104,0.0001878429320640862,-0.0461745411157608,-5.1284139772178605e-05,0.015041351318359375
6.9604887000004965,0.0439540296792984,0.1556701809167862,0.07770378142595291,0.00022823455219622701,0.4186372756958008,-0.7259104251861572,0.00017715363355819136,-0.046173349022865295,-5.223038169788197e-05,0.015058249235153198
6.980168000000049,0.0439608171582222,0.15571503341197968,0.08127319812774658,0.00019609701121225953,0.4186330735683441,-0.6827839612960815,0.00016921124188229442,-0.046161532402038574,-4.013348734588362e-05,0.01504632830619812
7.000577000000703,0.04397137090563774,0.15570347011089325,0.08177632093429565,0.00019732318469323218,0.4186389744281769,-0.6396777629852295,0.0001939553621923551,-0.04616914689540863,-4.481942596612498e-05,0.015039906837046146
7.0204061000004,0.04391562193632126,0.15567046403884888,0.08181285858154297,0.0001877881441032514,0.4186452627182007,-0.5984241962432861,0.0001576875220052898,-0.04617086052894592,-4.3181342334719375e-05,0.015058350749313831
7.040405900001133,0.043922074139118195,0.15570181608200073,0.08180330693721771,0.0001655913220020011,0.4186757802963257,-0.5547201037406921,0.00016035270527936518,-0.046173095703125,-4.450306005310267e-05,0.015045708045363426
7.060141800000565,0.043939411640167236,0.15572091937065125,0.08179645240306854,0.0001699078711681068,0.41864657402038574,-0.5099195241928101,0.00016998100909404457,-0.046179160475730896,-4.323886605561711e-05,0.015046563930809498
7.080480300001,0.04393662512302399,0.15570777654647827,0.08177107572555542,0.00016462468192912638,0.41863593459129333,-0.4644189774990082,0.00016024455544538796,-0.04617715999484062,-6.0383106756489724e-05,0.015056685544550419
7.100209000000177,0.04395648464560509,0.15571047365665436,0.08176310360431671,0.00013236451195552945,0.4186365604400635,-0.42147958278656006,0.00017385986575391144,-0.04616837576031685,-3.2158452086150646e-05,0.015044193714857101
7.120253200000661,0.04389714077115059,0.15567848086357117,0.08175147324800491,0.0001441545318812132,0.418655127286911,-0.3834696412086487,0.00017083680722862482,-0.04617717117071152,-5.024319762014784e-05,0.01504309568554163
7.14017690000037,0.04393304884433746,0.1557135283946991,0.08173432946205139,0.00014435607590712607,0.41865503787994385,-0.3497884273529053,0.00019472121493890882,-0.04618583619594574,-5.63040011911653e-05,0.015053162351250648
7.160476099999869,0.043911293148994446,0.15571458637714386,0.08170190453529358,1.640630216570571e-05,0.4186997711658478,-0.32207590341567993,0.000186859630048275,-0.04618098586797714,-6.110146932769567e-05,0.015055183321237564
7.180474700000559,0.04391869157552719,0.15574541687965393,0.08165065944194794,-0.00022479859762825072,0.41870519518852234,-0.30082136392593384,0.0001926977711264044,-0.046171173453330994,-5.098009933135472e-05,0.01504695788025856
7.200522900000578,0.0439523309469223,0.15569740533828735,0.08158048987388611,-0.0005380192305892706,0.4187012314796448,-0.2837848663330078,0.0001710553769953549,-0.046171803027391434,-4.642815838451497e-05,0.015052962116897106
7.2200683999999455,0.04395211488008499,0.15570272505283356,0.0814749002456665,-0.0005258871824480593,0.41870030760765076,-0.27168750762939453,0.00016897507885005325,-0.0461714006960392,-5.451393735711463e-05,0.015062541700899601
7.240090500001315,0.04395072162151337,0.15572486817836761,0.0814218521118164,-0.0005348373670130968,0.41869670152664185,-0.2648274600505829,0.0001999929954763502,-0.04618073254823685,-5.1845170673914254e-05,0.01505276095122099
7.260496500000954,0.0439068004488945,0.15574245154857635,0.08128105103969574,-0.0007589331362396479,0.4186955690383911,-0.2639384865760803,0.0001981717359740287,-0.04618638753890991,-4.5565961045213044e-05,0.015049908310174942
7.280407000000196,0.043937504291534424,0.15568532049655914,0.08128704130649567,-0.0006857711123302579,0.41868525743484497,-0.26401665806770325,0.00018914112297352403,-0.04618394002318382,-4.970528243575245e-05,0.015043056569993496
7.300494299999627,0.04396472126245499,0.15571998059749603,0.08129239082336426,-0.0005229231901466846,0.4186963737010956,-0.2640702724456787,0.0001844463258748874,-0.04617731645703316,-6.117985321907327e-05,0.01504590269178152
7.320422500000859,0.043934449553489685,0.15566322207450867,0.08128136396408081,-0.0004303542955312878,0.4187055230140686,-0.26407596468925476,0.0001900419156299904,-0.04617850482463837,-3.936325811082497e-05,0.015053724870085716
7.3405062000001635,0.043956466019153595,0.15568745136260986,0.08128856122493744,-0.00011806548718595877,0.4187115430831909,-0.26409512758255005,0.00018908051424659789,-0.04617392271757126,-2.8889502573292702e-05,0.015048217959702015
7.360156300001108,0.04395226389169693,0.15571916103363037,0.08128803968429565,-7.54966022213921e-05,0.4187098443508148,-0.2642243206501007,0.000197260407730937,-0.04617144912481308,-5.645199416903779e-05,0.01505592092871666
7.380076700001155,0.043912407010793686,0.15570977330207825,0.0812385231256485,9.478427818976343e-05,0.41874268651008606,-0.26442572474479675,0.00015881762374192476,-0.04617415741086006,-5.907314698561095e-05,0.015048694796860218
7.400137399999949,0.04394211620092392,0.15569064021110535,0.08099494874477386,9.793599019758403e-05,0.4187282621860504,-0.26438525319099426,0.00018794237985275686,-0.046182066202163696,-5.4572206863667816e-05,0.015043572522699833
7.420485800001188,0.04394969344139099,0.1556975096464157,0.08097493648529053,0.00013381372264120728,0.4187590181827545,-0.26435935497283936,0.00017812554142437875,-0.04619140923023224,-3.791175549849868e-05,0.01504374947398901
7.440225100001044,0.043910495936870575,0.15574735403060913,0.08102653175592422,9.783857967704535e-05,0.4187661409378052,-0.26436880230903625,0.0001818198070395738,-0.046179354190826416,-5.605031765298918e-05,0.015041275881230831
7.460493599999609,0.0439189076423645,0.15570873022079468,0.08109042793512344,7.149246812332422e-05,0.4187512993812561,-0.2643561363220215,0.00018072169041261077,-0.04616817831993103,-3.547384403645992e-05,0.015050089918076992
7.4802204000006896,0.04395093023777008,0.15570352971553802,0.08113111555576324,8.276037988252938e-05,0.4187108874320984,-0.2643097937107086,0.00019071913266088814,-0.04616051912307739,-5.260235775494948e-05,0.01504540629684925
7.500530400000571,0.04395270347595215,0.1557108461856842,0.08119252324104309,8.119947597151622e-05,0.41869696974754333,-0.26421940326690674,0.00020007089187856764,-0.046178415417671204,-4.917160185868852e-05,0.015052170492708683
7.520232099999703,0.04395320266485214,0.15572135150432587,0.08134427666664124,7.870692934375256e-05,0.4186960756778717,-0.26415014266967773,0.00019388410146348178,-0.04617086797952652,-6.0885242419317365e-05,0.015049873851239681
7.540170100000978,0.043940380215644836,0.15572048723697662,0.08158403635025024,2.029093593591824e-06,0.41869276762008667,-0.26419058442115784,0.00020134779333602637,-0.046182505786418915,-6.433243834180757e-05,0.015072723850607872
7.560490100000607,0.04396156966686249,0.1557132452726364,0.08160172402858734,-1.4975154954299796e-05,0.4186958372592926,-0.2641599476337433,0.00017782687791623175,-0.04619060829281807,-5.166213304619305e-05,0.01505074743181467
7.58017910000126,0.04394812881946564,0.15572205185890198,0.08162951469421387,-5.2340412366902456e-05,0.4186793267726898,-0.264102965593338,0.00019991598674096167,-0.04617972671985626,-4.6247063437476754e-05,0.015041890554130077
7.600231800000984,0.04395536333322525,0.15572167932987213,0.08164666593074799,-9.851830691331998e-05,0.41866645216941833,-0.26405102014541626,0.0001893855951493606,-0.04618179053068161,-5.4475927754538134e-05,0.015048199333250523
7.620367600000463,0.043951861560344696,0.15572264790534973,0.08165183663368225,-4.9804650188889354e-05,0.4186854958534241,-0.2640351951122284,0.00018796906806528568,-0.046174515038728714,-4.2488369217608124e-05,0.015059185214340687
7.6401545999997325,0.043948739767074585,0.15571261942386627,0.08164294064044952,-7.018880296527641e-06,0.41869640350341797,-0.2640484571456909,0.00019509863341227174,-0.04618116468191147,-5.681179027305916e-05,0.015050710178911686
7.660439700001007,0.04395151510834694,0.15573090314865112,0.08159297704696655,-6.460426902776817e-06,0.4186910092830658,-0.26405999064445496,0.00018787372391670942,-0.04617607593536377,-3.837460099020973e-05,0.015054941177368164
7.680221599999641,0.043949712067842484,0.15571299195289612,0.08157941699028015,4.679978701460641e-06,0.41869062185287476,-0.26407307386398315,0.0001783016778063029,-0.04617075249552727,-4.61332019767724e-05,0.01505084615200758
7.700127899999643,0.043927326798439026,0.15570920705795288,0.08154179900884628,4.0663335312274285e-06,0.4186965227127075,-0.264075368642807,0.0001812571717891842,-0.04617445170879364,-4.5565171603811905e-05,0.015044866129755974
7.720409600000494,0.04393429681658745,0.15570586919784546,0.08144821226596832,1.788703229976818e-07,0.41867056488990784,-0.2640751600265503,0.00019386048370506614,-0.046173736453056335,-5.262871127342805e-05,0.015056445263326168
7.740152399999715,0.043930716812610626,0.15572547912597656,0.081419937312603,9.039264114107937e-06,0.4186962842941284,-0.26407548785209656,0.00018838743562810123,-0.046178560703992844,-3.337994348839857e-05,0.015041022561490536
7.760438000001159,0.04394679516553879,0.1557087004184723,0.08139622211456299,-1.9535980300133815e-06,0.41869789361953735,-0.2640826106071472,0.00017155535169877112,-0.04618312790989876,-5.603045428870246e-05,0.015042849816381931
7.780203500000425,0.04395049065351486,0.15572044253349304,0.08138352632522583,3.746102720469935e-06,0.41870301961898804,-0.264129638671875,0.00018233881564810872,-0.046170517802238464,-5.504423825186677e-05,0.015047685243189335
7.800220700000864,0.043927595019340515,0.15566466748714447,0.0813857764005661,4.803031288247439e-07,0.41870957612991333,-0.2641085982322693,0.0001980120432563126,-0.04617591202259064,-3.87047475669533e-05,0.015045068226754665
7.820372600001065,0.04394010454416275,0.15567724406719208,0.0814051702618599,-5.251504262560047e-06,0.41870957612991333,-0.26410722732543945,0.0001878670445876196,-0.04617863893508911,-4.930874638375826e-05,0.015045122243463993
7.840118600001006,0.0439329519867897,0.155704066157341,0.08142892271280289,-5.944317763351137e-06,0.41870662569999695,-0.26409101486206055,0.000183148353244178,-0.04618220031261444,-5.640857489197515e-05,0.015044755302369595
7.8604750000013155,0.0439487099647522,0.15573514997959137,0.08144713938236237,7.828082743799314e-06,0.4187021255493164,-0.26410776376724243,0.000186022836714983,-0.04618522524833679,-5.644775228574872e-05,0.01504461094737053
7.880478299999595,0.04394175112247467,0.15570533275604248,0.0814681351184845,-1.1418165740906261e-05,0.41867971420288086,-0.2640910744667053,0.0002010683820117265,-0.04617105424404144,-4.0312814235221595e-05,0.015059082768857479
7.900469500000327,0.043935708701610565,0.15575319528579712,0.08150769025087357,-4.04158781748265e-05,0.4186924993991852,-0.2640848755836487,0.00017689938249532133,-0.0461786650121212,-3.5176664823666215e-05,0.015044812113046646
7.92022580000048,0.04389777034521103,0.15571852028369904,0.08153696358203888,-3.44195868819952e-05,0.41868436336517334,-0.26408708095550537,0.00017409953579772264,-0.04617846757173538,-5.47710333194118e-05,0.015051350928843021
7.9404950000007375,0.043951090425252914,0.15571331977844238,0.08156182616949081,-6.968331581447273e-05,0.4186941385269165,-0.2640722393989563,0.00018956532585434616,-0.046164028346538544,-5.6801825849106535e-05,0.015063398517668247
7.960453800000323,0.043930791318416595,0.15571455657482147,0.08156995475292206,-5.843852341058664e-05,0.4186807870864868,-0.2640683352947235,0.00017740982002578676,-0.04618099331855774,-4.2498861148487777e-05,0.015044155530631542
7.980138300001272,0.0439528226852417,0.15571145713329315,0.08156487345695496,-4.501891817199066e-05,0.4186854064464569,-0.2640652656555176,0.00018097026622854173,-0.0461711622774601,-3.510531678330153e-05,0.015050218440592289
8.000186200000826,0.04395284503698349,0.15573924779891968,0.08156838268041611,-1.6952084251897759e-06,0.4186844825744629,-0.26407650113105774,0.00019016359874513,-0.04617688059806824,-6.29482528893277e-05,0.015055561438202858
8.020838800001002,0.04394456371665001,0.15567971765995026,0.08157023787498474,-6.814298558310838e-06,0.41869741678237915,-0.26407259702682495,0.0001834993890952319,-0.046177804470062256,-4.492716834647581e-05,0.015059033408761024
8.040441400000418,0.04394214600324631,0.1557435393333435,0.08151835203170776,4.293405595490185e-07,0.4186670184135437,-0.26405346393585205,0.0001751313975546509,-0.04617762193083763,-5.434332342701964e-05,0.015032240189611912
8.060216600000786,0.04391106590628624,0.15570791065692902,0.08150487393140793,1.5236872059176676e-05,0.4186817705631256,-0.2640650272369385,0.00017658805882092565,-0.04617829620838165,-5.123367373016663e-05,0.015043377876281738
8.080198499999824,0.04396021366119385,0.1557510942220688,0.08148819208145142,4.965394509781618e-06,0.418672651052475,-0.26407909393310547,0.00016590283485129476,-0.0461730919778347,-6.143635255284607e-05,0.01505119539797306
8.100230100000772,0.043947733938694,0.15572865307331085,0.08143755793571472,2.23211236516363e-06,0.4186931550502777,-0.2640654444694519,0.00018031831132248044,-0.0461735837161541,-3.814176670857705e-05,0.015055748634040356
8.120480499999758,0.043953001499176025,0.15565380454063416,0.08143572509288788,1.4839531559118768e-07,0.4186818301677704,-0.26407909393310547,0.00019883265485987067,-0.046178437769412994,-5.6908804253907874e-05,0.015058442018926144
8.140181500000836,0.04392995685338974,0.1557338386774063,0.08143790066242218,-6.176618171593873e-06,0.41868266463279724,-0.2640717625617981,0.00018935995467472821,-0.0461701937019825,-5.893991328775883e-05,0.015035984106361866
8.160124300000462,0.04392078518867493,0.15565615892410278,0.08143767714500427,-1.2560386494442355e-05,0.41869106888771057,-0.26406997442245483,0.00017053753254003823,-0.0461714006960392,-5.9124409744981676e-05,0.015033580362796783
8.180160600000818,0.04393870383501053,0.15572702884674072,0.0814414918422699,-4.2744700294861104e-06,0.4186897575855255,-0.2640790343284607,0.00019282754510641098,-0.04617910459637642,-3.5421038774074987e-05,0.015041203238070011
8.20035420000022,0.043963611125946045,0.1557130068540573,0.08146602660417557,1.8089957620759378e-06,0.41869059205055237,-0.2640792727470398,0.00016876665176823735,-0.0461805984377861,-5.026194776291959e-05,0.01504067238420248
8.220382000001337,0.04394235089421272,0.15571579337120056,0.08148103952407837,-1.5753099432913586e-05,0.4186895191669464,-0.26407694816589355,0.00019771677034441382,-0.04618623107671738,-6.133503484306857e-05,0.015046173706650734
8.240151300000434,0.04394912347197533,0.15572907030582428,0.08148535341024399,-2.0826226318604313e-05,0.41869285702705383,-0.26408931612968445,0.00020052508625667542,-0.04618082195520401,-4.9784986913437024e-05,0.015054404735565186
8.2604252000001,0.04393491894006729,0.15567798912525177,0.08150142431259155,-4.780771996593103e-05,0.41868942975997925,-0.2640848159790039,0.00017409591237083077,-0.04617371782660484,-4.330962838139385e-05,0.015064632520079613
8.28022670000064,0.043948352336883545,0.1556939035654068,0.08150795847177505,-5.016428985982202e-05,0.418698251247406,-0.2640828490257263,0.00019202947441954166,-0.04617100954055786,-5.259488170850091e-05,0.01503626350313425
8.30017829999997,0.04391273856163025,0.15571239590644836,0.08151616156101227,-2.125255559803918e-05,0.41868481040000916,-0.2640852928161621,0.00017396165640093386,-0.04617679864168167,-5.487065209308639e-05,0.01504626777023077
8.32033390000106,0.04395599663257599,0.1557144820690155,0.0815289169549942,-2.141367076546885e-05,0.41869258880615234,-0.2640775740146637,0.00017723030759952962,-0.04618155583739281,-4.849556717090309e-05,0.015047025866806507
8.34008139999969,0.043941207230091095,0.15572746098041534,0.08151623606681824,-2.5256647404603427e-06,0.4186875820159912,-0.2640886604785919,0.00017454562475904822,-0.04618830606341362,-4.0814698877511546e-05,0.015057484619319439
8.36014200000136,0.04396669566631317,0.15572580695152283,0.08150976151227951,8.36144681670703e-06,0.41868409514427185,-0.2640621066093445,0.0001863632060121745,-0.04618498310446739,-6.315238715615124e-05,0.015036838129162788
8.380466900000101,0.04392712190747261,0.15567559003829956,0.08151498436927795,3.987251147918869e-06,0.41869431734085083,-0.264080286026001,0.0001748869544826448,-0.046183742582798004,-6.404831947293133e-05,0.015053453855216503
8.400506199999654,0.0439286082983017,0.15570108592510223,0.08150558173656464,2.598727405711543e-06,0.4186766445636749,-0.2640802264213562,0.0001709057978587225,-0.046184368431568146,-3.598248804337345e-05,0.015045461244881153
8.420704699999987,0.04393814504146576,0.15571001172065735,0.0814943015575409,3.5254265640105586e-06,0.4186842739582062,-0.26406869292259216,0.00016583612887188792,-0.04618147015571594,-5.8976616855943576e-05,0.01504618301987648
8.440415500001109,0.04394206404685974,0.15572264790534973,0.08149348199367523,-1.6543572201044299e-06,0.4186862111091614,-0.264074444770813,0.0001650224148761481,-0.046177297830581665,-4.937433186569251e-05,0.015049955807626247
8.460430299999643,0.04394669085741043,0.15569281578063965,0.08147688210010529,-5.071277087154158e-08,0.4186941087245941,-0.2640800476074219,0.00017938288510777056,-0.046178124845027924,-4.385929059935734e-05,0.015043903142213821
8.480400500000542,0.043895892798900604,0.15572436153888702,0.0814831331372261,7.608911346324021e-06,0.4186806380748749,-0.26408085227012634,0.00017481352551840246,-0.04617712274193764,-5.892591434530914e-05,0.01504624541848898
8.500258199999735,0.043957654386758804,0.1557399034500122,0.08147773146629333,-2.481041974533582e-06,0.4186886250972748,-0.2640873193740845,0.00018785384600050747,-0.04618337005376816,-5.994472303427756e-05,0.015052419155836105
8.520446200000151,0.043915603309869766,0.15573132038116455,0.08148209750652313,-1.988071289815707e-06,0.41869187355041504,-0.26407429575920105,0.00016525214596185833,-0.046182990074157715,-5.039752068114467e-05,0.015049965120851994
8.540329000001293,0.04394242540001869,0.15570184588432312,0.08148159086704254,-2.5962417566915974e-05,0.41868528723716736,-0.2640826106071472,0.00017524993745610118,-0.0461740717291832,-5.2558294555637985e-05,0.015040786005556583
8.56054690000019,0.04394645243883133,0.1557200700044632,0.08146974444389343,-3.8084872358012944e-05,0.41869276762008667,-0.2640801966190338,0.00017037797078955919,-0.04617912322282791,-7.338880095630884e-05,0.015064701437950134
8.580558700001347,0.04397723451256752,0.15570084750652313,0.08148643374443054,-4.032626748085022e-05,0.4186784625053406,-0.2640748620033264,0.00018763553816825151,-0.04617765545845032,-4.889097544946708e-05,0.015061918646097183
8.600729100000535,0.04398191720247269,0.15571999549865723,0.08149516582489014,-2.6821586288861e-05,0.41868746280670166,-0.26408207416534424,0.00017901173850987107,-0.046178147196769714,-3.975503204856068e-05,0.015042067505419254
8.62013990000014,0.043948039412498474,0.1557409167289734,0.0814971923828125,-6.613318873860408e-06,0.4186955988407135,-0.2640749216079712,0.00018651019490789622,-0.04616817831993103,-4.71707244287245e-05,0.01503811962902546
8.640161799999987,0.04394402354955673,0.15565848350524902,0.08150320500135422,7.277067197719589e-06,0.41867515444755554,-0.26408645510673523,0.00017913505143951625,-0.04617369920015335,-5.6636330555193126e-05,0.015046884305775166
8.66029460000027,0.04394335299730301,0.1556900143623352,0.08149997144937515,2.0362781469884794e-06,0.41869986057281494,-0.2640766203403473,0.00019536094623617828,-0.046183206140995026,-5.393266474129632e-05,0.015045524574816227
8.680091199999879,0.0439479723572731,0.15573886036872864,0.08149945735931396,1.6114587197080255e-05,0.41869139671325684,-0.2640755772590637,0.00018293532775714993,-0.04618299379944801,-3.0326860724017024e-05,0.015042551793158054
8.700266400001055,0.04395280033349991,0.15571658313274384,0.08150365948677063,4.303581590647809e-06,0.41869300603866577,-0.2640882432460785,0.0001667463220655918,-0.046183519065380096,-4.723842357634567e-05,0.015042581595480442
8.720417200000156,0.043962810188531876,0.15572872757911682,0.08150660991668701,6.774105258955387e-06,0.41868701577186584,-0.26407527923583984,0.0001849122782004997,-0.04617718607187271,-3.1246709113474935e-05,0.015045678243041039
8.740491000000475,0.0439448356628418,0.1557157337665558,0.08150165528059006,-3.742922672245186e-06,0.41869255900382996,-0.2640751004219055,0.00017939349345397204,-0.04617762193083763,-3.9019520045258105e-05,0.015041876584291458
8.760220400001344,0.04390537738800049,0.15571551024913788,0.08150357007980347,3.0390521033041296e-07,0.4186978340148926,-0.26407232880592346,0.00017405049584340304,-0.04617982357740402,-5.452761615742929e-05,0.015046648681163788
8.780180400000972,0.043946534395217896,0.15569709241390228,0.08150247484445572,-1.1143487427034415e-05,0.4186869263648987,-0.26407280564308167,0.00019386268104426563,-0.04616854339838028,-5.578422496910207e-05,0.015056312084197998
8.800112500000978,0.04395580291748047,0.15572744607925415,0.08148990571498871,5.291474280966213e-08,0.4186866879463196,-0.26407551765441895,0.00017988673062063754,-0.04618078097701073,-4.6834524255245924e-05,0.015054915100336075
8.82017580000138,0.043909892439842224,0.1556989550590515,0.08149169385433197,-3.647684206953272e-05,0.4186922609806061,-0.2640736699104309,0.00019374651310499758,-0.046177953481674194,-5.0253009248990566e-05,0.015037039294838905
8.84043770000062,0.04394755885004997,0.15569040179252625,0.08149173855781555,-4.1964354750234634e-05,0.41869255900382996,-0.26407569646835327,0.0001871996937552467,-0.04617506265640259,-6.427759217331186e-05,0.015043394640088081
8.86025189999964,0.043935440480709076,0.15567921102046967,0.08149239420890808,-1.229277768288739e-05,0.41869819164276123,-0.26407331228256226,0.00018508642097003758,-0.04617755115032196,-3.83613514713943e-05,0.01503185834735632
8.880457799999931,0.04396120831370354,0.15575216710567474,0.0814942866563797,-1.4246005775930826e-05,0.41869407892227173,-0.26407748460769653,0.0001655309897614643,-0.04618168622255325,-2.5333631128887646e-05,0.015050745569169521
8.900533400001223,0.043928928673267365,0.1556982696056366,0.08149278163909912,1.1403817552491091e-05,0.4186936020851135,-0.26407212018966675,0.00017586375179234892,-0.04618602991104126,-5.587298437603749e-05,0.015043994411826134
8.920303900000363,0.043941497802734375,0.1557212769985199,0.08149346709251404,8.87239548319485e-06,0.4186837375164032,-0.2640766501426697,0.00018027676560450345,-0.04617505520582199,-5.545773819903843e-05,0.015039672143757343
8.940134200000102,0.0439506396651268,0.15569865703582764,0.08149408549070358,6.407128239516169e-06,0.41869300603866577,-0.26406821608543396,0.00017397082410752773,-0.046173110604286194,-3.954533895011991e-05,0.015062494203448296
8.960507800000414,0.043966010212898254,0.15567858517169952,0.08149173855781555,2.4694772946531884e-06,0.41869714856147766,-0.2640743553638458,0.00018253418966196477,-0.046172305941581726,-4.369491944089532e-05,0.015050621703267097
8.980188300000009,0.04393939673900604,0.15575140714645386,0.08150186389684677,1.2833831988245947e-06,0.41869232058525085,-0.26407548785209656,0.00018064602045342326,-0.04617401584982872,-4.3299740354996175e-05,0.015041051432490349
9.000123600000734,0.043950341641902924,0.1557270735502243,0.08149842917919159,1.224834704771638e-06,0.41868871450424194,-0.2640838623046875,0.00018494560208637267,-0.04617258161306381,-4.720466677099466e-05,0.015042159706354141
9.020307500000854,0.043953120708465576,0.15572573244571686,0.08150412142276764,-1.2062703717674594e-05,0.41869741678237915,-0.2640742063522339,0.00018864517915062606,-0.046174366027116776,-5.015628630644642e-05,0.015039138495922089
9.040321100001165,0.04395177215337753,0.1557321548461914,0.08149774372577667,-1.1212904610147234e-05,0.4186938405036926,-0.26405975222587585,0.0001989374723052606,-0.04617294669151306,-2.5991263100877404e-05,0.01504445355385542
9.060368700000254,0.043935514986515045,0.15570068359375,0.08149101585149765,-1.3670221051143017e-05,0.4186819791793823,-0.264076828956604,0.00018824805738404393,-0.046178288757801056,-5.683965719072148e-05,0.015047023072838783
9.080482299999858,0.04395534098148346,0.1557428389787674,0.08149823546409607,-8.36438084661495e-06,0.41868647933006287,-0.2640835642814636,0.00019787190831266344,-0.04617328941822052,-5.674439307767898e-05,0.015048502013087273
9.100531100000808,0.043932750821113586,0.15570954978466034,0.0815017968416214,-2.595636260593892e-06,0.41869011521339417,-0.26408129930496216,0.00016614039486739784,-0.04617353528738022,-4.627151065506041e-05,0.015052443370223045
9.120549100000062,0.043938182294368744,0.15574993193149567,0.08149857819080353,-4.653179075830849e-06,0.4186888039112091,-0.26407378911972046,0.00018165327492170036,-0.04618199169635773,-6.088074223953299e-05,0.015053937211632729
9.140565900001093,0.043953049927949905,0.1557149887084961,0.08148404955863953,2.8470312827266753e-06,0.41868528723716736,-0.2640760838985443,0.0001895120512926951,-0.046174827963113785,-4.657933459384367e-05,0.015053115785121918
9.160349300000235,0.04389318823814392,0.15571372210979462,0.08150067180395126,3.0958069601183524e-06,0.4186905026435852,-0.2640657424926758,0.00019034741853829473,-0.04617103934288025,-4.7797166189411655e-05,0.015040413476526737
9.180431300001146,0.04393869638442993,0.15570057928562164,0.08149929344654083,1.3867888810636941e-05,0.418680876493454,-0.2640930414199829,0.0001653390791034326,-0.04618113487958908,-3.894725159625523e-05,0.015047511085867882
9.200393099999928,0.04394421726465225,0.15570279955863953,0.08149769902229309,-1.1450651982158888e-06,0.4186973571777344,-0.26408159732818604,0.0001764280314091593,-0.046182259917259216,-4.369035377749242e-05,0.015040465630590916
9.220420300000114,0.043949954211711884,0.15571261942386627,0.08150942623615265,3.154452315357048e-06,0.41869279742240906,-0.26407894492149353,0.00017959295655600727,-0.04617549851536751,-4.336640995461494e-05,0.015039677731692791
9.240434000001187,0.043912388384342194,0.15572874248027802,0.08150045573711395,-2.1984022168908268e-05,0.4186813533306122,-0.2640726566314697,0.00019166202400811017,-0.04617391526699066,-2.8860109523520805e-05,0.015047574415802956
9.260453599999892,0.04393148422241211,0.15568950772285461,0.08148710429668427,-3.4594866065162933e-06,0.4186803102493286,-0.2640696167945862,0.000171821637195535,-0.04617835581302643,-4.900080239167437e-05,0.015046007931232452
9.280278600001111,0.043974921107292175,0.1557462513446808,0.08149664849042892,-4.613563305611024e-06,0.41868916153907776,-0.26408663392066956,0.0001841640187194571,-0.046180978417396545,-4.6487199142575264e-05,0.015053946524858475
9.300516700001026,0.043934166431427,0.15569968521595,0.08150385320186615,-8.133943993016146e-06,0.4186931252479553,-0.26407721638679504,0.00019896318553946912,-0.04616997390985489,-2.8651584216277115e-05,0.01505050715059042
9.320410000000265,0.04389065504074097,0.15569721162319183,0.0814928412437439,5.742024313803995e-07,0.4186841547489166,-0.2640892267227173,0.00018906527839135379,-0.046177640557289124,-5.142358349985443e-05,0.015057665295898914
9.34030410000014,0.043951667845249176,0.15576037764549255,0.08150368928909302,-7.469663160009077e-06,0.41869422793388367,-0.2640816569328308,0.00019046783563680947,-0.04618775099515915,-3.500676393741742e-05,0.015062936581671238
9.360182100001111,0.04394800215959549,0.1556902378797531,0.08149461448192596,1.43949137054733e-06,0.4186811149120331,-0.2640712857246399,0.00017936030053533614,-0.04618018865585327,-3.5283741453895345e-05,0.015046575106680393
9.380480300000272,0.04395175725221634,0.15575721859931946,0.08149535953998566,4.775843990501016e-06,0.4186914265155792,-0.26407408714294434,0.00018622208153828979,-0.04617545008659363,-4.273625381756574e-05,0.015062978491187096
9.400421700000152,0.04391731321811676,0.15570726990699768,0.08149588108062744,2.9014970550633734e-06,0.4186789095401764,-0.26408225297927856,0.00016610132297500968,-0.04618579149246216,-6.466689228545874e-05,0.015063737519085407
9.420451500000127,0.043932363390922546,0.1557314097881317,0.08149372041225433,1.3384893691181787e-06,0.41869357228279114,-0.264087051153183,0.00019462018099147826,-0.046173956245183945,-6.769317405996844e-05,0.015058554708957672
9.440406900001108,0.043917298316955566,0.1557174026966095,0.08150583505630493,9.186001989291981e-06,0.41869741678237915,-0.2640802264213562,0.0001775365526555106,-0.04617040604352951,-4.7534551413264126e-05,0.015039733611047268
9.460435599999983,0.043949615210294724,0.15566718578338623,0.08149691671133041,8.580615258324542e-07,0.4186917543411255,-0.2640751004219055,0.0001694866514299065,-0.046162355691194534,-5.490450712386519e-05,0.015061210840940475
9.480406100001346,0.04395455867052078,0.15569666028022766,0.08150272071361542,2.0943357412761543e-06,0.41869056224823,-0.2640680968761444,0.00018419226398691535,-0.04618297517299652,-4.805384378414601e-05,0.015039181336760521
9.50028150000071,0.04397202283143997,0.15569469332695007,0.08149935305118561,-1.1979313967458438e-06,0.41868552565574646,-0.2640765309333801,0.00020261821919120848,-0.04616954177618027,-6.470874359365553e-05,0.015043416060507298
9.520156399999905,0.04395942762494087,0.15569379925727844,0.08149789273738861,-1.3210543329478242e-05,0.4186817705631256,-0.2640765905380249,0.00020044413395226002,-0.046177688986063004,-4.4876913307234645e-05,0.015057009644806385
9.540260900001158,0.043951909989118576,0.1557191014289856,0.08150006830692291,-6.290840701694833e-06,0.4186887741088867,-0.2640635073184967,0.00018411187920719385,-0.04618246480822563,-4.9648162530502304e-05,0.015044988133013248
9.56030869999995,0.04394862800836563,0.15569038689136505,0.08148962259292603,-8.943074135459028e-06,0.4186843931674957,-0.26406940817832947,0.0001844472426455468,-0.04617634415626526,-5.1580977014964446e-05,0.015039578080177307
9.580308100001275,0.04394850879907608,0.15574009716510773,0.08149915933609009,-1.587895894772373e-05,0.41869866847991943,-0.26406311988830566,0.00017183396266773343,-0.046171072870492935,-6.759651296306401e-05,0.015041054226458073
9.600183399999878,0.043908003717660904,0.15571442246437073,0.08148975670337677,3.992679921793751e-06,0.41870442032814026,-0.26407623291015625,0.00017057874356396496,-0.046179547905921936,-3.759983155759983e-05,0.01504126563668251
9.620339000000968,0.04392585903406143,0.15569163858890533,0.08149866759777069,-1.0924600246653426e-07,0.4186870753765106,-0.26407331228256226,0.00018124743655789644,-0.04617670178413391,-5.5084463383536786e-05,0.015053502283990383
9.641048900000897,0.04393203556537628,0.15572546422481537,0.08149214088916779,-2.1373095933086006e-06,0.4186878204345703,-0.26407092809677124,0.00017899581871461123,-0.046181220561265945,-5.543533916352317e-05,0.015050655230879784
9.660443400000077,0.04396020621061325,0.15573914349079132,0.0814981609582901,-7.494292731280439e-06,0.4186917841434479,-0.2640776038169861,0.0001789048546925187,-0.04617561399936676,-3.4729542676359415e-05,0.01504665706306696
9.680420900000172,0.043961793184280396,0.15570306777954102,0.08149482309818268,-3.512948296702234e-07,0.41868898272514343,-0.26407289505004883,0.0001858045725384727,-0.046172961592674255,-5.162112938705832e-05,0.01505502499639988
9.700257899999997,0.04393540322780609,0.15573687851428986,0.0814959853887558,3.207209829270141e-06,0.4186873137950897,-0.2640768587589264,0.0001994554331758991,-0.046178653836250305,-3.681847738334909e-05,0.015052787959575653
9.720308600000862,0.04393670707941055,0.1557181179523468,0.08150245249271393,-6.583198683074443e-06,0.4186863601207733,-0.26407140493392944,0.00018697770428843796,-0.046179622411727905,-3.950956670450978e-05,0.015045386739075184
9.740433900000426,0.043948590755462646,0.15572737157344818,0.0814940333366394,-5.338099072105251e-06,0.41868308186531067,-0.2640807628631592,0.00020675432460848242,-0.04618481546640396,-5.6311837397515774e-05,0.015047441236674786
9.760157400000026,0.04390956461429596,0.15572503209114075,0.08149894326925278,-2.4139487777574686e-06,0.4186933636665344,-0.26407185196876526,0.0001782154868124053,-0.04617253690958023,-4.4386099034454674e-05,0.015054653398692608
