8.53000001370674e-05,0.008814163506031036,0.07951100915670395,0.03499589115381241,0.9246504902839661,-0.16057825088500977,0.03697666525840759,2.5972276489483193e-05,4.13173547713086e-05,7.628998901054729e-06,8.740315706745605e-07
0.020393099999637343,0.00882013700902462,0.07947374880313873,0.03498726338148117,0.9246429204940796,-0.16057521104812622,0.03699365258216858,3.3376669307472184e-05,4.0712751797400415e-05,-5.291907655191608e-06,-2.0733391465910245e-06
0.040298900000379945,0.008839158341288567,0.07949329912662506,0.03497973084449768,0.9246500134468079,-0.16058537364006042,0.03697163239121437,2.1201782146818005e-05,3.86292849725578e-05,4.012835233879741e-06,-3.409879809623817e-06
0.06034350000027189,0.008860232308506966,0.07946810126304626,0.034969329833984375,0.924645185470581,-0.16057470440864563,0.03698091208934784,1.063178206095472e-05,4.1601153498049825e-05,7.598374395456631e-06,4.6591310365329264e-07
0.0801621000000523,0.00883261114358902,0.07947138696908951,0.034977130591869354,0.9246492981910706,-0.16056208312511444,0.036959562450647354,3.5800374462269247e-05,4.065370376338251e-05,1.6490874259034172e-05,-2.037130116150365e-06
0.10008639999978186,0.008807498961687088,0.07949038594961166,0.03498230502009392,0.9246506094932556,-0.160584956407547,0.03695277124643326,1.5958434232743457e-05,4.106958658667281e-05,8.966268978838343e-06,-1.0913720416283468e-06
0.1203667999998288,0.008801508694887161,0.07947877794504166,0.03498779982328415,0.9246422648429871,-0.16057397425174713,0.036979496479034424,6.7359178501646966e-06,2.823585418809671e-05,2.5355713660246693e-05,1.707591763988603e-06
0.14027470000019093,0.008820828050374985,0.07951950281858444,0.03498801589012146,0.924643337726593,-0.16057126224040985,0.03698170557618141,4.6846467739669606e-05,3.618349364842288e-05,-4.891856406175066e-06,-1.1949200597882736e-06
0.16028410000035365,0.008818238973617554,0.07952170073986053,0.034973181784152985,0.9246352314949036,-0.16058990359306335,0.03695618361234665,2.512611899874173e-05,3.783099236898124e-05,7.218685823318083e-06,-8.33684862300288e-06
0.1802917000004527,0.008817384019494057,0.07949607819318771,0.034975480288267136,0.9246346950531006,-0.16056901216506958,0.03696156293153763,4.271904253982939e-05,6.813155778218061e-05,1.694541424512863e-05,-4.2455476432223804e-06
0.20019169999977748,0.00885871984064579,0.07948535680770874,0.03498996049165726,0.9246359467506409,-0.16056764125823975,0.03697957843542099,4.303816604078747e-05,9.557137673255056e-05,2.4031693101278506e-05,5.2697073442686815e-06
0.2204250000004322,0.008873792365193367,0.07951925694942474,0.03497236222028732,0.9246351718902588,-0.16057920455932617,0.03696899116039276,8.712067938176915e-06,6.5939238993451e-05,7.752171768515836e-06,3.3164415071951225e-06
0.24038860000018758,0.008823971264064312,0.0795060396194458,0.03497583419084549,0.9246479868888855,-0.16057956218719482,0.03695603460073471,3.147729148622602e-05,3.7999059713911265e-05,1.2281879207876045e-05,-4.753200300910976e-06
0.26030249999985244,0.008827386423945427,0.0795779749751091,0.03495652973651886,0.9246436357498169,-0.1605668067932129,0.036951757967472076,3.341954288771376e-05,3.313413981231861e-05,8.278139830508735e-06,1.3767417840426788e-05
0.2803602000003593,0.008846135810017586,0.07951881736516953,0.034977711737155914,0.9246435761451721,-0.16059446334838867,0.03698012977838516,3.345491859363392e-05,2.8749160264851525e-05,-7.792828910169192e-06,7.826699857105268e-07
0.30032810000011523,0.008850447833538055,0.07950980961322784,0.034964948892593384,0.9246347546577454,-0.1605626344680786,0.03695615753531456,3.471798845566809e-05,3.7052792322356254e-05,-2.5594004000595305e-06,-1.4827088534730137e-06
0.3201867999996466,0.008790978230535984,0.07946537435054779,0.03498978912830353,0.9246355295181274,-0.1605810523033142,0.03697419911623001,2.7434725780040026e-05,5.277519812807441e-05,9.680716175353155e-06,-2.3680986487306654e-06
0.34034760000031383,0.008871141821146011,0.07950061559677124,0.034959182143211365,0.9246427416801453,-0.1605793833732605,0.03696790710091591,2.8123808078817092e-05,4.169138628640212e-05,5.3965518418408465e-06,6.155341452540597e-06
0.3603861000001416,0.008843868039548397,0.07947830110788345,0.034963272511959076,0.9246429800987244,-0.16059167683124542,0.036968573927879333,1.7880049199447967e-05,7.096111221471801e-05,2.2930641989660216e-06,1.2978834092791658e-05
0.3802304999999251,0.008834313601255417,0.07955103367567062,0.03497227653861046,0.9246460795402527,-0.16057637333869934,0.03698131814599037,4.2007934098364785e-05,3.5255208786111325e-05,6.5927479226957075e-06,3.024371835635975e-06
0.4003837999998723,0.008846844546496868,0.07952968031167984,0.03498419001698494,0.9246457815170288,-0.1605590283870697,0.036969833076000214,3.3291282306890935e-05,3.74823430320248e-05,4.614422778104199e-06,4.011141299997689e-06
0.4203245999997307,0.008812043815851212,0.0795041099190712,0.03497885912656784,0.9246354699134827,-0.16058406233787537,0.03697484731674194,3.5969685995951295e-05,2.995686918438878e-05,7.968923455337062e-06,-5.867383947588678e-07
0.44038069999987783,0.008885028772056103,0.07949084043502808,0.034979503601789474,0.924618661403656,-0.16058242321014404,0.03697001934051514,2.5545423341100104e-05,3.4094686270691454e-05,2.813286118907854e-05,-7.597200237796642e-06
0.46028910000040923,0.008851606398820877,0.07953210920095444,0.03496561944484711,0.924637496471405,-0.16058258712291718,0.03695063292980194,2.549650162109174e-05,3.927770012523979e-05,3.954345174861373e-06,-2.061983423118363e-06
0.4802896999999575,0.008795429021120071,0.0794682651758194,0.03497878462076187,0.9246325492858887,-0.16057848930358887,0.03696500137448311,3.6414618080016226e-05,7.465064118150622e-05,2.2484784949483583e-06,3.555769580998458e-06
0.5002903000004153,0.008852118626236916,0.07948111742734909,0.03498496115207672,0.9246314764022827,-0.16059768199920654,0.0369705930352211,2.7263602532912046e-05,4.078506026417017e-05,-8.193680969270645e-07,-7.478859515686054e-06
0.5203487999997378,0.00885049533098936,0.07948839664459229,0.034995950758457184,0.9246504306793213,-0.16056980192661285,0.036952488124370575,1.0604499948385637e-05,3.18456586683169e-05,1.4023148651176598e-06,1.0498168194317259e-05
0.5403699999997116,0.00881732627749443,0.07949215173721313,0.03497234731912613,0.9246363043785095,-0.16055846214294434,0.036959901452064514,3.9860289689386263e-05,3.159970947308466e-05,6.145834959170315e-06,-1.4891786577209132e-06
0.5602889000001596,0.008805853314697742,0.0795392245054245,0.034970723092556,0.92464280128479,-0.16059985756874084,0.03696032240986824,1.0256793757434934e-05,4.145225102547556e-05,9.49048171605682e-06,-9.586141459294595e-06
0.5804109000000608,0.008800006471574306,0.07952091097831726,0.03497200459241867,0.92464679479599,-0.16058778762817383,0.036970049142837524,2.4160401153494604e-05,5.435213461169042e-05,2.1587617084151134e-05,6.9159277700237e-06
0.6002556000003096,0.00884094275534153,0.07948526740074158,0.034997135400772095,0.9246505498886108,-0.16056440770626068,0.03695501387119293,3.7732919736299664e-05,7.796754653099924e-05,8.506741551173036e-07,4.334744517109357e-06
0.6202868999998827,0.008855882100760937,0.07952769845724106,0.03497936576604843,0.9246214032173157,-0.16057342290878296,0.036997295916080475,3.093795749009587e-05,4.113378236070275e-05,-4.074627213412896e-06,6.466042577812914e-06
0.6403522000000521,0.008838828653097153,0.07948720455169678,0.03497900813817978,0.9246132969856262,-0.16058705747127533,0.03695666044950485,4.1162064007949084e-05,4.596243888954632e-05,1.8530026864027604e-05,-1.3912904250901192e-07
0.660348299999896,0.008791623637080193,0.07947969436645508,0.034974489361047745,0.9245669841766357,-0.16058623790740967,0.0369691476225853,2.108487387886271e-05,4.109205474378541e-05,9.16417411644943e-06,-5.382628842198756e-06
0.680452200000218,0.008810063824057579,0.07950089871883392,0.034988339990377426,0.9245666861534119,-0.16056987643241882,0.036959584802389145,3.7109744880581275e-05,2.3455608243239112e-05,-1.753905849000148e-06,7.040205673547462e-06
0.7004027000002679,0.008815246634185314,0.07950716465711594,0.0349980928003788,0.9245034456253052,-0.16058985888957977,0.036956679075956345,9.430598765902687e-06,3.1879513699095696e-05,9.29198540688958e-06,-1.0952511729556136e-05
0.7203492999997252,0.008857623673975468,0.07956556975841522,0.03497658297419548,0.9244800806045532,-0.16056816279888153,0.036978330463171005,2.7918717023567297e-05,4.083478052052669e-05,1.1682286640279926e-05,-2.181669060519198e-06
0.7402755000002799,0.008887060917913914,0.07951494306325912,0.03497781604528427,0.9244066476821899,-0.1605682075023651,0.03696441650390625,4.0910017560236156e-05,4.6926616050768644e-05,9.819689694268163e-06,1.8661594367586076e-05
0.7603500000004715,0.008859054185450077,0.07949237525463104,0.03498367965221405,0.9243822693824768,-0.1605762541294098,0.03697846829891205,2.3227843485074118e-05,3.67018801625818e-05,-1.2337968655629084e-06,-9.597008101991378e-06
0.7803638000004867,0.008808370679616928,0.07945921272039413,0.03498633950948715,0.9243353009223938,-0.1605789065361023,0.036982711404561996,1.8014114175457507e-05,3.991114135715179e-05,2.960228084702976e-05,1.3959896705273422e-07
0.8003467999997156,0.00881919078528881,0.07946450263261795,0.034982942044734955,0.9242644309997559,-0.16058534383773804,0.03696032613515854,2.8268048481550068e-05,5.392144521465525e-05,1.6452482668682933e-05,1.1090567568317056e-05
0.8203021999997873,0.008843174204230309,0.07953137159347534,0.03498264402151108,0.9242425560951233,-0.16056984663009644,0.036955080926418304,1.940304719028063e-05,4.061384606757201e-05,-1.0583376933936961e-05,9.45761985349236e-06
0.840262800000346,0.008865516632795334,0.07949668914079666,0.03498693183064461,0.924191951751709,-0.16056865453720093,0.03696491941809654,2.6305706342100166e-05,4.0736755181569606e-05,1.5852459910092875e-05,-1.8588527836982394e-06
0.860345199999756,0.008827989920973778,0.07946832478046417,0.03499375283718109,0.9241589307785034,-0.16058343648910522,0.03696448355913162,3.437704799580388e-05,4.0078033634927124e-05,6.086005669203587e-06,9.728197255753912e-06
0.8803054999998494,0.008847283199429512,0.0795329287648201,0.03499764949083328,0.9240351915359497,-0.16056908667087555,0.03695886582136154,2.8212778488523327e-05,3.6736339097842574e-05,1.8102717149304226e-05,3.604689936764771e-06
0.9005391999999119,0.008826818317174911,0.0795222669839859,0.034991554915905,0.9234195947647095,-0.16057202219963074,0.0369657538831234,3.613615990616381e-05,3.532125265337527e-05,1.2531255379144568e-05,-2.0199984192004194e-06
0.9203648000002431,0.008845703676342964,0.07949626445770264,0.03498002886772156,0.917739748954773,-0.16056783497333527,0.03698933124542236,3.2446849218104035e-05,3.957086300943047e-05,1.0273686712025665e-05,1.063654281097115e-06
0.9403725000001941,0.008825860917568207,0.07946883141994476,0.034998830407857895,0.909697949886322,-0.16056972742080688,0.03696220740675926,2.7636018785415217e-05,6.294305785559118e-05,4.589073796523735e-06,1.0711760296544526e-06
0.9603674999998475,0.008834387175738811,0.07949841022491455,0.03498031198978424,0.9013984203338623,-0.16056427359580994,0.03695715218782425,2.0514140487648547e-05,3.864491009153426e-05,9.897249583445955e-06,2.712582045205636e-06
0.980324400000427,0.008788310922682285,0.07949099689722061,0.034996479749679565,0.8937728404998779,-0.16058066487312317,0.03695305809378624,2.6401599825476296e-05,3.374098741915077e-05,2.3818894987925887e-05,3.918245965905953e-06
1.0004914999999528,0.008825300261378288,0.07954012602567673,0.0349917858839035,0.8885964155197144,-0.16059629619121552,0.03696831315755844,3.0748389690415934e-05,3.849212225759402e-05,1.1484846254461445e-05,-6.829473022662569e-06
1.0203651000001628,0.00883135013282299,0.07952039688825607,0.03499547392129898,0.8836619853973389,-0.16056832671165466,0.03699030727148056,4.9142261559609324e-05,4.110454028705135e-05,1.363364663120592e-05,3.4019401482510148e-06
1.040305399999852,0.008833007887005806,0.07952985912561417,0.03497692197561264,0.8755695223808289,-0.16057619452476501,0.0369570255279541,3.3559022995177656e-05,5.932353451498784e-05,8.179426913557108e-06,5.231499926594552e-06
1.0603469999996378,0.008814938366413116,0.0795009657740593,0.034957170486450195,0.8652057647705078,-0.1605408489704132,0.036951445043087006,1.9753420929191634e-05,4.2046274757012725e-05,1.2892358427052386e-05,5.884853180759819e-06
1.0804604000004474,0.008801679126918316,0.07951485365629196,0.03495371341705322,0.8533744215965271,-0.16058290004730225,0.03695209324359894,3.9153728721430525e-05,4.315919068176299e-05,-5.53983682038961e-06,5.787523150502238e-06
1.100342300000193,0.008808055892586708,0.0795212984085083,0.03495822101831436,0.8405106067657471,-0.160594642162323,0.03694814443588257,3.690790617838502e-05,4.24218233092688e-05,2.6917072318610735e-05,-8.57467603054829e-06
1.1201928000000407,0.008813406340777874,0.07953407615423203,0.03492178022861481,0.8267513513565063,-0.1605874001979828,0.03694974631071091,3.197987098246813e-05,3.53171635651961e-05,-6.648920589213958e-06,-3.966191798099317e-06
1.1404035000005024,0.00885416753590107,0.07946738600730896,0.034924790263175964,0.8120322227478027,-0.16056343913078308,0.03693854808807373,2.5313906007795595e-05,3.72651411453262e-05,2.092311842716299e-05,-1.4212405403668527e-06
1.1602843999999095,0.008847520686686039,0.0794922336935997,0.034896060824394226,0.7972713112831116,-0.1605740338563919,0.03693332523107529,2.3566950403619558e-05,3.836505857179873e-05,1.9694987713592127e-05,5.748041985498276e-06
1.1803996999997253,0.008805310353636742,0.07952696830034256,0.03487464040517807,0.7821245789527893,-0.16057270765304565,0.03693905472755432,3.4484277421142906e-05,8.232174150180072e-05,1.1686571269819979e-05,-2.8031608962919563e-06
1.2001947999997356,0.008819403126835823,0.07948186993598938,0.034876078367233276,0.7683557868003845,-0.16056954860687256,0.03692539036273956,2.8951088097528554e-05,3.83390870410949e-05,6.026242317602737e-06,3.831228241324425e-07
1.2202447999998185,0.008821135386824608,0.07950831949710846,0.03487585484981537,0.7548186779022217,-0.16058367490768433,0.0369245782494545,4.987892316421494e-05,3.915787965524942e-05,2.921179657278117e-06,3.136160557914991e-06
1.2404648000001544,0.008829029276967049,0.07954128831624985,0.03488151356577873,0.741104006767273,-0.16058240830898285,0.036930639296770096,3.60831108991988e-05,3.572255445760675e-05,9.204436537402216e-06,-2.4941325591498753e-06
1.2603990999996313,0.008894860744476318,0.07954303920269012,0.03489328920841217,0.7264067530632019,-0.16055825352668762,0.03692720830440521,3.616163303377107e-05,3.449741780059412e-05,6.3450629568251316e-06,4.212688963889377e-06
1.2803346000000602,0.008797651156783104,0.07950515300035477,0.03488124907016754,0.7098520994186401,-0.1605812907218933,0.03693323954939842,3.652081068139523e-05,3.98864212911576e-05,4.257990440237336e-06,-3.1139538805291522e-06
1.3001499000001786,0.008823136799037457,0.07949002087116241,0.034865036606788635,0.6919093132019043,-0.16058216989040375,0.036917686462402344,2.971116737171542e-05,4.063970118295401e-05,1.8188246031058952e-05,-6.386251698131673e-06
1.3203337000004467,0.008826963603496552,0.07947474718093872,0.03487610071897507,0.6731851696968079,-0.1605728566646576,0.0369095541536808,1.8767081201076508e-05,7.708785415161401e-05,2.3270004021469504e-06,-3.0249466362874955e-06
1.3403194000002259,0.00882408581674099,0.07951688021421432,0.03485439717769623,0.6554568409919739,-0.16058112680912018,0.03690730035305023,2.4687580662430264e-05,4.111823363928124e-05,3.0065830287639983e-06,1.0927519724646118e-05
1.3603044999999838,0.008825128898024559,0.07949630916118622,0.03484611213207245,0.6384066939353943,-0.16057255864143372,0.036865659058094025,2.3292192054213956e-05,3.6400044336915016e-05,2.1896703401580453e-05,3.4224785849801265e-07
1.3803344999996625,0.00888319406658411,0.07949288189411163,0.034831590950489044,0.6211172342300415,-0.16056260466575623,0.03685114160180092,1.2926228919241112e-05,4.0204511606134474e-05,-1.5900483276709565e-06,1.1725166586984415e-05
1.4002810000001773,0.008823029696941376,0.07947111129760742,0.034806687384843826,0.6031461954116821,-0.1605757176876068,0.03683966398239136,3.740927786566317e-05,4.548947617877275e-05,1.5723852584415e-06,-2.8382669370330404e-06
1.4202975999996852,0.008821706287562847,0.07951322942972183,0.03480566293001175,0.5843892097473145,-0.16055843234062195,0.03685012459754944,4.039610212203115e-05,4.027271643280983e-05,2.8711649065371603e-05,3.5794578252534848e-06
1.4402974000004178,0.008804095908999443,0.07948079705238342,0.034793950617313385,0.5646566152572632,-0.16057947278022766,0.036863960325717926,2.846024653990753e-05,4.0716644434724e-05,1.696989329502685e-06,1.1511945558595471e-05
1.460314699999799,0.0088302968069911,0.07948446273803711,0.03478565067052841,0.5447072982788086,-0.16055825352668762,0.03684714064002037,3.3766838896553963e-05,4.905848254566081e-05,1.8575687136035413e-05,5.724889433622593e-06
1.4804924999998548,0.008822750300168991,0.07953660190105438,0.03473023325204849,0.5251307487487793,-0.1605692207813263,0.03684940189123154,6.155913069960661e-06,6.131526606623083e-05,1.6591126041021198e-05,4.22241146225133e-06
1.50032900000042,0.008819429203867912,0.07949211448431015,0.03468911349773407,0.506274938583374,-0.16055729985237122,0.03684617578983307,3.1198011129163206e-05,3.662546805571765e-05,1.4455356904363725e-05,-6.04104388912674e-06
1.5200793000003614,0.008874917402863503,0.07948673516511917,0.03457732871174812,0.48782825469970703,-0.1605565845966339,0.036838214844465256,3.0359902666532435e-05,4.934958997182548e-05,2.806503289320972e-06,-2.4228495476563694e-06
1.540137699999832,0.008934952318668365,0.0794878676533699,0.03455270081758499,0.4693296551704407,-0.16056084632873535,0.03680586814880371,2.3252943719853647e-05,5.464316927827895e-05,4.176014044787735e-06,4.145164893998299e-06
1.5600430000004053,0.00885252095758915,0.07951605319976807,0.03446458652615547,0.45102646946907043,-0.16056649386882782,0.03682738542556763,3.716142600751482e-05,4.097534838365391e-05,1.830511973821558e-05,4.831515070691239e-06
1.5803267000001142,0.008819340728223324,0.07947822660207748,0.03442375734448433,0.43314921855926514,-0.1605892777442932,0.036784812808036804,2.9022039598203264e-05,9.945513011189178e-05,7.879853910708334e-06,7.886043022153899e-06
1.600168500000109,0.008823323994874954,0.07953442633152008,0.03438052162528038,0.4164210259914398,-0.16056472063064575,0.036803893744945526,2.0345818484202027e-05,5.205728666624054e-05,6.836520697106607e-06,1.0579081390460487e-05
1.6200810000000274,0.008831106126308441,0.07949019968509674,0.03439784422516823,0.399934321641922,-0.1605411171913147,0.03679686784744263,1.2502627214416862e-05,4.131361856707372e-05,2.431601387797855e-05,1.0627138181007467e-05
1.6401450000003024,0.008813433349132538,0.0794963389635086,0.03438682109117508,0.3835372030735016,-0.16054125130176544,0.036793969571590424,2.2530539354193024e-05,2.3029700969345868e-05,2.777554800559301e-05,2.3599409360031132e-07
1.6601649000003817,0.008859754540026188,0.07948336005210876,0.03437428176403046,0.36758458614349365,-0.16055703163146973,0.03680276498198509,4.044415254611522e-05,2.9494560294551775e-05,2.8542803192976862e-05,3.823357928922633e-06
1.68050409999978,0.008892705664038658,0.07952050864696503,0.03438495099544525,0.35166770219802856,-0.1605674922466278,0.03678286820650101,2.123082595062442e-05,2.5397410354344174e-05,1.5643601727788337e-05,-2.1734954316343646e-06
1.70027730000038,0.008805753663182259,0.0795423686504364,0.03440892696380615,0.3367730975151062,-0.16053065657615662,0.03680730611085892,2.910869261540938e-05,7.26523794583045e-05,-1.339377195108682e-05,-3.0656292437925003e-07
1.7202562000002217,0.00882168672978878,0.0795188769698143,0.03441537171602249,0.32211893796920776,-0.1605900377035141,0.03680294752120972,3.259820368839428e-05,4.645589797291905e-05,-3.8868429328431375e-06,-4.303125024307519e-06
1.740265299999919,0.00887325033545494,0.07948974519968033,0.03441600129008293,0.3070688247680664,-0.16056257486343384,0.03678823262453079,3.943661431549117e-05,3.827366163022816e-05,4.4935528421774507e-05,-2.3273175884241937e-06
1.7603010000002541,0.008867073804140091,0.07949613034725189,0.03440046310424805,0.29176369309425354,-0.16052517294883728,0.03679019957780838,1.8480825019651093e-05,3.643179661594331e-05,1.6840695025166497e-05,-2.2588183128391393e-06
1.780237500000112,0.008868910372257233,0.07953187078237534,0.034398555755615234,0.2773730754852295,-0.16054025292396545,0.03678250312805176,4.321046799304895e-05,4.1046565456781536e-05,1.7974954971577972e-05,-3.0661099117423873e-06
1.8003184999997757,0.008830669336020947,0.07946479320526123,0.034398727118968964,0.2635233998298645,-0.1605309247970581,0.03679145500063896,4.069198985234834e-05,3.7790596252307296e-05,2.7946320187766105e-05,8.509709914505947e-06
1.8202272999997149,0.008848465979099274,0.07949254661798477,0.03439600020647049,0.25121790170669556,-0.1605871319770813,0.03679012507200241,2.2968422854319215e-05,6.842664151918143e-05,2.619775477796793e-05,-9.32522743823938e-06
1.8402924000001804,0.008834362030029297,0.07951461523771286,0.034388430416584015,0.2408866584300995,-0.16055196523666382,0.036790840327739716,3.5701905289897695e-05,3.8364196370821446e-05,1.0233216016786173e-05,7.41089661460137e-06
1.860287999999855,0.008871128782629967,0.0794842392206192,0.034405242651700974,0.23153096437454224,-0.16052481532096863,0.03679633140563965,4.273848026059568e-05,4.031141725135967e-05,1.881650314317085e-05,1.994363628909923e-05
1.8804064000005383,0.008860992267727852,0.07953141629695892,0.034417495131492615,0.22210396826267242,-0.16051793098449707,0.036791373044252396,2.349021269765217e-05,5.50546137674246e-05,2.022907938226126e-05,-3.494467819109559e-06
1.9002846000003046,0.008819112554192543,0.07951068878173828,0.03437531366944313,0.21224085986614227,-0.16055437922477722,0.03679821640253067,2.9041359084658325e-05,3.5826884413836524e-05,3.112432750640437e-06,-5.6276985560543835e-06
1.9202776000001904,0.00883561186492443,0.07954159379005432,0.0343862846493721,0.201827734708786,-0.16052734851837158,0.03680315613746643,3.8095942727522925e-05,2.8839465812779963e-05,9.432134902453981e-06,-2.1234145606285892e-06
1.9403393000002325,0.008801557123661041,0.07950339466333389,0.03436150401830673,0.190984308719635,-0.1605287492275238,0.036785904318094254,1.5289406292140484e-05,4.7075271140784025e-05,1.389265526086092e-05,1.1684112905641086e-05
1.96034039999995,0.008789795450866222,0.0795009657740593,0.03427402675151825,0.17996671795845032,-0.16057726740837097,0.036788828670978546,2.036597470578272e-05,5.448286174214445e-05,2.841491368599236e-05,2.5414037736481987e-06
1.9805084999998144,0.008827943354845047,0.07949481904506683,0.034169599413871765,0.16969338059425354,-0.1605200320482254,0.03678295388817787,5.167309609532822e-06,4.653278665500693e-05,2.16362832361483e-06,-2.613169272080995e-06
2.000525999999809,0.008833253756165504,0.07951737940311432,0.03404979407787323,0.160260409116745,-0.16046550869941711,0.036799196153879166,2.5389546863152646e-05,4.057238038512878e-05,1.0268815458402969e-05,-5.8756077123689465e-06
2.0202697000004264,0.00882563553750515,0.07948927581310272,0.03403186425566673,0.15146741271018982,-0.1605120599269867,0.03677842393517494,4.4669912313111126e-05,4.0232280298369005e-05,1.6192501789191738e-05,-8.985388717519527e-07
2.0402106999999887,0.008821887895464897,0.079560287296772,0.03404572233557701,0.1428920030593872,-0.1605503261089325,0.03676862269639969,3.996579471277073e-05,3.1047940865391865e-05,1.234677529282635e-05,5.093328582006507e-06
2.0602802000003066,0.008798492141067982,0.07949479669332504,0.034027211368083954,0.13513290882110596,-0.16057759523391724,0.036782070994377136,2.5303226721007377e-05,4.085959881194867e-05,3.0349900043802336e-05,1.5945136055961484e-06
2.0800993000002563,0.00881086103618145,0.07948359102010727,0.034033793956041336,0.12777207791805267,-0.1605430394411087,0.03679218888282776,3.756843943847343e-05,4.467357575776987e-05,-1.1848384247059585e-06,8.701683782419423e-07
2.100245800000266,0.008825819008052349,0.07954087108373642,0.03403961658477783,0.12057536840438843,-0.16054703295230865,0.03677903115749359,3.117122105322778e-05,7.234975782921538e-05,-1.2114095625292975e-05,-7.173349331424106e-06
2.120170799999869,0.00883761327713728,0.0795120969414711,0.03400684893131256,0.11419301480054855,-0.16055308282375336,0.03677624464035034,3.329723040224053e-05,4.153732879785821e-05,4.91071614305838e-06,6.614563972107135e-06
2.1402312000000165,0.00883522816002369,0.07951594144105911,0.03395641967654228,0.1067873165011406,-0.16058185696601868,0.03678056597709656,2.0566341845551506e-05,4.173494380665943e-05,8.956358215073124e-06,-2.55518853009562e-06
2.1601562000005288,0.008795889094471931,0.07949350029230118,0.033773113042116165,0.09911966323852539,-0.16053137183189392,0.036771297454833984,2.874205711123068e-05,3.596833994379267e-05,9.408150617673527e-06,-3.229537014703965e-06
2.180176599999868,0.008876478299498558,0.07950946688652039,0.03277749568223953,0.0913592278957367,-0.16051536798477173,0.03674370422959328,4.223290306981653e-05,4.083324893144891e-05,1.8508846551412717e-05,-6.971632046770537e-06
2.200160500000493,0.008839326910674572,0.07948389649391174,0.031009791418910027,0.08276596665382385,-0.16051703691482544,0.0367686003446579,2.758233495114837e-05,6.51878654025495e-05,2.0221428712829947e-05,9.392001629748847e-06
2.2201881000000867,0.008809557184576988,0.07948502898216248,0.03034869022667408,0.07382084429264069,-0.16051708161830902,0.03675595670938492,2.9315333449630998e-05,5.956991299171932e-05,2.0447445422178134e-05,2.4788046175672207e-06
2.240149299999757,0.008831510320305824,0.07951747626066208,0.030362043529748917,0.06551827490329742,-0.1605227291584015,0.03675372526049614,2.315945857844781e-05,6.551174737978727e-05,1.4670109521830454e-05,1.7856993508758023e-05
2.2603785000001153,0.008813020773231983,0.07949325442314148,0.030430205166339874,0.057364679872989655,-0.16054311394691467,0.03677648305892944,3.652326631709002e-05,3.688340075314045e-05,1.1382861885067541e-05,4.098009412700776e-06
2.280523500000527,0.008832219056785107,0.07950742542743683,0.030529169365763664,0.04960869997739792,-0.16056041419506073,0.03680245578289032,3.954570274800062e-05,2.827478056133259e-05,1.3503881746146362e-05,-3.8122716432553716e-06
2.300353599999653,0.00880889967083931,0.07948804646730423,0.030676303431391716,0.0422491580247879,-0.16055011749267578,0.03682149201631546,2.8901760742883198e-05,4.019463085569441e-05,-3.042282287424314e-06,1.0161216778215021e-05
2.3202651000001424,0.008866740390658379,0.07950082421302795,0.030938828364014626,0.03506680205464363,-0.1605474054813385,0.036857690662145615,3.0438086469075643e-05,4.047575203003362e-05,6.881992703711148e-06,1.3511636097973678e-05
2.3402710999998817,0.008808636106550694,0.07947924733161926,0.030985651537775993,0.027263885363936424,-0.16054069995880127,0.036868929862976074,3.0329207220347598e-05,4.7701760195195675e-05,2.305517773493193e-05,2.904386917634838e-07
2.3602862999996432,0.008802165277302265,0.07952294498682022,0.031273819506168365,0.019762437790632248,-0.16057074069976807,0.0368669256567955,3.5484135878505185e-05,5.6455552112311125e-05,-1.3113967725075781e-06,-7.300729976122966e-07
2.380398100000093,0.00882258452475071,0.07949618250131607,0.03149670735001564,0.01197153888642788,-0.16056689620018005,0.03686249256134033,3.4644042898435146e-05,3.1462113838642836e-05,1.085380426957272e-05,-1.8262442154082237e-06
2.40027579999969,0.008820077404379845,0.07950672507286072,0.031503207981586456,0.004260177258402109,-0.16054466366767883,0.03686584532260895,3.1089908588910475e-05,3.798500983975828e-05,4.496459496294847e-06,-3.0183848593878793e-06
2.4202780000005077,0.008829519152641296,0.07946467399597168,0.03149498254060745,-0.003284127451479435,-0.16054101288318634,0.03686930984258652,2.2972591978032142e-05,3.895734698744491e-05,4.723284291685559e-06,-8.118198593365378e-07
2.44026120000035,0.008803591132164001,0.07947846502065659,0.03148254379630089,-0.010161571204662323,-0.16057538986206055,0.036871232092380524,2.6291065296391025e-05,5.459699241328053e-05,9.715537089505233e-06,-7.814201126166154e-06
2.4603251999997156,0.008796622976660728,0.07947995513677597,0.03142831102013588,-0.01559800747781992,-0.16053491830825806,0.03686520457267761,2.0120809494983405e-05,4.0965933294501156e-05,7.987580829649232e-06,6.553959337907145e-06
2.480268899999828,0.008834184147417545,0.0795239508152008,0.0313945934176445,-0.01935276761651039,-0.16053465008735657,0.03685537353157997,2.4540691811125726e-05,4.272533260518685e-05,-7.325343176489696e-08,6.7345345087233e-06
2.5001406999999745,0.008809229359030724,0.079493448138237,0.031362585723400116,-0.02286883443593979,-0.1605474054813385,0.036856748163700104,3.0516903279931284e-05,6.570349069079384e-05,1.6262158169411123e-05,2.440792741253972e-06
2.5201591000004555,0.008828569203615189,0.07950732856988907,0.0313258096575737,-0.022516926750540733,-0.16053509712219238,0.03686356544494629,3.096353611908853e-05,5.325602978700772e-05,4.5145443436922505e-06,-6.581021352758398e-06
2.540254100000311,0.008840907365083694,0.07953345775604248,0.03130707889795303,-0.022431213408708572,-0.1605316400527954,0.0368681326508522,1.7862468666862696e-05,2.6724321287474595e-05,-5.058966962678824e-06,1.5794912542332895e-06
2.560309100000268,0.00883014127612114,0.07954763621091843,0.03131156042218208,-0.022432995960116386,-0.16055265069007874,0.03687453269958496,3.6144851037533954e-05,3.948385710828006e-05,1.7096004739869386e-05,-8.86205361894099e-06
2.5802315000000817,0.008800097741186619,0.07953481376171112,0.03133176267147064,-0.022370146587491035,-0.16054202616214752,0.03685804456472397,2.951688293251209e-05,4.031824937555939e-05,5.271444024401717e-06,1.0988283065671567e-06
2.6002802000002703,0.008809883147478104,0.07947908341884613,0.031331151723861694,-0.022367801517248154,-0.16052788496017456,0.036859218031167984,2.7765197955886833e-05,3.9503443986177444e-05,-4.749943855131278e-06,6.765420948795509e-06
2.620303900000181,0.008854166604578495,0.07948296517133713,0.0313272662460804,-0.022361185401678085,-0.16055446863174438,0.03684986010193825,3.214752723579295e-05,4.955682743457146e-05,-1.43302258948097e-05,1.6247558960458264e-05
2.640283499999896,0.008802948519587517,0.07949665188789368,0.03115462139248848,-0.022412847727537155,-0.1605820506811142,0.03684597089886665,3.063290205318481e-05,4.0964194340631366e-05,1.750641422404442e-05,1.5501833559028455e-06
2.6602304999996704,0.008823299780488014,0.07947631925344467,0.031134910881519318,-0.022435219958424568,-0.16055461764335632,0.036825090646743774,3.450634903856553e-05,7.813235424691811e-05,1.786187021934893e-05,3.924834345525596e-06
2.680429300000469,0.008878042921423912,0.0795208290219307,0.030866265296936035,-0.02259732037782669,-0.1604728400707245,0.03669089823961258,2.2749391064280644e-05,6.551393016707152e-05,2.824676130330772e-06,1.8957292923005298e-05
2.7003952000004574,0.008857865817844868,0.07951105386018753,0.03050023876130581,-0.022638361901044846,-0.16044220328330994,0.03661993145942688,3.1157171179074794e-05,4.737695417134091e-05,3.0563933250959963e-06,-9.859199053607881e-06
2.7201336999996784,0.008814770728349686,0.07952900230884552,0.030217448249459267,-0.022662807255983353,-0.16047078371047974,0.036470331251621246,2.7229825718677603e-05,1.197167148347944e-05,4.941788574797101e-06,-3.6803135117224883e-06
2.740102100000513,0.008823543787002563,0.07946566492319107,0.030220819637179375,-0.022663695737719536,-0.1605251133441925,0.03615279495716095,4.9398906412534416e-05,1.2382573913782835e-05,1.9712315406650305e-05,-1.0162830221815966e-07
2.760145199999897,0.008776995353400707,0.07952002435922623,0.029963510110974312,-0.022676650434732437,-0.16055136919021606,0.03559517115354538,1.857242386904545e-05,3.863622259814292e-05,1.2873540526925353e-06,5.838523065904155e-06
2.780140400000164,0.008807962760329247,0.07952038198709488,0.02837871015071869,-0.022663665935397148,-0.16049546003341675,0.035423919558525085,1.7387943444191478e-05,7.062710938043892e-05,5.026095664106833e-07,-3.5102179936075117e-06
2.800125599999774,0.0088404081761837,0.0794781744480133,0.022593749687075615,-0.022589687258005142,-0.1605023294687271,0.03541429713368416,3.213120362488553e-05,9.401466377312317e-05,7.103046755219111e-06,7.147483756853035e-06
2.820114199999807,0.00880709569901228,0.07951366156339645,0.0121532641351223,-0.02259719744324684,-0.16051727533340454,0.035418279469013214,1.597198934177868e-05,9.293914627050981e-05,2.324967681488488e-05,-9.337099982076325e-06
2.8402756000004956,0.008791588246822357,0.0795169398188591,-0.0007701735012233257,-0.022540632635354996,-0.16048380732536316,0.035429805517196655,2.6991732738679275e-05,3.688634024001658e-05,1.1259679013164714e-05,-7.039546289888676e-06
2.8602546000001894,0.008874597027897835,0.07949627935886383,-0.013529387302696705,-0.022504545748233795,-0.16050028800964355,0.03542686626315117,4.105473999516107e-05,7.117901986930519e-06,4.853535756410565e-06,3.4287202197447186e-06
2.880483799999638,0.008925915695726871,0.07949775457382202,-0.025232212617993355,-0.02245907112956047,-0.1605137288570404,0.03543210029602051,4.529304715106264e-05,1.5791720215929672e-05,8.47409955895273e-06,2.620859049784485e-07
2.9002682000000277,0.008811574429273605,0.07950159907341003,-0.03579707816243172,-0.022449735552072525,-0.16052284836769104,0.035452112555503845,2.2450092728831805e-05,4.731821900350042e-05,1.1395119145163335e-05,-7.258951882249676e-06
2.920257599999786,0.008801747113466263,0.0795116201043129,-0.04608118534088135,-0.022492846474051476,-0.16053423285484314,0.03544232249259949,3.808138717431575e-05,8.06374810053967e-05,3.151515556965023e-05,-4.267802069080062e-06
2.9402476000004754,0.00878753513097763,0.07953997701406479,-0.05718717724084854,-0.022517483681440353,-0.16055092215538025,0.035415105521678925,2.9396911486401223e-05,7.443674985552207e-05,4.546104264591122e-06,3.6048388665221864e-06
2.9602514999996856,0.00880267284810543,0.07948851585388184,-0.06968511641025543,-0.02255423367023468,-0.16053593158721924,0.03540154546499252,3.263138933107257e-05,8.549774065613747e-05,8.734456059755757e-06,-7.401476977975108e-06
2.9802841000000626,0.008787950500845909,0.07949724048376083,-0.0836435854434967,-0.02261229045689106,-0.16055315732955933,0.03517597168684006,1.6922002032515593e-05,3.806970562436618e-05,-1.122347021009773e-05,-2.907360794779379e-06
3.000219399999878,0.008840945549309254,0.07948208600282669,-0.10058054327964783,-0.02262890711426735,-0.16056953370571136,0.03481520712375641,2.339854290767107e-05,3.097882654401474e-05,2.185134917453979e-06,2.787004177662311e-06
3.0202871999999843,0.008837342262268066,0.07953245937824249,-0.12113486975431442,-0.022643044590950012,-0.16056182980537415,0.03329197317361832,1.5855272067710757e-05,3.634150925790891e-05,-2.1902271782892058e-06,-3.7023835375293856e-06
3.0402187999998205,0.008841659873723984,0.0795203447341919,-0.1433023363351822,-0.022606294602155685,-0.16058844327926636,0.026098603382706642,4.015662852907553e-05,3.449353971518576e-05,1.190990769828204e-05,8.591276127845049e-06
3.0602183999999397,0.008835716173052788,0.07952414453029633,-0.16567373275756836,-0.022577565163373947,-0.1605970561504364,0.015284007415175438,2.990172288264148e-05,8.932438504416496e-05,-1.626213133931742e-06,-2.5948727397917537e-06
3.0802872000003845,0.00884610041975975,0.07948154211044312,-0.1874832808971405,-0.02255750261247158,-0.1605781763792038,0.001684904913417995,3.576771996449679e-05,6.601584755117074e-05,2.089633017021697e-05,2.8046974875906017e-06
3.1002175000003263,0.008828436955809593,0.07950291037559509,-0.2064509093761444,-0.0225449837744236,-0.1605404019355774,-0.015851937234401703,3.2734980777604505e-05,4.574643389787525e-05,4.5357005546975415e-06,-3.409269766052603e-06
3.120211499999641,0.008783215656876564,0.07953493297100067,-0.2229052484035492,-0.022572306916117668,-0.16051213443279266,-0.03987756371498108,3.292630935902707e-05,1.6232483176281676e-05,1.4784724044147879e-05,5.860338205820881e-06
3.140218399999867,0.008791488595306873,0.07948081940412521,-0.23766405880451202,-0.0225839801132679,-0.16052129864692688,-0.06966524571180344,1.4082919733482413e-05,2.0314815628807992e-05,-1.034866272675572e-07,-2.946900167444255e-06
3.1605657000000065,0.00881633535027504,0.07950156182050705,-0.2508251667022705,-0.022591818124055862,-0.16051329672336578,-0.10405147075653076,2.6332472771173343e-05,3.992269921582192e-05,2.5304605514975265e-05,-8.566427140976884e-07
3.180423800000426,0.008803391829133034,0.07950172573328018,-0.26227009296417236,-0.022585980594158173,-0.16048991680145264,-0.14389050006866455,2.296280763403047e-05,4.1498140490148216e-05,3.100900721619837e-05,2.4271732399938628e-05
3.2002885000001697,0.0088065005838871,0.07949284464120865,-0.2728848457336426,-0.02260083705186844,-0.1604604423046112,-0.18733777105808258,3.568248939700425e-05,7.165722490753978e-05,2.630250310176052e-05,2.3855234303482575e-06
3.220507300000463,0.008784111589193344,0.07949158549308777,-0.28197771310806274,-0.022627081722021103,-0.16043950617313385,-0.23569779098033905,2.6427891498315148e-05,5.037127994000912e-05,1.3669594409293495e-05,2.1537425709539093e-07
3.2403998999998294,0.008781040087342262,0.07951368391513824,-0.28922975063323975,-0.022644903510808945,-0.16043683886528015,-0.2879446744918823,3.359237962285988e-05,3.9597674913238734e-05,5.213827989791753e-06,1.0497103176021483e-05
3.260536800000409,0.008795535191893578,0.07951389998197556,-0.29486483335494995,-0.02266497164964676,-0.1604074388742447,-0.3436930477619171,3.188877599313855e-05,4.2149200453422964e-05,1.9670398614834994e-05,4.30125828643213e-06
3.280135099999825,0.008840816095471382,0.07954126596450806,-0.29950058460235596,-0.022676516324281693,-0.16039222478866577,-0.4029436409473419,2.0138644686085172e-05,4.005883965874091e-05,-1.0250940249534324e-05,3.3019787224475294e-06
3.300404599999638,0.008872158825397491,0.07950352132320404,-0.302279531955719,-0.02270108461380005,-0.160361647605896,-0.4675526022911072,3.2370720873586833e-05,0.00010003821080317721,9.676224181021098e-06,-1.022308083520329e-06
3.320444199999656,0.008808011189103127,0.07955757528543472,-0.3040599226951599,-0.02273951843380928,-0.16031983494758606,-0.5325709581375122,2.3765380319673568e-05,4.098147837794386e-05,1.2978629456483759e-05,2.8131489671068266e-06
3.3404246000000057,0.008830851875245571,0.07948970049619675,-0.30670398473739624,-0.022750817239284515,-0.16028061509132385,-0.5972282886505127,3.7409623473649845e-05,3.940583337680437e-05,1.4363840818987228e-05,1.415763017575955e-05
3.360383400000501,0.008839134126901627,0.07952489703893661,-0.30768173933029175,-0.02273598685860634,-0.16021642088890076,-0.6613998413085938,4.091934533789754e-05,4.045480091008358e-05,1.0504801139177289e-05,8.53263190947473e-06
3.3803814000002603,0.008813997730612755,0.07949259877204895,-0.3076512813568115,-0.022739268839359283,-0.1602019965648651,-0.725525975227356,2.2044792785891332e-05,3.802445644396357e-05,1.6501544450875372e-05,-1.4394429399544606e-06
3.4004180000001725,0.008759059011936188,0.07948257774114609,-0.30764085054397583,-0.02274162322282791,-0.16019697487354279,-0.7898918986320496,2.8870108508272097e-05,4.109486690140329e-05,-1.041955783875892e-07,-7.57679754315177e-06
3.4203041999999186,0.008837562054395676,0.07948413491249084,-0.30764439702033997,-0.022749710828065872,-0.16019757091999054,-0.8518437743186951,1.9229864847147837e-05,3.776755329454318e-05,1.7567341274116188e-05,-6.624014986300608e-06
3.4402994000001854,0.00882733054459095,0.07953948527574539,-0.3076576590538025,-0.02272888645529747,-0.16019335389137268,-0.9094282984733582,3.3345120755257085e-05,5.395528205554001e-05,6.952667263249168e-06,-7.904382073320448e-06
3.460311200000433,0.00882001593708992,0.07951541244983673,-0.3076658248901367,-0.022706136107444763,-0.16020971536636353,-0.9609335064888,2.0429342839634046e-05,2.9251375963212922e-05,1.5269262803485617e-05,5.636547030007932e-06
3.4803898000000117,0.00884817261248827,0.07951865345239639,-0.30775171518325806,-0.02266567200422287,-0.16022735834121704,-1.009885311126709,3.364099029568024e-05,3.905972698703408e-05,8.430661182501353e-06,3.5995965390611673e-06
3.500430099999903,0.00883522629737854,0.07951676845550537,-0.3082001209259033,-0.022653289139270782,-0.1602896749973297,-1.0563392639160156,2.2735259335604496e-05,3.429338539717719e-05,1.1435700798756443e-05,4.991721198166488e-06
3.5204695000002175,0.008892394602298737,0.0794869065284729,-0.31073856353759766,-0.022604167461395264,-0.16033637523651123,-1.1059675216674805,3.034836845472455e-05,4.040089334012009e-05,1.5336579963332042e-05,4.897187864116859e-06
3.5404661000002307,0.008851669728755951,0.07947584241628647,-0.3186507225036621,-0.022516516968607903,-0.16028742492198944,-1.159193992614746,2.580327054602094e-05,6.0438807850005105e-05,1.7077845768653788e-05,-4.396042641019449e-06
3.5604476999997132,0.008841339498758316,0.07948976755142212,-0.3299437165260315,-0.022509869188070297,-0.16026794910430908,-1.215043306350708,3.8231439248193055e-05,4.444219302968122e-05,1.6312020306941122e-05,-4.150646873313235e-06
3.580442600000424,0.008806455880403519,0.07953391224145889,-0.34096431732177734,-0.022452082484960556,-0.16027936339378357,-1.2739589214324951,2.4130627934937365e-05,8.021033136174083e-05,1.6642628906993195e-05,-2.9799014100717613e-06
3.6003614000001107,0.00882919505238533,0.07949244976043701,-0.34805116057395935,-0.02245210111141205,-0.16026520729064941,-1.3350580930709839,3.1909676181385294e-05,3.7960780900903046e-05,5.516689725482138e-06,2.601251981104724e-05
3.620393000000149,0.008826387114822865,0.0795036256313324,-0.35020720958709717,-0.02237682417035103,-0.16021229326725006,-1.3968324661254883,3.403319715289399e-05,3.903143806383014e-05,-2.1701346213376382e-06,8.438548320555128e-06
3.6404242999997223,0.008825743570923805,0.0795028880238533,-0.35013824701309204,-0.022377323359251022,-0.16021260619163513,-1.4572834968566895,2.4703334929654375e-05,3.06691144942306e-05,1.5258674466167577e-05,1.370273093925789e-05
3.6604379000000336,0.008834987878799438,0.07949867844581604,-0.35012808442115784,-0.022360511124134064,-0.1601967215538025,-1.5130572319030762,3.002128141815774e-05,4.049187191412784e-05,1.572872315591667e-05,1.0292771548847668e-05
3.6804370999998355,0.008815569803118706,0.07950347661972046,-0.35012286901474,-0.02229413017630577,-0.1601758897304535,-1.563903570175171,2.7202031560591422e-05,4.086758417543024e-05,1.4127384929452091e-05,7.2883958637248725e-06
3.700371400000222,0.008851279504597187,0.0795196071267128,-0.3501305878162384,-0.022274009883403778,-0.16020429134368896,-1.6076246500015259,3.978911990998313e-05,4.074500611750409e-05,-5.471173381010885e-07,4.427236945048207e-06
3.720396900000196,0.008793766610324383,0.07948752492666245,-0.35012108087539673,-0.022031020373106003,-0.16023632884025574,-1.64689302444458,1.768612492014654e-05,3.3621818147366866e-05,1.075106229109224e-05,-2.720782731557847e-06
3.740568500000336,0.008815047331154346,0.07950961589813232,-0.34947073459625244,-0.019787080585956573,-0.16026397049427032,-1.6831319332122803,3.310211468487978e-05,4.016577440779656e-05,1.2910785699205007e-05,4.539235305855982e-06
3.7604898999998113,0.008876962587237358,0.07949147373437881,-0.3494476079940796,-0.015024973079562187,-0.16026705503463745,-1.7184334993362427,2.0762405256391503e-05,3.9750921132508665e-05,-2.0379818579385756e-06,2.1188188839005306e-05
3.780500900000334,0.008818238973617554,0.07952121645212173,-0.34872883558273315,-0.00710726622492075,-0.1602325439453125,-1.7519363164901733,5.1939648983534425e-05,3.74633091269061e-05,-2.784575144687551e-06,-5.1327333494555205e-06
3.800427799999852,0.008848416619002819,0.07949366420507431,-0.3443858027458191,0.0030655774753540754,-0.1602085530757904,-1.7853823900222778,1.8230486602988094e-05,3.9716920582577586e-05,3.4069929824909195e-05,7.283690138137899e-06
3.820195999999669,0.008819585666060448,0.07951097190380096,-0.33377334475517273,0.013696367852389812,-0.16023609042167664,-1.8157867193222046,3.3345808333251625e-05,4.061477375216782e-05,1.0314523933629971e-05,-7.121909220586531e-06
3.84033189999991,0.008837648667395115,0.07951632887125015,-0.3122926652431488,0.024508967995643616,-0.1601359248161316,-1.8446835279464722,9.488344403507654e-06,3.578772157197818e-05,1.4124994777375832e-05,2.223764113296056e-06
3.8604598000001715,0.008825520053505898,0.07951312512159348,-0.2783108949661255,0.033190686255693436,-0.16008087992668152,-1.8678739070892334,3.5874218156095594e-05,4.1847368265734985e-05,1.308405444433447e-05,1.0201115401287097e-05
3.880492299999787,0.008812563493847847,0.07945643365383148,-0.23544809222221375,0.038821183145046234,-0.1601344645023346,-1.885375738143921,1.4678830666525755e-05,3.652543819043785e-05,1.5580457329633646e-05,4.2489436964388005e-06
3.900497599999653,0.00882466696202755,0.07949613779783249,-0.18775896728038788,0.04542604088783264,-0.1601416915655136,-1.8981256484985352,3.357531386427581e-05,3.915237175533548e-05,1.2879675068688812e-06,8.589509889134206e-06
3.920483900000363,0.008804406970739365,0.07948504388332367,-0.13961899280548096,0.05228087306022644,-0.1601402759552002,-1.9067561626434326,1.5789886674610898e-05,4.505261676968075e-05,1.3440088878269307e-05,1.8465349057805724e-05
3.9404278000001796,0.008823210373520851,0.07957318425178528,-0.0942307710647583,0.05944322049617767,-0.16013219952583313,-1.9120646715164185,4.499030183069408e-05,4.7862238716334105e-05,1.0476384886715095e-05,1.1321294550725725e-05
3.960549500000525,0.008829250931739807,0.07954226434230804,-0.054413266479969025,0.06586053967475891,-0.1601180136203766,-1.9126760959625244,3.933510015485808e-05,4.043425724375993e-05,4.021226231998298e-06,4.470969088288257e-07
3.9802545000002283,0.008874503895640373,0.07952225208282471,-0.01963145285844803,0.0694708377122879,-0.16011330485343933,-1.912460207939148,1.708839408820495e-05,5.455672726384364e-05,1.2311961654631887e-06,-7.106603334250394e-06
4.000354400000106,0.008869355544447899,0.07949506491422653,0.012202747166156769,0.07064834237098694,-0.16010132431983948,-1.912190556526184,3.892320819431916e-05,4.068270209245384e-05,5.836534000991378e-06,1.5909570720396005e-05
4.020380799999657,0.008846566081047058,0.07949214428663254,0.04291486367583275,0.07083054631948471,-0.1600959748029709,-1.9093161821365356,2.772134575934615e-05,3.9702561480225995e-05,-1.338767788183759e-06,2.547749033965374e-08
4.0405627999998615,0.008833540603518486,0.07953546941280365,0.07297927141189575,0.07074489444494247,-0.16008314490318298,-1.9007465839385986,3.1968505936674774e-05,4.040123167214915e-05,1.871939457487315e-05,6.0927582126169e-06
4.060096700000031,0.008836722932755947,0.07947522401809692,0.10253411531448364,0.07075846195220947,-0.16009676456451416,-1.88437020778656,2.205909913755022e-05,3.971147089032456e-05,2.303434484929312e-05,6.269317964324728e-06
4.080142400000113,0.008813789114356041,0.07951605319976807,0.135542631149292,0.07075165212154388,-0.16001877188682556,-1.8615894317626953,3.30933544319123e-05,5.1550094212871045e-05,1.4697845472255722e-05,1.4264730452850927e-05
4.100423900000351,0.008813519030809402,0.07952497154474258,0.16714946925640106,0.07075653970241547,-0.16001036763191223,-1.833762764930725,4.164997335465159e-06,8.555620297556743e-05,-2.7293272069073282e-06,-5.097448593005538e-06
4.120420500000364,0.008819225244224072,0.07950285077095032,0.19603341817855835,0.07076794654130936,-0.16001060605049133,-1.802981972694397,2.607661735964939e-05,4.141729368711822e-05,-3.8341363506333437e-07,-1.8451630694471532e-06
4.1401003000000856,0.008859101682901382,0.07947540283203125,0.21957024931907654,0.07075054943561554,-0.16004829108715057,-1.7676596641540527,2.7485117243486457e-05,3.068119258387014e-05,1.4947997442504857e-05,-7.628590992680984e-06
4.160479799999848,0.008834093809127808,0.07947751879692078,0.2378540188074112,0.07074503600597382,-0.16004925966262817,-1.7274764776229858,4.8264002543874085e-05,5.079091351944953e-05,1.8519378500059247e-05,6.081890205678064e-06
4.180488900000455,0.008839360438287258,0.07951855659484863,0.2500932216644287,0.07074324041604996,-0.16004177927970886,-1.6852271556854248,2.7924594178330153e-05,3.1858813599683344e-05,3.322638076497242e-05,-6.278812179516535e-06
4.20012990000032,0.008800875395536423,0.07952798157930374,0.2574479579925537,0.07073226571083069,-0.1600601226091385,-1.6413590908050537,3.816035678028129e-05,7.011586421867833e-05,6.249078523978824e-06,1.3166925782570615e-05
4.220558699999856,0.008882420137524605,0.07951299846172333,0.2620685398578644,0.07073716819286346,-0.16006258130073547,-1.591188907623291,2.7068686904385686e-05,6.483856122940779e-05,6.010071956552565e-06,-2.1678192752006e-06
4.240415199999916,0.008859964087605476,0.07947654277086258,0.26357024908065796,0.07073405385017395,-0.16004112362861633,-1.5380197763442993,1.6423855413449928e-05,8.901146793505177e-05,1.4528812243952416e-05,-1.7914394447871018e-06
4.260531900000387,0.00884333811700344,0.07954858988523483,0.26401975750923157,0.07071453332901001,-0.16006389260292053,-1.4799203872680664,2.7775986382039264e-05,3.551255213096738e-05,8.482698831357993e-06,-3.6615592762245797e-06
4.280269599999883,0.008815135806798935,0.07951633632183075,0.26411348581314087,0.07071922719478607,-0.16005685925483704,-1.419039011001587,1.704857095319312e-05,3.909711813321337e-05,6.623185527132591e-06,1.1709453247021884e-06
4.3005168999998205,0.008829047903418541,0.07947655767202377,0.26411545276641846,0.07072186470031738,-0.16007474064826965,-1.353502869606018,6.5014064603019506e-06,2.5179939257213846e-05,3.4823578971554525e-06,1.852029299698188e-06
4.320393400000285,0.008828133344650269,0.07949190586805344,0.26407039165496826,0.07074537128210068,-0.16008058190345764,-1.2878103256225586,2.1934944015811197e-05,3.4783755836542696e-05,7.977725545060821e-06,7.582318630738882e-06
4.340284200000497,0.008807254023849964,0.07951115071773529,0.26408058404922485,0.07074368000030518,-0.16010862588882446,-1.2197179794311523,3.211809598724358e-05,4.189575702184811e-05,1.328045254922472e-05,5.103723196953069e-06
4.360373000000436,0.008878548629581928,0.07948113977909088,0.26402124762535095,0.0707416832447052,-0.16012874245643616,-1.151262640953064,3.100444155279547e-05,4.470707062864676e-05,4.24461359216366e-06,-7.061828910082113e-06
4.380379600000197,0.008847096934914589,0.07949180901050568,0.2639625072479248,0.07075933367013931,-0.16017141938209534,-1.0812703371047974,3.263913094997406e-05,8.663960034027696e-05,2.2855278075439855e-05,1.7024037788360147e-06
4.400497499999801,0.00884024053812027,0.07953398674726486,0.26383262872695923,0.07074399292469025,-0.16018317639827728,-1.008988857269287,3.09079623548314e-05,4.0403327147942036e-05,2.4889141059247777e-05,9.419897537554789e-07
4.4204915000000256,0.008802633732557297,0.07950826734304428,0.26366567611694336,0.07073977589607239,-0.16018331050872803,-0.9364716410636902,4.772831380250864e-05,3.6195575376041234e-05,6.97993345966097e-06,-4.308641109673772e-06
4.440383699999984,0.008845800533890724,0.07951941341161728,0.26281529664993286,0.07066896557807922,-0.16017615795135498,-0.8647339940071106,3.476864003459923e-05,4.160999378655106e-05,2.4795283025014214e-05,1.1308873581583612e-05
4.460458700000345,0.008852420374751091,0.0794980376958847,0.25783348083496094,0.07068729400634766,-0.16018295288085938,-0.7947416305541992,1.949102443177253e-05,3.994144935859367e-05,-1.3581893654190935e-07,3.2432146781502524e-06
4.480203400000391,0.00890449620783329,0.07952255755662918,0.24863462150096893,0.07068143039941788,-0.16018736362457275,-0.7301275730133057,2.0405226678121835e-05,3.915953857358545e-05,-5.508756203198573e-06,4.844659429181775e-07
4.500568700000258,0.008822789415717125,0.07951914519071579,0.23347869515419006,0.0706830769777298,-0.16020868718624115,-0.6686579585075378,3.444301910349168e-05,5.6221397244371474e-05,1.574664747749921e-05,2.876400913010002e-06
4.520309100000304,0.008831549435853958,0.07950852066278458,0.2145639806985855,0.07067213207483292,-0.16021449863910675,-0.6134365797042847,3.3105086913565174e-05,3.98539996240288e-05,2.2939962036616635e-06,-9.313953341916203e-06
4.54044470000008,0.008819330483675003,0.07953263074159622,0.19318027794361115,0.07066944986581802,-0.1602393090724945,-0.5607240200042725,3.3634918509051204e-05,3.641642251750454e-05,8.841325325192884e-06,1.6475023585371673e-05
4.560243200000514,0.008861500769853592,0.07949081808328629,0.17253637313842773,0.07068575918674469,-0.160258948802948,-0.5125417709350586,1.5112166693143081e-05,4.574246486299671e-05,1.0643851965141948e-05,-2.920678980444791e-06
4.580412399999659,0.008786783553659916,0.07952141761779785,0.15432189404964447,0.0706891268491745,-0.16028201580047607,-0.4655049741268158,2.9520269890781492e-05,3.822595317615196e-05,-9.685093573352788e-06,2.3672953375353245e-06
4.6004025000002,0.00880865752696991,0.07949460297822952,0.13956567645072937,0.07069151103496552,-0.16027456521987915,-0.4197535812854767,2.267210766149219e-05,4.3524651118787006e-05,5.8396840358909685e-06,-1.233627881447319e-05
4.620351000000483,0.008811451494693756,0.07951200008392334,0.12591338157653809,0.07068797200918198,-0.16028574109077454,-0.3773837983608246,1.327366589976009e-05,9.509810479357839e-05,1.3303138985065743e-05,-3.701774858200224e-06
4.640406100000291,0.008880924433469772,0.07947433739900589,0.11136741936206818,0.07067088037729263,-0.16026438772678375,-0.3369990289211273,1.0222577657259535e-05,3.7014287954661995e-05,1.1382549928384833e-05,5.163219611858949e-06
4.660462400000142,0.008811605162918568,0.07950231432914734,0.09482628852128983,0.07067348062992096,-0.16027840971946716,-0.30149105191230774,2.1280040527926758e-05,3.801381535595283e-05,-8.382507076021284e-06,-3.863529400405241e-06
4.680376100000103,0.008834036067128181,0.0795055404305458,0.07552775740623474,0.07065536081790924,-0.1602778434753418,-0.26856884360313416,4.233542495057918e-05,4.749346771859564e-05,3.537347220117226e-05,2.6639431780495215e-06
4.700407299999824,0.008812966756522655,0.0794978216290474,0.05264480412006378,0.07052686810493469,-0.16027697920799255,-0.23855352401733398,3.0187768061296083e-05,3.6310269933892414e-05,1.1379396710253786e-05,-5.055124347563833e-06
4.7202102000001105,0.008869471028447151,0.07946771383285522,0.028942974284291267,0.07044339179992676,-0.16028258204460144,-0.21150939166545868,3.6408539017429575e-05,3.437404666328803e-05,9.334698916063644e-06,9.15879263629904e-06
4.7403432999999495,0.008804770186543465,0.07951514422893524,0.005809372756630182,0.07045276463031769,-0.16029027104377747,-0.18617862462997437,2.56845432886621e-05,5.3986750572221354e-05,-3.502562321955338e-06,1.3743496310780756e-05
4.760423700000501,0.008829077705740929,0.07952266186475754,-0.01746363565325737,0.07040735334157944,-0.160307839512825,-0.16430100798606873,3.102680784650147e-05,3.646218101494014e-05,-4.849777269555489e-06,-6.316005510598188e-06
4.780408399999942,0.00881945714354515,0.0795372799038887,-0.04079169034957886,0.07037656009197235,-0.16028642654418945,-0.145920991897583,2.127090556314215e-05,3.594025474740192e-05,4.5524070628744084e-06,-4.3604918573691975e-06
4.80009229999996,0.008834882639348507,0.07952219992876053,-0.06325612962245941,0.07037529349327087,-0.1602972447872162,-0.1311892420053482,1.3008248970436398e-05,4.051148425787687e-05,1.5630816051270813e-05,-2.5448898668400943e-06
4.820378899999923,0.008829014375805855,0.07955383509397507,-0.08512263000011444,0.07037678360939026,-0.16029569506645203,-0.12008307874202728,3.68112996511627e-05,4.8891666665440425e-05,5.3207950259093195e-06,1.4475238458544482e-05
4.840412300000025,0.008838282898068428,0.07950575649738312,-0.10684443265199661,0.07036859542131424,-0.1603025496006012,-0.11322969198226929,3.4339551348239183e-05,5.8131285186391324e-05,-1.1508509487612173e-06,-3.505526365188416e-06
4.860426199999893,0.008830738253891468,0.07951149344444275,-0.12932664155960083,0.07036218047142029,-0.16030651330947876,-0.11110536009073257,2.5878380256472155e-05,4.908003757009283e-05,1.717088252917165e-06,1.9451197658781894e-05
4.880366500000491,0.008854160085320473,0.07950427383184433,-0.15037280321121216,0.07037614285945892,-0.16029411554336548,-0.11202453821897507,3.059061418753117e-05,4.155917122261599e-05,3.539892077242257e-06,-1.6350265923392726e-06
4.900406599999769,0.00885778944939375,0.07948482781648636,-0.1694856882095337,0.07037472724914551,-0.1603010594844818,-0.11330151557922363,4.153051122557372e-05,3.810749694821425e-05,5.6333301472477615e-06,1.4359679880726617e-06
4.920348999999987,0.008867170661687851,0.07951055467128754,-0.18695953488349915,0.07037638127803802,-0.16031351685523987,-0.11371912807226181,3.307793303974904e-05,3.115976141998544e-05,1.0576950444374233e-05,8.069694558798801e-06
4.940391299999646,0.008837375789880753,0.07950714230537415,-0.2039559930562973,0.07033674418926239,-0.16029930114746094,-0.11464906483888626,3.036076668649912e-05,4.0360850107390434e-05,2.6814839657163247e-05,-1.7235120139957871e-06
4.96045150000009,0.008853896521031857,0.07948136329650879,-0.22243590652942657,0.0703531801700592,-0.16029232740402222,-0.12019134312868118,3.701101377373561e-05,4.0434963011648506e-05,5.737510036851745e-06,3.5980144730274333e-06
4.9803752999996505,0.008804356679320335,0.07947883754968643,-0.24374689161777496,0.07035824656486511,-0.16031333804130554,-0.13162243366241455,2.573838173702825e-05,4.8571597289992496e-05,2.513121216907166e-05,6.245268195925746e-07
5.000367100000403,0.008817765861749649,0.07949826121330261,-0.26727670431137085,0.07032103836536407,-0.1603100299835205,-0.14785435795783997,1.845315819082316e-05,3.6524033930618316e-05,9.389154001837596e-06,-6.8536546677933075e-06
5.020510600000307,0.008868428878486156,0.07951951026916504,-0.2902812659740448,0.0703088641166687,-0.16028323769569397,-0.16691258549690247,2.6989420803147368e-05,4.5813223550794646e-05,2.0426679839147255e-05,-5.992088517814409e-06
5.040418999999929,0.008816390298306942,0.0795077234506607,-0.3092193603515625,0.0703001320362091,-0.16030386090278625,-0.18807554244995117,2.5441035177209415e-05,2.664522617124021e-05,9.175104423775338e-06,1.4534378351527266e-05
5.0603367000003345,0.00881851278245449,0.07953827828168869,-0.32328346371650696,0.07030017673969269,-0.16028845310211182,-0.21278156340122223,2.5883067792165093e-05,4.0731440094532445e-05,1.2348153177299537e-05,-9.244438842870295e-06
5.080421800000295,0.008805280551314354,0.0795065313577652,-0.334006130695343,0.07028175890445709,-0.16029104590415955,-0.2413925677537918,3.0670718842884526e-05,3.9217098674271256e-05,2.303025667060865e-06,-9.78312709776219e-06
5.100383900000452,0.008851760998368263,0.07951059192419052,-0.342119038105011,0.07020740211009979,-0.16026785969734192,-0.27381259202957153,3.4420882002450526e-05,4.03504200221505e-05,2.4828345885907765e-06,4.3227203150308924e-08
5.120397900000171,0.008867735043168068,0.07951396703720093,-0.3488613963127136,0.07020053267478943,-0.16026648879051208,-0.3090705871582031,7.473626055798377e-07,4.5425371354212984e-05,1.1458012068032986e-06,-2.7128710371471243e-06
5.140555199999653,0.00881226360797882,0.07953720539808273,-0.355742871761322,0.07019124925136566,-0.16028794646263123,-0.34884095191955566,3.575810114853084e-05,3.892288077622652e-05,-2.707157136683236e-06,-3.7937152228550985e-06
5.160357400000066,0.008810445666313171,0.07949833571910858,-0.36291250586509705,0.0701364055275917,-0.16028091311454773,-0.3922975957393646,1.2310802958381828e-05,4.9081267206929624e-05,-6.592152885787073e-07,-1.1738273315131664e-05
5.180398299999979,0.008785257115960121,0.07948704808950424,-0.3693404793739319,0.07013015449047089,-0.16025510430335999,-0.4391327500343323,2.429569576634094e-05,4.516306216828525e-05,-1.0766893865366e-06,1.3303410923981573e-05
5.200375100000201,0.0088252704590559,0.07951260358095169,-0.3735385239124298,0.07015051692724228,-0.16025471687316895,-0.4895235300064087,1.3042432328802533e-05,4.4643882574746385e-05,8.3408094724291e-06,-4.9146719902637415e-06
5.220333100000062,0.008814172819256783,0.07949884235858917,-0.37670794129371643,0.07013073563575745,-0.16027459502220154,-0.5425171852111816,4.143048499827273e-05,3.596895112423226e-05,5.008923380955821e-06,-4.571158569888212e-06
5.240348399999675,0.008834226056933403,0.07949094474315643,-0.3780896067619324,0.07014687359333038,-0.16024211049079895,-0.5975208282470703,3.0505208997055888e-05,4.0676990465726703e-05,1.7271609976887703e-05,1.7045613276422955e-07
5.260598900000332,0.008817708119750023,0.07954714447259903,-0.37806475162506104,0.07014694809913635,-0.16026821732521057,-0.6545204520225525,4.207579331705347e-05,4.049860581289977e-05,1.5330282622016966e-05,3.3533069654367864e-06
5.280586200000471,0.00881926715373993,0.07950419932603836,-0.3780710995197296,0.07013195008039474,-0.16025231778621674,-0.7131561636924744,4.6539596951333806e-05,3.8911442970857024e-05,1.0530893632676452e-05,-4.0321532424059114e-07
5.300350499999695,0.008873744867742062,0.07953677326440811,-0.37807267904281616,0.07012975960969925,-0.16022418439388275,-0.7752039432525635,2.1474481400218792e-05,3.325405850773677e-05,-5.494235665537417e-06,-3.1041543024912244e-06
5.320233899999948,0.008819807320833206,0.07950135320425034,-0.3780640959739685,0.07006919384002686,-0.160186767578125,-0.8407375812530518,1.2751560461765621e-05,2.9587617973447777e-05,2.872702225431567e-06,1.360011265205685e-05
5.3402132000001075,0.008870319463312626,0.07948878407478333,-0.3780677020549774,0.07006923854351044,-0.16020092368125916,-0.9072526693344116,3.1242343538906425e-05,3.989172546425834e-05,-1.1542824722710066e-05,-7.160355835367227e-06
5.360432700000274,0.00883055105805397,0.07951495796442032,-0.3780713379383087,0.07004286348819733,-0.16020530462265015,-0.9750993847846985,2.1158532035769895e-05,4.087159322807565e-05,1.4603634554077871e-05,1.0623693015077151e-05
5.380223500000284,0.008837985806167126,0.0795183777809143,-0.3780595064163208,0.06979908049106598,-0.1601630449295044,-1.0416371822357178,3.911511885235086e-05,7.211181218735874e-05,6.001238944008946e-06,2.6485549824428745e-06
5.400189900000441,0.008837206289172173,0.07948058843612671,-0.3780447244644165,0.0695742517709732,-0.16013911366462708,-1.1091636419296265,4.121440724702552e-05,3.340806142659858e-05,2.008832552746753e-06,-8.995510142995045e-06
5.420191000000159,0.008824614807963371,0.07948581129312515,-0.3780346214771271,0.06950818002223969,-0.1601465940475464,-1.1762655973434448,1.4189833564159926e-05,3.840241697616875e-05,1.8263430320075713e-05,-3.5814043712889543e-06
5.440207999999984,0.008800586685538292,0.07951615005731583,-0.3779802918434143,0.06950509548187256,-0.16011901199817657,-1.2429492473602295,3.7544232327491045e-05,3.532780829118565e-05,5.998369488224853e-06,-3.747237542484072e-06
5.460220599999957,0.008803974837064743,0.07951068133115768,-0.37798812985420227,0.06953142583370209,-0.16013821959495544,-1.3076305389404297,4.3074327550129965e-05,3.219693826395087e-05,4.204670403851196e-05,-2.282994955749018e-06
5.480533300000388,0.008835211396217346,0.07956081628799438,-0.37796735763549805,0.06960733979940414,-0.1601562798023224,-1.3707685470581055,2.6569132387521677e-05,3.469842704362236e-05,2.0583025616360828e-05,1.1872314644278958e-05
5.500322699999742,0.008815160021185875,0.07954254001379013,-0.3779124319553375,0.06988155841827393,-0.16014984250068665,-1.4300795793533325,2.1233023289823905e-05,8.062470442382619e-05,1.6560210497118533e-05,4.052373697049916e-06
5.520179899999675,0.008844040334224701,0.07954543083906174,-0.3778989315032959,0.07007429003715515,-0.16014377772808075,-1.4866564273834229,2.2734138838131912e-05,3.814400406554341e-05,8.363796951016411e-06,1.1117935173388105e-05
5.540165700000216,0.008811135776340961,0.07948970049619675,-0.37788933515548706,0.07021742314100266,-0.16016198694705963,-1.5413709878921509,2.9749829991487786e-05,3.708693475346081e-05,1.263497233594535e-05,-8.279657777165994e-06
5.5601064000002225,0.008791560307145119,0.07949816435575485,-0.3778822720050812,0.07021841406822205,-0.1602066457271576,-1.591153621673584,2.653069532243535e-05,3.705546987475827e-05,9.938384209817741e-06,4.229929345456185e-06
5.580224399999679,0.008809927850961685,0.07953542470932007,-0.37783083319664,0.07029889523983002,-0.16023144125938416,-1.633549690246582,1.8394312064629048e-05,4.062242805957794e-05,2.7731557565857656e-05,1.7055702983270749e-06
5.600217100000009,0.008794444613158703,0.0794820785522461,-0.37768614292144775,0.0703219622373581,-0.16026344895362854,-1.6661262512207031,2.8811411539209075e-05,3.746565926121548e-05,8.715932381164748e-06,1.6644353308947757e-05
5.620150599999761,0.008811460807919502,0.07956099510192871,-0.37658825516700745,0.07033222168684006,-0.16026714444160461,-1.6936248540878296,2.3169064661487937e-05,4.083357998752035e-05,5.588519343291409e-06,-3.630543005783693e-06
5.640223700000206,0.008824191987514496,0.07953496277332306,-0.3751426041126251,0.07035396993160248,-0.16021926701068878,-1.7168524265289307,5.2848117775283754e-05,8.251013059634715e-05,3.2344817100238288e-06,6.756840775778983e-07
5.660149700000147,0.008804284036159515,0.07953277230262756,-0.37505990266799927,0.07030580192804337,-0.1602138876914978,-1.7343858480453491,3.43435604008846e-05,3.80346791644115e-05,5.881578090338735e-06,-4.237397661199793e-06
5.680293800000072,0.0087934210896492,0.0794810801744461,-0.3744685649871826,0.07030637562274933,-0.1601758897304535,-1.7469432353973389,5.0619786634342745e-05,4.1333860281156376e-05,9.320920071331784e-06,1.5424113371409476e-05
5.700377299999673,0.008852275088429451,0.07952312380075455,-0.369826078414917,0.07036040723323822,-0.1601274311542511,-1.7531232833862305,3.390155325178057e-05,3.725502028828487e-05,1.3894167750549968e-05,7.068074864946539e-06
5.720451500000308,0.008838287554681301,0.07950049638748169,-0.3553399443626404,0.07033292949199677,-0.1600501835346222,-1.7534090280532837,4.071554940310307e-05,4.455475936993025e-05,2.2058633476262912e-05,-4.416252068040194e-06
5.74018580000029,0.008859858848154545,0.07953360676765442,-0.3318571448326111,0.07035979628562927,-0.15996146202087402,-1.751442790031433,2.2989050194155425e-05,8.762989455135539e-05,-2.588309143902734e-06,-3.7745494410046376e-06
5.760383499999989,0.008829141966998577,0.07948842644691467,-0.3026861250400543,0.070433109998703,-0.15982991456985474,-1.7428348064422607,1.528123175376095e-05,3.8678084820276126e-05,1.8518028809921816e-05,3.140642547805328e-06
5.780151300000398,0.008831141516566277,0.07949616014957428,-0.27254778146743774,0.07037299871444702,-0.15979285538196564,-1.7259442806243896,4.024889494758099e-05,3.258194919908419e-05,3.573180038074497e-06,-3.2056786949397065e-06
5.800336199999947,0.008805048651993275,0.07948511838912964,-0.2454543113708496,0.0703851580619812,-0.15976744890213013,-1.7020169496536255,1.9068014807999134e-05,4.066935434821062e-05,4.928424914396601e-06,3.6859250940324273e-06
5.8201853999999,0.008858125656843185,0.07947198301553726,-0.22448895871639252,0.07036199420690536,-0.15977393090724945,-1.6754331588745117,3.0763687391299754e-05,6.574737199116498e-05,5.924811375734862e-06,-2.267835952807218e-06
5.840223600000172,0.00881265103816986,0.07953247427940369,-0.20912384986877441,0.07036785781383514,-0.15980085730552673,-1.6489393711090088,4.735261245514266e-05,3.8168058381415904e-05,2.1038316845078953e-05,-2.2527178771269973e-06
5.860237099999722,0.008802520111203194,0.07956239581108093,-0.19955997169017792,0.07036358118057251,-0.15982241928577423,-1.6202346086502075,2.670014691830147e-05,4.126591738895513e-05,1.503452494944213e-05,1.3566304915002547e-06
5.880098599999656,0.008846504613757133,0.07948893308639526,-0.19279149174690247,0.07036661356687546,-0.15987707674503326,-1.5852491855621338,2.5591934900148772e-05,4.081480437889695e-05,2.8260571980354143e-06,7.345953235926572e-06
5.900220100000297,0.00881260633468628,0.07949119806289673,-0.1858498752117157,0.07038843631744385,-0.1598707139492035,-1.5435675382614136,2.510063859517686e-05,3.5738143196795136e-05,1.094535764423199e-05,1.2705904737231322e-06
5.920106100000339,0.008834061212837696,0.0795135498046875,-0.17753508687019348,0.07043427973985672,-0.15986180305480957,-1.4960740804672241,4.647478635888547e-05,4.961912054568529e-05,7.225754870887613e-06,1.6536241673748009e-06
5.940104500000416,0.008749648928642273,0.0795084536075592,-0.16843737661838531,0.07042105495929718,-0.15988151729106903,-1.4435855150222778,4.2960407881764695e-05,6.161864439491183e-05,8.790863830654416e-06,-5.33314823769615e-06
5.960176700000375,0.00878404825925827,0.0795464813709259,-0.15905526280403137,0.07051774859428406,-0.15990287065505981,-1.3874640464782715,1.591118962096516e-05,4.077508856425993e-05,2.1113952243467793e-05,1.1200718290638179e-06
5.980424200000016,0.00883784145116806,0.07948718219995499,-0.14986926317214966,0.07057644426822662,-0.1599394530057907,-1.3288072347640991,2.2114618332125247e-05,4.153019835939631e-05,1.2390600204525981e-05,-4.7357425501104444e-06
6.000206100000469,0.008933085948228836,0.07948408275842667,-0.14211364090442657,0.07059551775455475,-0.1599707454442978,-1.2708104848861694,2.0593801309587434e-05,3.6939807614544407e-05,6.166976618260378e-06,-2.8645581551245414e-06
6.020121000000472,0.008885543793439865,0.07946855574846268,-0.13605885207653046,0.07061691582202911,-0.15998752415180206,-1.212667465209961,2.746018799371086e-05,3.781582199735567e-05,-4.5729620978818275e-06,-8.21883077151142e-08
6.040090499999678,0.008842907845973969,0.07950875163078308,-0.1308218538761139,0.07064259052276611,-0.1599874496459961,-1.1540751457214355,4.075187462149188e-05,3.507696237647906e-05,6.169359039631672e-06,-7.651836995137273e-07
6.060110999999779,0.008852165192365646,0.07955572009086609,-0.1268080770969391,0.0706409141421318,-0.15996971726417542,-1.0940680503845215,3.4170254366472363e-05,3.748852032003924e-05,1.0804807970998809e-05,-2.109991100951447e-06
6.080252700000528,0.00880622398108244,0.07953620702028275,-0.122525155544281,0.07066120207309723,-0.15997031331062317,-1.0322184562683105,2.1421434212243184e-05,5.5748892918927595e-05,-4.28408839070471e-07,-8.402765161008574e-06
6.100077099999908,0.008821070194244385,0.07951093465089798,-0.11846911162137985,0.07067099213600159,-0.15998661518096924,-0.9726897478103638,3.5222459700889885e-05,3.827848195214756e-05,2.240300818812102e-05,-2.4968658181023784e-06
6.12012279999999,0.008837645873427391,0.07947298884391785,-0.11428698152303696,0.0706813707947731,-0.15998512506484985,-0.9128894209861755,2.5812825697357766e-05,3.382297290954739e-05,4.9710788516676985e-06,-3.084890749960323e-06
6.140136699999857,0.008859262801706791,0.07948429137468338,-0.11107202619314194,0.07068245857954025,-0.15995943546295166,-0.8544080853462219,3.4951164707308635e-05,3.825988824246451e-05,3.378319524927065e-05,1.3334662071429193e-05
6.160092899999654,0.008859872817993164,0.07951654493808746,-0.10886039584875107,0.07067587971687317,-0.15996655821800232,-0.796768069267273,3.095974534517154e-05,4.020942287752405e-05,3.095412694165134e-06,-7.423320312227588e-06
6.180091000000175,0.008818180300295353,0.07951267063617706,-0.10844247788190842,0.07068315148353577,-0.15995456278324127,-0.7395641803741455,3.728677984327078e-05,5.896471702726558e-05,4.776233254233375e-06,1.0395558092568535e-05
6.200179100000241,0.008862607181072235,0.07949132472276688,-0.10845290869474411,0.07066750526428223,-0.15997152030467987,-0.6827480792999268,3.366950841154903e-05,4.33246350439731e-05,2.055024197034072e-05,-8.943241482484154e-06
6.2202523000005385,0.008863984607160091,0.07951962947845459,-0.10845588892698288,0.07067710161209106,-0.1599755585193634,-0.6256982088088989,3.2337382435798645e-05,3.992839629063383e-05,1.1445429208833957e-06,-3.3912097023858223e-06
6.240154600000096,0.008827867917716503,0.07950234413146973,-0.10846608877182007,0.07067296653985977,-0.15997964143753052,-0.5696488618850708,3.60433041350916e-05,3.7506542867049575e-05,-2.9910970624769107e-06,1.5247321698552696e-06
6.260151399999813,0.00885991845279932,0.07950857281684875,-0.10849297791719437,0.07066671550273895,-0.15998952090740204,-0.5152300596237183,2.3236056222231127e-05,4.691188223659992e-05,-6.964770022932498e-07,2.5252151317545213e-05
6.280440200000157,0.008833799511194229,0.07950524240732193,-0.10854365676641464,0.0706702321767807,-0.1599738448858261,-0.46076512336730957,5.950772174401209e-05,3.7480385799426585e-05,2.7099408725916874e-06,-2.3932757358124945e-06
6.300216599999658,0.008843807503581047,0.0795004665851593,-0.10855302214622498,0.070659339427948,-0.1599951684474945,-0.408162921667099,2.046750159934163e-05,3.576601011445746e-05,3.283882688265294e-05,-9.747244803293142e-06
6.320176700000047,0.008816645480692387,0.0794849619269371,-0.1085728108882904,0.0706673115491867,-0.16002157330513,-0.35742104053497314,4.9019359721569344e-05,4.036030804854818e-05,7.493417797377333e-06,-6.267202024901053e-06
6.340223400000468,0.008822365663945675,0.07954096049070358,-0.1087159737944603,0.07065393030643463,-0.16003477573394775,-0.3066532015800476,4.129568696953356e-05,3.8992893678369e-05,6.858009783172747e-06,1.644842313908157e-06
6.3602771000005305,0.008778835646808147,0.07951067388057709,-0.108783058822155,0.07064869999885559,-0.16005083918571472,-0.2561061382293701,2.2132013327791356e-05,4.552898826659657e-05,8.455565875920001e-06,4.314620127843227e-06
6.380114399999911,0.008799603208899498,0.07951746135950089,-0.10899093747138977,0.07063940167427063,-0.16008275747299194,-0.20771628618240356,2.1275092876749113e-05,4.0376758988713846e-05,1.0296354957972653e-05,7.423840997944353e-06
6.4001908000000185,0.008801959455013275,0.07952020317316055,-0.10926645249128342,0.07060618698596954,-0.1601247936487198,-0.16022446751594543,3.334984285174869e-05,2.8285448934184387e-05,1.1066160368500277e-05,3.4480372050893493e-06
6.420162999999775,0.008826160803437233,0.07950378209352493,-0.11239732801914215,0.07055316865444183,-0.16017216444015503,-0.11596844345331192,3.744336208910681e-05,4.143277328694239e-05,7.052935870888177e-06,7.075263056322001e-06
6.440216799999689,0.008824385702610016,0.07950840145349503,-0.12077061831951141,0.07057861983776093,-0.16020895540714264,-0.07594765722751617,2.386837513768114e-05,4.180470568826422e-05,8.452108886558563e-06,-4.2617330109351315e-06
6.460206499999913,0.008856380358338356,0.07948916405439377,-0.13585585355758667,0.07045338302850723,-0.16022992134094238,-0.04228309541940689,2.005686292250175e-05,3.8232501538004726e-05,1.1920585166080855e-05,-3.5555071917769965e-06
6.480152799999814,0.008852319791913033,0.07951035350561142,-0.15507706999778748,0.07038293033838272,-0.16027332842350006,-0.015385209582746029,2.86281319858972e-05,4.1221392166335136e-05,-2.5197441573254764e-06,-6.285317795118317e-07
6.500555499999791,0.008836249820888042,0.0795033872127533,-0.17722363770008087,0.07038655877113342,-0.16029946506023407,0.001867782324552536,3.148936593788676e-05,4.016808816231787e-05,-4.222610186843667e-06,-1.1496249499032274e-06
6.520275400000173,0.00882878340780735,0.07949589937925339,-0.19901961088180542,0.07036170363426208,-0.16029731929302216,0.009171143174171448,2.168022547266446e-05,4.9991533160209656e-05,1.931054976012092e-05,3.356660272402223e-06
6.540098499999658,0.008853461593389511,0.07947146147489548,-0.21882037818431854,0.07036107778549194,-0.16029700636863708,0.007609472144395113,2.4416069209109992e-05,3.4262244298588485e-05,-1.0891308193095028e-06,8.819784852676094e-06
6.560263700000178,0.00888889841735363,0.0794914960861206,-0.23635070025920868,0.07037612795829773,-0.1602950096130371,0.006003223359584808,2.0844772734562866e-05,3.655127511592582e-05,1.1248794180573896e-05,-7.850240990592283e-07
6.580190399999992,0.008792158216238022,0.07950089871883392,-0.2494213730096817,0.07036736607551575,-0.16030988097190857,0.006237776484340429,2.934910480689723e-05,3.130738696199842e-05,9.68102176557295e-06,-1.335515435130219e-06
6.600148200000149,0.008836235851049423,0.07951956242322922,-0.2588612735271454,0.07036207616329193,-0.16031676530838013,0.006156295072287321,1.2541787327791099e-05,3.791919880313799e-05,8.458082447759807e-06,2.540439027143293e-06
6.620123400000011,0.0088170375674963,0.07951686531305313,-0.26772671937942505,0.07037029415369034,-0.16030392050743103,0.005999542307108641,1.009704101306852e-05,4.1883387893904e-05,9.509900337434374e-06,5.114748091727961e-06
6.640282299999853,0.008829621598124504,0.07951781153678894,-0.2782260775566101,0.07035736739635468,-0.16034042835235596,0.0047817714512348175,2.411527202639263e-05,3.7944482755847275e-05,1.932176382979378e-05,1.0603354894556105e-05
6.660115399999995,0.008855732157826424,0.07947428524494171,-0.29148101806640625,0.07034949958324432,-0.16035982966423035,0.0021188613027334213,2.305827547388617e-05,3.5599470720626414e-05,7.110142632882344e-06,4.135037670494057e-06
6.680190000000039,0.008827753365039825,0.07950445264577866,-0.30829381942749023,0.07036483287811279,-0.16035591065883636,-0.003980766050517559,4.683101724367589e-05,2.6497116778045893e-05,6.877110536152031e-06,3.0016749406058807e-06
6.700212100000499,0.008864635601639748,0.07949727773666382,-0.3293437063694,0.0703788623213768,-0.160352885723114,-0.011791162192821503,3.2031886803451926e-05,4.0039631130639464e-05,9.815141311264597e-06,-4.0421315361527377e-07
6.720197700000426,0.008848954923450947,0.07948839664459229,-0.3545689880847931,0.07029739022254944,-0.16042084991931915,-0.021386489272117615,3.352071507833898e-05,4.737397830467671e-05,1.3670834960066713e-05,-4.282946520106634e-06
6.740161499999886,0.008848322555422783,0.07948532700538635,-0.3786488473415375,0.07036092877388,-0.16039925813674927,-0.036413002759218216,3.8646750908810645e-05,5.442544716061093e-05,2.2324240489979275e-05,-4.784172688232502e-06
6.760429599999952,0.008824313059449196,0.07951228320598602,-0.39844846725463867,0.07037564367055893,-0.16042746603488922,-0.056534625589847565,2.214464620919898e-05,3.855967952404171e-05,1.0048226613434963e-05,8.808694474282674e-06
6.780191699999705,0.008836528286337852,0.07949142903089523,-0.4134078621864319,0.07036393135786057,-0.1603756546974182,-0.07600989937782288,2.778524321911391e-05,4.196801455691457e-05,1.8947564967675135e-05,-7.975730795806157e-07
6.800372800000332,0.008824368007481098,0.07951167970895767,-0.42432937026023865,0.0702965259552002,-0.16039666533470154,-0.09517530351877213,3.7785619497299194e-05,3.4337648685323074e-05,1.675892053754069e-05,3.751348685909761e-06
6.820522199999687,0.008879133500158787,0.07946459203958511,-0.43229761719703674,0.07027561962604523,-0.16037456691265106,-0.11721479147672653,3.736463622772135e-05,3.725022543221712e-05,2.7103446882392745e-06,-5.204259650781751e-06
6.840105100000073,0.008843712508678436,0.07948461920022964,-0.43954288959503174,0.07029344886541367,-0.16036152839660645,-0.14239732921123505,1.848387546488084e-05,6.667808338534087e-05,5.548515673581278e-06,8.69078519372124e-07
6.860185100000308,0.008838798850774765,0.07947589457035065,-0.44865792989730835,0.07019178569316864,-0.1603630781173706,-0.17162643373012543,3.2022631785366684e-05,3.3677235478535295e-05,1.0328745702281594e-05,-2.805731355692842e-06
6.880342600000404,0.008801700547337532,0.07950956374406815,-0.4587743580341339,0.07020226120948792,-0.16036894917488098,-0.20530617237091064,5.373125895857811e-05,6.612490687984973e-05,5.935500666964799e-06,3.3478625027782982e-06
6.9005206000001635,0.00883149728178978,0.07947628945112228,-0.46854889392852783,0.0702056884765625,-0.16037699580192566,-0.24228879809379578,3.083937190240249e-05,3.9369682781398296e-05,6.425918854802148e-06,-6.85030090608052e-06
6.920562299999801,0.00882425345480442,0.07949423044919968,-0.47599107027053833,0.07021006941795349,-0.16037020087242126,-0.2822573184967041,1.7348958863294683e-05,7.372243999270722e-05,3.588533218135126e-06,-9.223791721524321e-07
6.940209800000048,0.008817816153168678,0.07949089258909225,-0.4801432490348816,0.07019593566656113,-0.1603589653968811,-0.32256239652633667,3.21694569720421e-05,4.009971598861739e-05,1.2222753866808489e-05,1.823941056500189e-05
6.960118400000283,0.008812179788947105,0.07952045649290085,-0.48068296909332275,0.07020826637744904,-0.16036534309387207,-0.36773598194122314,1.9960294594056904e-05,3.9728081901557744e-05,1.742310996633023e-05,-3.3880421597132226e-06
6.980117400000381,0.008812293410301208,0.0795106366276741,-0.48069724440574646,0.070201575756073,-0.16035975515842438,-0.4148976504802704,1.9415725546423346e-05,3.8612088246736676e-05,1.9880701074725948e-05,-3.5890022900275653e-06
7.000189899999896,0.008814606815576553,0.07949115335941315,-0.480703741312027,0.07020211219787598,-0.16036038100719452,-0.4665504992008209,2.9420207283692434e-05,3.8798611058155075e-05,-4.4073699427826796e-06,4.007933512184536e-06
7.020120799999859,0.008849592879414558,0.07948977500200272,-0.4806545674800873,0.07020796835422516,-0.16036812961101532,-0.5207317471504211,1.5293268006644212e-05,3.8297537685139105e-05,1.4610905054723844e-05,1.0461667443451006e-06
7.0401754000004075,0.008845657110214233,0.07947451621294022,-0.48062679171562195,0.07020643353462219,-0.16035321354866028,-0.5775023698806763,2.0198931451886892e-05,4.002825153293088e-05,-8.16199099062942e-06,3.046081474167295e-06
7.06026970000039,0.00880335085093975,0.0794975534081459,-0.4805358648300171,0.07023356109857559,-0.1603555977344513,-0.6363095045089722,2.985825813084375e-05,4.182228440186009e-05,1.1493424608488567e-05,-9.17682427825639e-07
7.080144499999733,0.008814582601189613,0.07952728867530823,-0.48054563999176025,0.07021928578615189,-0.16033193469047546,-0.6964606046676636,3.094402200076729e-05,3.896330963470973e-05,9.734898412716575e-06,1.6591742678429e-05
7.1001446000000215,0.00884475838392973,0.0795326828956604,-0.48045340180397034,0.07021349668502808,-0.16034498810768127,-0.7570009231567383,3.857560659525916e-05,3.711402678163722e-05,2.592196096884436e-06,-4.560346496873535e-06
7.120531600000504,0.008807738311588764,0.0794970691204071,-0.4804202616214752,0.07021297514438629,-0.16030150651931763,-0.8206101059913635,2.437706643831916e-05,4.507949415710755e-05,8.33000558486674e-06,1.3810406017000787e-05
7.140204500000436,0.008811194449663162,0.07952379435300827,-0.4803905487060547,0.07021620869636536,-0.16034018993377686,-0.8822592496871948,3.7486839573830366e-05,4.1163388232234865e-05,5.575579052674584e-06,1.9084106952504953e-06
7.160402100000283,0.00882868655025959,0.07949161529541016,-0.4803612530231476,0.07021412253379822,-0.1602981984615326,-0.9456881284713745,4.429994442034513e-05,4.500714203459211e-05,2.9062375688226894e-06,-4.9180043788510375e-06
7.180175899999995,0.00883336178958416,0.07952885329723358,-0.4802926480770111,0.07022444903850555,-0.16030268371105194,-1.0084071159362793,3.2774383726064116e-05,3.6081277357880026e-05,2.3680064259679057e-05,-1.9289677766209934e-06
7.200108500000169,0.008801685646176338,0.0795055404305458,-0.4800690710544586,0.07022903859615326,-0.16028663516044617,-1.071117639541626,2.117862277373206e-05,4.0786981116980314e-05,-4.396943495521555e-06,1.9234286810387857e-05
7.220311199999742,0.008860750123858452,0.07947006076574326,-0.4795743525028229,0.07026490569114685,-0.16028136014938354,-1.1343636512756348,1.032317231874913e-05,3.1066028896020725e-05,1.6059153495007195e-05,2.791882707242621e-07
7.24055430000044,0.008826181292533875,0.07950682938098907,-0.47929084300994873,0.0702703446149826,-0.16027814149856567,-1.195731520652771,3.12541815219447e-05,3.645283868536353e-05,1.141255779657513e-06,1.3648724234371912e-05
7.260340599999836,0.00883577112108469,0.07949066162109375,-0.47890332341194153,0.0702681839466095,-0.16026794910430908,-1.2548925876617432,1.13650912680896e-05,4.828425153391436e-05,1.7072525224648416e-05,2.4807137378957123e-05
7.280535599999894,0.008837237022817135,0.07949638366699219,-0.478128582239151,0.07029370963573456,-0.1602819561958313,-1.313378930091858,4.478312621358782e-05,6.606847455259413e-05,8.940672159951646e-06,-3.100424237345578e-06
7.30031500000041,0.008869589306414127,0.07950298488140106,-0.4765110909938812,0.07029618322849274,-0.160287007689476,-1.3686068058013916,3.171481512254104e-05,3.9659855247009546e-05,2.1640526028932072e-05,-3.968531018472277e-06
7.320308700000169,0.008807220496237278,0.07946999371051788,-0.4744618833065033,0.07030448317527771,-0.16027703881263733,-1.4241127967834473,4.2039133404614404e-05,3.553488932084292e-05,2.6893967515206896e-05,-2.0912357285851613e-06
7.3403493000005255,0.008844355121254921,0.0794798955321312,-0.46985021233558655,0.07030332833528519,-0.16024833917617798,-1.4780457019805908,3.783939973800443e-05,3.759397804969922e-05,2.29385586862918e-05,5.642368705593981e-06
7.360370299999886,0.008850710466504097,0.07953961938619614,-0.4638359844684601,0.07030414789915085,-0.16024120151996613,-1.530147671699524,2.540046989452094e-05,4.134492337470874e-05,-1.685125880612759e-06,-4.750173047796125e-06
7.380309199999829,0.00880269892513752,0.07951941341161728,-0.4557141661643982,0.07033766806125641,-0.1602400839328766,-1.580671787261963,2.9828428523615003e-05,4.08193955081515e-05,-8.185379556380212e-07,-3.5734947232413106e-06
7.40035859999989,0.008823296055197716,0.07949402183294296,-0.44556862115859985,0.07037019729614258,-0.16023753583431244,-1.6292223930358887,4.42036434833426e-05,4.319635627325624e-05,1.9297087419545278e-05,-2.3448715182894375e-06
7.420424500000081,0.00878026895225048,0.07952228933572769,-0.433560848236084,0.07035952061414719,-0.16026398539543152,-1.6718964576721191,3.681986345327459e-05,3.6194811400491744e-05,1.6074660379672423e-05,4.6283520305223647e-07
7.440217600000324,0.008844630792737007,0.0795067697763443,-0.41911494731903076,0.07036176323890686,-0.16026853024959564,-1.7092100381851196,1.936891203513369e-05,3.661799928522669e-05,1.1453337720013224e-05,2.1418360120151192e-05
7.460283399999753,0.008819757960736752,0.07949221134185791,-0.40119773149490356,0.07036231458187103,-0.16026748716831207,-1.7387573719024658,2.8097831091145054e-05,3.918528454960324e-05,-1.3722484254685696e-05,4.984628048987361e-06
7.480135699999664,0.00883365236222744,0.07949687540531158,-0.38075947761535645,0.070362389087677,-0.16027945280075073,-1.7619563341140747,3.158181789331138e-05,2.25649491767399e-05,2.7510846848599613e-05,-1.8183829979534494e-06
7.500554000000193,0.008790077641606331,0.07951585948467255,-0.35747212171554565,0.0703824982047081,-0.16029158234596252,-1.780090093612671,4.6212800953071564e-05,3.1415504054166377e-05,8.798451744951308e-06,-8.752676876611076e-06
7.520280599999751,0.008862117305397987,0.07946071028709412,-0.33232367038726807,0.07043640315532684,-0.1602574586868286,-1.7927883863449097,1.685340794210788e-05,4.044208617415279e-05,2.6076108042616397e-05,-2.8976405701541808e-06
7.540362400000049,0.008818412199616432,0.0794924944639206,-0.30664321780204773,0.07044269144535065,-0.16024181246757507,-1.8022754192352295,1.7857522834674455e-05,4.033105869893916e-05,1.750361843733117e-05,4.697785698226653e-06
7.560248599999795,0.008829290047287941,0.07952538132667542,-0.28152310848236084,0.07042953372001648,-0.16026084125041962,-1.8087222576141357,3.0017152312211692e-05,2.4903369194362313e-05,-7.006331543379929e-06,-3.840739736915566e-06
7.580237600000146,0.008817520923912525,0.07948239892721176,-0.2586348056793213,0.07043018937110901,-0.16024932265281677,-1.812596082687378,3.761635525734164e-05,3.69509361917153e-05,4.254467967257369e-06,-7.42510655982187e-06
7.600319099999979,0.008879217319190502,0.0795326977968216,-0.23917533457279205,0.0704350471496582,-0.16026294231414795,-1.8131229877471924,2.230623249488417e-05,4.719537537312135e-05,4.0071308831102215e-06,-5.540306119655725e-06
7.620302199999969,0.008835125714540482,0.07947539538145065,-0.22171662747859955,0.07042115181684494,-0.16026528179645538,-1.812968134880066,2.6034871552838013e-05,3.697419015225023e-05,-2.261719146190444e-06,1.050879291142337e-05
7.640335500000219,0.008817294612526894,0.07949189841747284,-0.20570144057273865,0.07044743001461029,-0.16026407480239868,-1.8120498657226562,3.1224419217323884e-05,4.079009886481799e-05,-3.3348951546940953e-06,1.3571740964835044e-05
7.660362100000384,0.00883258506655693,0.0795256718993187,-0.19074231386184692,0.07044431567192078,-0.16025133430957794,-1.805858850479126,1.92888401215896e-05,7.944166281959042e-05,2.016817597905174e-05,5.33985803485848e-06
7.680266299999857,0.008846618235111237,0.07949274033308029,-0.17487555742263794,0.07045599818229675,-0.16018936038017273,-1.7945078611373901,3.7427584175020456e-05,5.482029155245982e-05,1.0662562999641523e-05,-6.335846137517365e-06
7.700329299999794,0.0088526401668787,0.0795036107301712,-0.15853378176689148,0.0704570859670639,-0.16014464199543,-1.7751470804214478,3.7843499740120023e-05,5.1816212362609804e-05,1.1067730156355537e-05,-1.0714309155446244e-06
7.720139699999891,0.008816301822662354,0.07949122041463852,-0.14120154082775116,0.07045529782772064,-0.16014942526817322,-1.749310851097107,3.725682836375199e-05,3.753182681975886e-05,2.4956409106380306e-05,-2.9868846240788116e-07
7.74012330000005,0.008816356770694256,0.07953376322984695,-0.12212611734867096,0.07051641494035721,-0.1601109504699707,-1.7195839881896973,3.370660851942375e-05,4.11465807701461e-05,1.1059100870625116e-05,5.583896836469648e-06
7.760234800000035,0.00882632378488779,0.07953080534934998,-0.10324790328741074,0.07059583067893982,-0.16012409329414368,-1.6846630573272705,3.6600613384507596e-05,3.6663659557234496e-05,1.5358125892817043e-05,-3.5886776004190324e-06
7.7803036000004795,0.008832976222038269,0.07954062521457672,-0.088004931807518,0.07064394652843475,-0.16012901067733765,-1.6467145681381226,2.9176289899623953e-05,3.800593549385667e-05,2.3790018531144597e-05,1.1781578450609231e-06
7.800154600000496,0.008799676783382893,0.07950438559055328,-0.07751750946044922,0.07067929953336716,-0.16010108590126038,-1.6058720350265503,2.0596244212356396e-05,3.8686943298671395e-05,1.4519964679493569e-05,-7.921161341073457e-06
7.820260999999846,0.008861559443175793,0.07953417301177979,-0.07079733908176422,0.07066796720027924,-0.16013410687446594,-1.5608158111572266,2.8338788979453966e-05,7.939089118735865e-05,1.7901969840750098e-05,2.97417068395589e-06
7.840315100000225,0.008823070675134659,0.07950525730848312,-0.06736444681882858,0.07067219913005829,-0.1601339727640152,-1.5109797716140747,3.561404446372762e-05,5.9358993894420564e-05,-2.6380780582258012e-06,-9.802903377931216e-07
7.860296500000004,0.008849169127643108,0.07950244843959808,-0.06606797873973846,0.07066261768341064,-0.1601390540599823,-1.4583631753921509,3.229319554520771e-05,8.403701212955639e-05,-1.8387701175015536e-06,1.914519316414953e-06
7.880532299999686,0.00886355061084032,0.07947614789009094,-0.06374955177307129,0.07065623998641968,-0.16013935208320618,-1.400268793106079,3.861609729938209e-05,3.527581429807469e-05,1.6031099221436307e-06,-2.314000539627159e-06
7.900303999999778,0.008872311562299728,0.07950320094823837,-0.05967541038990021,0.07064449042081833,-0.16011300683021545,-1.3391053676605225,3.688815195346251e-05,3.6304139939602464e-05,9.703799150884151e-06,-6.230868621059926e-07
7.920356200000242,0.008814867585897446,0.07949887216091156,-0.05612195283174515,0.07066132128238678,-0.16013315320014954,-1.2745115756988525,3.611031570471823e-05,3.502677282085642e-05,1.2441430044418667e-05,-7.538050340372138e-06
7.940296400000079,0.008826828561723232,0.0795138031244278,-0.05213329941034317,0.07065042108297348,-0.16011807322502136,-1.206647515296936,2.9030412406427786e-05,3.617306356318295e-05,-4.974902367393952e-06,-1.056847395375371e-05
7.960357799999656,0.008846445009112358,0.07955050468444824,-0.051043201237916946,0.07065039873123169,-0.16013039648532867,-1.136733055114746,1.9772041923715733e-05,6.326813308987767e-05,1.4848676073597744e-05,-2.2953772713663056e-06
7.98008370000025,0.008832286112010479,0.07948992401361465,-0.051093216985464096,0.07065802812576294,-0.16013368964195251,-1.066057801246643,3.431947698118165e-05,5.215182318352163e-05,9.626496648706961e-07,1.2636653082154226e-05
8.000338200000442,0.00882413424551487,0.07949503511190414,-0.051091935485601425,0.07065229117870331,-0.16013020277023315,-0.9915860295295715,3.154220030410215e-05,3.6165740311844274e-05,9.59745557338465e-06,-1.0151095921173692e-05
8.020489800000178,0.008821260184049606,0.07949625700712204,-0.05114980414509773,0.0706612840294838,-0.16012747585773468,-0.9161189198493958,3.925281635019928e-05,5.8149347751168534e-05,3.900942101608962e-05,6.185130132507766e-06
8.040402100000392,0.008864171802997589,0.07949661463499069,-0.051167555153369904,0.07065795361995697,-0.16013330221176147,-0.8417243957519531,1.473990960221272e-05,4.205962613923475e-05,1.6856309230206534e-05,8.38443884276785e-06
8.060348400000294,0.008796082809567451,0.07951540499925613,-0.051173944026231766,0.07064198702573776,-0.1601649820804596,-0.7680199146270752,4.0430346416542307e-05,3.7305209843907505e-05,-3.730878233909607e-06,-3.851541350741172e-06
8.080491900000197,0.00883554294705391,0.07952488213777542,-0.0511745885014534,0.07066163420677185,-0.16015800833702087,-0.6958091855049133,2.0366012904560193e-05,3.935132554033771e-05,7.089473001542501e-06,-8.229872037190944e-06
8.100377499999922,0.008830122649669647,0.07949817925691605,-0.051185186952352524,0.07067427784204483,-0.16017356514930725,-0.6259384155273438,3.95064998883754e-05,5.5812088248785585e-05,1.98833949980326e-05,7.397757713079045e-07
8.120380999999725,0.008828951977193356,0.07950068265199661,-0.051202744245529175,0.07066656649112701,-0.16019365191459656,-0.5567759275436401,3.4384018363198265e-05,4.973010072717443e-05,1.8075230400427245e-05,-7.176812687248457e-06
8.140388599999824,0.00882169883698225,0.07951348274946213,-0.051312290132045746,0.07065636664628983,-0.16020528972148895,-0.48967841267585754,4.2094095988431945e-05,3.737094812095165e-05,1.3796395705867326e-06,1.1131508472317364e-05
8.160405000000537,0.008803749457001686,0.07948290556669235,-0.05139835551381111,0.07066625356674194,-0.1602182686328888,-0.4262596368789673,4.8011959734139964e-05,3.5740256862482056e-05,1.2189086191938259e-05,4.3447221287351567e-07
8.180354500000249,0.008833888918161392,0.0795331820845604,-0.0517660416662693,0.07064980268478394,-0.16023853421211243,-0.36758267879486084,4.602724584401585e-05,3.1807299819774926e-05,1.4751967682968825e-05,-6.244272299227305e-07
8.200399999999718,0.008861521258950233,0.07948771119117737,-0.05208536237478256,0.0706520527601242,-0.1602470874786377,-0.3127726912498474,3.140326589345932e-05,4.056025136378594e-05,6.682296316284919e-06,5.917985163250705e-06
8.220375300000342,0.008824165910482407,0.07950787246227264,-0.0520867183804512,0.07061102986335754,-0.1602822244167328,-0.2638525366783142,2.8243213819223456e-05,3.65850210073404e-05,2.7779953597928397e-05,1.1614354662015103e-05
8.240305500000431,0.008833790197968483,0.07951262593269348,-0.05212409049272537,0.07060914486646652,-0.16028937697410583,-0.22113245725631714,3.515535354381427e-05,4.550929952529259e-05,2.8737745196849573e-06,-5.406086984294234e-06
8.260353300000133,0.008802635595202446,0.07945910841226578,-0.05218273773789406,0.07059340924024582,-0.16030609607696533,-0.18339131772518158,2.9906701456638984e-05,4.9272755859419703e-05,-9.31654722080566e-06,-4.747724688058952e-06
8.280230899999879,0.008829494938254356,0.07952117919921875,-0.05217266455292702,0.0705963671207428,-0.16030541062355042,-0.15305982530117035,2.4825656510074623e-05,4.9536181904841214e-05,1.4778329386899713e-05,6.248345471249195e-06
8.300387199999932,0.008820554241538048,0.07950882613658905,-0.05215111002326012,0.07055804878473282,-0.16032621264457703,-0.12851954996585846,4.214211003272794e-05,3.670774458441883e-05,1.5434881788678467e-05,-6.019220109010348e-07
8.320393199999671,0.008829815313220024,0.07948790490627289,-0.052108533680438995,0.07054007053375244,-0.16032631695270538,-0.11079998314380646,3.276425559306517e-05,5.994829552946612e-05,2.212521849287441e-06,-2.0654238142014947e-06
8.340503500000523,0.008827239274978638,0.07946546375751495,-0.052088845521211624,0.07052308320999146,-0.16033436357975006,-0.09900996088981628,1.749744296830613e-05,7.015631854301319e-05,1.3816099453833885e-05,4.573629666992929e-06
8.360406699999658,0.008799257688224316,0.0795094296336174,-0.0520070381462574,0.07048583030700684,-0.16035091876983643,-0.09276649355888367,3.2310388633050025e-05,3.54730109393131e-05,1.2721722669084556e-05,-2.529023959141341e-06
8.380470899999636,0.008834190666675568,0.07953569293022156,-0.05185691639780998,0.07048802077770233,-0.16031083464622498,-0.09141582250595093,2.3152102585299872e-05,3.8356505683623254e-05,2.2105585230747238e-05,7.672173524042591e-06
8.4003201000005,0.008833099156618118,0.07948894798755646,-0.05182364955544472,0.07051226496696472,-0.16030482947826385,-0.09125077724456787,2.4916578695410863e-05,3.424070018809289e-05,1.1229006304347422e-05,-1.690259182396403e-06
8.420482999999876,0.008795708417892456,0.07950422912836075,-0.05167689919471741,0.07051651179790497,-0.16032640635967255,-0.09124553203582764,2.859903543139808e-05,3.9042635762598366e-05,2.8992444640607573e-06,4.655722932511708e-06
8.440300999999636,0.008836538530886173,0.07949617505073547,-0.05157585069537163,0.07051146030426025,-0.16032350063323975,-0.09122955799102783,4.067448026034981e-05,5.599360156338662e-05,9.738896551425569e-06,-6.434606802940834e-07
8.460319400000117,0.008885271847248077,0.0795150175690651,-0.05139334872364998,0.07051952928304672,-0.1603263020515442,-0.09123490750789642,4.008018004242331e-05,9.615271119400859e-05,1.4539703443006147e-05,-3.520282916724682e-06
8.480370600000242,0.008808638900518417,0.07954167574644089,-0.0509527251124382,0.07052008807659149,-0.16030800342559814,-0.09121859073638916,2.417444920865819e-05,4.4096414058003575e-05,2.2761345462640747e-05,1.073516727956303e-06
8.500475400000141,0.008817920461297035,0.07953424006700516,-0.04927879944443703,0.07051868736743927,-0.16032305359840393,-0.0912146270275116,1.034934030030854e-05,4.057327896589413e-05,7.817003279342316e-06,-7.041214303171728e-06
8.520157599999948,0.008823113515973091,0.07953140139579773,-0.044636987149715424,0.07052220404148102,-0.16031935811042786,-0.09121866524219513,3.703763650264591e-05,4.6718338126083836e-05,8.90448791324161e-06,-5.4597235248365905e-06
8.540275600000314,0.008836349472403526,0.0795234888792038,-0.03845036029815674,0.07051359862089157,-0.16035056114196777,-0.09122279286384583,2.8635471608140506e-05,4.082415034645237e-05,2.2859865566715598e-05,-4.98193458042806e-07
8.5603172000001,0.008838901296257973,0.07952571660280228,-0.0315595418214798,0.07051245868206024,-0.1603492796421051,-0.09106077253818512,3.5825793020194396e-05,7.409740646835417e-05,1.5355968571384437e-05,1.5646833162463736e-06
8.580199300000459,0.008831941522657871,0.0795494094491005,-0.025258958339691162,0.07051209360361099,-0.1603672206401825,-0.08973024785518646,2.2106907636043616e-05,7.793093391228467e-05,3.9919953565004107e-07,3.5864240999217145e-07
8.60059369999999,0.008836032822728157,0.07951164990663528,-0.019838418811559677,0.07049988955259323,-0.1603105068206787,-0.08736913651227951,1.4576125067833345e-05,4.082367377122864e-05,-6.581813067896292e-06,4.7817434278840665e-06
8.620341099999678,0.008815919980406761,0.07951989024877548,-0.015384262427687645,0.07047654688358307,-0.16031622886657715,-0.08785556256771088,1.7795600797398947e-05,3.8242760638240725e-05,2.9162367354729213e-05,-2.8952663342352025e-06
8.640321800000493,0.008823102340102196,0.07950147241353989,-0.011571824550628662,0.07051753997802734,-0.16035041213035583,-0.08785935491323471,4.1207520553143695e-05,3.6647186789195985e-05,3.895761437888723e-06,1.4797701624047477e-05
8.660188099999687,0.00878592673689127,0.07949817180633545,-0.007120101246982813,0.07052307575941086,-0.16034173965454102,-0.0878470242023468,2.138132185791619e-05,4.522671224549413e-05,2.367564957239665e-05,4.319813342590351e-06
8.680303000000094,0.008809096179902554,0.07952588051557541,-0.0030589562375098467,0.0705188661813736,-0.16033759713172913,-0.08764076232910156,2.9651371733052656e-05,3.735889185918495e-05,1.2205406164866872e-05,1.1143201845698059e-06
8.700237699999889,0.008860694244503975,0.07951463758945465,0.0008551609935238957,0.07050880789756775,-0.16033267974853516,-0.08675345033407211,1.8524006009101868e-05,4.053918382851407e-05,4.82137375001912e-06,-1.2793916539521888e-06
8.720268199999737,0.008877928368747234,0.0794939175248146,0.0028091371059417725,0.07049669325351715,-0.16035550832748413,-0.08578519523143768,2.673912422324065e-05,8.07087926659733e-05,1.4551499589288142e-05,-9.191741128233843e-07
8.740245400000276,0.008825288154184818,0.07953989505767822,0.0035588329192250967,0.07050591707229614,-0.16035011410713196,-0.08540162444114685,5.1048082241322845e-05,7.570037269033492e-05,7.069717867125291e-06,-4.074315256730188e-06
8.760261600000376,0.008799295872449875,0.07951859384775162,0.005914530251175165,0.07050278782844543,-0.16032376885414124,-0.08374728262424469,3.380775888217613e-05,3.476137135294266e-05,1.3720713468501344e-05,1.5675215763621964e-05
8.780492800000502,0.008836787194013596,0.07952754944562912,0.010703358799219131,0.07051971554756165,-0.16032391786575317,-0.07745121419429779,2.672117989277467e-05,4.11264700233005e-05,7.4438380579522345e-06,-5.353625965653919e-06
8.800251100000423,0.008818143978714943,0.07949421554803848,0.014956179074943066,0.07047954201698303,-0.16033509373664856,-0.06960821151733398,2.6555264412309043e-05,3.872556771966629e-05,2.5709512556204572e-05,-1.2541097476059804e-06
8.820237500000076,0.008858010172843933,0.07949677854776382,0.017729971557855606,0.07046446204185486,-0.16035021841526031,-0.05990820378065109,3.9878039387986064e-05,4.121823440073058e-05,5.9950225477223285e-06,-4.8724796215537935e-06
8.840599699999984,0.00885069277137518,0.07956522703170776,0.017432313412427902,0.07046294957399368,-0.1603332757949829,-0.04810861870646477,2.698674870771356e-05,9.217561455443501e-05,1.1163295312144328e-05,1.1385309335310012e-05
8.86025299999983,0.008802860975265503,0.07949194312095642,0.017413990572094917,0.0704546570777893,-0.16033735871315002,-0.034315913915634155,3.2897136406973004e-05,5.6720593420322984e-05,-3.7377644730440807e-06,1.1068250387324952e-05
8.880227100000411,0.008838195353746414,0.07952939718961716,0.01740904338657856,0.07044917345046997,-0.1603367179632187,-0.01763864979147911,1.9782688468694687e-05,3.3297787012998015e-05,3.620503412093967e-05,-3.653752855825587e-06
8.900258499999836,0.00882702600210905,0.07949109375476837,0.017411543056368828,0.07044845074415207,-0.1603592485189438,0.0007442734204232693,2.3630240320926532e-05,2.8231203032191843e-05,1.5767960576340556e-05,-2.8459162422223017e-06
8.920586899999762,0.008808227255940437,0.07956153154373169,0.01736333593726158,0.07044430077075958,-0.160354346036911,0.021292250603437424,4.073790478287265e-05,3.324136196170002e-05,1.2354667887848336e-05,1.0978489626722876e-05
8.940319100000124,0.00883282721042633,0.07948335260152817,0.017345115542411804,0.07044973224401474,-0.1603553593158722,0.04210975021123886,1.2921691450173967e-05,3.4453492844477296e-05,1.3196131476433948e-05,-3.558747494025738e-06
8.960163499999908,0.008857738226652145,0.07950738072395325,0.017307251691818237,0.0704624205827713,-0.1603538691997528,0.062157921493053436,3.302781988168135e-05,9.513358236290514e-05,-3.545718072928139e-06,-2.771984327409882e-06
8.98031390000051,0.008922257460653782,0.07950838655233383,0.017290625721216202,0.07049473375082016,-0.1603603959083557,0.07952499389648438,2.4655155357322656e-05,5.795652759843506e-05,2.067212790279882e-06,6.984698757150909e-06
9.000314200000503,0.008818048983812332,0.07950442284345627,0.017277728766202927,0.07044766843318939,-0.16035747528076172,0.09165576100349426,3.341934279887937e-05,4.0310049371328205e-05,1.0377134458394721e-05,-2.999751814058982e-06
9.020296200000303,0.008825579658150673,0.07951337844133377,0.01722605898976326,0.07043854892253876,-0.16034388542175293,0.09789890050888062,3.475544508546591e-05,5.151003733772086e-06,1.3292992662172765e-06,-4.457971954252571e-06
9.04047619999983,0.00882270559668541,0.07948675751686096,0.017236748710274696,0.07044035196304321,-0.16034404933452606,0.10045470297336578,4.131672176299617e-05,2.5538673071423545e-05,-3.820838628598722e-06,-1.0671859854483046e-05
9.060137999999824,0.008852023631334305,0.07949197292327881,0.01724029704928398,0.07044719159603119,-0.1603453904390335,0.0996689721941948,3.3794480259530246e-05,3.90532732126303e-05,1.688234624452889e-05,7.1248387030209415e-06
9.080243299999893,0.008854149840772152,0.07951635867357254,0.017232980579137802,0.0704864040017128,-0.16035926342010498,0.0996583104133606,3.166226815665141e-05,4.838491076952778e-05,7.037921022856608e-06,-1.37337849537289e-06
9.100442900000417,0.00883122906088829,0.07950565963983536,0.017251864075660706,0.070497065782547,-0.16034366190433502,0.09968415647745132,1.7559763364261016e-05,4.204978540656157e-05,2.0562576537486166e-05,1.5369130323961144e-06
9.120598299999983,0.008851572871208191,0.07949752360582352,0.017245158553123474,0.07049958407878876,-0.16035997867584229,0.09971897304058075,1.6137155398610048e-05,2.409941407677252e-05,1.2177613825770095e-05,-3.2916454983933363e-06
9.140502600000218,0.008800532668828964,0.07947468012571335,0.017260365188121796,0.07049601525068283,-0.16035574674606323,0.09974242001771927,2.7262149160378613e-05,3.230089714634232e-05,1.4915594874764793e-05,7.980561349540949e-06
9.16059210000003,0.008883843198418617,0.079511858522892,0.01728426292538643,0.07048407196998596,-0.16036637127399445,0.09974126517772675,3.9419406675733626e-05,3.090480458922684e-05,2.156178197765257e-06,-7.330368134716991e-06
9.180371000000378,0.008817983791232109,0.07946979999542236,0.01729169487953186,0.07046427577733994,-0.16035671532154083,0.0997360423207283,3.975236904807389e-05,3.54025250999257e-05,6.526628567371517e-06,4.06825301979552e-06
9.200537800000347,0.00879338663071394,0.0795331671833992,0.017280079424381256,0.07044650614261627,-0.1603471338748932,0.09974166750907898,2.522349859646056e-05,6.148511602077633e-05,2.100041092489846e-05,9.960958777810447e-07
9.220387600000322,0.008823888376355171,0.07950978726148605,0.01730186864733696,0.07038561999797821,-0.16036024689674377,0.09974401444196701,2.7063320885645226e-05,3.942353214370087e-05,9.22142316994723e-06,-2.319460179478483e-07
9.240336699999716,0.008828908205032349,0.07949820160865784,0.017291521653532982,0.07038050144910812,-0.1603604257106781,0.09972187131643295,2.4586079234723002e-05,4.758463546750136e-05,8.52279754326446e-06,-7.917034963611513e-06
9.260391400000117,0.008780883625149727,0.07948006689548492,0.017245568335056305,0.0703485757112503,-0.16036319732666016,0.09973501414060593,2.8393345928634517e-05,3.43413048540242e-05,4.391332367958967e-06,9.542374755255878e-06
9.280545200000233,0.008850395679473877,0.07948268204927444,0.017250733450055122,0.07030055671930313,-0.16036224365234375,0.09973426163196564,3.101243783021346e-05,3.647179983090609e-05,8.319916560139973e-06,-4.098661975149298e-06
9.300591500000337,0.008826136589050293,0.07951571047306061,0.017246689647436142,0.07028558105230331,-0.1603514403104782,0.09974195063114166,2.029673123615794e-05,3.651073348009959e-05,8.94368531589862e-06,1.145330543295131e-06
9.32057210000039,0.008813928812742233,0.07950681447982788,0.01723175123333931,0.07030407339334488,-0.1603640615940094,0.09973160922527313,2.1115343770361505e-05,6.544037751154974e-05,9.259633770852815e-06,1.369241454085568e-05
9.340550200000507,0.00882064551115036,0.079533651471138,0.017195092514157295,0.07033311575651169,-0.16036373376846313,0.09973623603582382,2.5886958610499278e-05,3.997486419393681e-05,-1.962201622518478e-06,1.7077447864721762e-06
9.360416299999997,0.00881798006594181,0.07949941605329514,0.017172876745462418,0.07035417854785919,-0.16034674644470215,0.09972098469734192,1.913560481625609e-05,3.109235694864765e-05,1.3500774912245106e-05,1.2033005987177603e-05
9.38025800000014,0.008816748857498169,0.07949559390544891,0.01717911660671234,0.07036175578832626,-0.16035455465316772,0.09972021728754044,3.093494160566479e-05,4.0238686779048294e-05,1.7860504158306867e-05,-2.2020303731551394e-06
9.400574700000107,0.008820783346891403,0.07953602075576782,0.017198879271745682,0.07036173343658447,-0.1603531688451767,0.0997382253408432,1.2644053640542552e-05,4.584336784319021e-05,8.275143045466393e-06,5.810168204334332e-07
9.420059300000503,0.008859515190124512,0.07952282577753067,0.017204180359840393,0.07036153227090836,-0.16036231815814972,0.09972706437110901,2.4927148842834868e-05,5.121145295561291e-05,7.854634532122873e-06,-8.245202479884028e-06
9.440138099999785,0.008828260004520416,0.07950961589813232,0.017220772802829742,0.07037629187107086,-0.1603596806526184,0.09973025321960449,1.473351767344866e-05,5.5406271712854505e-05,2.4075623514363542e-05,1.1589515906962333e-06
9.460582599999725,0.008818089962005615,0.0794910117983818,0.01721678301692009,0.070376455783844,-0.16035223007202148,0.09973551332950592,2.4775303245405667e-05,4.0629340219311416e-05,2.1657231627614237e-05,3.0549740586138796e-06
9.480657199999769,0.008824024349451065,0.079493947327137,0.017240390181541443,0.07039541006088257,-0.16034726798534393,0.09972868114709854,3.624525197665207e-05,3.4297154343221337e-05,-5.54923758500081e-07,1.794525132936542e-06
9.500137400000312,0.00882756058126688,0.0795183852314949,0.017238736152648926,0.0703868418931961,-0.16035500168800354,0.099742591381073,2.7209855034016073e-05,4.145430284552276e-05,1.2273761967662722e-05,7.177199222496711e-06
9.520127100000536,0.008843841031193733,0.07951164245605469,0.01724976859986782,0.07036172598600388,-0.16036038100719452,0.09974079579114914,3.400257264729589e-05,3.604439916671254e-05,1.738419996399898e-05,-3.1538857001578435e-06
9.540077399999973,0.008826006203889847,0.07948396354913712,0.017263419926166534,0.07036077976226807,-0.16033761203289032,0.09972166270017624,3.248945722589269e-05,7.382321200566366e-05,8.87090754986275e-06,1.8435023321217159e-06
9.560665900000458,0.008875400759279728,0.07949897646903992,0.017238814383745193,0.07034163177013397,-0.16036629676818848,0.09973367303609848,3.449025462032296e-05,4.477782204048708e-05,6.3613169913878664e-06,3.53531777363969e-06
9.580287100000533,0.008806442841887474,0.07948194444179535,0.017237013205885887,0.07032155990600586,-0.1603626012802124,0.09972910583019257,3.364494114066474e-05,5.544782834476791e-05,1.7362607422910514e-06,1.2366205737635028e-05
9.600168099999792,0.008871443569660187,0.07950840890407562,0.017229139804840088,0.07033918797969818,-0.1603553593158722,0.09972129017114639,3.171277785440907e-05,3.826273314189166e-05,1.3074217349640094e-05,4.675087438954506e-06
9.620574499999748,0.008810366503894329,0.07950262725353241,0.017233073711395264,0.07034298777580261,-0.1603614091873169,0.09971655160188675,2.354722710151691e-05,3.8085760024841875e-05,1.208623234560946e-05,9.167111784336157e-06
9.640092300000106,0.008839407935738564,0.0794842317700386,0.01719355210661888,0.07034699618816376,-0.16035857796669006,0.0997442826628685,4.388039815239608e-05,3.796774035436101e-05,6.30468457529787e-06,2.7985256565443706e-06
9.660293900000397,0.008837241679430008,0.07950347661972046,0.017202354967594147,0.07037624716758728,-0.16034269332885742,0.09972500801086426,4.0075592551147565e-05,3.839746204903349e-05,-7.471089702448808e-07,2.0530205802060664e-05
9.680090500000006,0.008855867199599743,0.07949322462081909,0.017203273251652718,0.07036158442497253,-0.16036397218704224,0.09971790015697479,3.1652314646635205e-05,9.754095663083717e-05,1.1291131158941425e-05,7.339442618103931e-06
9.700078200000462,0.008827555924654007,0.07950695604085922,0.017186738550662994,0.07037694752216339,-0.16035598516464233,0.09972434490919113,2.618276994326152e-05,4.047935362905264e-05,1.6334422980435193e-05,-4.344112312537618e-06
9.720089000000371,0.00886511243879795,0.0794999748468399,0.017210524529218674,0.07036168873310089,-0.16035720705986023,0.09971441328525543,2.7492176741361618e-05,3.852765803458169e-05,8.697510565980338e-06,2.4623986973892897e-06
9.740266200000406,0.00880799163132906,0.07949507981538773,0.017188534140586853,0.07036133110523224,-0.16035374999046326,0.09972118586301804,2.9720813472522423e-05,3.869391366606578e-05,5.441320354293566e-07,-3.314383093311335e-06
9.760349600000154,0.008885134011507034,0.07949326187372208,0.017212890088558197,0.07036576420068741,-0.1603580117225647,0.0997328832745552,2.3415723262587562e-05,4.0463033656124026e-05,1.6158828657353297e-05,5.5894597608130425e-06
9.780161800000315,0.008809791877865791,0.07951310276985168,0.017217371612787247,0.07037332653999329,-0.16033756732940674,0.09972710907459259,1.5447849364136346e-05,3.890974403475411e-05,7.990772246557754e-06,1.2254571629455313e-05
9.800145299999713,0.008797556161880493,0.07954039424657822,0.017212454229593277,0.07037441432476044,-0.16035355627536774,0.0997309535741806,2.7975633202004246e-05,3.4053970011882484e-05,1.9930655980715528e-05,-4.552162863546982e-06
9.820578200000455,0.008829714730381966,0.0794990286231041,0.017230037599802017,0.0703534185886383,-0.16036850214004517,0.09973309934139252,2.9964479836053215e-05,4.018446270492859e-05,8.803735909168608e-06,-3.7209351830824744e-06
9.840278800000306,0.008787475526332855,0.07946836948394775,0.017233610153198242,0.07035115361213684,-0.1603538691997528,0.09972336888313293,1.6558478819206357e-05,4.023282235721126e-05,3.601139496822725e-06,2.9021214231761405e-06
9.860597599999892,0.008801424875855446,0.07951666414737701,0.0172341950237751,0.07036565244197845,-0.16036741435527802,0.09973971545696259,3.0039156627026387e-05,5.0062459195032716e-05,1.1154024832649156e-05,-5.051120297139278e-06
9.880585500000052,0.00881145428866148,0.07949661463499069,0.0172366164624691,0.07035098224878311,-0.1603582799434662,0.09973541647195816,3.394157829461619e-05,3.893340181093663e-05,9.594781658961438e-06,-3.5427824514044914e-06
9.90053429999989,0.008821920491755009,0.07951276004314423,0.017250578850507736,0.0703602135181427,-0.16035901010036469,0.0997239202260971,2.1738658688263968e-05,4.061974323121831e-05,1.7576105165062472e-05,-2.402439577053883e-06
9.920364700000391,0.008839309215545654,0.07949921488761902,0.017234008759260178,0.07036933302879333,-0.16035836935043335,0.09973076730966568,2.6634741516318172e-05,6.15884127910249e-05,1.6233991118497215e-05,-4.2852921069425065e-06
9.940120400000524,0.008858720771968365,0.07946549355983734,0.01722094789147377,0.07037618011236191,-0.16034585237503052,0.09972957521677017,2.562335430411622e-05,4.0311686461791396e-05,1.2283599062357098e-05,-3.258373226344702e-06
9.96007340000051,0.008839674293994904,0.07953447848558426,0.017219284549355507,0.07036414742469788,-0.16035649180412292,0.09973108023405075,2.790441612887662e-05,3.905117773683742e-05,2.2626747522735968e-05,-6.740394383086823e-06
9.980111500000021,0.008794805966317654,0.07951650023460388,0.017215397208929062,0.07036334276199341,-0.16035783290863037,0.09972186386585236,2.1373614799813367e-05,3.0285051252576523e-05,1.2450490430637728e-05,-2.3127604436012916e-06
