8.879999950295314e-05,-0.005133843049407005,-5.4644147894578055e-05,-0.02960893139243126,-1.1989201993856113e-05,-1.2035361578455195e-05,0.04820454120635986,2.2164967958815396e-05,3.0680450436193496e-05,5.901333679503296e-07,3.7412705751194153e-06
0.020464700000047742,-0.005103479139506817,-2.997142837557476e-05,-0.029590802267193794,-1.2982035514141899e-05,7.865130100981332e-06,0.04821349307894707,3.894089604727924e-05,2.9223245292087086e-05,8.350055395567324e-06,-1.1829793038486969e-06
0.04028389999984938,-0.005095652304589748,2.0375739040900953e-05,-0.029605332762002945,-5.0685603127931245e-06,2.3535691070719622e-05,0.04820866510272026,3.241435479139909e-05,2.0626484911190346e-05,-1.7102371202781796e-05,-1.9598196558945347e-06
0.06037389999983134,-0.005068246275186539,1.73981115949573e-05,-0.029597552493214607,1.235961008205777e-05,1.1118030670331791e-05,0.04820548743009567,2.3286620489670895e-05,2.6269699446856976e-05,-1.656180938880425e-05,-7.705298230575863e-06
0.08051389999945968,-0.005060636438429356,1.2875957509095315e-05,-0.02960386499762535,6.382811079674866e-08,-3.957742137572495e-06,0.048205237835645676,3.130121694994159e-05,2.6372503270977177e-05,7.012276000750717e-06,-2.376242719037691e-06
0.10010249999959342,-0.0050528887659311295,-8.89029593054147e-07,-0.029611198231577873,8.425046871707309e-06,6.9445914050447755e-06,0.04820924624800682,4.4937656639376655e-05,3.2306474167853594e-05,2.3865724870120175e-05,-2.725976855799672e-06
0.12020009999923786,-0.005137530155479908,-3.4997046896023676e-05,-0.029603226110339165,5.17353646500851e-06,6.477242095570546e-06,0.048204272985458374,1.7566642782185227e-05,3.715757338795811e-05,-3.86018427889212e-06,-2.689577968340018e-06
0.1402511999995113,-0.005088679492473602,-1.3948036212241277e-05,-0.029613491147756577,-1.6849462554091588e-06,7.334731890296098e-06,0.04820539057254791,3.869061765726656e-05,3.3689291740301996e-05,5.716302439395804e-06,-1.2778365089616273e-05
0.16011129999969853,-0.005044386722147465,-4.197282396489754e-05,-0.02961554378271103,5.981622962281108e-06,1.8221064237877727e-05,0.04819968715310097,1.6965590475592762e-05,3.374477455508895e-05,-6.40921689409879e-06,2.16196622204734e-06
0.18012429999998858,-0.0050941891968250275,-1.68692963598005e-06,-0.02961159497499466,-4.111561793251894e-06,6.509480954264291e-06,0.04819846153259277,4.007274401374161e-05,2.6541290935711004e-05,2.245621999463765e-06,7.642909622518346e-06
0.20033369999964634,-0.005058444570749998,-2.180829869757872e-05,-0.02961353398859501,1.2503443940659054e-05,1.2029119716316927e-05,0.048208143562078476,3.5994366044178605e-05,3.251123052905314e-05,1.2345105915301247e-06,-6.8177587309037335e-06
0.22031559999959427,-0.005101298447698355,8.211960448534228e-06,-0.029595479369163513,-8.495109796058387e-06,1.1901566722372081e-05,0.04819865897297859,2.4013510483200662e-05,2.26413321797736e-05,-1.1499737411213573e-06,-4.406103471410461e-06
0.24021629999970173,-0.005066270940005779,-3.17030971928034e-05,-0.029599159955978394,5.132766546012135e-06,2.3767747734382283e-06,0.04819636791944504,1.6565520127187483e-05,2.7901416615350172e-05,-3.117654387096991e-06,-3.2662180728948442e-06
0.2602156999992076,-0.005054987967014313,6.0791139731009025e-06,-0.029613608494400978,3.6004180401505437e-06,6.154386937851086e-07,0.04819396883249283,2.0200425296934554e-06,8.740735211176798e-06,1.1541162166395225e-05,-5.699304438167019e-06
0.280312299999423,-0.005053636617958546,-3.375393498572521e-05,-0.029610633850097656,1.8177312085754238e-05,1.2978808626940008e-05,0.048205628991127014,1.4434294826060068e-05,6.949082035134779e-06,-6.761638360330835e-07,-5.918144779570866e-06
0.3001853999994637,-0.005104356911033392,-4.846196134167258e-06,-0.02959214709699154,2.644186679390259e-06,5.840903213538695e-06,0.04820502921938896,4.239689587848261e-05,3.2666095648892224e-05,-7.650045517948456e-06,3.643227273641969e-06
0.3201693000000887,-0.005097172223031521,-1.761938983690925e-05,-0.029597703367471695,-3.7943113966321107e-06,1.5766952856210992e-05,0.04820496216416359,5.954414064035518e-07,3.808181645581499e-05,6.246536941034719e-06,-6.036354079697048e-06
0.34018639999976585,-0.005048403516411781,-6.916947313584387e-05,-0.02960910275578499,7.593579994136235e-06,2.9546501991717378e-06,0.048207517713308334,2.6263154722983018e-05,4.7056757466634735e-05,-5.459554358822061e-06,-1.967819343917654e-06
0.36024300000008225,-0.005055985413491726,-1.4103373359830584e-05,-0.029595505446195602,7.192825250967871e-06,2.6308243832318112e-05,0.04820086434483528,2.1219548216322437e-05,3.9988641219679266e-05,-8.360635547433048e-06,-5.346118541638134e-06
0.38016719999995985,-0.005077441688627005,3.334056964376941e-05,-0.02961844950914383,-1.5448812291651848e-06,1.4808442756475415e-05,0.048213377594947815,2.2734951926395297e-05,2.7860902264364995e-05,-1.2330506251601037e-05,6.651055173279019e-06
0.40020860000004177,-0.005094603635370731,-1.9502502254908904e-05,-0.029604388400912285,5.493266144185327e-06,2.5640376861701952e-06,0.04820266366004944,9.160089575743768e-06,2.5095319870160893e-05,-9.17142278922256e-06,1.9745218651223695e-06
0.42014560000006895,-0.005101422779262066,-1.2677447557507548e-05,-0.029612474143505096,2.34064573305659e-05,1.8369339159107767e-05,0.04820762574672699,2.4297783966176212e-05,2.501055132597685e-05,-1.2607037206180394e-05,2.491310397090274e-06
0.4405419999993683,-0.005099376663565636,-2.2481734049506485e-05,-0.02961277775466442,-7.153507795010228e-07,1.9633662304840982e-05,0.04819900542497635,2.656751894392073e-05,3.8052246964070946e-05,-1.113282451115083e-05,-9.668079655966721e-06
0.46030359999986104,-0.00509200245141983,-3.718936932273209e-05,-0.029622294008731842,-1.2889337085653096e-05,1.6733520169509575e-05,0.04820213466882706,2.1498501155292615e-05,3.552951602614485e-05,1.4678575098514557e-05,-2.761983978416538e-06
0.4801795999992464,-0.005151788704097271,-5.925931418460095e-06,-0.029596248641610146,1.8220431229565293e-05,1.6135321857291274e-05,0.048205260187387466,4.088369678356685e-05,3.321346594020724e-05,-5.5831433201092295e-06,5.996143499942264e-06
0.5005086000001029,-0.005063941236585379,-6.31134826107882e-05,-0.02960265800356865,6.104373369453242e-06,1.235513173014624e-05,0.04820629209280014,2.1273386664688587e-05,2.95704958261922e-05,1.7959052911464823e-06,-4.6179416131053586e-06
0.5200795999999173,-0.005088049918413162,-8.456762770947535e-06,-0.029585978016257286,-2.9564932901848806e-07,-2.0030990981467767e-06,0.048212576657533646,2.5194893169100396e-05,2.7650172341964208e-05,1.661998794588726e-05,-3.7760385112051154e-06
0.540197199999966,-0.005032852292060852,-5.6550557928858325e-05,-0.02961857058107853,2.2087717752583558e-06,2.2231080947676674e-05,0.04820279777050018,2.6499852538108826e-05,3.067226498387754e-05,6.478060640802141e-06,1.6718613551347516e-06
0.5602404000001115,-0.005070470739156008,-4.5188062358647585e-05,-0.029591571539640427,6.324522473732941e-06,3.826218016911298e-05,0.048202935606241226,3.930656748707406e-05,3.7130470445845276e-05,1.5481044101761654e-05,-5.6429826145176776e-06
0.5802788000000874,-0.005076673813164234,-2.0526471416815184e-05,-0.02959706075489521,-1.0078546438307967e-05,-2.4312291770911543e-06,0.04820689186453819,3.0020271879038773e-05,3.0709546990692616e-05,8.551160135539249e-06,1.420239414073876e-06
0.6004714999999123,-0.0051283687353134155,-4.917228011436237e-07,-0.029616396874189377,-7.286378149728989e-06,1.6908650195546215e-06,0.04818808287382126,1.7601669242139906e-05,3.4475084248697385e-05,-5.608195351669565e-06,-8.970534963737009e-07
0.6202322999997705,-0.005220911465585232,-1.68120714079123e-05,-0.02961823344230652,7.947132871777285e-06,1.522390084573999e-05,0.048192717134952545,3.444982576183975e-05,3.048201324418187e-05,-1.3275393939693458e-06,-3.840817498712568e-06
0.6405123999993521,-0.005370140541344881,-1.690935459919274e-05,-0.029616544023156166,1.2769178283633664e-05,5.999293080094503e-06,0.04820308834314346,2.1743719116784632e-05,3.46825436281506e-05,9.48432625591522e-06,-5.0209650908072945e-06
0.6602038999999422,-0.005387851037085056,-6.581471825484186e-05,-0.0296254251152277,-9.786304872250184e-06,1.5170558071986306e-05,0.04819806292653084,2.6129859179491177e-05,1.3127119018463418e-05,4.551028268906521e-06,-4.411712779983645e-06
0.6805014999999912,-0.005326850339770317,-9.533179400023073e-05,-0.029604481533169746,-5.234804575593444e-06,-1.1797817478509387e-06,0.04820331931114197,2.3718137526884675e-05,2.858014704543166e-05,-7.074746918078745e-06,5.2517516451189294e-06
0.7002012999992075,-0.005399665795266628,-0.0001265858591068536,-0.029605107381939888,1.528991197119467e-05,1.6779678844613954e-05,0.04820356145501137,1.795908792701084e-05,2.902037522289902e-05,4.594968231685925e-06,-3.6562441891874187e-06
0.7201989999994112,-0.005335969850420952,1.4231737623049412e-05,-0.029606522992253304,9.39532674237853e-06,8.863090442901012e-06,0.048207588493824005,2.239861169073265e-05,3.505470522213727e-05,7.4601880442060065e-06,1.8724199435382616e-07
0.740169099999548,-0.005176876671612263,-2.3047270587994717e-05,-0.02959466353058815,1.2257826256245608e-06,1.7110070984927006e-05,0.04820224642753601,3.4038246667478234e-05,2.8600381483556703e-05,1.0289988495060243e-05,-9.705394404591061e-06
0.7604842999999164,-0.004878165200352669,1.1178714885318186e-05,-0.02961602434515953,-7.628602361364756e-06,6.1187265600892715e-06,0.04820988327264786,2.0436205886653624e-05,1.7777198081603274e-05,-5.5180607887450606e-06,-8.997670875032782e-08
0.7802312999992864,-0.0044858418405056,-6.909428975632181e-06,-0.029586708173155785,-7.759571417409461e-06,2.3698345103184693e-05,0.04820214956998825,8.847103345033247e-06,3.466439375188202e-05,8.07198193797376e-06,-1.0162920261791442e-05
0.8002440999998726,-0.004586748778820038,7.225002627819777e-05,-0.029608430340886116,-1.0100309737026691e-05,1.3451323866320308e-05,0.048203323036432266,2.5046509108506143e-05,2.9973101845826022e-05,3.1428564852831187e-06,-1.5787975371495122e-06
0.820426100000077,-0.004740255884826183,0.00010556086635915563,-0.029618816450238228,8.790951824266813e-07,7.408516921714181e-06,0.04819583520293236,7.631710104760714e-06,3.6311244912212715e-05,-1.0139719961443916e-06,-3.1680237952969037e-06
0.840329899999233,-0.005075670313090086,9.938798757502809e-05,-0.029606470838189125,-8.516365596733522e-06,-8.7027747213142e-06,0.048208046704530716,1.0349939657317009e-05,3.648794154287316e-05,1.1040652680094354e-05,-2.506112195987953e-06
0.860322599999563,-0.005438819527626038,8.60574291436933e-05,-0.02961069904267788,1.1588546840357594e-05,9.928453437169082e-06,0.04820850491523743,4.874394289799966e-05,3.5005992685910314e-05,-1.2268060345377307e-07,7.03943533153506e-06
0.8803779999998369,-0.005505005829036236,0.00010481380013516173,-0.029587846249341965,-2.377664714003913e-07,2.818574103002902e-05,0.04819689691066742,2.5485613150522113e-05,2.7617043087957427e-05,-6.685159860353451e-06,-1.5514592632825952e-06
0.9002363999998124,-0.005544597283005714,5.1767776312772185e-05,-0.0295981727540493,1.8045091564999893e-05,2.2611013264395297e-05,0.04818917065858841,2.6563913706922904e-05,2.636813405842986e-05,9.449000572203659e-06,4.2014526115963235e-06
0.9201861999999892,-0.008122587576508522,3.479040606180206e-05,-0.029606064781546593,2.22814196604304e-06,1.2656455510295928e-06,0.04820181429386139,2.5874784114421345e-05,2.8949414627277292e-05,1.1805028407252394e-05,-7.256171102199005e-06
0.940262399999483,-0.018129130825400352,-1.275356044061482e-05,-0.029610728845000267,1.8583245946501847e-06,-1.5200685083982535e-06,0.04819942265748978,1.8405815353617072e-05,3.1952891731634736e-05,-6.548486908286577e-06,-1.9839885680994485e-06
0.9603213000000324,-0.030421189963817596,-1.6623819192318479e-06,-0.029612839221954346,1.7247373762074858e-05,1.9957724362029694e-07,0.04819854348897934,3.7813915696460754e-05,6.08521222602576e-05,-3.5777893572230823e-06,9.016295734909363e-06
0.9801893999992899,-0.04751003161072731,6.822992872912437e-05,-0.029624929651618004,-3.5063417271885555e-06,1.492403771408135e-05,0.04820714890956879,3.0515826438204385e-05,4.1379156755283475e-05,4.772901775140781e-06,-4.482963049667887e-06
1.0003467999995337,-0.07104195654392242,0.00010882247443078086,-0.029603905975818634,-6.147842213977128e-06,4.246709977451246e-06,0.04821017012000084,2.236022010038141e-05,3.825267413049005e-05,-1.0858573659788817e-05,-6.571035555680282e-07
1.0201650999997582,-0.09765958040952682,7.50056715332903e-05,-0.02959376759827137,-2.742048764048377e-06,3.9772908166924026e-07,0.04821101948618889,8.0992931543733e-06,2.7113090254715644e-05,-5.386954399000388e-06,-3.5043040043092333e-06
1.0400939000001017,-0.12553903460502625,9.723530092742294e-05,-0.029606005176901817,-2.81058055406902e-06,1.737931597745046e-05,0.04820746183395386,1.3811102689942345e-05,2.5071803975151852e-05,2.0732366010633996e-06,1.2616578715096693e-07
1.0601532000000589,-0.14961455762386322,0.00015271150914486498,-0.02961399406194687,-9.596687959856354e-06,7.500138963223435e-06,0.048211295157670975,2.7850679543917067e-05,3.335982910357416e-05,-2.339662387385033e-06,-6.281441983446712e-06
1.0803080999994563,-0.17336824536323547,0.00016876825247891247,-0.02961823157966137,1.0233161447104067e-05,3.5376074265514035e-06,0.0482168011367321,1.7599082639208063e-05,2.3803921067155898e-05,5.630731720884796e-06,-6.919516636116896e-06
1.1001787999994121,-0.20042690634727478,0.00037303895805962384,-0.029615452513098717,-9.096675967157353e-06,7.75178887124639e-06,0.04819868505001068,1.9027063899557106e-05,3.6282097426010296e-05,4.462414381123381e-06,-5.073196916782763e-06
1.1202182999995784,-0.23110425472259521,0.0005523049621842802,-0.029611852020025253,1.0590520105324686e-06,2.2389729565475136e-05,0.048206135630607605,9.391193088958971e-06,4.6663339162478223e-05,8.661447736812988e-07,-3.941489921999164e-06
1.1403480999997555,-0.26349198818206787,0.0007510436116717756,-0.02960052527487278,1.1086762242484838e-05,1.8193111827713437e-05,0.04820416495203972,1.79584512807196e-05,2.8764950911863707e-05,8.488420462526847e-06,-1.6426453157691867e-06
1.160209899999245,-0.2945968508720398,0.0011622823076322675,-0.029615186154842377,1.784900450729765e-05,7.510874183935812e-06,0.048203643411397934,2.1702455342165194e-05,1.86266206583241e-05,1.5345367501140572e-06,-9.882414815365337e-06
1.1803205999995043,-0.32548075914382935,0.0014939403627067804,-0.029605144634842873,-1.1922678822884336e-05,2.499612264728057e-06,0.0482083261013031,2.3418324417434633e-05,3.945651405956596e-05,6.976514669077005e-06,5.189606326894136e-06
1.2001875999994809,-0.3591753840446472,0.0024900517892092466,-0.029606375843286514,5.5185419114422984e-06,1.2651958968490362e-05,0.04821081459522247,8.991888535092585e-06,1.4252500477596186e-05,-9.970259270630777e-06,-6.021959961799439e-06
1.2204666999996334,-0.39755937457084656,0.004349176771938801,-0.02960394136607647,7.923476914584171e-06,9.705368938739412e-06,0.048200421035289764,1.9665079889819026e-05,3.222023951821029e-05,7.700211426708847e-06,6.740594471921213e-06
1.2401651999998649,-0.4375310242176056,0.00584606546908617,-0.029607733711600304,-1.92155839613406e-05,1.9872752091032453e-05,0.04819922521710396,2.683316051843576e-05,3.6929115594830364e-05,5.753215646109311e-06,-1.673365659371484e-07
1.2603156999994098,-0.4800252914428711,0.009699059650301933,-0.029602495953440666,1.7725094949128106e-05,9.838793630478904e-06,0.04821332171559334,1.5351595720858313e-05,3.271134482929483e-05,3.068157639063429e-06,-2.8241393010830507e-06
1.2805349999998725,-0.5203210115432739,0.026341615244746208,-0.029613105580210686,-5.60665921511827e-06,2.3350185074377805e-05,0.04819990321993828,2.414311711618211e-05,2.432933251839131e-05,3.866729457513429e-06,3.6626411201723386e-06
1.3005144999997356,-0.5562546253204346,0.04400017485022545,-0.029611073434352875,-4.790771981788566e-06,-4.4818666538049e-06,0.04820243641734123,2.375940493948292e-05,2.7940148356719874e-05,1.2542302101792302e-05,-8.28426209409372e-07
1.3201897999997527,-0.5896685719490051,0.05488640069961548,-0.029584430158138275,-9.656127986090723e-06,1.0024245966633316e-06,0.0482015497982502,2.517716166039463e-05,1.0260697308694944e-05,-6.971470156713622e-06,6.893766908433463e-07
1.3405635999997685,-0.629784345626831,0.05589829385280609,-0.02961210161447525,8.841320777719375e-06,-1.5845437246753136e-06,0.04819176346063614,2.0493112970143557e-05,3.582776844268665e-05,-6.843783467047615e-06,1.4918892702553421e-05
1.3602399999999761,-0.6749707460403442,0.056015804409980774,-0.02959548681974411,1.0161519639950711e-05,1.4422457752516493e-05,0.04819270968437195,3.228415152989328e-05,4.006291783298366e-05,-3.112802460236708e-08,-1.6917772427404998e-07
1.3801892999999836,-0.7217451333999634,0.05632073059678078,-0.029606590047478676,1.4051965990802273e-06,5.2438731472648215e-06,0.048204850405454636,3.080001624766737e-05,5.688013698090799e-05,2.507127874196158e-06,3.966243639297318e-06
1.4004442999994353,-0.7612994909286499,0.056652411818504333,-0.029610436409711838,7.760898370179348e-06,1.3707641301152762e-05,0.04820792004466057,3.4502805647207424e-05,2.7907713956665248e-05,-6.585948540305253e-06,-5.965389391349163e-07
1.4201598999998168,-0.7928899526596069,0.05828996002674103,-0.029594792053103447,1.7549873518873937e-05,1.0104394277732354e-05,0.048206109553575516,3.393863153178245e-05,1.2643015907087829e-05,-1.3160558864910854e-07,1.208894082083134e-05
1.4401959999995597,-0.8229499459266663,0.061099469661712646,-0.029613154008984566,2.1445807760755997e-06,1.7277790902880952e-05,0.04819400981068611,4.717936099041253e-05,1.1506381270010024e-05,1.7801924059313023e-06,-7.803566404618323e-06
1.4605333999998038,-0.850212574005127,0.06581628322601318,-0.029617546126246452,-6.245284112083027e-06,7.71436134527903e-06,0.048201125115156174,2.0233201212249696e-05,3.4493173188820947e-06,-2.6150880785280606e-06,1.0511859045436722e-06
1.4803985999997167,-0.8714590668678284,0.07461301237344742,-0.029622916132211685,-1.74605429492658e-05,1.2792459529009648e-05,0.0482083223760128,2.6400537535664625e-05,4.009003168903291e-05,4.234312882545055e-07,7.361874395428458e-06
1.5006049999992683,-0.8884840607643127,0.07724668830633163,-0.02960502728819847,-5.7621768974058796e-06,2.580166983534582e-05,0.048198580741882324,2.043369022430852e-05,3.66684835171327e-05,1.576308932271786e-05,-5.773890279670013e-06
1.5201461999995445,-0.9026364684104919,0.0788624957203865,-0.02961730770766735,1.7746075172908604e-05,1.3850907635060139e-05,0.04820118099451065,2.0542327547445893e-05,2.218312511104159e-05,1.1344445738359354e-07,3.8111234061943833e-06
1.5403720999993311,-0.9153829216957092,0.07900230586528778,-0.029617542400956154,5.3124081205169205e-06,9.995519576477818e-06,0.04820206016302109,1.5323545085266232e-05,1.1366613762220368e-05,4.419921879161848e-06,-3.913508862751769e-06
1.5606910999995307,-0.9264492988586426,0.07907237112522125,-0.0296091940253973,-4.27695795224281e-06,-1.5449755665031262e-05,0.04820512607693672,2.109610977640841e-05,8.027995136217214e-06,2.1710263808927266e-06,-4.034497123939218e-06
1.580142299999352,-0.9273163676261902,0.07905489206314087,-0.029608415439724922,4.1871380744851194e-06,9.71824920270592e-06,0.04821423813700676,1.6046178643591702e-05,1.8932628336187918e-06,-1.5142793472477933e-06,3.869477950502187e-06
1.6001969999997527,-0.9272498488426208,0.07911385595798492,-0.029596643522381783,9.753146514412947e-06,1.7721940821502358e-05,0.04820679873228073,2.476281952112913e-05,3.103649214608595e-05,7.430920732076629e-07,7.505942903662799e-06
1.6204688999996506,-0.9272600412368774,0.07915902882814407,-0.029601985588669777,-1.1899239325430244e-05,1.158691338787321e-05,0.048203568905591965,1.3995942936162464e-05,2.9630809876834974e-05,-1.4034354535397142e-05,1.1523388820933178e-07
1.640144699999837,-0.9272516965866089,0.07918647676706314,-0.029614543542265892,9.52035316004185e-06,3.437104169279337e-05,0.04820525273680687,2.3665750632062554e-05,3.508028748910874e-05,4.819612513529137e-07,-6.517108431580709e-06
1.6601475999996183,-0.9267351627349854,0.07924755662679672,-0.02962440252304077,-7.482548880943796e-06,-4.9721284085535444e-06,0.04820670932531357,1.6874069842742756e-05,3.516307333484292e-05,-2.946763061117963e-06,1.752767730067717e-06
1.6800765999996656,-0.9252092838287354,0.07917770743370056,-0.029612775892019272,1.3297783880261704e-05,4.45380101155024e-06,0.04820337891578674,2.903294807765633e-05,1.4697392543894239e-05,2.1219173504505306e-05,-7.212509899545694e-06
1.7003552999995009,-0.9244497418403625,0.07910782098770142,-0.02960103563964367,6.11113864579238e-06,1.4369665223057382e-05,0.048196349292993546,3.6128723877482116e-05,8.626764611108229e-06,-4.5798469727742486e-06,2.17594765672402e-06
1.72017009999945,-0.9175622463226318,0.07911087572574615,-0.029610641300678253,-7.952545274747536e-06,6.851009857200552e-06,0.048204172402620316,3.5524539271136746e-05,8.695831638760865e-06,-4.1937096284527797e-07,-4.846455794904614e-06
1.7403891999992993,-0.9151999950408936,0.079058438539505,-0.029603812843561172,2.3839745608711382e-06,1.9367369532119483e-05,0.04820500686764717,3.1028816010802984e-05,3.775514051085338e-05,8.100935701804701e-06,-7.759116670058575e-06
1.7604936999996426,-0.9153094291687012,0.07902868837118149,-0.029615918174386024,-1.567644540045876e-05,1.808648266887758e-05,0.048203542828559875,1.313721077167429e-05,4.105002881260589e-05,2.852482793969102e-06,7.066727448545862e-06
1.7805000999996992,-0.915386438369751,0.0791487991809845,-0.02959630824625492,1.3492075595422648e-05,1.1790181815740652e-05,0.048203714191913605,4.6536251829820685e-06,3.609075065469369e-05,9.842925692282734e-07,-8.564074960304424e-07
1.8001779999995051,-0.9160839319229126,0.07915229350328445,-0.029617084190249443,2.131147812178824e-05,2.867903731385013e-06,0.0481887124478817,2.075979318760801e-05,4.7773974074516445e-06,-9.165290066448506e-06,2.1588680283457506e-06
1.8205159999997704,-0.9163161516189575,0.07915745675563812,-0.029616644605994225,3.95895540350466e-06,2.0461824533413164e-05,0.04820488393306732,3.6873163480777293e-05,1.4377118532138411e-05,2.291715645696968e-05,1.1452978469606023e-05
1.8404668999992282,-0.9162136912345886,0.07914767414331436,-0.02961467206478119,1.0166065294470172e-05,8.026081559364684e-06,0.048206478357315063,3.930201728508109e-06,2.1894964447710663e-05,7.649798135389574e-06,9.559819773130585e-06
1.8602929999997286,-0.9161414504051208,0.0792018249630928,-0.029625315219163895,6.722979378537275e-06,1.450337003916502e-05,0.04820449650287628,1.9240245819673873e-05,3.2538202503928915e-05,-1.1597667253226973e-05,-8.526134479325265e-06
1.8803428000001077,-0.9160223603248596,0.07915118336677551,-0.029603609815239906,-1.0971778010571143e-06,1.0098249731527176e-05,0.04820539429783821,3.351382474647835e-05,4.0060469473246485e-05,5.830802365380805e-06,-1.0077899332827656e-06
1.9002443999997922,-0.9160540103912354,0.0791638121008873,-0.02960912324488163,-8.75190380611457e-06,2.5792731321416795e-05,0.04820572957396507,3.540819670888595e-05,3.360169648658484e-05,2.4093611500575207e-05,-3.241800641262671e-06
1.9205259000000297,-0.9160845875740051,0.07913573086261749,-0.029603663831949234,1.2707216228591278e-05,1.6516853065695614e-05,0.04821968078613281,2.6521183826844208e-05,8.429313311353326e-06,1.4368287338584196e-05,9.498437066213228e-06
1.9401582000000417,-0.9161008596420288,0.0791381224989891,-0.02961326204240322,6.0127176766400225e-06,1.8770449969451874e-05,0.04818980395793915,3.0258690458140336e-05,1.5008943591965362e-05,-3.7984107166266767e-06,2.953607918243506e-06
1.9603956999999355,-0.9161723256111145,0.07910291105508804,-0.029612015932798386,-1.1698891285050195e-05,2.7734260584111325e-05,0.04820433259010315,2.598028731881641e-05,2.5746458049979992e-05,-1.4441524399444461e-05,3.649886366474675e-07
1.9802311999992526,-0.9162025451660156,0.07916301488876343,-0.029612233862280846,-3.3647584132268094e-06,1.4136490790406242e-05,0.04819939658045769,1.628378959139809e-05,3.596821625251323e-05,-3.414532557144412e-06,-1.877858153420675e-06
2.0004234999996697,-0.9160852432250977,0.07912299782037735,-0.029598964378237724,1.6366302588721737e-05,2.0710293028969318e-05,0.04820321127772331,7.12646942702122e-06,2.7243017029832117e-05,7.675836968701333e-06,1.304673219237884e-06
2.020281399999476,-0.9161374568939209,0.07911522686481476,-0.02958415262401104,1.4573838598153088e-05,1.7515481886221096e-05,0.048205338418483734,1.7312348063569516e-05,2.1514471882255748e-05,-1.2668112503888551e-05,1.2420980056049302e-05
2.0404115999999703,-0.9161206483840942,0.07915652543306351,-0.029607772827148438,1.4596203072869685e-05,9.55975610850146e-06,0.04819713160395622,1.9035147488466464e-05,3.2272011594614014e-05,-2.049681825155858e-06,4.969969722878886e-06
2.060189399999217,-0.9161360859870911,0.07914351671934128,-0.029600858688354492,-3.3127329857052246e-07,1.23547515613609e-05,0.04820317029953003,2.623185901029501e-05,6.664246484433534e-06,-1.8218345303466776e-06,-4.070322120242054e-06
2.080385799999931,-0.9161489605903625,0.07912808656692505,-0.029611391946673393,-4.323259872762719e-06,2.2941814677324146e-05,0.048201557248830795,3.8772741390857846e-05,2.7529971703188494e-05,-2.3182872155302903e-06,-2.8944921268703183e-06
2.100104499999361,-0.9161413311958313,0.07916387915611267,-0.029610170051455498,-2.8172886231914163e-05,7.441925390594406e-06,0.048210855573415756,2.107217369484715e-05,3.1717125239083543e-05,-7.287092103069881e-07,8.653912118461449e-06
2.1204181999992215,-0.9161418676376343,0.07915572822093964,-0.02961072325706482,5.049838364357129e-06,1.682907168287784e-05,0.048206716775894165,1.7912403563968837e-05,1.977306601474993e-05,9.721317837829702e-06,5.027964562032139e-06
2.1401208999996015,-0.9161157011985779,0.07912600785493851,-0.029615607112646103,8.529283149982803e-06,9.678684364189394e-06,0.04820306971669197,1.6531355868210085e-05,3.499202648526989e-05,5.0640223889786284e-06,7.393161013169447e-06
2.1601662999992186,-0.9160787463188171,0.0791325494647026,-0.029612768441438675,-1.156568578153383e-05,1.4375972568814177e-05,0.04820483550429344,4.003259527962655e-05,2.9043832910247147e-05,-1.8332932540943148e-06,6.900630978634581e-06
2.1801620999995066,-0.916117250919342,0.07913481444120407,-0.029581217095255852,-2.0712395780719817e-06,-9.540083283354761e-07,0.04820627719163895,1.3233844583737664e-05,1.0314113751519471e-05,3.1841946110944264e-06,1.2672040611505508e-05
2.2002066999993986,-0.9161984920501709,0.07915127277374268,-0.029589027166366577,1.4181909136823379e-05,-1.5226672758217319e-06,0.048204705119132996,1.7609912902116776e-05,3.0325973057188094e-05,1.447850536351325e-05,-4.034332960145548e-06
2.2205831000001126,-0.9161209464073181,0.07912901043891907,-0.029614457860589027,-7.676492714381311e-06,2.103321548929671e-06,0.048210106790065765,2.3531316401204094e-05,3.066784483962692e-05,4.320819698477862e-06,1.1518425253598252e-06
2.2403099999992264,-0.9161080718040466,0.07914409786462784,-0.029589826241135597,3.7317931855795905e-06,9.77513991529122e-06,0.048211753368377686,2.981174475280568e-05,1.9349943613633513e-05,7.368022579612443e-06,-1.2169964520580834e-06
2.2602423999996972,-0.9161190390586853,0.07913229614496231,-0.02961534634232521,1.1066940714954399e-05,1.310088100581197e-05,0.04819679260253906,4.013676516478881e-05,3.2202286092797294e-05,-2.1713212845497765e-06,-2.5457245556026464e-07
2.2801394999996774,-0.9161376357078552,0.07915309071540833,-0.029590198770165443,-2.311977823410416e-06,8.667289876029827e-06,0.04820990562438965,1.625578079256229e-05,2.603242865006905e-05,-2.853432306437753e-06,-5.0723369895422366e-06
2.300165399999969,-0.9161416888237,0.07915414869785309,-0.029594585299491882,2.0284824131522328e-05,1.13349278763053e-05,0.048206109553575516,4.036682366859168e-05,2.2428230295190588e-05,3.213494892406743e-07,3.5232610571256373e-06
2.3205764999993335,-0.916151762008667,0.07915195822715759,-0.029575470834970474,7.769961030135164e-07,2.367086835874943e-06,0.04820825532078743,4.3129053665325046e-05,1.7723385099088773e-05,8.75958357937634e-06,-6.454354206653079e-07
2.3407588000000032,-0.9161150455474854,0.07913505285978317,-0.029612204059958458,2.1299368313520972e-07,1.1128031474072486e-05,0.04819849133491516,4.4669977796729654e-05,3.0997180147096515e-05,-2.5631411517679226e-06,4.266768428351497e-06
2.360437099999217,-0.9161138534545898,0.07914046198129654,-0.02961450070142746,9.298718396166805e-06,1.1976952009717934e-05,0.048207756131887436,1.908026752062142e-05,2.9324020943022333e-05,1.681402682152111e-05,3.2910884328885004e-07
2.3802293999997346,-0.9161641001701355,0.07913636416196823,-0.02960183657705784,8.136557880789042e-06,1.4664198715763632e-05,0.048204999417066574,8.756170245760586e-06,7.6093656389275566e-06,-1.9192257241229527e-06,-5.4991842262097634e-06
2.4001970999997866,-0.9161668419837952,0.07916707545518875,-0.02961672469973564,1.2002601579297334e-08,4.537805580184795e-06,0.048204585909843445,1.4007364370627329e-05,9.840764505497646e-06,1.973841426661238e-05,1.9577009879867546e-05
2.4201789999997345,-0.9161131978034973,0.07914069294929504,-0.029601706191897392,-1.2150231668783817e-05,-7.494468263757881e-06,0.048204921185970306,7.82892675488256e-06,3.1665334972785786e-05,1.4828607163508423e-05,-4.392268238007091e-06
2.44019119999939,-0.9161385297775269,0.07913927733898163,-0.029616713523864746,1.2376151062198915e-05,6.72840451443335e-06,0.04819955676794052,1.4104452930041589e-05,3.4664357372093946e-05,-2.6818624974112026e-05,-2.5624055979278637e-06
2.460135799999989,-0.9161115884780884,0.0791337788105011,-0.0296128299087286,6.572744950972265e-06,-1.175631268779398e-06,0.048201896250247955,1.4900013411534019e-05,3.610575367929414e-05,3.7800182326463982e-06,-5.8487762544245925e-06
2.480171999999584,-0.9161213636398315,0.07916475832462311,-0.02960810251533985,5.229513135418529e-06,1.073674502549693e-05,0.04820265248417854,1.4320103218778968e-05,2.0860265067312866e-05,1.1904005077667534e-05,6.872129233670421e-06
2.500119899999845,-0.9161818027496338,0.07913514226675034,-0.029648613184690475,-2.630760718602687e-05,1.406677483828389e-06,0.04820886626839638,4.3667005229508504e-05,7.222145995910978e-06,8.394845281145535e-06,-4.321474079915788e-06
2.520141899999544,-0.91612309217453,0.07912468910217285,-0.029648182913661003,-2.6626223188941367e-05,-1.9689283362822607e-05,0.04816470295190811,3.822686630883254e-05,1.1146075848955661e-05,-1.0752219168352894e-05,-7.701717549934983e-06
2.540137999999388,-0.91607666015625,0.07910236716270447,-0.02968716062605381,-4.319116851547733e-05,1.743842767609749e-05,0.048057831823825836,1.8041615476249717e-05,2.737298927968368e-05,1.7406034658051794e-07,-1.1281988918199204e-05
2.560128999999506,-0.9161062240600586,0.07912429422140121,-0.029766252264380455,-4.4553831685334444e-05,4.536679170996649e-06,0.048071201890707016,4.6303579438244924e-05,2.1871746866963804e-05,-3.0395976864383556e-06,-1.9390920158457448e-07
2.580105199999707,-0.9161340594291687,0.0791630744934082,-0.03197109326720238,-4.76009699923452e-05,4.151052417000756e-05,0.048076946288347244,2.9685372282983735e-05,2.699550532270223e-05,-1.966975105460733e-06,-4.076902769156732e-06
2.6001511999993454,-0.9161050319671631,0.0791320875287056,-0.03746252506971359,-0.0002829129225574434,7.902368088252842e-05,0.04773715138435364,1.3402013792074285e-05,1.6850613974384032e-05,5.0716244004433975e-06,-1.2407485883159097e-07
2.620119899999736,-0.9161058664321899,0.0791681632399559,-0.046585388481616974,-0.00033195994910784066,4.80850285384804e-05,0.04563574865460396,2.34993094636593e-05,8.656286809127778e-06,5.04210163398966e-07,-3.955929514631862e-06
2.6403313000000708,-0.9161105751991272,0.07911485433578491,-0.06025197356939316,-0.00030873066862113774,6.179200136102736e-05,0.04101639240980148,1.9196191715309396e-05,3.607661710702814e-06,1.5955138223944232e-05,-4.8270435399899725e-06
2.660247299999355,-0.9161689281463623,0.07912911474704742,-0.07759489119052887,-0.00028382844175212085,4.5078246330376714e-05,0.03823832422494888,3.023779754585121e-06,2.471149855409749e-05,7.520525286963675e-06,8.140692443703301e-06
2.6801333999992494,-0.9161701202392578,0.07919668406248093,-0.09872712939977646,-0.00027429527835920453,3.971699334215373e-05,0.034278981387615204,3.2669195206835866e-05,1.6323388990713283e-05,9.828138900047634e-06,3.3319142858090345e-06
2.700310199999876,-0.9161434769630432,0.07917306572198868,-0.12511911988258362,-0.0002700231270864606,6.977331213420257e-05,0.02803615666925907,3.725294300238602e-05,1.9088538465439342e-05,1.058763427863596e-05,1.1094075489381794e-06
2.7202171999997518,-0.9161701798439026,0.0791529193520546,-0.15442854166030884,-0.00027844091528095305,8.756483293836936e-05,0.02135954052209854,3.756405203603208e-05,2.3972253984538838e-05,1.4709327160744579e-06,-5.681136826751754e-06
2.7401417999999467,-0.916139543056488,0.07918205112218857,-0.1865362972021103,-0.0002677103620953858,4.446605817065574e-05,0.016249556094408035,9.560734724800568e-06,2.560520078986883e-05,9.718090950627811e-06,1.254591279575834e-05
2.7605841999993572,-0.9161301851272583,0.07912218570709229,-0.2202751189470291,-4.591602191794664e-05,6.388575275195763e-05,0.010116653516888618,1.4865056073176675e-05,1.7036703866324387e-05,1.1181407899130136e-05,-4.35078754890128e-06
2.780129799999486,-0.9161455631256104,0.07911161333322525,-0.25166118144989014,-1.821570549509488e-05,6.98939838912338e-05,0.003860028460621834,2.4364017008338124e-05,2.038913589785807e-05,5.370786766434321e-07,-4.173456545686349e-06
2.800268399999368,-0.9161421656608582,0.07915084809064865,-0.2847638726234436,1.1734973668353632e-05,7.618727977387607e-05,-0.001213839277625084,1.2056561899953522e-05,2.5615077902330086e-05,-2.000853328354424e-06,4.080764028913109e-06
2.820300899999893,-0.9161535501480103,0.07914401590824127,-0.3166710138320923,1.3125821169523988e-05,5.2198298362782225e-05,-0.005951304454356432,1.0043735528597608e-05,3.62700448022224e-05,1.563739169796463e-05,-4.744226771435933e-06
2.840150099999846,-0.916128396987915,0.07916351407766342,-0.348691463470459,-1.3832185459250468e-06,7.823576015653089e-05,-0.01149731781333685,2.4777004000497982e-05,2.5461667974013835e-05,-4.1414332372369245e-06,-2.603839448056533e-06
2.8601302999995823,-0.9161486625671387,0.07911638915538788,-0.38180896639823914,-3.593542032831465e-06,6.341460539260879e-05,-0.01909632980823517,1.4856228517601267e-05,2.1453080989886075e-05,6.143113751022611e-06,1.182182222692063e-05
2.8802096999997957,-0.9161463379859924,0.07912622392177582,-0.4154510498046875,9.465637049288489e-06,6.781500269426033e-05,-0.027225034311413765,1.7221555026480928e-05,2.5376310077263042e-05,6.4550654315098654e-06,-6.811571893194923e-06
2.9003501999995933,-0.9161487817764282,0.07914495468139648,-0.4501514434814453,-1.3185074749344494e-05,6.0911359469173476e-05,-0.03716498613357544,1.1993494808848482e-05,2.4670200218679383e-05,-5.848726232215995e-07,9.654090717958752e-06
2.9202158999996755,-0.9161678552627563,0.0791342556476593,-0.48230060935020447,-9.602839782019146e-06,7.53551721572876e-05,-0.050483331084251404,1.6157577192643657e-05,1.7500085959909484e-05,-2.9582502065750305e-06,7.383821980511129e-07
2.9400873999993564,-0.9161664247512817,0.07913504540920258,-0.5139169692993164,3.2110379834193736e-05,8.644610352348536e-05,-0.06524917483329773,2.5813706088229083e-05,2.13197672565002e-05,-8.867902579368092e-06,-8.08679715191829e-07
2.9601426999997784,-0.9161376357078552,0.07914979010820389,-0.5456482172012329,2.3116774173104204e-05,6.4340558310505e-05,-0.08049477636814117,2.5338895284221508e-05,1.7736350855557248e-05,3.4983067962457426e-06,-7.097501566022402e-06
2.980484799999431,-0.9161170125007629,0.07918119430541992,-0.5773303508758545,2.3164349840953946e-05,6.038908031769097e-05,-0.09866166859865189,2.3249896912602708e-05,1.3147744539310224e-05,1.7660750017967075e-06,-4.539814653981011e-06
3.000310499999614,-0.9161049723625183,0.07912769913673401,-0.607914388179779,3.2815551094245166e-05,5.848889486514963e-05,-0.11900053173303604,1.3515302271116525e-05,1.7458627553423867e-05,1.102418355003465e-05,-2.7466130632092245e-06
3.020460299999286,-0.9161405563354492,0.07914548367261887,-0.636681318283081,2.6200765205430798e-05,7.87037133704871e-05,-0.14028659462928772,1.3110634426993784e-05,2.1263866074150428e-05,-4.661540970118949e-06,1.5617079043295234e-05
3.040490999999747,-0.9161461591720581,0.07913589477539062,-0.6630590558052063,1.2072507161065005e-05,6.229306745808572e-05,-0.1635901778936386,7.264505256898701e-06,1.7952692360267974e-05,-4.652364623325411e-06,-6.02855493525567e-07
3.0601707999994687,-0.9161515831947327,0.07912489026784897,-0.6861585974693298,3.113914135610685e-05,7.324429316213354e-05,-0.18918941915035248,1.2437812074495014e-05,2.4477947590639815e-05,-1.0919127817032859e-05,-2.5997510419983882e-06
3.080398299999615,-0.916119396686554,0.07920585572719574,-0.708031177520752,2.4688437406439334e-05,6.570328696398064e-05,-0.2170853316783905,1.6439709725091234e-05,3.07107184198685e-05,3.6584160625352524e-06,-4.147519121033838e-06
3.100331799999367,-0.9161708354949951,0.07914599776268005,-0.7299731969833374,8.299243745568674e-06,6.383666186593473e-05,-0.24528691172599792,2.780578870442696e-05,3.023625868081581e-05,6.409233719750773e-06,-3.5532304991647834e-06
3.1201278999997157,-0.916195809841156,0.07915492355823517,-0.754120409488678,-3.460910011199303e-05,6.577958993148059e-05,-0.27713996171951294,1.8377873857389204e-05,2.247206066385843e-05,-8.974062438937835e-06,-1.539236905045982e-06
3.140093299999535,-0.916117250919342,0.0791267529129982,-0.779250979423523,-2.5756564355106093e-05,7.032341090962291e-05,-0.3125288486480713,1.7398975614923984e-05,2.0570234482875094e-05,5.184687324799597e-06,3.684106332002557e-06
3.160322699999597,-0.9161267876625061,0.07916268706321716,-0.8052833676338196,7.439976343448507e-06,5.840612357133068e-05,-0.3516651391983032,2.1500307411770336e-05,2.2549602363142185e-05,1.8423120309307706e-06,3.754015097001684e-06
3.1801095999999234,-0.9161334037780762,0.07916547358036041,-0.8317080736160278,2.3878590582171455e-05,5.049606261309236e-05,-0.3914790451526642,2.5640758394729346e-05,3.3764648833312094e-05,2.540728246458457e-06,8.531805178790819e-06
3.2001351999997496,-0.9161582589149475,0.07914091646671295,-0.8568119406700134,1.136923128797207e-05,3.355002263560891e-05,-0.4333513379096985,2.6628136765793897e-05,5.89019873586949e-06,5.835850515722996e-06,-5.258434612187557e-06
3.2201657999994495,-0.9161039590835571,0.07917433232069016,-0.8803743720054626,3.0528717616107315e-05,2.8116550311096944e-05,-0.47823840379714966,1.1363385965523776e-05,3.016836490132846e-05,-1.3946235412731767e-05,5.913695531489793e-06
3.240411099999619,-0.9161173105239868,0.0791454091668129,-0.903160810470581,3.590724372770637e-05,1.6914616935537197e-05,-0.5246935486793518,1.874629560916219e-05,1.7065824067685753e-05,3.1373961064673495e-06,-7.074815130181378e-06
3.2603314999996655,-0.9161565899848938,0.07914427667856216,-0.9246736168861389,4.514507600106299e-05,3.539974568411708e-05,-0.5705212354660034,2.499114634701982e-05,2.8419070076779462e-05,-1.0208750609308481e-05,4.479079507291317e-06
3.280385899999601,-0.9161314964294434,0.07912087440490723,-0.9457346200942993,2.7282274459139444e-05,1.4145854038360994e-05,-0.6204098463058472,2.5727986212586984e-05,1.0246627425658517e-05,5.841455276822671e-06,8.249978691310389e-07
3.3005172999992283,-0.9161660671234131,0.07914668321609497,-0.9668698310852051,2.6054836780531332e-05,4.686180909629911e-05,-0.6743219494819641,3.351605118950829e-05,1.611775587662123e-05,-8.574686034990009e-06,6.215184384927852e-06
3.320150699999431,-0.9161270260810852,0.07912284135818481,-0.9884483218193054,9.45514184422791e-05,2.3228734789881855e-05,-0.7289564609527588,1.7007796486723237e-05,1.729135328787379e-05,-6.3789721025386825e-06,1.317673650191864e-07
3.340235099999518,-0.9161189198493958,0.07914767414331436,-1.008754014968872,9.001465514302254e-05,3.745624781004153e-06,-0.7878315448760986,4.3041865865234286e-05,2.3806147510185838e-05,1.247354975930648e-05,-4.499544957070611e-06
3.360121199999412,-0.9161604642868042,0.07911936938762665,-1.0263433456420898,0.00018436495156493038,-2.7792248147306964e-05,-0.8483936190605164,2.1125915736774914e-05,2.847374889825005e-05,4.591192919178866e-06,7.946440746309236e-06
3.3801065999996354,-0.9161487221717834,0.0791720524430275,-1.0424573421478271,0.0005032249027863145,-5.111651262268424e-05,-0.9122263193130493,3.527088847476989e-05,1.3567482710641343e-05,2.736396709224209e-06,3.51597032022255e-06
3.400123800000074,-0.9161368012428284,0.07914873212575912,-1.0568172931671143,0.0009764767019078135,-8.105039887595922e-05,-0.9788250923156738,1.648574834689498e-05,2.580004911578726e-05,1.2634949598577805e-05,-6.308453976089368e-06
3.420373500000096,-0.9161385297775269,0.07914766669273376,-1.0689222812652588,0.002426323015242815,-9.922606113832444e-05,-1.0472757816314697,2.0629571736208163e-05,1.9629498638096265e-05,1.990238524740562e-05,-3.6365863707032986e-06
3.440068999999312,-0.9161353707313538,0.07912907004356384,-1.0781962871551514,0.007527343928813934,-0.00012546223297249526,-1.1148276329040527,2.5001572794280946e-05,1.8319547962164506e-05,6.812902483943617e-06,-2.448895884299418e-06
3.4603363999995054,-0.9160990118980408,0.07912512123584747,-1.0861153602600098,0.019391387701034546,-0.00013929058331996202,-1.1815485954284668,3.0117349524516612e-05,3.356525849085301e-05,2.0558236428769305e-05,4.305284619476879e-06
3.4801222999994934,-0.9161459803581238,0.07911273837089539,-1.0913214683532715,0.031237879768013954,-0.00014784815721213818,-1.242523431777954,3.409464261494577e-05,3.951141479774378e-05,5.0173080126114655e-06,5.982264156045858e-06
3.5001462000000174,-0.9161753058433533,0.07914017885923386,-1.0922303199768066,0.04209306463599205,-6.864419265184551e-05,-1.2999675273895264,2.136214607162401e-05,3.4881188184954226e-05,9.909652362694032e-06,6.856441245872702e-07
3.520158499999525,-0.9161640405654907,0.07913070172071457,-1.0922214984893799,0.0498661994934082,-3.6492136132437736e-05,-1.3542027473449707,2.4906439648475498e-05,2.4716860934859142e-05,7.157234904298093e-06,1.1444990377640352e-07
3.54009219999989,-0.9161611199378967,0.07914835959672928,-1.0918169021606445,0.05449449643492699,2.1603560526273213e-05,-1.4053447246551514,2.2743677618564107e-05,-2.6812453143065795e-05,-1.983708671104978e-06,2.2878875824972056e-06
3.560083200000008,-0.916132390499115,0.07917470484972,-1.0917518138885498,0.058227550238370895,-6.462533747253474e-06,-1.452671766281128,3.897932401741855e-05,-2.6740408429759555e-06,-6.462519650085596e-06,4.9325835789204575e-06
3.5800728999993225,-0.9161175489425659,0.07916782796382904,-1.0897700786590576,0.057339295744895935,0.00018239463679492474,-1.501771092414856,1.6808933651191182e-05,2.3968195819179527e-05,2.374097221036209e-06,2.7010955818695948e-06
3.60008469999957,-0.9161641001701355,0.07916674017906189,-1.0822339057922363,0.057341285049915314,0.0005673069972544909,-1.5596588850021362,3.239740908611566e-05,4.0052953409031034e-05,-1.290508225793019e-05,-8.309832992381416e-06
3.620091400000092,-0.916150689125061,0.0792132243514061,-1.0599581003189087,0.05733140930533409,0.0005959335248917341,-1.6202917098999023,2.9525810532504693e-05,7.937237387523055e-05,2.2628679289482534e-05,-7.0911255534156226e-06
3.640283599999748,-0.9162116646766663,0.07910940051078796,-1.0205992460250854,0.057355377823114395,0.0005477137747220695,-1.6762949228286743,3.205739631084725e-05,1.978683940251358e-05,1.32459181259037e-05,-8.176945812010672e-06
3.660098199999993,-0.9161661267280579,0.07910887897014618,-0.9695547819137573,0.056324489414691925,0.0003968377714045346,-1.7224528789520264,2.604591463750694e-05,1.1592372175073251e-05,1.1031829671992455e-07,-1.0629752978275064e-05
3.6801074999993943,-0.9161937832832336,0.07909365743398666,-0.9105779528617859,0.050777897238731384,0.0003387335455045104,-1.758583426475525,2.2307398467091843e-05,-2.0872965251328424e-05,1.0668441063899081e-06,7.609202839375939e-06
3.7000840999999127,-0.9162789583206177,0.07911881059408188,-0.8470149636268616,0.03896871581673622,0.0002931759809143841,-1.7904558181762695,1.997446088353172e-05,-1.438161689293338e-06,-1.318859972343489e-06,-6.358126483974047e-06
3.720542399999431,-0.9161838293075562,0.0792040154337883,-0.7821904420852661,0.027828466147184372,0.0002978125121444464,-1.8197131156921387,2.8420745366020128e-05,3.334214125061408e-05,-1.1961133168369997e-05,-1.6821704775793478e-06
3.740296899999521,-0.9161134362220764,0.07921934872865677,-0.7194668054580688,0.020045526325702667,0.0009326937724836171,-1.844754934310913,3.078964800806716e-05,3.0430213882937096e-05,1.2177090866316576e-05,4.108034772798419e-06
3.760134599999219,-0.9160590171813965,0.07924139499664307,-0.6566158533096313,0.013798817992210388,0.006957220379263163,-1.8646061420440674,2.4572389520471916e-05,8.08324184617959e-05,9.151955055131111e-06,-1.536154854875349e-06
3.780166599999575,-0.9160359501838684,0.07920898497104645,-0.5911253690719604,0.007650536950677633,0.02128133922815323,-1.878279685974121,4.7220313717843965e-05,5.046110800321912e-06,-6.755765753041487e-06,-7.1130707510747015e-06
3.800085699999727,-0.9160798192024231,0.07917478680610657,-0.5253567695617676,-0.0012258358765393496,0.04169700667262077,-1.8860374689102173,2.6139947294723243e-05,2.1414238290162757e-05,1.5865454770391807e-05,3.364621306900517e-06
3.8202142000000094,-0.916204571723938,0.07921618223190308,-0.4644588828086853,-0.010518833063542843,0.06370934844017029,-1.8892844915390015,3.665269468910992e-05,-3.185220975865377e-06,2.462371639921912e-06,-9.923583093041088e-07
3.8402146999997058,-0.9162761569023132,0.07920745760202408,-0.4120510220527649,-0.01851155236363411,0.08261249959468842,-1.88606858253479,1.5626883396180347e-05,2.044793109234888e-05,5.8072537285625e-06,-3.6588680814020336e-06
3.860211299999719,-0.9162082672119141,0.07916881889104843,-0.37155604362487793,-0.027655549347400665,0.09650781005620956,-1.8865760564804077,1.3026899068790954e-05,2.0716384824481793e-05,2.126728395523969e-05,-7.70576843933668e-06
3.880244799999673,-0.9161706566810608,0.07912633568048477,-0.34329670667648315,-0.039522334933280945,0.10524866729974747,-1.886512041091919,2.2504382286570035e-05,3.4843138564610854e-05,4.601145519700367e-06,3.0081810109550133e-06
3.9001965999996173,-0.9161036610603333,0.07911425083875656,-0.3271564245223999,-0.04993477091193199,0.10951141268014908,-1.886526107788086,3.565402585081756e-05,3.603676304919645e-05,2.3147584215621464e-05,-4.834476840187563e-06
3.9202668999996604,-0.9161880612373352,0.07921882718801498,-0.3178824782371521,-0.05703841149806976,0.1114242821931839,-1.8868683576583862,3.717475919984281e-05,3.493483018246479e-05,1.5180010450421833e-05,-3.839247256109957e-06
3.940142999999807,-0.9161958694458008,0.07920427620410919,-0.30981025099754333,-0.05927898362278938,0.11120866984128952,-1.887062907218933,3.90857967431657e-05,2.812784987327177e-05,4.78042193208239e-06,-1.2187390439066803e-06
3.96028109999952,-0.9161472320556641,0.07919039577245712,-0.30044275522232056,-0.06723786890506744,0.11124712228775024,-1.887270450592041,4.75854285468813e-05,-9.126962140726391e-06,4.829430054087425e-06,-1.3928145108366152e-06
3.980209399999694,-0.9160495400428772,0.07917096465826035,-0.28996649384498596,-0.07513651251792908,0.1114795058965683,-1.8874975442886353,1.7351099813822657e-05,-1.4571384781447705e-05,-8.001360583875794e-06,-3.3570615869393805e-06
4.0002119999999195,-0.9161095023155212,0.07918853312730789,-0.2810777425765991,-0.08096498996019363,0.11183861643075943,-1.8874638080596924,1.9429471649345942e-05,2.019848398049362e-05,9.915829650708474e-06,-1.0299496580046252e-06
4.020108499999878,-0.9161359071731567,0.07921867817640305,-0.27645230293273926,-0.08427926898002625,0.1170542985200882,-1.8875019550323486,3.215874676243402e-05,1.9370434529264458e-05,2.993376983795315e-05,7.2560487751616165e-06
4.040208499999608,-0.9161011576652527,0.07919982075691223,-0.2749709486961365,-0.09020747244358063,0.1277776062488556,-1.887513279914856,1.6541052900720388e-05,9.999673784477636e-05,2.2643582269665785e-05,1.355895528831752e-05
4.060229299999264,-0.9161619544029236,0.07918199896812439,-0.274876207113266,-0.09447702765464783,0.14111754298210144,-1.8875480890274048,2.3226060875458643e-05,4.3904037738684565e-05,1.1568764421099331e-05,7.5460857260623015e-06
4.080228599999828,-0.9161139726638794,0.07916761189699173,-0.2748720049858093,-0.09651754796504974,0.15426966547966003,-1.8875993490219116,2.968501030409243e-05,-5.682987648469862e-06,1.6741337276471313e-06,1.5796984371263534e-05
4.100284199999805,-0.9161028861999512,0.07910244911909103,-0.27490925788879395,-0.09636733680963516,0.1651497781276703,-1.8876299858093262,3.422858571866527e-05,-3.323248529341072e-05,5.502765816345345e-06,4.356993485998828e-06
4.12021249999998,-0.9161686897277832,0.07914816588163376,-0.2750159800052643,-0.09630917012691498,0.17387765645980835,-1.8876029253005981,1.6032625353545882e-05,-2.345454049645923e-05,1.6262127246591263e-05,3.5319162634550594e-06
4.1401378999999,-0.9161669015884399,0.07914026081562042,-0.27537021040916443,-0.09621371328830719,0.1807662695646286,-1.8875256776809692,4.063843880430795e-05,3.172185461153276e-05,1.7369571651215665e-05,-4.9698574002832174e-06
4.160181199999897,-0.9161567091941833,0.07918061316013336,-0.277082622051239,-0.09610676765441895,0.18501223623752594,-1.8874931335449219,3.08615381072741e-05,8.216785499826074e-05,9.836085155257024e-07,-9.0865432866849e-06
4.180350199999339,-0.9161184430122375,0.07921610027551651,-0.2807798385620117,-0.09603714942932129,0.18628764152526855,-1.8874988555908203,4.503662057686597e-05,4.961450395057909e-05,-7.019360054982826e-06,6.53176493869978e-06
4.200273299999935,-0.916083574295044,0.07921212911605835,-0.29062557220458984,-0.09599392116069794,0.18530184030532837,-1.8875423669815063,2.1966721760691144e-05,3.748550807358697e-05,9.48515662457794e-06,1.6387809864681913e-07
4.220236000000114,-0.9161531925201416,0.07914920896291733,-0.306418240070343,-0.09603187441825867,0.18533533811569214,-1.887657642364502,5.101101487525739e-05,3.7024869925517123e-06,9.760985449247528e-06,1.0938512787106447e-05
4.240222699999322,-0.9160990118980408,0.07917862385511398,-0.3291647732257843,-0.09617172181606293,0.18528582155704498,-1.8877238035202026,1.2338620763330255e-05,4.212889507471118e-06,-5.0682997425610665e-06,-2.9165503292460926e-06
4.260139699999854,-0.9161288142204285,0.07918179035186768,-0.35858404636383057,-0.09623583406209946,0.18533959984779358,-1.8879419565200806,-9.939263691194355e-06,1.5405736121465452e-05,4.4339612941257656e-06,-2.8060134127372294e-07
4.2801964999998745,-0.9161675572395325,0.07914774864912033,-0.3907022476196289,-0.09622946381568909,0.18531429767608643,-1.8879092931747437,8.100053491943981e-06,4.674841693486087e-05,1.5867612091824412e-05,5.690677426173352e-06
4.300249999999323,-0.9161155819892883,0.07914337515830994,-0.423435240983963,-0.0961366519331932,0.18528810143470764,-1.8878291845321655,3.141183333355002e-05,5.674560088664293e-05,1.099895507650217e-05,5.370201051846379e-06
4.320198399999754,-0.9161270260810852,0.07913775742053986,-0.4566009044647217,-0.0960657000541687,0.18527032434940338,-1.8876444101333618,2.0297038645367138e-05,2.3131242414820008e-05,-4.2214355744363274e-06,2.868152478185948e-06
4.340151999999762,-0.9161501526832581,0.07915548980236053,-0.48912307620048523,-0.09598744660615921,0.185240238904953,-1.8870741128921509,3.718678999575786e-05,-1.9668008462758735e-05,1.2136799341533333e-05,5.718969077861402e-06
4.360217899999952,-0.9161984920501709,0.0791555792093277,-0.5236312747001648,-0.09599394351243973,0.1851063072681427,-1.887022614479065,1.6732828953536227e-05,5.861235877091531e-06,-1.1550882845767774e-05,4.931396688334644e-06
4.3802654000000985,-0.9161753058433533,0.07924041152000427,-0.5593200325965881,-0.0961209088563919,0.1850251853466034,-1.8869562149047852,1.9259756300016306e-05,3.7182184314588085e-05,1.561753379064612e-05,2.866767317755148e-06
4.4002340999995795,-0.9161708354949951,0.07920056581497192,-0.5970135927200317,-0.09614942222833633,0.1847802996635437,-1.8868350982666016,3.133383142994717e-05,2.727409992075991e-05,3.380880571057787e-06,-4.0290997276315466e-06
4.420213399999739,-0.9161303043365479,0.07917779684066772,-0.6327752470970154,-0.09613577276468277,0.18467995524406433,-1.8866583108901978,3.010425098182168e-05,3.92163528886158e-05,1.4078226740821265e-05,2.0011739820802177e-07
4.440556399999878,-0.9161569476127625,0.07920626550912857,-0.6666076183319092,-0.09608902782201767,0.1845632940530777,-1.886415958404541,3.769932300201617e-05,2.093976945616305e-05,-9.994979336624965e-06,2.017170118051581e-06
4.460470099999839,-0.9161056280136108,0.07918351888656616,-0.6972260475158691,-0.09597722440958023,0.18448850512504578,-1.885901927947998,1.0509436833672225e-05,-4.721763161796844e-06,1.8527578504290432e-05,-3.821005975623848e-06
4.480173599999944,-0.9161668419837952,0.07924240827560425,-0.7240792512893677,-0.09593379497528076,0.18446993827819824,-1.882064938545227,3.117608866887167e-05,1.1682787771860603e-05,7.871554771554656e-06,-2.091371470669401e-06
4.50012869999955,-0.9161809086799622,0.07920989394187927,-0.7489395141601562,-0.09592381864786148,0.18447546660900116,-1.8688673973083496,2.7736554329749197e-05,3.6734760215040296e-05,-4.187721515336307e-06,-3.2951329558272846e-06
4.520544699999846,-0.916138231754303,0.07915617525577545,-0.7705234885215759,-0.09592854231595993,0.18452101945877075,-1.8517216444015503,3.4317996323807165e-05,2.896217119996436e-05,1.4402223314391449e-05,1.656017775530927e-05
4.540487499999472,-0.9161784052848816,0.07911073416471481,-0.7872653007507324,-0.09592364728450775,0.1844967156648636,-1.836506962776184,2.522224713175092e-05,3.712486068252474e-05,1.1053648449887987e-05,-1.1264601198490709e-05
4.5603097999992315,-0.9161424040794373,0.07915177196264267,-0.8022247552871704,-0.09588637202978134,0.18454208970069885,-1.825880527496338,2.6884266844717786e-05,2.0969735487597063e-05,1.3336657502804883e-06,-4.330282536102459e-06
4.580165499999566,-0.9161588549613953,0.07916729897260666,-0.8182643055915833,-0.09590885788202286,0.18455487489700317,-1.8201860189437866,3.0062732548685744e-05,1.7613016098039225e-05,2.462934935465455e-05,4.27565464633517e-06
4.600137699999323,-0.9161785244941711,0.07914702594280243,-0.8364241123199463,-0.09592477232217789,0.1845458745956421,-1.8168448209762573,3.103213748545386e-05,2.6833633455680683e-05,6.78704418533016e-06,-9.2852242232766e-06
4.620198199999322,-0.916165292263031,0.07912474125623703,-0.8553236722946167,-0.09593515843153,0.18454185128211975,-1.8171027898788452,1.4220565390132833e-05,4.173873549007112e-06,3.467255737632513e-06,-4.484279997996055e-06
4.640460799999346,-0.9161633849143982,0.0791577473282814,-0.8722625374794006,-0.09594147652387619,0.18454593420028687,-1.8168561458587646,5.091085768071935e-06,2.463193413859699e-05,-3.117529786322848e-06,-3.80222127205343e-06
4.660240999999587,-0.9161654710769653,0.07921445369720459,-0.8854422569274902,-0.09596026688814163,0.18453381955623627,-1.816947340965271,4.3276722863083705e-05,3.738121085916646e-05,6.8723516051250044e-06,-8.023846021387726e-06
4.68042929999956,-0.9161295294761658,0.07922165095806122,-0.8962544798851013,-0.09592423588037491,0.1844916045665741,-1.8169739246368408,2.61516215687152e-05,1.7670736269792542e-05,4.643026159101282e-07,1.224969673785381e-05
4.700161499999922,-0.9161592125892639,0.07921945303678513,-0.9053152203559875,-0.09584172815084457,0.18443675339221954,-1.8169918060302734,2.4092021703836508e-05,1.9416977011132985e-05,1.995067941606976e-05,2.669409241207177e-06
4.720335099999829,-0.9161114692687988,0.07923946529626846,-0.9152847528457642,-0.09578316658735275,0.18440881371498108,-1.816976547241211,3.5338343877810985e-05,-5.711194717150647e-07,2.8401384042808786e-05,-6.08899790677242e-06
4.740458999999646,-0.9161472916603088,0.07915247976779938,-0.9285534620285034,-0.09569934010505676,0.1844223439693451,-1.816974401473999,2.167560887755826e-05,3.483417094685137e-05,-1.5682101093261736e-06,-4.59112834505504e-06
4.760405600000013,-0.9161680936813354,0.07917198538780212,-0.945216953754425,-0.0957006961107254,0.1843944489955902,-1.8169655799865723,2.6174231607001275e-05,3.997651219833642e-05,8.73887893249048e-06,1.1470757499409956e-06
4.780175999999301,-0.9161213636398315,0.07914496958255768,-0.9653768539428711,-0.09569946676492691,0.18438147008419037,-1.816967248916626,4.5450189645634964e-05,2.366934495512396e-05,1.3826795111526735e-05,-5.1310789785929956e-06
4.800324399999226,-0.9161463379859924,0.07913119345903397,-0.9891278743743896,-0.09567740559577942,0.18316107988357544,-1.8169609308242798,2.0919509552186355e-05,2.179858165618498e-05,1.460968724131817e-05,5.10433892486617e-06
4.820398899999418,-0.9161513447761536,0.07915354520082474,-1.012784719467163,-0.0956619530916214,0.17664560675621033,-1.8169103860855103,2.5597788408049382e-05,2.0779951228178106e-05,-1.124899608839769e-05,8.346156619154499e-07
4.8401374999994005,-0.9161611199378967,0.07917988300323486,-1.0353318452835083,-0.09558908641338348,0.16481316089630127,-1.8168830871582031,3.4643067920114845e-05,-2.064495492959395e-05,6.364558430504985e-06,1.9985691324109212e-07
4.860211399999571,-0.9161457419395447,0.07917609065771103,-1.0584701299667358,-0.09553341567516327,0.1494792103767395,-1.8168171644210815,2.676716394489631e-05,4.156370778218843e-05,-6.855333936073293e-07,-4.0685081330593675e-06
4.880459599999995,-0.9160966277122498,0.07917607575654984,-1.0803635120391846,-0.09553931653499603,0.1314064860343933,-1.816817283630371,2.1902131265960634e-05,7.987493881955743e-05,9.187924661091529e-06,2.6877429263549857e-05
4.90055779999966,-0.9161717891693115,0.07917520403862,-1.1005287170410156,-0.09553145617246628,0.11186240613460541,-1.8168030977249146,1.6212876289500855e-05,4.07280313083902e-05,-1.991483031815733e-06,-4.7282601371989585e-06
4.920558399999209,-0.9161574840545654,0.07915937155485153,-1.1181700229644775,-0.09553959220647812,0.09144707769155502,-1.816805362701416,4.6475062845274806e-05,4.6013315113668796e-06,3.4599104310473194e-06,-6.595566446776502e-06
4.9402894999993805,-0.916175127029419,0.07920185476541519,-1.133333683013916,-0.09553667902946472,0.07125113904476166,-1.8168153762817383,2.866383147193119e-05,2.0955074433004484e-05,3.665854819701053e-06,4.217592959321337e-07
4.960588999999345,-0.9161342978477478,0.07919628173112869,-1.1492969989776611,-0.09557852149009705,0.05175755172967911,-1.8168830871582031,2.7389552997192368e-05,-2.6162329049839173e-06,1.0634179488988593e-05,1.6781567637735861e-06
4.980071499999212,-0.9161332845687866,0.07917247712612152,-1.165069341659546,-0.0956321507692337,0.03482908010482788,-1.8169240951538086,3.6928577173966914e-05,2.2533837181981653e-05,2.6857842385652475e-05,-2.164927082048962e-06
5.000530699999217,-0.9161253571510315,0.07916538417339325,-1.1814379692077637,-0.0957067683339119,0.01850152388215065,-1.8169593811035156,2.6719169909483753e-05,3.7366080505307764e-05,1.4312088751466945e-05,6.905864211148582e-06
5.020546699999613,-0.9161937832832336,0.07917090505361557,-1.1976152658462524,-0.09571989625692368,0.003547705477103591,-1.8169524669647217,2.453248089295812e-05,2.295249760209117e-05,2.3855423023633193e-06,-2.4236130684585078e-06
5.040453699999489,-0.9161598086357117,0.07916494458913803,-1.2139005661010742,-0.09578055143356323,-0.010129292495548725,-1.8169602155685425,4.173941852059215e-05,6.142156507848995e-06,1.1794393685704563e-05,1.1739243745978456e-06
5.0605032999992545,-0.916154682636261,0.07916780561208725,-1.2291828393936157,-0.09580271691083908,-0.022750860080122948,-1.8169623613357544,2.8327624022495e-05,8.22332913230639e-06,-1.0032573300122749e-05,-1.848502506618388e-07
5.080568299999868,-0.9161645174026489,0.07916657626628876,-1.2434947490692139,-0.09578632563352585,-0.033603377640247345,-1.8169593811035156,2.4820703401928768e-05,1.1515145160956308e-05,-8.236824214691296e-06,-2.7135768050357e-06
5.10054719999971,-0.9161349534988403,0.0791640654206276,-1.2583503723144531,-0.095783531665802,-0.04286840558052063,-1.8169586658477783,2.7412508643465117e-05,1.5707082638982683e-05,9.675852652435424e-08,5.100719590700464e-06
5.120073799999773,-0.9161708354949951,0.07921189814805984,-1.2741384506225586,-0.09580069780349731,-0.05018167942762375,-1.8169628381729126,8.123305633489508e-06,2.2608692233916372e-05,-1.2284699550946243e-06,3.144227775919717e-07
5.14054329999999,-0.91615229845047,0.07915796339511871,-1.291369915008545,-0.09581556171178818,-0.056553106755018234,-1.8169615268707275,2.6525020075496286e-05,3.16756013489794e-05,-9.139613439401728e-07,2.965456360470853e-06
5.160455899999761,-0.916114330291748,0.07922575622797012,-1.3071587085723877,-0.0958416610956192,-0.06193835288286209,-1.816955327987671,3.475874837022275e-05,8.961655112216249e-06,2.4167736683011753e-06,-1.8495939002605155e-06
5.180457299999944,-0.9161186814308167,0.07914754748344421,-1.3220503330230713,-0.09583455324172974,-0.06499514728784561,-1.8169094324111938,3.802002174779773e-05,2.209111517004203e-05,1.6563109966227785e-05,-2.291301825607661e-06
5.200591599999825,-0.9161497354507446,0.07917053997516632,-1.3354182243347168,-0.09584155678749084,-0.06779365241527557,-1.816901683807373,6.759487405361142e-06,3.487823050818406e-06,3.000432570843259e-06,6.604466761928052e-06
5.220574299999498,-0.916143000125885,0.07917660474777222,-1.3478577136993408,-0.09582474082708359,-0.06640973687171936,-1.816876769065857,2.7614509235718288e-05,2.6468856958672404e-05,2.9689075745409355e-05,-7.880218618083745e-06
5.240403799999513,-0.9161436557769775,0.07916384935379028,-1.3604967594146729,-0.09584712237119675,-0.06653137505054474,-1.8169363737106323,3.407680196687579e-05,1.9864110072376207e-05,6.340919753711205e-06,-4.600000011123484e-06
5.2602028999999675,-0.9161350727081299,0.07921507954597473,-1.3735796213150024,-0.09584416449069977,-0.06655804067850113,-1.8169442415237427,4.368389636510983e-05,2.3858377971919253e-05,1.5156024346651975e-06,9.426677024748642e-06
5.2801165000000765,-0.916171669960022,0.07919241487979889,-1.3863530158996582,-0.09584662318229675,-0.06655476987361908,-1.816909670829773,1.9489600163069554e-05,2.5964403903344646e-05,1.6750378563301638e-05,-1.362237071589334e-06
5.300549099999444,-0.9161577820777893,0.07916992902755737,-1.3978922367095947,-0.09583652019500732,-0.0665740966796875,-1.8168936967849731,3.0195915314834565e-05,1.3270353520056233e-05,8.79846811585594e-06,-3.991535777458921e-07
5.320388000000094,-0.9161778092384338,0.07918314635753632,-1.4069716930389404,-0.0958559513092041,-0.06661279499530792,-1.8168871402740479,2.2547323169419542e-05,2.704804683162365e-05,1.3607982509711292e-05,-3.5146306345268385e-06
5.340091199999733,-0.9161413311958313,0.07914559543132782,-1.414952039718628,-0.09585226327180862,-0.06659023463726044,-1.8168998956680298,1.2960892490809783e-05,2.6530098693910986e-05,2.5846595690381946e-06,4.020818323624553e-06
5.36064929999975,-0.9161857962608337,0.07914213836193085,-1.4236798286437988,-0.09587783366441727,-0.06658831983804703,-1.8169286251068115,2.6015108232968487e-05,2.681079422472976e-05,1.9061117200180888e-05,-9.884513929137029e-06
5.380297899999277,-0.9161507487297058,0.07917655259370804,-1.4324404001235962,-0.095846988260746,-0.06658606976270676,-1.8169111013412476,1.9155337213305756e-05,2.239142486359924e-05,1.4129935152595863e-05,9.91092838376062e-06
5.400066700000025,-0.9161237478256226,0.07918079197406769,-1.4423130750656128,-0.09585575759410858,-0.06659014523029327,-1.8169054985046387,2.869692980311811e-05,5.6869571380957495e-06,-7.186998118413612e-06,2.1754708541266154e-06
5.4205434999994395,-0.9161507487297058,0.0791800245642662,-1.4536017179489136,-0.09584631025791168,-0.06655893474817276,-1.8169010877609253,1.4106157323112711e-05,1.3410442079475615e-05,1.4635056686529424e-05,8.915968692235765e-07
5.440524699999514,-0.9161148071289062,0.07917618006467819,-1.4646167755126953,-0.09586134552955627,-0.06659471988677979,-1.816900610923767,3.518269659252837e-05,2.5360177460242994e-05,-2.926605702668894e-06,8.944490218709689e-06
5.46007709999958,-0.9161489009857178,0.07917852699756622,-1.4751882553100586,-0.09585493057966232,-0.06660795956850052,-1.8169043064117432,2.117041549354326e-05,2.6990799597115256e-05,-1.1104240002168808e-05,-4.830393208976602e-06
5.480590299999676,-0.9161810278892517,0.07914705574512482,-1.4867204427719116,-0.09586825966835022,-0.06658787280321121,-1.8169153928756714,6.288826170930406e-06,2.6348285246058367e-05,1.520596106274752e-05,4.71134262625128e-06
5.500090499999715,-0.9161590933799744,0.07916899025440216,-1.4977312088012695,-0.09586381912231445,-0.06661231815814972,-1.8169175386428833,1.738910395943094e-05,1.6881944247870706e-05,-7.080526756908512e-06,2.3602915462106466e-06
5.520327499999439,-0.9161651134490967,0.0791957676410675,-1.5092693567276,-0.09585285931825638,-0.0665895864367485,-1.8168880939483643,1.6245763617916964e-05,9.781309927348047e-06,8.499505383952055e-07,7.921744327177294e-06
5.540524299999561,-0.9161337614059448,0.07912912219762802,-1.5208086967468262,-0.09586559236049652,-0.06659233570098877,-1.8168904781341553,2.2323456505546346e-05,1.1974762855970766e-05,1.1299334801151417e-05,-1.2809175586880883e-06
5.560592299999371,-0.916131854057312,0.07913921773433685,-1.5319472551345825,-0.09590236842632294,-0.06659761816263199,-1.816901683807373,1.698103005765006e-05,2.6356397938798182e-05,3.620152938310639e-06,-9.072869033843745e-08
5.580523599999651,-0.9161706566810608,0.07915838807821274,-1.5428273677825928,-0.09599944949150085,-0.06658852100372314,-1.8168914318084717,2.4102311726892367e-05,3.614940942497924e-05,-4.880243068328127e-06,1.2525220881798305e-05
5.6005326999993486,-0.9161760807037354,0.07913754880428314,-1.5540660619735718,-0.09598462283611298,-0.06658977270126343,-1.8169095516204834,3.0558752769138664e-05,2.3909622541395947e-05,1.0228775408904767e-06,7.437656677211635e-06
5.620494299999336,-0.9161167740821838,0.07919374108314514,-1.5645601749420166,-0.09598556905984879,-0.06658490002155304,-1.8169132471084595,1.7538519387017004e-05,3.0943228921387345e-05,-1.7406173355993815e-06,-7.731662662990857e-06
5.640092999999979,-0.9161844849586487,0.07920211553573608,-1.5725936889648438,-0.09596365690231323,-0.06662555038928986,-1.8169019222259521,1.6753603631514125e-05,3.0240042178775184e-05,2.8851358365500346e-05,-1.319212856287777e-06
5.660499599999639,-0.9161583185195923,0.07919543236494064,-1.5781170129776,-0.09598156064748764,-0.06662292778491974,-1.8168680667877197,3.0343810067279264e-05,9.572445378580596e-06,4.268867542123189e-06,8.66109439812135e-06
5.680549400000018,-0.9161298274993896,0.07917269319295883,-1.58210289478302,-0.09594136476516724,-0.06660585105419159,-1.8168045282363892,2.5103176085394807e-05,1.3408406630333047e-05,7.154167178669013e-06,8.781833003013162e-07
5.700554099999863,-0.9161702990531921,0.07916191220283508,-1.585335373878479,-0.09592932462692261,-0.06659278273582458,-1.816801905632019,2.778741327347234e-05,2.9758150049019605e-05,1.9020330910279881e-06,5.201289695833111e-06
5.720099399999526,-0.9161688089370728,0.07914561778306961,-1.5906496047973633,-0.0959189385175705,-0.0665663629770279,-1.8167579174041748,3.8713285903213546e-05,2.927616333181504e-05,6.73449858368258e-06,9.766959919943474e-06
5.740227100000084,-0.9161819219589233,0.07919377833604813,-1.5977956056594849,-0.09591346979141235,-0.06655706465244293,-1.8167953491210938,1.724336289044004e-05,1.7016007404890843e-05,1.5796986190252937e-06,-2.095838681270834e-06
5.760108200000104,-0.9161838889122009,0.07914616167545319,-1.6066291332244873,-0.09592095017433167,-0.06660265475511551,-1.8168001174926758,3.7962396163493395e-05,1.236038951901719e-05,2.9747791359113762e-06,6.733014743076637e-06
5.780561499999749,-0.9161662459373474,0.07913849502801895,-1.6165525913238525,-0.09592556208372116,-0.0666385367512703,-1.8167533874511719,1.3564223081630189e-05,4.395164523884887e-06,-9.210714779328555e-06,9.315123179476359e-07
5.800564299999678,-0.9161049127578735,0.0792018473148346,-1.6255764961242676,-0.09592331945896149,-0.06675770878791809,-1.8166261911392212,3.0027758839423768e-05,2.5322340661659837e-05,6.805657449149294e-06,-7.439723503921414e-06
5.820081799999571,-0.9161503911018372,0.07917286455631256,-1.632733702659607,-0.09592153877019882,-0.06693316996097565,-1.8164886236190796,1.8501725207897834e-05,2.4126979042193852e-05,8.453809641650878e-06,-1.3132863614373491e-06
5.840074899999308,-0.9161465764045715,0.07916740328073502,-1.6388163566589355,-0.09591875225305557,-0.0669616088271141,-1.8163484334945679,3.6583427572622895e-05,1.8387232557870448e-05,-3.596911483327858e-06,1.1372433164069662e-06
5.860057099999722,-0.9161070585250854,0.07914557307958603,-1.644714593887329,-0.0959237590432167,-0.06697823107242584,-1.8163377046585083,2.6687717763707042e-05,7.771966920699924e-06,1.1113925211247988e-05,1.1826625723188045e-06
5.880540299999666,-0.9161192178726196,0.07915481925010681,-1.6509499549865723,-0.09592531621456146,-0.06699913740158081,-1.8163206577301025,2.266863339173142e-05,4.845681360166054e-06,6.2655217334395275e-06,2.6234179131279234e-06
5.900036699999873,-0.9161183834075928,0.07919396460056305,-1.6578738689422607,-0.09591397643089294,-0.06703861802816391,-1.8163021802902222,3.563347127055749e-05,-1.1820526196970604e-05,1.6971640434348956e-05,-5.637349204334896e-06
5.920092999999724,-0.9161584973335266,0.07916302233934402,-1.6661015748977661,-0.09593167155981064,-0.06700757145881653,-1.816094160079956,3.3795859053498134e-05,2.292794488312211e-05,1.1804624591604806e-05,4.075066044606501e-07
5.940079799999694,-0.9161896705627441,0.07921132445335388,-1.674655795097351,-0.0959102138876915,-0.06700003147125244,-1.8150663375854492,3.0980481824371964e-05,3.90440909541212e-05,2.1604813809972256e-05,2.8555925837281393e-06
5.960248200000024,-0.9161598086357117,0.07917197048664093,-1.6827152967453003,-0.09592188149690628,-0.0669846385717392,-1.809727430343628,4.309946234570816e-05,3.871544322464615e-05,2.6707719371188432e-05,-6.549889803864062e-06
5.980609799999911,-0.9161232709884644,0.07917675375938416,-1.6890618801116943,-0.09590920805931091,-0.06700903177261353,-1.7961058616638184,3.399215711397119e-05,1.972027894225903e-05,-6.4756686697364785e-06,1.2798509487765841e-06
6.000502399999277,-0.9161534309387207,0.07920229434967041,-1.6934207677841187,-0.09590449929237366,-0.06700669229030609,-1.777199387550354,6.352121999952942e-06,6.603861038456671e-06,2.9058467134746024e-06,-8.993234587251209e-06
6.020528000000013,-0.9161251187324524,0.07920046150684357,-1.6986607313156128,-0.09592244029045105,-0.06703004240989685,-1.7544138431549072,2.6004305254900828e-05,1.789356247172691e-05,1.0481452591193374e-05,4.307427843741607e-06
6.040525299999899,-0.9161415100097656,0.07915670424699783,-1.7062855958938599,-0.09592493623495102,-0.06701245158910751,-1.7305450439453125,1.3936971299699508e-05,2.6302226615371183e-05,2.1813604689668864e-05,1.318377962888917e-05
6.060181899999407,-0.9161507487297058,0.07920028269290924,-1.7158523797988892,-0.09593291580677032,-0.06699136644601822,-1.7052704095840454,2.256586594739929e-05,2.8959753763047047e-05,-1.7212874809047207e-05,1.2047320296915132e-06
6.080517800000052,-0.9161731600761414,0.07915453612804413,-1.7258131504058838,-0.095923513174057,-0.06697626411914825,-1.6766680479049683,2.4947476049419492e-05,3.746281436178833e-05,1.0559662769082934e-05,9.311979738413356e-06
6.1005003999998735,-0.9161686301231384,0.0791514664888382,-1.7337132692337036,-0.09592476487159729,-0.06697703152894974,-1.6489182710647583,2.7889520424650982e-05,3.1472234695684165e-05,3.7092220281920163e-06,7.732885933364742e-06
6.120551599999999,-0.9161964654922485,0.07913380861282349,-1.7389317750930786,-0.09592056274414062,-0.06698194146156311,-1.6204479932785034,1.7472229956183583e-05,1.037998572428478e-05,2.309154297108762e-05,2.7014775696443394e-06
6.140512699999817,-0.9161311388015747,0.07919792830944061,-1.7412981986999512,-0.09592161327600479,-0.06700202822685242,-1.5898518562316895,3.2942669349722564e-05,9.936609330907231e-07,-4.0898125917010475e-06,-3.5473490243020933e-06
6.160545699999602,-0.9161609411239624,0.07913551479578018,-1.7429440021514893,-0.09591513872146606,-0.06699573993682861,-1.5597279071807861,3.062502946704626e-05,1.749246075632982e-05,-8.309837539854925e-06,-2.406792191322893e-06
6.180529299999762,-0.9161346554756165,0.07917111366987228,-1.743927001953125,-0.09591591358184814,-0.06695407629013062,-1.529367446899414,2.7788320949184708e-05,2.380649675615132e-05,2.2381627786671743e-05,-6.480409865616821e-06
6.200514599999224,-0.9161891341209412,0.07920511811971664,-1.7456676959991455,-0.09589483588933945,-0.06694085896015167,-1.4984219074249268,2.2085367163526826e-05,2.3369295377051458e-05,1.6601061361143366e-05,-1.0068828487419523e-05
6.220250099999248,-0.9161321520805359,0.07919026911258698,-1.7464587688446045,-0.09584350883960724,-0.06685325503349304,-1.4664483070373535,3.346277662785724e-05,2.3858177883084863e-05,3.0469877856376115e-06,3.944128820876358e-06
6.240512299999864,-0.9161568880081177,0.07913016527891159,-1.74647057056427,-0.0958360880613327,-0.06686867773532867,-1.4314097166061401,3.37865058099851e-05,2.986845538544003e-05,-9.641648830438498e-06,1.367732238577446e-05
6.260145199999897,-0.9161484241485596,0.07916479557752609,-1.7464724779129028,-0.0958179235458374,-0.06685778498649597,-1.3974109888076782,2.503481664462015e-05,1.6675235201546457e-06,2.40231238421984e-05,4.788202204508707e-06
6.280209099999411,-0.9161261320114136,0.07923105359077454,-1.7464594841003418,-0.09581345319747925,-0.06685146689414978,-1.3603112697601318,1.1964175428147428e-05,-4.466255631996319e-08,1.7391628716723062e-05,-7.308700332941953e-06
6.300552400000015,-0.9162018895149231,0.0791933536529541,-1.746459722518921,-0.09581085294485092,-0.06685861945152283,-1.3232319355010986,2.0607812984962948e-05,2.514640254958067e-05,8.62185061123455e-06,1.5055175026645884e-06
6.320335800000066,-0.9161369800567627,0.07915201038122177,-1.7464736700057983,-0.09581873565912247,-0.06686672568321228,-1.2858400344848633,1.6196803699131124e-05,2.5679410100565292e-05,-6.585469236597419e-07,4.22357607021695e-06
6.340528799999447,-0.916153609752655,0.07918844372034073,-1.746468186378479,-0.09583168476819992,-0.06689929962158203,-1.2480098009109497,1.4257571820053272e-05,1.8228885892312974e-05,1.333904378952866e-06,2.011542221680429e-07
6.3605085999997755,-0.9161550998687744,0.07915517687797546,-1.7464463710784912,-0.09584355354309082,-0.06691671162843704,-1.2097978591918945,2.4374108761548996e-05,1.5809069736860693e-05,2.0144965674262494e-05,2.09462086786516e-07
6.380532199999834,-0.9161262512207031,0.07914337515830994,-1.7464510202407837,-0.0958482101559639,-0.06689335405826569,-1.1723690032958984,1.960364170372486e-05,1.2369744581519626e-05,1.3587656212621368e-05,-6.43528665023041e-07
6.400290499999755,-0.9161550402641296,0.07914968580007553,-1.746435284614563,-0.09583783149719238,-0.06686918437480927,-1.1356840133666992,3.275189010309987e-05,1.2723973668471444e-05,2.0367657270981e-05,-5.331184183887672e-06
6.4205033999996886,-0.916182816028595,0.07913082093000412,-1.7464520931243896,-0.09583383053541183,-0.06689029186964035,-1.0988332033157349,4.0997820178745314e-05,1.5114824236661661e-05,5.8560699471854605e-06,-6.47014985588612e-07
6.440550999999687,-0.9160998463630676,0.07915085554122925,-1.7464412450790405,-0.09584611654281616,-0.0668906420469284,-1.0623421669006348,2.545647839724552e-05,2.9324668503249995e-05,2.2547124899574555e-05,5.32111334905494e-06
6.460493199999291,-0.9161428213119507,0.07919061183929443,-1.7464450597763062,-0.09584396332502365,-0.06688081473112106,-1.0267314910888672,3.012614070030395e-05,2.44749135163147e-05,8.121173777908552e-07,-1.599067672941601e-06
6.480461999999534,-0.916172206401825,0.0791463628411293,-1.746437430381775,-0.09583339095115662,-0.06687919795513153,-0.9928472638130188,3.5301942261867225e-05,1.5462177543668076e-05,4.789735157828545e-06,3.3677133615128696e-07
6.5004877999999735,-0.9161471724510193,0.0792049691081047,-1.7463921308517456,-0.09584853053092957,-0.06687431782484055,-0.9585053324699402,2.3151187633629888e-05,2.9096705475240014e-05,6.766276214875688e-07,-6.422408205253305e-06
6.520546199999444,-0.9161367416381836,0.07916110008955002,-1.7463867664337158,-0.09584694355726242,-0.06687921285629272,-0.9257933497428894,1.377495482302038e-05,1.859297299233731e-05,-3.933801622224564e-07,1.5927493222989142e-05
6.540074199999253,-0.9161801934242249,0.07916086912155151,-1.7463717460632324,-0.09584539383649826,-0.06687863171100616,-0.8948814868927002,2.4399851099587977e-05,8.05403215053957e-06,-5.934811269980855e-06,3.0964461075200234e-06
6.560419299999921,-0.9161273837089539,0.07916202396154404,-1.7463724613189697,-0.09585168212652206,-0.06686785817146301,-0.8650988936424255,1.8906512195826508e-05,3.464980545686558e-05,2.0233155737514608e-06,8.502654964104295e-06
6.580561099999613,-0.916168212890625,0.07915780693292618,-1.746336817741394,-0.09585841745138168,-0.06687231361865997,-0.8373943567276001,1.345973760180641e-05,1.8462615116732195e-05,-3.6350093068904243e-06,-1.2144510037614964e-05
6.600204899999881,-0.9161173105239868,0.07915321737527847,-1.7463247776031494,-0.09587191045284271,-0.06686902046203613,-0.8118867874145508,3.973460115958005e-05,3.0396162401302718e-05,2.6969632926920895e-06,9.893203241517767e-06
6.62030809999942,-0.9161430597305298,0.07914328575134277,-1.7463276386260986,-0.09585577994585037,-0.06688936054706573,-0.7883892059326172,1.0027970347437076e-05,2.4721382942516357e-05,4.155214355705539e-06,-2.2726492261426756e-06
6.6405464999998,-0.9161701202392578,0.07918813079595566,-1.746329426765442,-0.09587361663579941,-0.06687410175800323,-0.7670365571975708,1.7540771295898594e-05,1.2962847904418595e-05,1.4133811419014819e-05,-4.956213615514571e-06
6.660440999999992,-0.916161298751831,0.0791277140378952,-1.7463123798370361,-0.09585193544626236,-0.06685775518417358,-0.7472794055938721,1.3343056707526557e-05,1.667049218667671e-05,-2.6092784537468106e-06,5.140615485288436e-06
6.6803439999994225,-0.9161530137062073,0.07920826226472855,-1.7462962865829468,-0.09587091952562332,-0.06687998026609421,-0.7290462255477905,2.6828136469703168e-05,1.5128449376788922e-05,1.8095473933499306e-05,3.4362153655820293e-06
6.700432199999341,-0.9161547422409058,0.07920149713754654,-1.7463080883026123,-0.09588287025690079,-0.06685007363557816,-0.7134673595428467,3.6405435821507126e-05,3.424163878662512e-05,5.9668568610504735e-06,-1.8666096366359852e-06
6.720511599999554,-0.916151225566864,0.07915151864290237,-1.7462949752807617,-0.09585781395435333,-0.06686105579137802,-0.7015316486358643,2.2578908101422712e-05,3.4262229746673256e-05,1.0744820428953972e-05,8.692503797647078e-06
6.740170699999908,-0.9161380529403687,0.07916267961263657,-1.746282696723938,-0.09586461633443832,-0.06684117019176483,-0.6932408213615417,2.47765001404332e-05,2.0869934814982116e-05,6.366289198922459e-06,-4.642895873985253e-06
6.760432899999614,-0.9161524772644043,0.07918664813041687,-1.746291160583496,-0.09586182236671448,-0.0668780505657196,-0.6903514862060547,1.323127253272105e-05,2.0904893972328864e-05,1.2913535101688467e-05,5.735809054385754e-07
6.7805554999995366,-0.9161918759346008,0.07917772978544235,-1.7462563514709473,-0.09587421268224716,-0.06688611209392548,-0.6928525567054749,2.565409886301495e-05,1.3590230082627386e-05,5.635042271023849e-06,5.053632776252925e-06
6.800232799999321,-0.9161580204963684,0.07915583997964859,-1.746254324913025,-0.09587883949279785,-0.0669235959649086,-0.6943613886833191,2.9306202122825198e-05,2.1347252186387777e-05,1.6624284398858435e-05,7.027071660559159e-06
6.820476299999427,-0.9161805510520935,0.07920457422733307,-1.746273398399353,-0.09588620066642761,-0.0668824315071106,-0.6943022012710571,3.082465991610661e-05,3.849550466838991e-06,-2.1861537788936403e-06,-1.940806441780296e-06
6.8405158999994455,-0.9161733984947205,0.07918980717658997,-1.746307373046875,-0.0958913043141365,-0.06688732653856277,-0.6943135261535645,1.542763493489474e-05,2.210104685218539e-05,1.44236150845245e-06,-8.592865924583748e-06
6.860572699999466,-0.916158139705658,0.07919549942016602,-1.7463409900665283,-0.09590797126293182,-0.06689247488975525,-0.6942718029022217,2.783432137221098e-05,2.4200795451179147e-05,2.5398646812391235e-06,7.59332124289358e-06
6.880354699999771,-0.9161564707756042,0.07916927337646484,-1.746366262435913,-0.0958872139453888,-0.06683681905269623,-0.6943114995956421,2.0226889319019392e-05,1.574465204612352e-05,2.5147255655610934e-07,1.656504718994256e-05
6.900517299999592,-0.9161717891693115,0.07915780693292618,-1.7465224266052246,-0.09588068723678589,-0.06665261089801788,-0.6943225860595703,3.796664532274008e-05,6.547971224790672e-06,1.014092231343966e-05,-4.3917566472373437e-07
6.9204970000000685,-0.9161586761474609,0.07919912785291672,-1.7473492622375488,-0.09588541090488434,-0.06656341254711151,-0.6946779489517212,2.113589653163217e-05,2.3147293177316897e-05,1.7736630979925394e-05,4.444877959031146e-07
6.940540599999622,-0.916153073310852,0.07920560240745544,-1.7518281936645508,-0.0958922952413559,-0.0665680319070816,-0.6963890790939331,1.2899759894935414e-05,2.2999380234978162e-05,6.538104116771137e-06,-4.617037120624445e-06
6.960540899999614,-0.9161326885223389,0.0792020708322525,-1.7614585161209106,-0.09588897973299026,-0.066569983959198,-0.7055752277374268,3.195817407686263e-05,1.5050399269966874e-05,5.587632585957181e-06,-9.334859896625858e-06
6.980486099999325,-0.9161027073860168,0.07916297763586044,-1.7761369943618774,-0.0958704724907875,-0.0666026845574379,-0.724232017993927,3.5081196983810514e-05,2.30393616220681e-05,1.8182485291617922e-05,-3.824072337010875e-06
7.000542499999938,-0.916175127029419,0.0791730135679245,-1.7931771278381348,-0.09590044617652893,-0.06659460067749023,-0.7513018250465393,3.477466816548258e-05,3.0787203286308795e-05,9.535620847600512e-06,4.601663476933027e-06
7.020500799999354,-0.9161472916603088,0.0791483148932457,-1.8054745197296143,-0.095810666680336,-0.06657841801643372,-0.7839880585670471,3.713867045007646e-05,1.6240337572526187e-05,3.3624387469899375e-06,-2.040445451712003e-06
7.040475999999217,-0.9161620140075684,0.07913892716169357,-1.8099523782730103,-0.09586648643016815,-0.0665842592716217,-0.8205090165138245,2.3653430616832338e-05,2.4397586457780562e-05,-5.272800990496762e-06,6.771879725420149e-06
7.060530599999765,-0.9161483645439148,0.0791337713599205,-1.8096379041671753,-0.09586960077285767,-0.06660505384206772,-0.8617236018180847,3.3002186683006585e-05,2.503437463019509e-05,6.133765509730438e-06,1.4834395187790506e-05
7.080270099999325,-0.9161343574523926,0.07918640226125717,-1.8096002340316772,-0.09585416316986084,-0.06660543382167816,-0.9071285724639893,3.1053481507115066e-05,2.4850687623256817e-05,1.2274294022063259e-05,-5.036597030994017e-06
7.100948599999356,-0.9161568284034729,0.07918564230203629,-1.809584379196167,-0.09585932642221451,-0.06658005714416504,-0.9567118287086487,3.755791112780571e-05,9.679870345280506e-06,8.57481518323766e-06,7.817225196049549e-06
7.120508599999994,-0.9161633849143982,0.0791747197508812,-1.8095979690551758,-0.0958729162812233,-0.0666029155254364,-1.0062150955200195,1.0382667824160308e-05,2.3082142433850095e-05,-7.112509592843708e-06,-9.779033689483185e-07
7.140238999999383,-0.9161301255226135,0.0791734904050827,-1.80959153175354,-0.09589792788028717,-0.0666465312242508,-1.0559515953063965,1.7034926713677123e-05,2.5252040359191597e-05,2.3238357243826613e-05,7.431480298691895e-06
7.160217199999352,-0.9161688089370728,0.07915695011615753,-1.8095558881759644,-0.09589152783155441,-0.0666235089302063,-1.1087044477462769,3.085329080931842e-05,2.4179264073609374e-05,-8.93610376806464e-06,-9.324207894678693e-07
7.180078499999581,-0.9161174297332764,0.079157255589962,-1.8095592260360718,-0.09589261561632156,-0.06664256006479263,-1.1633038520812988,1.8994438505615108e-05,1.0603607734083198e-05,3.2242587622022256e-06,-6.962055522308219e-06
7.200497899999391,-0.9161152839660645,0.07915966957807541,-1.8095496892929077,-0.09590022265911102,-0.06668217480182648,-1.220285415649414,2.3315751604968682e-05,1.8608228856464848e-05,1.4119083061814308e-05,-1.7739321265253238e-06
7.220462599999337,-0.9161825180053711,0.0791429951786995,-1.8094682693481445,-0.0958850085735321,-0.06677334010601044,-1.2756105661392212,3.1670602766098455e-05,1.7632057279115543e-05,-1.090365685740835e-06,5.100454814055411e-07
7.240487399999438,-0.9161714911460876,0.0791935995221138,-1.8093719482421875,-0.09589949995279312,-0.06686598062515259,-1.3318347930908203,2.146082351828227e-06,3.052620741073042e-05,2.9155544325476512e-06,-6.467535968113225e-06
7.260559999999714,-0.9161449074745178,0.07917483896017075,-1.809030532836914,-0.09588682651519775,-0.06695583462715149,-1.3868334293365479,2.9703420295845717e-05,2.6844114472623914e-05,6.0853662944282405e-06,-1.020088075165404e-05
7.280403899999328,-0.9161236882209778,0.07913734018802643,-1.8070638179779053,-0.09585430473089218,-0.06704015284776688,-1.4398281574249268,2.774809399852529e-05,8.992751645564567e-06,2.556919298513094e-06,-8.99301994650159e-06
7.3002561999992395,-0.9161726832389832,0.07914562523365021,-1.8044143915176392,-0.09582412987947464,-0.06705927848815918,-1.4914724826812744,1.988507756323088e-05,-8.407268978771754e-07,-3.853961970889941e-06,1.9847366274916567e-06
7.320520499999475,-0.9161686897277832,0.07923100143671036,-1.8019975423812866,-0.09581451117992401,-0.06707294285297394,-1.5431076288223267,1.6460080587421544e-05,1.283567507925909e-05,9.487766874372028e-06,2.0026604943268467e-06
7.3404273999994984,-0.9161257743835449,0.07918421924114227,-1.796679973602295,-0.09578260779380798,-0.06708976626396179,-1.5903639793395996,3.057648427784443e-05,2.300451888004318e-05,2.188504731748253e-05,-4.908836672257166e-06
7.360165099999904,-0.9161534309387207,0.07915995270013809,-1.7894847393035889,-0.09577909857034683,-0.06708993017673492,-1.6359959840774536,1.8339886082685553e-05,2.7465053790365346e-05,6.259559995669406e-06,7.437085514538921e-06
7.380181399999856,-0.9161229729652405,0.07917355000972748,-1.7815626859664917,-0.095772884786129,-0.0671047493815422,-1.6779756546020508,1.5195035302895121e-05,3.4624605177668855e-05,1.783372681529727e-05,-2.639340891619213e-06
7.400608599999941,-0.9161348938941956,0.07917971909046173,-1.7749172449111938,-0.09580975025892258,-0.06710003316402435,-1.7193989753723145,3.671245212899521e-05,2.80040803772863e-05,3.6589294722944032e-06,-7.5118523454875685e-06
7.420446899999661,-0.9161310195922852,0.07917379587888718,-1.771370768547058,-0.0957842692732811,-0.0671183317899704,-1.754364013671875,2.3234520995174535e-05,6.8386707425815985e-06,3.193186057615094e-05,-1.9802669157797936e-06
7.440074099999947,-0.9161427617073059,0.07913876324892044,-1.771026372909546,-0.09580916911363602,-0.0671062022447586,-1.7846074104309082,3.9000056858640164e-05,7.534139513154514e-06,1.8533963157096878e-05,-3.356759179951041e-06
7.460035600000083,-0.9161772727966309,0.07914372533559799,-1.7710407972335815,-0.09579414874315262,-0.06710094213485718,-1.808058738708496,1.9850052922265604e-05,1.2331756806815974e-05,-3.165072257615975e-06,-2.816239884850802e-06
7.480034700000033,-0.9161730408668518,0.07914549857378006,-1.771036982536316,-0.0957823246717453,-0.0671020895242691,-1.8231017589569092,2.2004693164490163e-05,3.428875788813457e-05,1.9771905499510467e-06,1.0593852493911982e-05
7.500428599999395,-0.9161355495452881,0.07916951924562454,-1.7710208892822266,-0.09579931944608688,-0.06708300113677979,-1.8259557485580444,3.651051883934997e-05,2.5309662305517122e-05,1.3494115592038725e-05,8.611470548203215e-06
7.520116499999858,-0.9161311388015747,0.07921095937490463,-1.771036148071289,-0.09578657895326614,-0.06707558035850525,-1.8202265501022339,1.3230167496658396e-05,2.2432537662098184e-05,2.356258119107224e-05,4.483890734263696e-06
7.540553599999839,-0.916146993637085,0.07918712496757507,-1.7710301876068115,-0.09578316658735275,-0.06705789268016815,-1.8105664253234863,4.27569066232536e-05,7.309385182452388e-06,1.920087197504472e-05,-5.545246494875755e-06
7.560046399999919,-0.9161537885665894,0.07919564098119736,-1.7710355520248413,-0.09578340500593185,-0.06706371903419495,-1.795519232749939,4.097499913768843e-05,-5.161314220458735e-06,1.0059544365503825e-05,-2.082979108308791e-06
7.580079399999704,-0.916157603263855,0.07920625805854797,-1.770995020866394,-0.09577412158250809,-0.06707960367202759,-1.7733787298202515,4.4591946789296344e-05,2.3616616090293974e-05,-3.846350409730803e-06,6.259844667511061e-06
7.600216299999374,-0.9161137342453003,0.0792187750339508,-1.7707769870758057,-0.09578221291303635,-0.06705889850854874,-1.7467719316482544,2.3450260414392687e-05,1.9962342776125297e-05,-5.61068100068951e-06,4.0694617382541765e-06
7.620050999999876,-0.9161409735679626,0.0791768804192543,-1.7701082229614258,-0.0958004891872406,-0.06707079708576202,-1.7189849615097046,2.5580728106433526e-05,2.2321952201309614e-05,1.680094464973081e-05,6.099781785451341e-06
7.640316399999392,-0.9161439538002014,0.07915255427360535,-1.7679132223129272,-0.09579770267009735,-0.0670461356639862,-1.6858872175216675,2.5384888431290165e-05,3.258105061831884e-05,1.8520957382861525e-05,-3.605105348469806e-06
7.660371399999349,-0.9161402583122253,0.07919012010097504,-1.7646517753601074,-0.09579896926879883,-0.06701754033565521,-1.649166226387024,2.0325831428635865e-05,1.4682612345495727e-05,5.419656190497335e-06,4.6166604761310737e-07
7.6800562999997055,-0.916175127029419,0.07916997373104095,-1.7623318433761597,-0.09578166902065277,-0.06702736765146255,-1.610163927078247,1.7485286662122235e-05,1.1597560842346866e-05,4.165584869042505e-06,-3.1393997232953552e-06
7.700487099999918,-0.9161772727966309,0.07912737876176834,-1.7611472606658936,-0.09579409658908844,-0.06699356436729431,-1.5669188499450684,-3.723016561707482e-08,1.439131210645428e-05,1.0886628842854407e-05,3.37755523105443e-06
7.72048309999991,-0.9161695241928101,0.07915405929088593,-1.7603381872177124,-0.09582579135894775,-0.06701353192329407,-1.5230666399002075,2.551924808358308e-05,1.2558355592773296e-05,1.0034427759819664e-06,2.72576289717108e-06
7.740537099999528,-0.9161402583122253,0.07919282466173172,-1.7598832845687866,-0.09581152349710464,-0.06701004505157471,-1.4789347648620605,1.962610986083746e-05,1.0486125574971084e-05,6.983369530644268e-06,7.157674417612725e-07
7.76050369999939,-0.9161103367805481,0.07918830960988998,-1.7599083185195923,-0.09583982080221176,-0.06700832396745682,-1.4329533576965332,3.212678711861372e-05,3.028026367246639e-05,-3.660978791231173e-07,7.362355972873047e-06
7.780517399999553,-0.9161196947097778,0.07915572822093964,-1.7598979473114014,-0.09582021832466125,-0.06701196730136871,-1.3861634731292725,3.4834403777495027e-05,2.7458860131446272e-05,1.9342798623256385e-05,-4.7565740715072025e-06
7.8002636999999595,-0.916155993938446,0.07915488630533218,-1.7598928213119507,-0.09584449976682663,-0.06698484718799591,-1.3378082513809204,1.6514724848093465e-05,4.9014620344678406e-06,5.79032985115191e-06,-4.509127393248491e-06
7.820098499999403,-0.9161583781242371,0.07918137311935425,-1.7599012851715088,-0.0958269014954567,-0.066960409283638,-1.288939118385315,3.387515607755631e-05,1.0359124644310214e-05,1.7581129213795066e-05,-1.011259519145824e-05
7.840059099999962,-0.9161725640296936,0.07916012406349182,-1.7599071264266968,-0.09582702070474625,-0.06685319542884827,-1.2395389080047607,1.957765744009521e-05,2.733230940066278e-05,9.281866368837655e-06,-7.954813554533757e-06
7.860504599999331,-0.9161584973335266,0.07917296886444092,-1.7598991394042969,-0.09583888947963715,-0.06684784591197968,-1.1885221004486084,4.1556570067768916e-05,2.6327703380957246e-05,3.918917172995862e-06,-2.679443923625513e-06
7.8802317999998195,-0.9161068797111511,0.07913733273744583,-1.7599155902862549,-0.09584495425224304,-0.06683073192834854,-1.1404318809509277,1.6693426005076617e-05,2.9911245292169042e-05,-7.774830919515807e-06,-8.098968464764766e-06
7.900503599999865,-0.9161327481269836,0.0792226567864418,-1.7599087953567505,-0.095843605697155,-0.06683842092752457,-1.0917686223983765,3.5347424272913486e-05,2.508088255126495e-05,1.0483534424565732e-05,4.5748283810098656e-06
7.920462399999451,-0.9161710739135742,0.07916085422039032,-1.7599194049835205,-0.09583288431167603,-0.06684186309576035,-1.0448652505874634,-3.596539045247482e-06,2.1348738300730474e-05,-8.87444184627384e-06,-4.840772817260586e-06
7.94054849999975,-0.9161676168441772,0.0791660025715828,-1.759920358657837,-0.09584830701351166,-0.0668523907661438,-1.0011652708053589,2.925559238065034e-05,7.804190317983739e-06,-1.0330548320780508e-05,1.4897755136189517e-06
7.960482200000115,-0.9161508083343506,0.07916469871997833,-1.75993013381958,-0.09583721309900284,-0.06688441336154938,-0.9582475423812866,3.214486059732735e-05,1.074192641681293e-05,-3.6713743156724377e-06,-3.3034411899279803e-06
7.980165199999647,-0.9160934090614319,0.0791420117020607,-1.7599188089370728,-0.09584885835647583,-0.06687654554843903,-0.9180074334144592,1.9803324903477915e-05,1.9340997823746875e-05,4.4491025619208813e-07,5.87488102610223e-06
8.00024510000003,-0.9161428809165955,0.07918406277894974,-1.7599151134490967,-0.095846988260746,-0.06689780950546265,-0.8784008622169495,1.327465633949032e-05,1.2653177691390738e-05,5.069764938525623e-06,-5.093482286611106e-06
8.020043799999257,-0.9161261320114136,0.07920079678297043,-1.7599008083343506,-0.09584081918001175,-0.06687642633914948,-0.8435868620872498,1.6718509868951514e-05,1.9345538021298125e-05,7.926460966700688e-06,1.3867388588550966e-06
8.040112099999533,-0.9161531329154968,0.07916420698165894,-1.7598925828933716,-0.09584860503673553,-0.06688749045133591,-0.8105420470237732,2.475707879057154e-05,3.1816969567444175e-05,-8.685393368068617e-06,1.213917767017847e-05
8.060048800000004,-0.916128933429718,0.07915983349084854,-1.7598930597305298,-0.09583903104066849,-0.06689878553152084,-0.7816116213798523,3.0100889489403926e-05,3.3437176170991734e-05,-4.837500455323607e-06,3.282228817624855e-06
8.080046799999764,-0.9161912202835083,0.07915391772985458,-1.759879231452942,-0.0958540141582489,-0.0669037252664566,-0.7553067207336426,1.6546498954994604e-05,1.3103851415507961e-05,5.570475877902936e-06,-1.2667875125771388e-05
8.100113799999235,-0.9161629676818848,0.07917530834674835,-1.7598429918289185,-0.09585829824209213,-0.06689807772636414,-0.7317042946815491,3.2835916499607265e-05,2.5201383323292248e-05,1.3460039554047398e-05,-7.40794712328352e-06
8.12010459999965,-0.9161750078201294,0.0791933462023735,-1.7597600221633911,-0.09585098922252655,-0.06691975146532059,-0.7122510671615601,1.7574038793100044e-05,4.060262199345743e-06,-2.6494983558222884e-06,-4.827962584386114e-06
8.140480899999602,-0.9161434173583984,0.07916610687971115,-1.7596430778503418,-0.09584806114435196,-0.06692622601985931,-0.6957552433013916,3.858518903143704e-05,2.4443494112347253e-05,1.9778757632593624e-05,-1.7170327737403568e-06
8.160143899999639,-0.9161733388900757,0.07913871854543686,-1.7595155239105225,-0.09584108740091324,-0.06694144010543823,-0.6813304424285889,2.6797621103469282e-05,1.6643654817016795e-05,-2.159817313440726e-06,4.0983441067510284e-06
8.180188299999827,-0.9161551594734192,0.07917989790439606,-1.759262204170227,-0.09584681689739227,-0.06694988906383514,-0.6695643663406372,3.09189417748712e-05,1.6395140846725553e-05,1.4966490198276006e-05,1.1296333468635567e-06
8.20038779999959,-0.9161769151687622,0.07916396111249924,-1.759078025817871,-0.09584386646747589,-0.06694385409355164,-0.6620116233825684,2.9414739401545376e-05,1.4327443750516977e-05,1.4500847100862302e-06,4.223408609504986e-07
8.220527799999218,-0.9161349534988403,0.07916120439767838,-1.7590466737747192,-0.09584645926952362,-0.06692638993263245,-0.6594183444976807,1.7661954188952222e-05,1.8717208149610087e-05,2.2506177629111335e-05,-1.1726899629138643e-06
8.240206699999362,-0.9161490797996521,0.07916820794343948,-1.7590579986572266,-0.09584546834230423,-0.06694337725639343,-0.6593389511108398,4.612717020791024e-06,6.818566362198908e-06,-7.628505045431666e-07,-6.780243438697653e-06
8.260332399999243,-0.9161515831947327,0.07916656136512756,-1.759020447731018,-0.09585115313529968,-0.06692926585674286,-0.659346342086792,2.4538081561331637e-05,2.5888628442771733e-05,3.9124734030338e-06,7.474468475265894e-07
8.280331199999637,-0.9161558151245117,0.0791907086968422,-1.7589682340621948,-0.09584782272577286,-0.06692888587713242,-0.6593844890594482,2.153939385607373e-05,2.2869111489853822e-05,-7.104647465894232e-07,-1.3581602615886368e-06
8.300387299999784,-0.916166365146637,0.07912258803844452,-1.7589308023452759,-0.09584730118513107,-0.06692365556955338,-0.659369707107544,1.1765661838580854e-05,1.1516924132592976e-05,-2.2868857740832027e-06,-1.0496002687432338e-05
8.320248099999844,-0.916128396987915,0.07917583733797073,-1.758928894996643,-0.09584304690361023,-0.06693963706493378,-0.659378170967102,2.1484320313902572e-05,1.359374618914444e-05,5.7345241657458246e-06,-4.388034085422987e-06
8.340479699999378,-0.9161361455917358,0.07918430119752884,-1.758923053741455,-0.0958453044295311,-0.06693848222494125,-0.6593890190124512,2.639520425873343e-05,1.447096929041436e-05,-4.1679240894154646e-06,-7.012102287262678e-06
8.360463099999834,-0.9161574244499207,0.0791650339961052,-1.758920669555664,-0.09584807604551315,-0.06692127883434296,-0.659416913986206,3.850471694022417e-05,1.5845791494939476e-05,2.0596171452780254e-06,-3.5960908917331835e-06
8.38029490000008,-0.9161573052406311,0.07921092957258224,-1.7589173316955566,-0.09584850817918777,-0.06691151857376099,-0.6594834327697754,3.864734753733501e-05,1.0029181794379838e-05,-9.060428055818193e-06,4.154016096435953e-06
8.40015129999938,-0.9161741137504578,0.07918087393045425,-1.758933663368225,-0.09584682434797287,-0.06693550944328308,-0.6594820022583008,3.6126584745943546e-05,9.7332185760024e-06,6.3670486269984394e-06,-3.766152076423168e-06
8.420194599999377,-0.9161823987960815,0.0791734904050827,-1.7589200735092163,-0.09585332870483398,-0.06690989434719086,-0.6594932675361633,3.33995049004443e-05,2.6980877009918913e-05,1.2564375538204331e-05,-4.105179868929554e-06
8.44045559999995,-0.9161813259124756,0.07916338741779327,-1.758928656578064,-0.0958467647433281,-0.0669030025601387,-0.6595008373260498,2.1997409930918366e-05,1.567437720950693e-05,-3.1347840376838576e-06,-1.253982077287219e-06
8.46048459999929,-0.9161428213119507,0.07916022092103958,-1.7588926553726196,-0.09584705531597137,-0.06689967215061188,-0.6595017313957214,3.737562656169757e-05,2.7644195142784156e-05,5.423622951639118e-06,-5.218937531026313e-06
8.480536999999458,-0.9161800742149353,0.07915642857551575,-1.7588754892349243,-0.09585519880056381,-0.0669129341840744,-0.6594979763031006,1.425640130037209e-05,1.5042520317365415e-05,2.7433570721768774e-06,1.7839116480899975e-05
8.500574799999413,-0.9161627888679504,0.07917433977127075,-1.7587774991989136,-0.09585876017808914,-0.06690968573093414,-0.6595515012741089,3.367227327544242e-05,1.280941978620831e-05,1.3950112588645425e-05,-2.7403586955188075e-08
8.520530099999633,-0.9161364436149597,0.07916396111249924,-1.7586145401000977,-0.09585022181272507,-0.06692187488079071,-0.6595492362976074,2.7737769414670765e-05,1.646022246859502e-05,-7.886446837801486e-06,-1.0014510735345539e-05
8.540475199999491,-0.9161656498908997,0.07915499061346054,-1.7580132484436035,-0.09584924578666687,-0.06692424416542053,-0.6595576405525208,1.1836096746264957e-05,2.7233694709138945e-05,7.142672075133305e-06,1.0639751963026356e-05
8.560111699999652,-0.9161286354064941,0.07917766273021698,-1.7573237419128418,-0.09586646407842636,-0.06692259013652802,-0.6595675945281982,3.0503941161441617e-05,2.3566268282593228e-05,2.507155113562476e-05,-2.587348944871337e-06
8.580048099999658,-0.916172444820404,0.07918795943260193,-1.7571289539337158,-0.09585517644882202,-0.06691062450408936,-0.6597262620925903,2.8917527743033133e-05,1.5012044968898408e-05,-7.786871719872579e-06,1.0120247679878958e-05
8.600541400000111,-0.9160981774330139,0.07913515716791153,-1.7571364641189575,-0.0958542674779892,-0.06690913438796997,-0.6603806614875793,3.45231092069298e-05,1.4734809155925177e-05,3.6458782233239617e-06,-2.772250979887758e-07
8.620162499999424,-0.9161613583564758,0.0791729986667633,-1.7571468353271484,-0.09584382176399231,-0.06691474467515945,-0.662054181098938,1.580956086399965e-05,1.1363348676241003e-05,8.310160410474055e-06,-3.5748726077144966e-06
8.64049679999971,-0.9161535501480103,0.07918252050876617,-1.7571436166763306,-0.0958496481180191,-0.06690086424350739,-0.6628750562667847,3.607539110817015e-05,-1.0405365173937753e-06,1.455316123610828e-05,-8.870452802511863e-06
8.660381199999392,-0.9161302447319031,0.0791875347495079,-1.7571208477020264,-0.09586689621210098,-0.0668983906507492,-0.6629301309585571,1.7602960724616423e-05,3.124675276922062e-05,9.369927283842117e-06,1.2920593690068927e-05
8.68048269999963,-0.9161437749862671,0.07914599031209946,-1.7571172714233398,-0.09587765485048294,-0.06688888370990753,-0.6629588603973389,2.7777288778452203e-05,1.6108198906295e-05,-7.269191883096937e-06,-7.547478162450716e-07
8.700214999999844,-0.9161545634269714,0.07918944209814072,-1.757129192352295,-0.09591421484947205,-0.06690041720867157,-0.6632096767425537,2.5206056307069957e-05,1.141265056503471e-05,-3.0125775083433837e-06,1.1903302947757766e-05
8.720461399999294,-0.9161674976348877,0.07914143800735474,-1.7570996284484863,-0.09591332077980042,-0.06690844893455505,-0.6657077074050903,1.483731102780439e-05,2.2771946532884613e-05,2.05278388420993e-06,-3.068066234845901e-06
8.740061399999831,-0.9161525964736938,0.07917189598083496,-1.7570819854736328,-0.0958995446562767,-0.06692708283662796,-0.675345778465271,2.8193828256917186e-05,1.2356281331449281e-05,7.90853300713934e-06,-3.4472725474188337e-07
8.76047109999945,-0.9161748886108398,0.0791931003332138,-1.757109522819519,-0.09589318186044693,-0.06689953058958054,-0.6918984651565552,1.6642437913105823e-05,2.1778374502900988e-05,8.10776327853091e-06,-3.764002030948177e-06
8.780613999999332,-0.916176974773407,0.07919490337371826,-1.757111668586731,-0.09590259194374084,-0.06691890209913254,-0.7118979692459106,2.9543716664193198e-05,2.5391347662662156e-05,2.083539220620878e-05,7.481105512852082e-06
8.800645199999963,-0.9161581993103027,0.07914645224809647,-1.7571098804473877,-0.09588104486465454,-0.06690865755081177,-0.7387244701385498,1.7128331819549203e-05,3.164033842040226e-05,1.2166919077571947e-05,-5.208913535170723e-06
8.820499599999494,-0.9161414504051208,0.07914190739393234,-1.757111668586731,-0.0958608016371727,-0.06691182404756546,-0.7749480605125427,1.7156440662802197e-05,2.0118273823754862e-05,1.690531280473806e-05,1.3322368431545328e-05
8.840098399999988,-0.916151225566864,0.07917793095111847,-1.7570921182632446,-0.09584745019674301,-0.06690284609794617,-0.8166949152946472,2.6010309738921933e-05,2.3478580260416493e-05,-3.7168763356021373e-06,-3.085161097260425e-06
8.860407099999975,-0.9161679744720459,0.07919274270534515,-1.7570959329605103,-0.09584345668554306,-0.06691701710224152,-0.8643001914024353,3.154126170556992e-05,3.3001684641931206e-05,6.1141363403294235e-06,-1.6408516785304528e-06
8.880347299999812,-0.9161983132362366,0.07915094494819641,-1.7569787502288818,-0.09584090113639832,-0.06688358634710312,-0.91474848985672,2.926216802734416e-05,1.619783324713353e-05,1.0170382665819488e-05,3.177955022692913e-06
8.90045099999952,-0.9161328673362732,0.07918578386306763,-1.7555930614471436,-0.09580665826797485,-0.06690312922000885,-0.9673219323158264,3.6208806704962626e-05,5.739311745855957e-06,3.2085965358419344e-05,1.0498419214854948e-05
8.920474900000045,-0.9161337614059448,0.0791788175702095,-1.7509182691574097,-0.09577862918376923,-0.06694409251213074,-1.0235605239868164,2.6486093702260405e-05,1.954809522430878e-05,-3.2171460588870104e-06,-8.662384971103165e-06
8.940454199999294,-0.916147768497467,0.07917951792478561,-1.7440813779830933,-0.09565585106611252,-0.0669592022895813,-1.0810959339141846,8.039192834985442e-06,2.381424383202102e-05,5.711818630516063e-06,6.4843120526347775e-06
8.960491699999693,-0.9161566495895386,0.07918016612529755,-1.7356616258621216,-0.09554389119148254,-0.06699884682893753,-1.1395153999328613,1.8647384422365576e-05,2.623798900458496e-05,-9.782806955627166e-06,-7.234451004478615e-06
8.980490899999495,-0.916164219379425,0.07914193719625473,-1.7266227006912231,-0.0953083336353302,-0.06703774631023407,-1.197263240814209,1.4316343367681839e-05,2.4476003090967424e-05,-5.563346803683089e-06,3.720099357451545e-06
9.000489000000016,-0.9161641001701355,0.07916951179504395,-1.7178218364715576,-0.09492043405771255,-0.06701243668794632,-1.2543249130249023,3.1882231269264594e-05,2.3473976398236118e-05,-3.1628326269128593e-06,8.220828021876514e-06
9.020413700000063,-0.9161383509635925,0.07916390895843506,-1.709305763244629,-0.09298034757375717,-0.0670112892985344,-1.308380365371704,2.869632407964673e-05,2.767107253021095e-05,-5.749745014327345e-06,6.883224159537349e-06
9.040469499999745,-0.9161162376403809,0.07914575189352036,-1.7008739709854126,-0.08925065398216248,-0.06694607436656952,-1.3591723442077637,1.6767455235822126e-05,2.4161390683730133e-05,6.826756361988373e-06,1.1386748610675568e-06
9.060444599999755,-0.9161711931228638,0.07913191616535187,-1.6901869773864746,-0.08462613821029663,-0.06697463989257812,-1.406660556793213,1.2426748980942648e-05,2.4334822228411213e-05,1.7051990653271787e-05,3.0400235573324608e-06
9.080345499999567,-0.9161348938941956,0.07919280976057053,-1.6747547388076782,-0.08336319774389267,-0.06695093959569931,-1.4486052989959717,4.656525197788142e-05,1.6605237760813907e-05,8.70274925546255e-06,3.4251302167831454e-06
9.100477999999384,-0.916150689125061,0.07916183024644852,-1.6549913883209229,-0.0836358442902565,-0.06689178943634033,-1.4861410856246948,3.4653035982046276e-05,2.540626155678183e-05,5.512326424650382e-06,-6.097071491240058e-06
9.120479899999737,-0.9161750078201294,0.0792531743645668,-1.6333175897598267,-0.08364784717559814,-0.06687057018280029,-1.5180473327636719,4.082491068402305e-05,7.840431862859987e-06,6.997995569690829e-07,-5.564868956753344e-07
9.140156399999796,-0.9161648154258728,0.07914718240499496,-1.6112895011901855,-0.08353379368782043,-0.06671208143234253,-1.544398307800293,2.872954064514488e-05,1.5292525858967565e-05,-4.7378665612995974e-07,1.03786624094937e-05
9.160479499999383,-0.9161818623542786,0.07921184599399567,-1.5892291069030762,-0.0834965780377388,-0.06663218885660172,-1.5656359195709229,2.9915652703493834e-05,1.6493093426106498e-05,3.591636777855456e-05,-2.386693267908413e-06
9.180108399999881,-0.9161592721939087,0.07914525270462036,-1.5687599182128906,-0.0834849551320076,-0.06663582473993301,-1.5820960998535156,3.5380697227083147e-05,-9.513914847048e-07,1.2631744539248757e-05,-5.522099854715634e-06
9.200402899999972,-0.9161929488182068,0.0791855901479721,-1.5462757349014282,-0.08349335938692093,-0.06666062772274017,-1.5962563753128052,2.7573765692068264e-05,1.0747754458861891e-05,2.7424275685916655e-05,3.031084816029761e-06
9.220055199999479,-0.916159451007843,0.0791299119591713,-1.5227117538452148,-0.08357284963130951,-0.06673818081617355,-1.6064921617507935,2.5138433557003736e-05,1.964210969163105e-05,1.8330598322791047e-05,-9.537552614347078e-06
9.240616600000067,-0.9161825180053711,0.07916908711194992,-1.4954395294189453,-0.08361293375492096,-0.06676280498504639,-1.6125421524047852,2.1526093405555002e-06,3.1081479392014444e-05,-2.013590346905403e-05,-1.9561075532692485e-06
9.260480299999472,-0.9161832928657532,0.07915132492780685,-1.4649792909622192,-0.08362329006195068,-0.06680319458246231,-1.6137615442276,3.083113915636204e-05,9.541412509861402e-06,9.068365216080565e-06,6.173296242195647e-06
9.280626599999778,-0.9161741137504578,0.07918243855237961,-1.430787444114685,-0.0836256742477417,-0.06673230975866318,-1.6136960983276367,9.656317160988692e-06,1.336189507128438e-05,1.5166793673415668e-05,-5.283471182337962e-06
9.300445500000023,-0.9161785244941711,0.07919290661811829,-1.398305058479309,-0.08361444622278214,-0.0667317658662796,-1.6136538982391357,2.7380978281144053e-05,2.7201520424569026e-05,1.9224768038839102e-05,-1.6867932117747841e-06
9.320069399999738,-0.9161484837532043,0.07915305346250534,-1.366491675376892,-0.08358134329319,-0.0667370855808258,-1.613647699356079,2.806480733852368e-05,1.30406706375652e-05,1.546822750242427e-05,-2.767110345303081e-06
9.340278199999375,-0.9161571264266968,0.07920359075069427,-1.3367900848388672,-0.08357380330562592,-0.06680940836668015,-1.613660454750061,5.6354929256485775e-06,3.458989522187039e-05,9.270856025977992e-06,-5.525678830053948e-07
9.360533199999736,-0.9161636233329773,0.07917170971632004,-1.3090590238571167,-0.08358761668205261,-0.06695976853370667,-1.6136451959609985,2.2959349735174328e-05,3.4369397326372564e-05,1.436217462469358e-05,5.655341283272719e-06
9.380410099999608,-0.9161742329597473,0.07917056977748871,-1.283324956893921,-0.0836128443479538,-0.06710744649171829,-1.613620400428772,3.255251795053482e-05,2.6585694286040962e-05,-2.68514691015298e-06,9.916777798935072e-08
9.400318199999674,-0.916132926940918,0.07913774251937866,-1.2573647499084473,-0.08359715342521667,-0.06710880994796753,-1.6135812997817993,1.1231500138819683e-05,2.4172924895538017e-05,1.5731813618913293e-05,-9.279925507144071e-06
9.420503899999858,-0.9161715507507324,0.07918474078178406,-1.2296946048736572,-0.08359098434448242,-0.06709672510623932,-1.6135762929916382,3.7286234146449715e-05,1.681651883700397e-05,9.87365456239786e-06,-6.686250799248228e-06
9.440265499999441,-0.9161627888679504,0.07915172725915909,-1.2011070251464844,-0.08364599943161011,-0.0670749768614769,-1.6135584115982056,1.1391843145247549e-05,-1.3569798284152057e-05,1.6716534446459264e-05,-4.338685357652139e-06
9.460476700000072,-0.9161836504936218,0.07914673537015915,-1.172134280204773,-0.08375720679759979,-0.06705043464899063,-1.6135519742965698,2.6393412554170936e-05,2.5303637812612578e-05,4.104496838408522e-06,3.3133092074422166e-06
9.480618900000081,-0.9161719083786011,0.07920736819505692,-1.1428539752960205,-0.08372404426336288,-0.06701870262622833,-1.6135557889938354,1.886863901745528e-05,3.0088916901149787e-05,1.9053040887229145e-05,-8.040273314691149e-06
9.500587300000007,-0.9161649346351624,0.07918252050876617,-1.1152024269104004,-0.08372807502746582,-0.06702857464551926,-1.6135891675949097,2.153678360627964e-05,3.417449624976143e-05,-5.494335255207261e-06,7.23704943084158e-06
9.520054300000083,-0.9161602258682251,0.0791855975985527,-1.0913387537002563,-0.08373157680034637,-0.06701961159706116,-1.613633155822754,3.2758649467723444e-05,4.061338131577941e-06,8.44944042910356e-06,-1.1006986824213527e-05
9.540431499999613,-0.9161808490753174,0.07918031513690948,-1.0677303075790405,-0.08373434841632843,-0.0670062005519867,-1.6136622428894043,3.523476698319428e-05,1.824515129555948e-05,1.011443146126112e-06,6.309885975497309e-06
9.56055109999943,-0.9161331653594971,0.07919692993164062,-1.0451244115829468,-0.08372794091701508,-0.06697474420070648,-1.6137083768844604,3.600120544433594e-05,1.9910610717488453e-05,2.048544592980761e-05,-4.053016709804069e-06
9.580151199999818,-0.9161602854728699,0.07912388443946838,-1.024193286895752,-0.08372797071933746,-0.0669744610786438,-1.6137537956237793,2.4571161702624522e-05,1.3737627341470215e-05,4.795440418092767e-06,-4.6019886212889105e-06
9.60012800000004,-0.9161307215690613,0.07918339222669601,-1.003894329071045,-0.08369973301887512,-0.0669567734003067,-1.613785982131958,4.044059824082069e-05,3.187456604791805e-05,1.6698908439138904e-05,1.5246438124449924e-05
9.620480399999906,-0.9161598086357117,0.07915437966585159,-0.9835130572319031,-0.08371825516223907,-0.06695658713579178,-1.6137771606445312,2.4376056899200194e-05,2.837764986907132e-05,7.305094641196774e-06,7.76811248215381e-06
9.640235199999552,-0.9161762595176697,0.079149030148983,-0.9630134701728821,-0.08368879556655884,-0.06696996092796326,-1.613763451576233,2.361892256885767e-05,2.7801626856671646e-05,6.408462922991021e-06,-1.9044355212827213e-06
9.660433600000033,-0.9161386489868164,0.07916203141212463,-0.9421391487121582,-0.08369370549917221,-0.06697598099708557,-1.6137107610702515,2.4766017304500565e-05,2.0714622223749757e-05,6.250514161365572e-06,-1.3563024367613252e-05
9.680398699999387,-0.9161689281463623,0.07919339090585709,-0.9206743836402893,-0.08366874605417252,-0.06694187968969345,-1.6136292219161987,2.998954187205527e-05,1.6704896552255377e-05,-6.030812073731795e-06,4.6092745833448134e-06
9.700448399999914,-0.9161612391471863,0.07915947586297989,-0.8989982604980469,-0.08364680409431458,-0.06693851202726364,-1.6135622262954712,1.2978171980648767e-05,9.712936844152864e-06,-6.220650902832858e-06,-8.28093288873788e-06
9.720504799999617,-0.9161603450775146,0.07913997769355774,-0.8783871531486511,-0.08359198272228241,-0.06690411269664764,-1.6134636402130127,2.3893057004897855e-05,3.541428304743022e-05,8.230304956668988e-06,-9.669927749200724e-06
9.740232499999365,-0.9161691665649414,0.07921886444091797,-0.8582099676132202,-0.08359910547733307,-0.0668741911649704,-1.6132804155349731,2.3447370040230453e-05,1.978841464733705e-05,4.2061964222739334e-07,5.775808858743403e-06
9.760265599999912,-0.9161595702171326,0.07919761538505554,-0.8364993929862976,-0.08359558880329132,-0.06690040975809097,-1.6126322746276855,2.3827440600143746e-05,1.3903011677030008e-05,4.212051862850785e-06,4.160813659837004e-06
9.780414399999245,-0.9160898327827454,0.07918912172317505,-0.813105046749115,-0.08359254896640778,-0.06689919531345367,-1.6121373176574707,3.3271306165261194e-05,2.466997830197215e-05,1.2619236258615274e-05,2.7257524379820097e-06
9.800135299999965,-0.9161636233329773,0.07917281240224838,-0.7898232936859131,-0.083610400557518,-0.06690558791160583,-1.6121541261672974,2.291856799274683e-05,2.9644552341778763e-05,1.9130255168420263e-05,1.8038146663457155e-05
9.820460599999933,-0.9161303639411926,0.07919467240571976,-0.7661086916923523,-0.0836220383644104,-0.06692101061344147,-1.6121368408203125,1.7062553524738178e-05,6.353345725074178e-06,-1.8653329334483715e-06,-4.902336968370946e-06
9.840424099999836,-0.9161773324012756,0.079133041203022,-0.7416943311691284,-0.08359909057617188,-0.06690192222595215,-1.612127423286438,2.0068726371391676e-05,2.8807928174501285e-05,1.4557724171027075e-05,-3.278785243310267e-06
9.860080099999323,-0.9161235690116882,0.07914047688245773,-0.7174369692802429,-0.08361256122589111,-0.06692899763584137,-1.6121116876602173,-3.363329597050324e-07,1.8226623069494963e-05,-5.9566195886873174e-06,3.437027316977037e-06
9.880115799999658,-0.9161233901977539,0.07920336723327637,-0.6929563283920288,-0.08363133668899536,-0.06693008542060852,-1.6121251583099365,3.775638833758421e-05,1.533950853627175e-05,1.3218018466432113e-06,4.886009264737368e-06
9.900352299999213,-0.9161218404769897,0.07918895035982132,-0.6685108542442322,-0.08364666998386383,-0.06691339612007141,-1.6121289730072021,2.258601671201177e-05,1.185435030492954e-05,9.157793101621792e-06,-3.6063615880266298e-06
9.92047569999977,-0.9161818027496338,0.07917952537536621,-0.6451245546340942,-0.08365105092525482,-0.06690238416194916,-1.6121151447296143,2.1206127712503076e-05,2.038913225987926e-05,5.423948550742352e-06,-8.079498002189212e-06
9.94034399999964,-0.9161533713340759,0.07918312400579453,-0.6236933469772339,-0.08365046977996826,-0.06690676510334015,-1.6120983362197876,3.774641299969517e-05,1.776131830411032e-05,1.488820998929441e-05,-2.8160820875200443e-07
9.960359499999868,-0.9161596894264221,0.07916343212127686,-0.6041570901870728,-0.08366905152797699,-0.0668996125459671,-1.6120940446853638,2.4463675799779594e-05,9.387325917487033e-06,3.872130491799908e-06,-2.9896318665123545e-06
9.98050289999992,-0.9161068797111511,0.07916776835918427,-0.5865927934646606,-0.08367748558521271,-0.06690432131290436,-1.612099051475525,1.0748370186774991e-05,3.2140254916157573e-05,-4.4007892938680016e-06,1.9149961190123577e-06
10.000477799999317,-0.9161475300788879,0.07925678789615631,-0.5702224969863892,-0.08365930616855621,-0.06689223647117615,-1.6120978593826294,2.6552439521765336e-05,2.2105046809883788e-05,-6.460434633481782e-06,8.13163205748424e-06
10.020546699999613,-0.9161564111709595,0.07920865714550018,-0.5547231435775757,-0.0836641937494278,-0.0669233426451683,-1.612015962600708,4.103992250747979e-05,3.6486533190327464e-06,1.5717037058493588e-06,-4.433183221408399e-06
10.04047619999983,-0.9161189794540405,0.07921407371759415,-0.5390422940254211,-0.08365026116371155,-0.06690521538257599,-1.6119118928909302,3.083534102188423e-05,2.0661458620452322e-05,1.8411110431770794e-05,9.655117537477054e-06
10.06056499999977,-0.9161058068275452,0.07918720692396164,-0.5218977332115173,-0.0836600810289383,-0.06685701012611389,-1.611903429031372,2.898986349464394e-05,3.615720197558403e-05,-3.645304786914494e-06,-1.9104918465018272e-06
10.080619800000022,-0.9161075949668884,0.07916470617055893,-0.5036134123802185,-0.0836523249745369,-0.06682757288217545,-1.611897587776184,1.7260990716749802e-05,2.496267006790731e-05,-9.153130804406828e-07,-1.3472165392158786e-06
10.100286399999277,-0.9161702394485474,0.07923365384340286,-0.485891729593277,-0.08363808691501617,-0.0667286068201065,-1.6118935346603394,1.8626582459546626e-05,1.3675654372491408e-05,1.977220381377265e-05,-7.056212780298665e-06
10.120327799999359,-0.9161481857299805,0.07920613884925842,-0.46876025199890137,-0.08364611864089966,-0.06673538684844971,-1.611903429031372,2.9464339604601264e-05,2.6179352062172256e-05,-3.145889877487207e-06,-1.3792628124065232e-05
10.140564899999845,-0.9160946607589722,0.07918541878461838,-0.45105236768722534,-0.08364464342594147,-0.06673094630241394,-1.6118944883346558,2.3548813260276802e-05,1.8582497432362288e-05,7.003851806075545e-06,-5.60771059099352e-06
10.160419599999841,-0.916151225566864,0.07918053865432739,-0.43337321281433105,-0.0836491584777832,-0.06674326956272125,-1.611908197402954,5.422248796094209e-05,1.0647368981153704e-05,1.3296112228999846e-05,8.427878128713928e-07
10.180439599999772,-0.9161562323570251,0.07918169349431992,-0.41569405794143677,-0.08364976942539215,-0.06673650443553925,-1.6119352579116821,3.829548950307071e-05,2.3503835109295323e-05,4.958120825904189e-06,-2.552858404669678e-06
10.200459099999534,-0.9161778688430786,0.07922008633613586,-0.39835211634635925,-0.08365106582641602,-0.06676486134529114,-1.6119238138198853,3.834099697996862e-05,2.448684062983375e-05,-1.1124076308988151e-06,-1.0103595741384197e-05
10.220417300000008,-0.916167676448822,0.07919716835021973,-0.38225945830345154,-0.0836363285779953,-0.06674028933048248,-1.611919641494751,3.1743191357236356e-05,2.347131521673873e-05,8.012568741833093e-07,1.165142202808056e-05
10.240644699999393,-0.916170597076416,0.07918426394462585,-0.3671397566795349,-0.08364103734493256,-0.06674260646104813,-1.6120187044143677,3.707522773765959e-05,1.3230122021923307e-05,-1.7520028450235259e-06,-8.791012987785507e-06
10.260261200000059,-0.9161939024925232,0.07921696454286575,-0.35292741656303406,-0.0836380124092102,-0.06675367802381516,-1.6120222806930542,4.765481207869016e-06,2.1947427740087733e-05,1.5337191143771634e-05,7.997008424354135e-07
10.280340599999363,-0.9161782264709473,0.07916990667581558,-0.33877256512641907,-0.08356659859418869,-0.06675785779953003,-1.6120167970657349,2.739504270721227e-05,3.394895975361578e-05,1.1121757779619657e-05,3.887345428665867e-06
10.300405899999532,-0.916140615940094,0.07916370034217834,-0.3264619708061218,-0.08348563313484192,-0.0667472779750824,-1.6119859218597412,2.785704236885067e-05,1.1310240552120376e-05,2.148104613297619e-05,-2.0254894934623735e-06
10.320109899999807,-0.9161365032196045,0.07924807071685791,-0.31607604026794434,-0.08348296582698822,-0.06673888862133026,-1.6120086908340454,2.145595681213308e-05,1.6845691789058037e-05,-1.8931765225715935e-05,-2.4608677904325305e-06
10.340212999999494,-0.9161500930786133,0.07916305959224701,-0.3055571913719177,-0.08349107205867767,-0.06674587726593018,-1.6119656562805176,1.9813614926533774e-05,2.4941227820818312e-05,5.982917627989082e-07,-4.767062819155399e-06
10.36022739999953,-0.9161469340324402,0.07915478199720383,-0.2940758466720581,-0.08349305391311646,-0.06674426794052124,-1.6119612455368042,2.0282212062738836e-05,2.2178770450409502e-05,-1.655160122027155e-05,2.4352989385079127e-06
10.380490999999893,-0.916170060634613,0.07916902005672455,-0.28109803795814514,-0.08349575102329254,-0.0667308121919632,-1.611975073814392,3.6122208257438615e-05,1.3369233784032986e-05,2.2895597794558853e-05,-1.6480089470860548e-06
10.400271299999986,-0.9161354303359985,0.07920189201831818,-0.2683100700378418,-0.08353462815284729,-0.06673995405435562,-1.6119520664215088,3.2505267881788313e-05,2.091794704028871e-05,-5.031151886214502e-07,-1.1624175385804847e-05
10.42016859999967,-0.9161784648895264,0.07916662096977234,-0.25529003143310547,-0.08358876407146454,-0.0667324811220169,-1.6119519472122192,2.3678119760006666e-05,1.5561656255158596e-05,2.78561856248416e-06,8.083663487923332e-06
10.440434999999525,-0.9161556363105774,0.079168401658535,-0.24117912352085114,-0.08360414206981659,-0.06675960123538971,-1.6119818687438965,1.4089878277445678e-05,2.3785873054293916e-05,-7.702494258410297e-06,-5.986981705063954e-06
10.460455599999477,-0.9161623120307922,0.0791993960738182,-0.22633378207683563,-0.08361993730068207,-0.06673063337802887,-1.6119697093963623,3.9343867683783174e-05,1.4749250112799928e-05,1.1183597962372005e-05,9.241812222171575e-06
10.48024389999955,-0.9161650538444519,0.07920199632644653,-0.21182581782341003,-0.08361493796110153,-0.0667562335729599,-1.6119804382324219,2.7101799787487835e-05,1.3048024811723735e-05,2.721097189350985e-05,5.678562956745736e-06
10.500310999999783,-0.9161553382873535,0.07914576679468155,-0.19957475364208221,-0.08361441642045975,-0.06678544729948044,-1.6119797229766846,1.8614568034536205e-05,1.54020153786405e-06,4.00891281060467e-07,-7.346213351411279e-06
10.520409699999618,-0.9161816239356995,0.07918768376111984,-0.1896277517080307,-0.08359874039888382,-0.06675580143928528,-1.61200749874115,2.5265024305554107e-05,3.0463927032542415e-05,2.2901887859916314e-05,1.8550572349340655e-06
10.540458699999363,-0.9160984754562378,0.07916104793548584,-0.1805526316165924,-0.08356563746929169,-0.06676450371742249,-1.6120225191116333,4.3443917093100026e-05,2.7772017347160727e-05,2.612030948512256e-05,1.4252975688577862e-06
10.560401499999898,-0.9161603450775146,0.07913500815629959,-0.17253519594669342,-0.08350007236003876,-0.06675441563129425,-1.6120223999023438,3.6630397517001256e-05,1.3596553799288813e-05,4.2328110794187523e-08,-8.886496289051138e-06
10.580418499999723,-0.9161185026168823,0.07915446162223816,-0.1661427915096283,-0.08343109488487244,-0.06676781177520752,-1.6120258569717407,2.677050906640943e-05,2.572540870460216e-05,-1.6399150126744644e-06,6.844584277132526e-06
10.600508499999705,-0.9161725044250488,0.07918678969144821,-0.16118240356445312,-0.0833997130393982,-0.06677370518445969,-1.6120173931121826,2.295829835929908e-05,3.0396837246371433e-05,1.6804922779556364e-05,9.144585419562645e-06
10.620284499999798,-0.9161614775657654,0.07917056977748871,-0.1575031876564026,-0.08338704705238342,-0.0667761042714119,-1.6119600534439087,6.6877341851068195e-06,3.492481118883006e-05,2.0292804947530385e-06,-6.099738129705656e-06
10.64047709999977,-0.9161672592163086,0.07920864969491959,-0.1550976037979126,-0.08341053128242493,-0.06677211821079254,-1.6119096279144287,1.1487649317132309e-05,2.0726809452753514e-05,-8.078365681285504e-06,-4.2180790842394345e-06
10.660158099999535,-0.916144073009491,0.0791449248790741,-0.15436497330665588,-0.08343115448951721,-0.06677833199501038,-1.6118543148040771,3.3187705412274227e-05,1.3353392205317505e-05,2.259705615870189e-05,3.110261786787305e-06
10.68046299999969,-0.9161718487739563,0.07917526364326477,-0.15327537059783936,-0.0834309458732605,-0.0667831301689148,-1.6117502450942993,3.310424290248193e-05,1.537134448881261e-05,-5.034999048803002e-06,4.900077328784391e-06
10.700267599999279,-0.9161403775215149,0.07917894423007965,-0.1499544382095337,-0.08343691378831863,-0.06674781441688538,-1.6117228269577026,1.324077311437577e-05,1.748668910295237e-05,2.6296338546671905e-06,-5.743819656345295e-06
10.720422499999586,-0.9161809086799622,0.0791909396648407,-0.14446884393692017,-0.08341935276985168,-0.06674885749816895,-1.6117234230041504,1.0353952347941231e-05,1.0324941285944078e-05,5.01730528412736e-06,-1.4924897868695552e-06
10.740384099999574,-0.9161752462387085,0.07916329801082611,-0.1382545530796051,-0.08339528739452362,-0.06675487011671066,-1.6117130517959595,3.432922676438466e-05,2.4315262635354884e-05,1.4333496437757276e-05,-4.553607595880749e-06
10.760296899999958,-0.916159451007843,0.0791383758187294,-0.13172781467437744,-0.08341437578201294,-0.06678536534309387,-1.6117191314697266,2.6807096219272353e-05,3.123778151348233e-05,-3.210247086826712e-06,-7.042536253720755e-06
10.78045639999982,-0.9161648154258728,0.07916960120201111,-0.12531527876853943,-0.08348510414361954,-0.06676947325468063,-1.6117175817489624,2.334677628823556e-05,2.7152540496899746e-05,-1.9337126104801428e-06,2.697193849598989e-06
10.800555799999529,-0.9161436557769775,0.07912072539329529,-0.1194017231464386,-0.083498015999794,-0.06674374639987946,-1.6117299795150757,1.551439709146507e-05,2.868703450076282e-05,-9.92826790024992e-06,-2.8047102205164265e-06
10.820082599999296,-0.9161545038223267,0.07915739715099335,-0.11407290399074554,-0.08352132886648178,-0.06675112247467041,-1.6117265224456787,3.121073677903041e-05,1.4938637832528912e-05,1.6502485777891707e-06,1.3544131434173323e-05
10.840182500000083,-0.9161654114723206,0.07915996760129929,-0.10882420092821121,-0.08350899815559387,-0.06676153838634491,-1.6117268800735474,1.7399848729837686e-05,-1.8458306385582546e-06,-1.3177469554648269e-05,1.2475360563257709e-05
10.860066299999744,-0.916164755821228,0.07917850464582443,-0.1035170927643776,-0.08349519222974777,-0.06673657894134521,-1.6117178201675415,1.875056477729231e-05,8.373988293897128e-07,8.154202078003436e-06,4.6006030061107595e-06
10.880341000000044,-0.9161611199378967,0.07920744270086288,-0.09706959128379822,-0.08344712853431702,-0.06674685329198837,-1.6117192506790161,1.1517358871060424e-06,2.1741612727055326e-05,8.055777470872272e-06,-9.676883564679883e-06
10.900437499999498,-0.9161494374275208,0.07918289303779602,-0.08886045962572098,-0.083429716527462,-0.06675823032855988,-1.611716389656067,3.5772580304183066e-05,3.7975391023792326e-05,-1.640510163269937e-06,-1.211925336974673e-06
10.920418299999255,-0.9161381125450134,0.07918011397123337,-0.07893018424510956,-0.08342975378036499,-0.06676463037729263,-1.6117256879806519,2.187309837609064e-05,2.2292419089353643e-05,3.066458020839491e-06,5.214487828197889e-06
10.940471399999296,-0.916138768196106,0.07918667793273926,-0.06780187785625458,-0.08345736563205719,-0.06677573919296265,-1.6117479801177979,2.1313717297744006e-05,1.958993925654795e-05,5.249529294815147e-06,-6.310186108748894e-06
10.960440099999687,-0.9161404371261597,0.07914113998413086,-0.05702918395400047,-0.08346602320671082,-0.06676024198532104,-1.6117298603057861,2.295106605743058e-05,2.267868330818601e-05,1.2048231837979984e-05,-9.005150786833838e-06
10.9803981999994,-0.9161763787269592,0.07918184995651245,-0.047400765120983124,-0.08349065482616425,-0.0667482241988182,-1.6116353273391724,3.127823583781719e-05,2.4522300009266473e-05,1.097873246180825e-05,5.8749028539750725e-06
11.000437199999396,-0.9161361455917358,0.07916555553674698,-0.0396200567483902,-0.08351367712020874,-0.06675545126199722,-1.6114697456359863,2.686096922843717e-05,2.6537469238974154e-05,1.0026692507381085e-06,7.145421022869414e-06
11.020415299999513,-0.9160969853401184,0.07921669632196426,-0.03309880942106247,-0.08351515233516693,-0.06676028668880463,-1.6114733219146729,3.333460699650459e-05,1.4620286492572632e-05,-5.926041922066361e-06,-3.8748630686313845e-06
11.040415499999654,-0.9161475300788879,0.07919854670763016,-0.026047971099615097,-0.0834985002875328,-0.06674905121326447,-1.6114857196807861,2.4348766601178795e-05,2.7241672796662897e-05,1.4273578017309774e-05,4.38227971244487e-06
11.060448899999756,-0.9161869883537292,0.07918620854616165,-0.01729099079966545,-0.08348706364631653,-0.06676265597343445,-1.6114656925201416,1.1521755368448794e-05,8.002199137990829e-06,-1.3335273251868784e-05,-8.306391464429908e-06
11.080129500000112,-0.916090726852417,0.07921050488948822,-0.007587452419102192,-0.0834403783082962,-0.06677515059709549,-1.6111884117126465,2.8109134291298687e-05,2.1973533876007423e-05,1.6944904928095639e-06,-2.0389937560594262e-07
11.10044999999991,-0.9161492586135864,0.0791487768292427,0.0021287966519594193,-0.08341672271490097,-0.06677088141441345,-1.60994553565979,2.6401414288557135e-05,2.4761386157479137e-05,1.005454487312818e-05,6.127095730334986e-06
11.120433699999921,-0.9161555767059326,0.07918576151132584,0.010674694553017616,-0.0834210216999054,-0.06674112379550934,-1.6097537279129028,1.8710465155891143e-05,3.0348408472491428e-05,1.3342875035959878e-06,-3.606001655498403e-06
11.140354799999841,-0.9161144495010376,0.07916220277547836,0.017825255170464516,-0.08344347774982452,-0.06677642464637756,-1.6096941232681274,3.167491377098486e-05,2.3476221031160094e-05,1.791755494195968e-05,-3.915291472367244e-06
11.160428999999567,-0.9161759614944458,0.07915656268596649,0.022538665682077408,-0.08350862562656403,-0.06675410270690918,-1.6096595525741577,2.1094714611535892e-05,2.467243029968813e-05,-2.8839622245868668e-08,-3.4988049719686387e-06
11.180308699999841,-0.91612708568573,0.07912103831768036,0.02662653848528862,-0.0835019126534462,-0.06674465537071228,-1.6096458435058594,2.3101498300093226e-05,2.773514461296145e-05,-9.627951840229798e-07,2.4361700070585357e-06
11.20053199999984,-0.916134774684906,0.07916320115327835,0.03006092458963394,-0.08350902795791626,-0.06675927340984344,-1.6096423864364624,3.824605664703995e-05,2.826455602189526e-05,1.74776250787545e-05,-3.288179641458555e-06
11.220546999999897,-0.9160830974578857,0.07919549942016602,0.03446734696626663,-0.08349816501140594,-0.06674566119909286,-1.609645962715149,2.791150109260343e-05,2.783491072477773e-05,-2.2518397599924356e-06,-8.62150227476377e-06
11.240468599999986,-0.9161626696586609,0.07919592410326004,0.03898462653160095,-0.08347269892692566,-0.06673753261566162,-1.6096447706222534,2.6156470994465053e-05,2.706095256144181e-05,-9.102324838750064e-06,4.075298875250155e-06
11.260364699999627,-0.9161497950553894,0.0791802853345871,0.04366717487573624,-0.08342060446739197,-0.06677090376615524,-1.609643578529358,3.4169002901762724e-05,2.0208519345032983e-05,1.133843670686474e-05,9.607851097825915e-06
11.280511399999341,-0.9161492586135864,0.07920306921005249,0.0476568378508091,-0.08341644704341888,-0.06678800284862518,-1.609642744064331,3.845700848614797e-05,2.278843749081716e-05,1.728487404761836e-05,2.0198563106532674e-06
11.300434400000086,-0.9161190390586853,0.07917305827140808,0.04951833561062813,-0.08342680335044861,-0.06677733361721039,-1.6096596717834473,3.0043100196053274e-05,8.11005065770587e-06,-5.7680449572217185e-06,-6.7204778133600485e-06
11.32040809999944,-0.9161500930786133,0.07921788841485977,0.04942386969923973,-0.08347241580486298,-0.06677921861410141,-1.6096491813659668,4.003642970928922e-05,5.955050255579408e-06,1.0446183296153322e-07,-3.2962097975541838e-06
11.340420199999244,-0.9161673188209534,0.07916826754808426,0.0494215302169323,-0.08350282162427902,-0.06675675511360168,-1.6096429824829102,2.6768550014821813e-05,2.3656835764995776e-05,8.433677976427134e-06,2.749626219156198e-06
11.36027599999943,-0.9161726236343384,0.07919394224882126,0.04944055154919624,-0.08348678052425385,-0.0667397603392601,-1.6096465587615967,3.2866402762010694e-05,2.509667865524534e-05,3.2276162528432906e-05,-9.59440626502328e-07
11.380534399999306,-0.9161443710327148,0.07922504842281342,0.049432072788476944,-0.08348800241947174,-0.06672686338424683,-1.6096513271331787,3.314982677693479e-05,1.838646494434215e-05,-1.8598382212076103e-06,3.2715947781980503e-06
11.40038800000002,-0.9161832928657532,0.07915930449962616,0.04941161721944809,-0.08348353207111359,-0.06672847270965576,-1.60964035987854,3.182381624355912e-05,1.3086523722449783e-05,-2.867603143386077e-06,1.1350929526088294e-05
11.420255399999405,-0.916149377822876,0.07920504361391068,0.04941960796713829,-0.08343908190727234,-0.06675639003515244,-1.6096477508544922,2.4933333406806923e-05,1.3705278433917556e-05,-1.1306910892017186e-06,1.5058177496030112e-06
11.440087999999378,-0.9161378145217896,0.07917441427707672,0.04941122233867645,-0.08344055712223053,-0.0667952224612236,-1.609652042388916,3.7764602893730626e-05,2.81380216620164e-05,1.7905629647430032e-05,2.93339053314412e-06
11.460237100000086,-0.9161279201507568,0.07921528816223145,0.04941248148679733,-0.08342120051383972,-0.06677570939064026,-1.6096473932266235,2.131168366759084e-05,2.877789484045934e-05,1.9370602331036935e-06,-1.897283254947979e-06
11.480380199999672,-0.9161471128463745,0.07915467768907547,0.04941051825881004,-0.08342935144901276,-0.06677619367837906,-1.6096546649932861,3.0224529837141745e-05,2.5081573767238297e-05,1.6761150618549436e-05,-3.688872993734549e-07
11.50038559999939,-0.9161587953567505,0.07916760444641113,0.049435414373874664,-0.08342501521110535,-0.06674230098724365,-1.6096583604812622,7.776919119351078e-06,2.2370655642589554e-05,1.0500808457436506e-05,7.185163667600136e-06
11.520407799999703,-0.9160901308059692,0.07919760793447495,0.049422185868024826,-0.08343863487243652,-0.06674958765506744,-1.6096537113189697,2.5294839360867627e-05,1.589336352481041e-05,4.940144663123647e-06,1.2393951692502014e-05
11.540402899999208,-0.9161972403526306,0.07916935533285141,0.04944487661123276,-0.08347280323505402,-0.06675348430871964,-1.6096422672271729,4.099752550246194e-05,2.9813880246365443e-05,9.661263902671635e-06,-4.086263288627379e-06
11.560381899999811,-0.9161205887794495,0.07917430996894836,0.04942302033305168,-0.08349058032035828,-0.06673402339220047,-1.6096487045288086,1.5947080100886524e-05,1.4567311154678464e-05,1.34539868668071e-05,-5.310586402629269e-06
11.580441099999916,-0.9161416888237,0.07920118421316147,0.04944326728582382,-0.08347965776920319,-0.06674496084451675,-1.6096537113189697,1.2001046343357302e-05,1.1608488421188667e-05,2.6765858365251916e-06,1.102150804399571e-06
11.600428400000055,-0.9161702394485474,0.0791868269443512,0.0494283102452755,-0.08345228433609009,-0.06675229966640472,-1.609645128250122,2.9858547350158915e-05,1.666480238782242e-05,1.690111639618408e-05,-2.7389894512452884e-06
11.620514399999593,-0.9161643385887146,0.07917053997516632,0.049443334341049194,-0.08342265337705612,-0.06676597893238068,-1.6096500158309937,4.7201800043694675e-05,2.486934681655839e-05,1.0883467439271044e-05,-3.373403160367161e-06
11.640539699999863,-0.9161653518676758,0.07913890480995178,0.04940738528966904,-0.08342678844928741,-0.0667756199836731,-1.609645962715149,2.1142879631952383e-05,1.3753596249443945e-05,-4.344724402471911e-08,-4.697789790952811e-06
11.660406899999543,-0.9161476492881775,0.07916197180747986,0.04943467304110527,-0.0834236741065979,-0.06677074730396271,-1.6096436977386475,1.1124864613520913e-05,1.558574876980856e-05,4.454612280824222e-06,-6.264616786211263e-06
11.680501099999674,-0.9161393642425537,0.07916874438524246,0.04943128302693367,-0.08343371748924255,-0.06673435866832733,-1.6096608638763428,2.0900937670376152e-05,1.828880704124458e-05,-8.33297599456273e-06,4.236534550727811e-06
11.700517199999922,-0.9161489605903625,0.07915803790092468,0.0494234599173069,-0.08344996720552444,-0.06676340103149414,-1.6096510887145996,4.569518569041975e-05,2.474275061103981e-05,9.662623597250786e-06,-5.0971302698599175e-06
11.720451299999695,-0.9161509871482849,0.07918038964271545,0.04942883923649788,-0.0834832563996315,-0.06674086302518845,-1.6096514463424683,3.019258292624727e-05,2.335416320420336e-05,5.653193056787131e-06,-2.1263890630507376e-06
11.740402200000062,-0.9161900281906128,0.07917780429124832,0.04944350942969322,-0.08348380774259567,-0.06674408912658691,-1.6096491813659668,1.8387676391284913e-05,2.9621729481732473e-05,8.56634505908005e-06,4.232514584145974e-06
11.760275499999807,-0.9161736965179443,0.0791604146361351,0.04942033812403679,-0.08348380029201508,-0.06676814705133438,-1.6096534729003906,2.8373246095725335e-05,8.855019586917479e-06,-2.5857315222310717e-07,4.3600675780908205e-06
11.780201799999304,-0.9161471128463745,0.07918024063110352,0.0494377538561821,-0.08344846963882446,-0.06675701588392258,-1.609647512435913,3.3459127735113725e-05,1.0825331628439017e-05,-1.500787334407505e-07,-2.0264242266421206e-06
11.80042869999943,-0.9161657691001892,0.07919193059206009,0.049423497170209885,-0.08341896533966064,-0.06676623225212097,-1.6096454858779907,2.9823981094523333e-05,2.3976412194315344e-05,-1.0088566568811075e-06,-2.9273161317178165e-07
11.820397699999376,-0.9161442518234253,0.0791548416018486,0.04943446069955826,-0.08342248946428299,-0.06677974760532379,-1.6096491813659668,2.3604270609212108e-05,2.1073858079034835e-05,7.037417162791826e-06,8.531320418114774e-06
11.840409699999327,-0.9161408543586731,0.07916951179504395,0.049408432096242905,-0.0834321454167366,-0.06677298992872238,-1.609666109085083,1.2333490303717554e-05,2.302914799656719e-05,6.865187060611788e-06,1.2336265172052663e-05
11.860389399999804,-0.9161851406097412,0.07920732349157333,0.04941313713788986,-0.08345777541399002,-0.06676892936229706,-1.6096479892730713,3.281932731624693e-05,9.127004886977375e-06,1.2309723388170823e-05,5.727015377487987e-06
11.880329300000085,-0.9161456227302551,0.07915154099464417,0.04942949861288071,-0.08347341418266296,-0.06675772368907928,-1.6096429824829102,2.568373383837752e-05,3.2951800676528364e-05,-6.919792667758884e-06,-1.0389987892267527e-06
11.900405699999283,-0.9161666631698608,0.07918701320886612,0.04942239075899124,-0.08345216512680054,-0.06674626469612122,-1.6096477508544922,3.934528649551794e-05,2.3463951947633177e-05,1.2138734746258706e-05,1.0537646630837116e-06
11.920128400000067,-0.9161618947982788,0.07920904457569122,0.04942132160067558,-0.0834507942199707,-0.06674851477146149,-1.6096476316452026,1.3915051567892078e-05,2.636786302900873e-05,-8.967355825006962e-06,-4.0043792068900075e-06
11.940447099999801,-0.9161181449890137,0.07914997637271881,0.04945531487464905,-0.08343903720378876,-0.06675656139850616,-1.609642505645752,2.1746440324932337e-05,1.7461406969232485e-05,1.602011252543889e-05,5.865705588803394e-06
11.960369599999467,-0.9161665439605713,0.07917939126491547,0.049407605081796646,-0.08343762159347534,-0.06675323843955994,-1.609642744064331,1.713864730845671e-05,2.1250070858513936e-05,7.787504728185013e-06,2.006408067245502e-06
11.980409899999358,-0.9161931276321411,0.07917372137308121,0.04940752685070038,-0.08342385292053223,-0.06675947457551956,-1.6096504926681519,1.3111426596879028e-05,2.8152757295174524e-05,-4.561260539048817e-06,5.349894763639895e-06
12.000581899999816,-0.9161356091499329,0.07919701933860779,0.049427542835474014,-0.08343537896871567,-0.06676505506038666,-1.6096491813659668,1.978963609872153e-06,1.9542772861314006e-05,2.9525026548071764e-06,2.0431593839020934e-07
12.020484399999987,-0.9161325693130493,0.07915646582841873,0.04943608120083809,-0.0834474116563797,-0.06674359738826752,-1.6096577644348145,2.5499730327283032e-05,2.4723536625970155e-05,1.219026125909295e-05,-8.08186723588733e-06
12.040335599999707,-0.9161226749420166,0.0791381374001503,0.049445755779743195,-0.08346250653266907,-0.06675248593091965,-1.609647274017334,1.0593345905363094e-05,1.9613384210970253e-05,1.0420888429507613e-05,1.824428363761399e-05
12.060373399999662,-0.9161292314529419,0.07918146252632141,0.04940999299287796,-0.08344054222106934,-0.06674901396036148,-1.6096460819244385,1.7859738363767974e-05,2.2762771550333127e-05,9.56733765633544e-06,-7.837390967324609e-07
12.080618799999684,-0.9161654710769653,0.07917170226573944,0.049410030245780945,-0.08345238119363785,-0.06675049662590027,-1.6096473932266235,1.037581023410894e-05,9.087759735848522e-07,-9.385043995280284e-07,1.8075514844895224e-06
12.100615999999718,-0.916171669960022,0.07919125258922577,0.04943915456533432,-0.08344925940036774,-0.06676043570041656,-1.6096465587615967,2.9092658223817125e-05,1.1702967640303541e-05,1.9063618310610764e-05,-8.847263416100759e-06
12.120064799999454,-0.9161204099655151,0.07918159663677216,0.04940855875611305,-0.0834297314286232,-0.06673906743526459,-1.6096479892730713,2.445069003442768e-05,2.3763404897181317e-05,-7.232056304928847e-07,-1.13816095108632e-05
12.140369400000054,-0.9161422848701477,0.07915647327899933,0.04941382631659508,-0.08343283832073212,-0.0667881965637207,-1.6096471548080444,1.893475382530596e-05,-1.052602419804316e-05,9.041425073519349e-06,4.120496669202112e-06
12.160402699999395,-0.9161370396614075,0.07915906608104706,0.04941956698894501,-0.08345502614974976,-0.0667438730597496,-1.6096477508544922,4.0737144445301965e-05,1.5151619663811289e-05,1.7438989743823186e-05,-1.171576855085732e-06
12.180421499999284,-0.9161491990089417,0.07915882021188736,0.04942461475729942,-0.0834367424249649,-0.06675959378480911,-1.6096463203430176,1.528539723949507e-05,2.2392998289433308e-05,1.243640963366488e-05,-3.918797801816254e-07
12.200380100000075,-0.9161874651908875,0.07912542670965195,0.04943331703543663,-0.0834469199180603,-0.06674394756555557,-1.6096439361572266,1.3472733371600043e-05,3.3266987884417176e-05,1.7628350178711116e-05,-1.2304667507123668e-07
12.220408700000007,-0.9161728620529175,0.07915045320987701,0.04941767454147339,-0.08345305919647217,-0.0667676031589508,-1.6096577644348145,8.783456905803178e-06,1.8814153008861467e-05,-3.0021894872334087e-06,8.71752854436636e-06
12.240406599999915,-0.9161655902862549,0.0791662186384201,0.049418993294239044,-0.08344289660453796,-0.06675738096237183,-1.6096545457839966,3.901350646628998e-05,2.0608487830031663e-05,-1.49272436829051e-05,8.68421011546161e-06
12.260096699999849,-0.9161735773086548,0.07917290925979614,0.04942493513226509,-0.08345950394868851,-0.06676489859819412,-1.6096423864364624,1.7953232600120828e-05,2.1847736206837e-05,4.429854925547261e-06,-3.7021063690190203e-06
12.28049049999936,-0.9161660671234131,0.07918576151132584,0.049433112144470215,-0.08344855904579163,-0.06675901263952255,-1.6096444129943848,3.1091847631614655e-05,3.585713420761749e-05,2.0711926481453702e-05,3.576550852812943e-06
12.30034859999978,-0.916165292263031,0.07918094098567963,0.04941105470061302,-0.0834391713142395,-0.06674711406230927,-1.6096456050872803,1.2074524420313537e-05,2.7304698960506357e-05,-2.6069658360938774e-06,-6.176155693538021e-06
12.320383799999945,-0.9162117838859558,0.07913488149642944,0.049432482570409775,-0.08342655003070831,-0.0667688250541687,-1.6096526384353638,2.787178527796641e-05,1.8896462279371917e-05,9.344025784230325e-07,-2.3943925953062717e-06
12.340201699999852,-0.9161696434020996,0.07919061928987503,0.04942982643842697,-0.08343461155891418,-0.06675088405609131,-1.6096470355987549,2.963641964015551e-05,2.3701039026491344e-05,1.2012105798930861e-05,9.397246685693972e-06
12.360396099999889,-0.9161460995674133,0.0791388750076294,0.04943428561091423,-0.08344820141792297,-0.06676381826400757,-1.609657883644104,8.264883945230395e-06,2.7718573619495146e-05,1.4430913779506227e-06,1.5856567188166082e-05
12.380194200000005,-0.9161419868469238,0.07915306091308594,0.04941803589463234,-0.08344381302595139,-0.06675262749195099,-1.6096447706222534,1.2974968740309123e-05,1.9544429960660636e-05,2.269472497573588e-05,-1.762548436090583e-06
12.400380600000062,-0.916183352470398,0.0791730061173439,0.04944552853703499,-0.08345925807952881,-0.0667533427476883,-1.6096466779708862,1.0069679774460383e-05,1.3318331184564158e-05,4.3645936784741934e-06,-1.0445884072396439e-05
12.420379799999864,-0.9161592721939087,0.07918550819158554,0.04944736137986183,-0.08344002068042755,-0.066756471991539,-1.6096434593200684,1.9726325263036415e-05,3.1871357350610197e-05,1.0258152087772032e-06,8.390296898141969e-06
12.440381599999455,-0.9161579012870789,0.07926355302333832,0.04943210631608963,-0.08344893157482147,-0.06674660742282867,-1.6096477508544922,3.811423812294379e-05,2.589905125205405e-05,1.3865908840671182e-05,9.742508154886309e-06
12.460378199999468,-0.916161060333252,0.07917532324790955,0.049431852996349335,-0.0834280252456665,-0.06675557792186737,-1.6096572875976562,1.0697299330786336e-05,2.9045051633147523e-05,-9.834079719439615e-06,-9.346452316094656e-06
12.48038219999944,-0.916110634803772,0.07918739318847656,0.04943697899580002,-0.08344362676143646,-0.06675691902637482,-1.609647274017334,1.834471186157316e-05,2.00164649868384e-05,1.2759161336362013e-06,-6.09298126619251e-07
12.500381199999538,-0.9161479473114014,0.07919590920209885,0.04942440614104271,-0.08342631906270981,-0.06676040589809418,-1.6096545457839966,1.907766272779554e-05,3.7093181163072586e-05,2.5655386707512662e-05,-4.108618213649606e-06
12.520151899999291,-0.9161436557769775,0.07913532853126526,0.04944644123315811,-0.08342912793159485,-0.06676393747329712,-1.6096611022949219,5.674450221704319e-06,1.701649307506159e-05,1.953061655513011e-05,-9.81348057393916e-06
12.540391099999397,-0.9161359667778015,0.07919597625732422,0.04943941533565521,-0.08343814313411713,-0.06675451993942261,-1.6096603870391846,3.219542486476712e-05,1.614796019566711e-05,-1.0053754522232339e-06,-9.695363587525208e-07
12.560388899999452,-0.9161469340324402,0.07916941493749619,0.04941021278500557,-0.0834437906742096,-0.06675171852111816,-1.609644889831543,3.0067069019423798e-05,2.0072628103662282e-05,-1.020490799419349e-05,-8.283679562737234e-06
12.580554799999845,-0.9161759614944458,0.07917562872171402,0.0494375117123127,-0.08344726264476776,-0.06674844026565552,-1.6096477508544922,1.3118607967044227e-05,2.6752062694868073e-05,6.308496267593e-07,1.4711507901665755e-05
12.600404199999502,-0.9161368608474731,0.07920116186141968,0.049427032470703125,-0.08343946933746338,-0.06676334142684937,-1.6096423864364624,2.891659823944792e-05,1.2450645954231732e-05,1.1964168152189814e-05,-2.8247773116163444e-06
12.620464199999333,-0.9161733388900757,0.07915381342172623,0.04943125322461128,-0.0834360271692276,-0.06677675247192383,-1.6096470355987549,2.6538622478256002e-05,2.530589154048357e-05,1.9224178686272353e-05,1.5708409364378895e-06
12.640377899999294,-0.9161345958709717,0.07917314022779465,0.04940858855843544,-0.08344575017690659,-0.06677110493183136,-1.6096484661102295,2.8378939532558434e-05,2.20631409320049e-05,1.6158523976628203e-06,-1.1541851563379169e-05
12.660364399999708,-0.9161595702171326,0.07915372401475906,0.049408383667469025,-0.08343475311994553,-0.06677360832691193,-1.60964834690094,8.977391189546324e-06,9.569746907800436e-06,1.1184263712493703e-05,-1.9054966742260149e-06
12.680436099999497,-0.916149914264679,0.07920379191637039,0.04941118508577347,-0.08345018327236176,-0.06675074994564056,-1.6096513271331787,2.0081313778064214e-05,2.7167443477082998e-05,-8.600268301961478e-06,1.046659417625051e-05
12.700356199999987,-0.9161557555198669,0.07919186353683472,0.04944746196269989,-0.083438441157341,-0.06676317751407623,-1.6096470355987549,1.3114360626786947e-05,2.3585851522511803e-05,-4.7014405026857276e-06,-1.0177784133702517e-05
12.720075199999883,-0.9161788821220398,0.0791754201054573,0.04943464323878288,-0.08347003161907196,-0.06674741953611374,-1.6096502542495728,-4.675275249610422e-06,2.0624238459276967e-05,1.2796615010302048e-05,-4.492306288739201e-06
12.740178399999422,-0.9161348342895508,0.07915132492780685,0.04942675307393074,-0.08343926072120667,-0.0667586550116539,-1.6096444129943848,1.7709870007820427e-05,3.0606061045546085e-05,1.7597005353309214e-05,6.95540256856475e-06
12.760318499999812,-0.9161558747291565,0.07923288643360138,0.0494268424808979,-0.08344598114490509,-0.06675363332033157,-1.6096432209014893,2.9479699151124805e-05,2.55195154750254e-05,1.275854720006464e-05,1.0246751116937958e-05
12.780335999999807,-0.9160955548286438,0.07916741818189621,0.04942777007818222,-0.08343859016895294,-0.06674578785896301,-1.60966157913208,3.5181881685275584e-05,2.5232768166461028e-05,7.350631676672492e-07,1.2148261703259777e-05
12.800328399999671,-0.9161314368247986,0.07915183156728745,0.049421526491642,-0.08344568312168121,-0.06675413250923157,-1.609654426574707,2.9666232876479626e-05,2.1476565962075256e-05,-1.4698063750984147e-05,4.7546109271934256e-07
12.820419499999844,-0.9161547422409058,0.07916770130395889,0.0494152195751667,-0.08342720568180084,-0.06675584614276886,-1.6096488237380981,2.219100497313775e-05,1.1308155990263913e-05,9.379175935464446e-06,9.05354772839928e-06
12.840369099999407,-0.9161108732223511,0.07919515669345856,0.049411557614803314,-0.08343294262886047,-0.06675142049789429,-1.6096460819244385,2.8242055122973397e-05,3.2966410799417645e-05,1.4093769095779862e-05,-7.280199952219846e-06
12.860385899999528,-0.9161306619644165,0.07919152081012726,0.04943867027759552,-0.08342927694320679,-0.06674668192863464,-1.6096515655517578,2.816033156705089e-05,2.9035003535682335e-05,2.7396081350161694e-06,-6.821719125582604e-06
12.880187299999307,-0.9161615967750549,0.07922934740781784,0.04941749572753906,-0.08344100415706635,-0.0667489767074585,-1.6096488237380981,3.5726123314816505e-05,1.5558885934296995e-05,2.404975748504512e-05,-2.8297324661252787e-07
12.900229999999283,-0.9161462783813477,0.0791761726140976,0.04942035675048828,-0.08344610035419464,-0.06675203144550323,-1.6096439361572266,2.1126301362528466e-05,2.3464301193598658e-05,9.880707693810109e-06,-4.801008344657021e-06
12.920365299999503,-0.9161750674247742,0.07914667576551437,0.04941175505518913,-0.08345374464988708,-0.06674377620220184,-1.6096676588058472,2.1722442397731356e-05,2.1367772205849178e-05,1.2857944057032e-05,2.3812169729353627e-06
12.940418099999988,-0.9161444306373596,0.07914815843105316,0.04943060129880905,-0.0834323912858963,-0.06676684319972992,-1.6096441745758057,2.208859586971812e-05,2.16870175790973e-05,1.998946027015336e-05,2.697862782952143e-06
12.960515299999315,-0.9161602854728699,0.07917717099189758,0.049432918429374695,-0.08343533426523209,-0.0667729601264,-1.609644889831543,2.2625310521107167e-05,2.797981142066419e-05,-1.4130697536529624e-06,1.7770789781934582e-06
12.98028129999966,-0.9161401987075806,0.07912804931402206,0.049428872764110565,-0.0834442675113678,-0.06676027178764343,-1.6096522808074951,2.351586226723157e-05,2.2903965145815164e-05,-6.7173855313740205e-06,-5.868605512659997e-06
13.000578700000005,-0.916153073310852,0.07917047291994095,0.04943838715553284,-0.08344011008739471,-0.06676424294710159,-1.6096501350402832,3.154092701151967e-05,1.0375445526733529e-05,1.1396263289498165e-05,3.7676384181395406e-06
13.020472999999583,-0.9161704182624817,0.07918916642665863,0.049434594810009,-0.08343170583248138,-0.06677956134080887,-1.6096467971801758,2.6857462216867134e-05,1.1534508303157054e-05,1.0007761375163682e-05,5.595318270934513e-07
13.040330299999368,-0.9161751866340637,0.07918287813663483,0.04941388964653015,-0.0834445059299469,-0.06675682216882706,-1.6096582412719727,3.462706445134245e-05,2.54134283750318e-05,1.8065764379571192e-05,8.892018740880303e-06
13.060386699999981,-0.9161404371261597,0.07915860414505005,0.04943229258060455,-0.08345314860343933,-0.06675891578197479,-1.6096441745758057,1.5219742635963485e-05,1.599438110133633e-05,1.2648561096284539e-05,6.429240215766185e-07
13.08061219999945,-0.9161471724510193,0.07917049527168274,0.04942033439874649,-0.08343739807605743,-0.06677138805389404,-1.6096514463424683,3.23629574268125e-05,2.3317907107411884e-05,1.9824092305498198e-06,6.527488949359395e-07
13.100570499999776,-0.9161413908004761,0.07919077575206757,0.049430981278419495,-0.08345267176628113,-0.06675682216882706,-1.6096420288085938,2.1198795366217382e-05,1.2017821973131504e-05,1.466753747081384e-05,1.6854551176948007e-07
13.120163999999932,-0.9161326885223389,0.07915473729372025,0.049413710832595825,-0.08343417197465897,-0.06675776839256287,-1.6096539497375488,2.1289837604854256e-05,1.4487912267213687e-05,1.8784568965202197e-05,5.302453246258665e-06
13.140657099999771,-0.9161925911903381,0.07915632426738739,0.04942396283149719,-0.08343175053596497,-0.06674794107675552,-1.609645128250122,2.55689155892469e-05,2.456983747833874e-05,1.2567948033392895e-05,9.335252798337024e-06
13.160342299999684,-0.9161948561668396,0.07918153703212738,0.04943733289837837,-0.08345285058021545,-0.06675074994564056,-1.6096479892730713,2.526098433008883e-05,9.344169484393205e-06,7.703218216192909e-06,-8.347494713234482e-07
13.180246399999305,-0.9161732792854309,0.07917209714651108,0.04943210259079933,-0.0834466814994812,-0.06674696505069733,-1.609643578529358,2.741569005593192e-05,2.0688175936811604e-05,4.935498054692289e-07,1.410133222634613e-06
13.200351399999818,-0.9161756038665771,0.0791655108332634,0.049439217895269394,-0.08343754708766937,-0.06678116321563721,-1.6096527576446533,1.0205459147982765e-05,3.095362990279682e-05,2.4677843612153083e-05,1.042651911120629e-05
13.220355200000085,-0.9161457419395447,0.07915563881397247,0.049425624310970306,-0.08344302326440811,-0.06677287817001343,-1.6096487045288086,2.0957664673915133e-05,1.0902787835220806e-05,7.924018063931726e-06,3.7752758998976788e-06
13.240286299999752,-0.9161815643310547,0.07920733839273453,0.04943834990262985,-0.08343787491321564,-0.0667472779750824,-1.609649658203125,6.822111572546419e-06,1.494010939495638e-05,3.872424713335931e-06,-5.99357144892565e-06
13.260466899999301,-0.9161455631256104,0.0791705846786499,0.04940269514918327,-0.08345264196395874,-0.06674668192863464,-1.6096460819244385,2.8938611649209633e-05,2.2750940843252465e-05,1.4906163414707407e-08,9.462978596275207e-06
13.28044189999946,-0.9161275625228882,0.07915735989809036,0.049431946128606796,-0.08344651013612747,-0.06675458699464798,-1.6096415519714355,1.3032665265200194e-05,2.7467505788081326e-05,2.5688997993711382e-05,-4.041935426357668e-07
13.300327899999502,-0.9161855578422546,0.07917296141386032,0.04944710433483124,-0.08341383934020996,-0.06676832586526871,-1.6096479892730713,4.235053347656503e-05,2.0006580598419532e-05,3.3957348932744935e-08,-4.865307346335612e-06
13.320417599999928,-0.9161717891693115,0.0792054757475853,0.049440737813711166,-0.08343876153230667,-0.06676128506660461,-1.6096432209014893,3.573344292817637e-05,1.4271476175053976e-05,6.159399617899908e-06,3.3548326427990105e-06
13.340427199999795,-0.9161638021469116,0.0791669636964798,0.04942863807082176,-0.083452507853508,-0.06675606966018677,-1.6096460819244385,3.9851882320363075e-05,2.4034674424910918e-05,1.0996131095453165e-05,1.3479394510795828e-05
13.360382599999866,-0.9161520004272461,0.0792117789387703,0.049427833408117294,-0.08342836797237396,-0.06676413863897324,-1.6096454858779907,3.4826636692741886e-05,2.713321373448707e-05,2.444015262881294e-05,1.1145210009999573e-05
13.380350800000087,-0.9161592125892639,0.0791829526424408,0.049434956163167953,-0.08343774080276489,-0.06673275679349899,-1.609663486480713,2.4938810383901e-05,3.083413321292028e-05,-3.449520590947941e-06,-3.5964540074928664e-06
13.40035589999934,-0.9161726832389832,0.07917516678571701,0.04943364858627319,-0.08345147967338562,-0.06676247715950012,-1.6096510887145996,3.0404475182876922e-05,1.7150203348137438e-05,7.971638638082368e-07,-2.8029071472701617e-06
13.420457799999895,-0.9161765575408936,0.0791536420583725,0.049415312707424164,-0.08343334496021271,-0.06677388399839401,-1.6096441745758057,2.1449499399750493e-05,1.9049033653573133e-05,1.8742957763606682e-07,-2.719080157476128e-06
13.44033169999966,-0.9161649346351624,0.07917500287294388,0.04942725598812103,-0.08343447744846344,-0.06675330549478531,-1.6096458435058594,1.6621601389488205e-05,2.566394687164575e-05,-3.3189003261213657e-06,-4.74105991088436e-06
13.460288299999775,-0.9161943197250366,0.07918082177639008,0.049450021237134933,-0.08344385027885437,-0.06677448004484177,-1.6096431016921997,1.1914554306713399e-05,1.871863059932366e-05,3.367427780176513e-06,4.360661932878429e-06
13.480590599999232,-0.9161815643310547,0.0791834220290184,0.04944847896695137,-0.08343583345413208,-0.06675095856189728,-1.609652042388916,3.068348451051861e-05,1.4319773981696926e-05,6.745535756635945e-06,1.6429844436061103e-06
13.500608399999692,-0.9161306023597717,0.07920844852924347,0.049428027123212814,-0.08344477415084839,-0.06676948070526123,-1.6096503734588623,1.383961716783233e-05,1.6894015061552636e-05,9.04074840946123e-06,-5.503819124896836e-07
13.520058699999936,-0.9161489009857178,0.07918348163366318,0.049435269087553024,-0.0834331065416336,-0.06677058339118958,-1.6096453666687012,1.9608973161666654e-05,1.4927991287549958e-05,-1.1892107067978941e-05,-7.453533726220485e-06
13.540363600000092,-0.9161550998687744,0.07922135293483734,0.04942880943417549,-0.08344376087188721,-0.06676726043224335,-1.609641671180725,2.3642805899726227e-05,2.228195808129385e-05,1.0751457011792809e-05,-7.5362968345871195e-06
13.560614399999395,-0.9161132574081421,0.0791657492518425,0.04941989481449127,-0.08344379812479019,-0.06677673012018204,-1.6096467971801758,2.890904033847619e-05,2.1049778297310695e-05,2.5232664029317675e-06,3.2358275348087773e-06
13.580346400000053,-0.9161664247512817,0.07923281192779541,0.04941805079579353,-0.08344237506389618,-0.06674867868423462,-1.6096445322036743,3.234004179830663e-05,2.2881000404595397e-05,6.404699433915084e-06,-2.0950724319845904e-06
13.600157099999706,-0.9161599278450012,0.0792015939950943,0.049419380724430084,-0.08343998342752457,-0.06675094366073608,-1.6096446514129639,1.4365235983859748e-05,1.826182233344298e-05,4.7096277739910875e-06,-1.733089447952807e-06
13.620643700000073,-0.9161629676818848,0.07915308326482773,0.04944148287177086,-0.08344393968582153,-0.06676109880208969,-1.609651803970337,3.269871376687661e-05,1.9374045223230496e-05,1.6755046090111136e-05,6.535855391121004e-06
13.64033919999929,-0.9161376357078552,0.07915791869163513,0.049437616020441055,-0.08343930542469025,-0.06675349175930023,-1.6096460819244385,1.4948833268135786e-05,1.5814292055438273e-05,-3.1573385967931245e-06,-4.084672127646627e-06
13.66033729999981,-0.9161767363548279,0.07916779071092606,0.049424584954977036,-0.08342897891998291,-0.06675398349761963,-1.6096580028533936,2.192496322095394e-05,2.772028346953448e-05,-1.0880826266657095e-05,-1.916994960993179e-06
13.680350499999804,-0.9161437153816223,0.07915209233760834,0.04942864924669266,-0.08343682438135147,-0.06677013635635376,-1.6096463203430176,1.504324063716922e-05,1.2390200026857201e-05,3.424593842282775e-06,3.4110703381884377e-06
13.700608299999658,-0.916149914264679,0.07914139330387115,0.049426086246967316,-0.08344607055187225,-0.06674477458000183,-1.6096525192260742,3.0353623515111394e-05,2.057549136225134e-05,2.446749476803234e-06,9.051089477907226e-07
13.720419199999924,-0.9161542057991028,0.07915487140417099,0.049418069422245026,-0.08343832939863205,-0.06677310168743134,-1.6096546649932861,2.1896736143389717e-05,2.946291715488769e-05,5.957335815764964e-07,-3.1020274491311284e-06
13.740247299999282,-0.9161836504936218,0.0791502520442009,0.04944008216261864,-0.08345206081867218,-0.06676533818244934,-1.6096512079238892,9.900088116410188e-06,1.460895873606205e-05,8.169283319148235e-06,1.1163174349348992e-06
13.760422899999867,-0.9161607027053833,0.07920748740434647,0.04941602051258087,-0.08343015611171722,-0.06675256788730621,-1.6096487045288086,1.1468560842331499e-05,1.9539827917469665e-05,-2.389225301158149e-06,3.200524361091084e-06
13.780398799999602,-0.9161602258682251,0.079171322286129,0.049435414373874664,-0.0834449827671051,-0.06677870452404022,-1.6096482276916504,2.4419954570475966e-05,2.0276716895750724e-05,8.862957656674553e-08,1.5110321101019508e-06
13.800629499999559,-0.916172444820404,0.07916916906833649,0.0494328998029232,-0.08344018459320068,-0.06676575541496277,-1.609643578529358,1.8848964828066528e-05,1.7220194422407076e-05,-9.774120371730532e-06,-1.923498075484531e-06
13.820341699999517,-0.9161714315414429,0.07919701933860779,0.0494384691119194,-0.08345907926559448,-0.06676197052001953,-1.6096456050872803,2.8106958779972047e-05,1.814022834878415e-05,-6.235972705326276e-06,6.244607902772259e-06
13.840398800000003,-0.9161428809165955,0.07917538285255432,0.04942460358142853,-0.0834488570690155,-0.0667511522769928,-1.609645128250122,3.878971983795054e-05,1.771466850186698e-05,1.9500409962347476e-06,-2.602189624667517e-06
13.860587299999679,-0.9161344766616821,0.07915229350328445,0.049437668174505234,-0.08346100151538849,-0.06673967838287354,-1.6096603870391846,2.4115444830385968e-05,2.5795188776100986e-05,-3.2510499750060262e-06,-6.590955308638513e-06
13.880341499999304,-0.9161301851272583,0.07916074991226196,0.04943719506263733,-0.08346835523843765,-0.06674881279468536,-1.609649658203125,3.396635293029249e-05,2.502166898921132e-05,8.598140993854031e-06,5.710860477847746e-07
13.900359799999933,-0.9161494970321655,0.0791589543223381,0.04944992437958717,-0.08343860507011414,-0.06676515936851501,-1.609641432762146,9.991485057980753e-06,2.5789720893953927e-05,-6.662962732661981e-06,7.825708962627687e-06
13.920354899999438,-0.9161806702613831,0.07915788143873215,0.049437299370765686,-0.08343692868947983,-0.06674976646900177,-1.6096506118774414,2.370112997596152e-05,1.8743568944046274e-05,1.742970198392868e-05,-2.7520954972715117e-06
13.940326599999935,-0.9161635041236877,0.07919378578662872,0.049416255205869675,-0.0834554135799408,-0.06676055490970612,-1.6096467971801758,2.6784242436406203e-05,2.5359879145980813e-05,-1.9881218804584933e-07,-7.469686806871323e-06
13.960379999999532,-0.9161752462387085,0.07919149100780487,0.04943987727165222,-0.08345545828342438,-0.06675110012292862,-1.6096467971801758,3.20284379995428e-05,2.1697416741517372e-05,-3.5170887713320553e-06,-9.653779216023395e-07
13.980396799999653,-0.9161810874938965,0.07920895516872406,0.0494261160492897,-0.08344288915395737,-0.06674933433532715,-1.6096546649932861,1.6754207535996102e-05,3.4755874366965145e-05,1.5673653251724318e-05,-2.3177626644610427e-06
14.00012439999955,-0.9161259531974792,0.07914765179157257,0.049448128789663315,-0.08344175666570663,-0.0667739287018776,-1.6096453666687012,3.3683638321235776e-05,-1.8331085129830171e-06,3.343619937368203e-06,-4.871672899753321e-06
14.02037719999953,-0.9161542057991028,0.0791340172290802,0.04943390563130379,-0.08344599604606628,-0.06675001978874207,-1.6096470355987549,1.7245873095816933e-05,2.826742820616346e-05,-5.912763299420476e-06,7.823825853847666e-08
14.040115599999808,-0.9161487221717834,0.07918455451726913,0.04942719638347626,-0.08346191048622131,-0.06674712896347046,-1.609649419784546,7.792504220560659e-06,2.5267074306611903e-05,-1.7687914350972278e-06,9.449679055251181e-06
14.060387999999875,-0.9161542654037476,0.07920078933238983,0.049420665949583054,-0.08343228697776794,-0.0667593851685524,-1.6096460819244385,2.6154802981182e-05,2.331515497644432e-05,1.0757099516922608e-05,7.2410530265187845e-06
14.080338899999333,-0.9161540865898132,0.07922608405351639,0.049432143568992615,-0.08344592154026031,-0.06675584614276886,-1.609642744064331,2.7627111194306053e-05,2.730122287175618e-05,5.192242497287225e-06,-1.4678062143502757e-06
14.100412499999948,-0.9161468148231506,0.0791950523853302,0.04943026229739189,-0.08344337344169617,-0.06675948202610016,-1.609659194946289,2.896322257583961e-05,9.870744179352187e-06,7.453286343661603e-07,-9.782681900105672e-07
14.120299999999588,-0.9161731600761414,0.0791851058602333,0.04942037910223007,-0.08343279361724854,-0.06674081087112427,-1.6096491813659668,2.9611081117764115e-05,1.2269104445294943e-05,2.042876985797193e-05,-4.803070623893291e-06
14.140365700000075,-0.916174590587616,0.07914372533559799,0.049426693469285965,-0.08345230668783188,-0.06676512956619263,-1.6096431016921997,3.0953910027164966e-05,2.202513496740721e-05,3.060580638702959e-06,-1.3169933481549378e-06
14.160328999999365,-0.9161455631256104,0.07916940003633499,0.049417201429605484,-0.0834338515996933,-0.0667654275894165,-1.6096522808074951,2.4654842491145246e-05,2.1360336177167483e-05,1.170573705167044e-05,-1.4427222595259082e-05
14.180330099999992,-0.9161425828933716,0.07917281240224838,0.04943849518895149,-0.08343562483787537,-0.06675879657268524,-1.609651803970337,3.5383687645662576e-05,2.5153796741506085e-05,-1.6376925486838445e-06,-3.8016153212083736e-06
14.20031569999992,-0.9161164164543152,0.07913484424352646,0.049426671117544174,-0.08345340937376022,-0.06675764173269272,-1.609652042388916,3.867122723022476e-05,1.3254561054054648e-05,6.0424094954214524e-06,-8.334460289916024e-06
