9.159999990515644e-05,0.0437924787402153,0.15541942417621613,-0.014590938575565815,-0.0375727154314518,-0.03770824521780014,-0.045607954263687134,-6.846456381026655e-05,-0.04612191766500473,-2.011260403378401e-05,0.04799661040306091
0.020214400000440946,0.0438065230846405,0.1554759293794632,-0.014593553729355335,-0.03757277876138687,-0.03772095590829849,-0.04561828821897507,-7.235647353809327e-05,-0.046116869896650314,-2.1134223061380908e-05,0.04800267145037651
0.04028400000061083,0.04383399337530136,0.15544173121452332,-0.014579717069864273,-0.03757418319582939,-0.03770060837268829,-0.04559563100337982,-8.081945998128504e-05,-0.046128347516059875,-9.693021638668142e-06,0.04800913855433464
0.060518100000081176,0.04378066956996918,0.155448317527771,-0.014604481868445873,-0.03756897896528244,-0.037707798182964325,-0.04561559110879898,-6.920145824551582e-05,-0.046113334596157074,-4.372542207420338e-06,0.04801104962825775
0.080336900000475,0.04383287578821182,0.15544074773788452,-0.014597892761230469,-0.037563472986221313,-0.03770192712545395,-0.0456121563911438,-6.151117850095034e-05,-0.0461251400411129,-9.467919880989939e-06,0.04800226539373398
0.10035430000061751,0.04379525035619736,0.1554451733827591,-0.014590348117053509,-0.03756215423345566,-0.03771751746535301,-0.045612633228302,-8.391187293455005e-05,-0.046140156686306,-2.0738480088766664e-05,0.04800236225128174
0.12049769999975979,0.043834857642650604,0.15542560815811157,-0.014595896005630493,-0.03755950182676315,-0.03771686553955078,-0.04560200124979019,-8.14776576589793e-05,-0.04612366110086441,-2.0691844838438556e-05,0.0480133518576622
0.14031290000002627,0.04382840171456337,0.15545791387557983,-0.014624221250414848,-0.03756479173898697,-0.03770970180630684,-0.04559774696826935,-7.255167292896658e-05,-0.04612674564123154,-1.052346942742588e-05,0.048003196716308594
0.16014610000001994,0.04383014515042305,0.15543104708194733,-0.014593658037483692,-0.03756508231163025,-0.03770884871482849,-0.045603688806295395,-5.8659425121732056e-05,-0.046120934188365936,-2.246322765131481e-05,0.04799923300743103
0.18023410000023432,0.04381576552987099,0.15546151995658875,-0.014584587886929512,-0.037578653544187546,-0.0376880019903183,-0.04560844600200653,-8.421584061579779e-05,-0.046130239963531494,-1.4015872693562414e-05,0.047997571527957916
0.20043290000012348,0.0438336543738842,0.1554221659898758,-0.01459293533116579,-0.037570223212242126,-0.03771074488759041,-0.04560515284538269,-6.677210330963135e-05,-0.04613689333200455,-2.4117791326716542e-05,0.04799968749284744
0.22017030000006343,0.043846338987350464,0.1554691195487976,-0.014604238793253899,-0.03756406530737877,-0.03770359233021736,-0.04562237113714218,-8.287500531878322e-05,-0.04613906517624855,-3.056835339521058e-05,0.047996215522289276
0.2401813000005859,0.043794065713882446,0.15547651052474976,-0.014591271989047527,-0.03756937384605408,-0.03770684450864792,-0.04561634361743927,-6.92363828420639e-05,-0.04611749202013016,-1.8307757272850722e-05,0.048006054013967514
0.2601409999997486,0.04378478229045868,0.15544283390045166,-0.014591126702725887,-0.03756377100944519,-0.037696368992328644,-0.04559607803821564,-7.194692443590611e-05,-0.046132877469062805,-1.4731916962773539e-05,0.04800540953874588
0.28042830000049435,0.04383823275566101,0.15547339618206024,-0.014605780132114887,-0.0375705286860466,-0.03771744668483734,-0.045612867921590805,-6.471834058174863e-05,-0.04612860828638077,-2.3367354515357874e-05,0.0480048805475235
0.30052190000060364,0.043825212866067886,0.1554395705461502,-0.014595813117921352,-0.03755973279476166,-0.03770051524043083,-0.04560057818889618,-7.826821820344776e-05,-0.046137742698192596,-1.4961215129005723e-05,0.04800530523061752
0.32042189999992843,0.043786607682704926,0.15545448660850525,-0.014597449451684952,-0.037579186260700226,-0.03771636635065079,-0.04561101272702217,-8.087219612207264e-05,-0.0461253821849823,-2.8564760214067064e-05,0.04800312593579292
0.34048450000045705,0.043850041925907135,0.15546134114265442,-0.014616245403885841,-0.037562672048807144,-0.03771957755088806,-0.04561412334442139,-7.854375871829689e-05,-0.04615176469087601,-1.6050313206505962e-05,0.04799886792898178
0.36051950000000943,0.04382660612463951,0.155436709523201,-0.014599388465285301,-0.03757390379905701,-0.03771360218524933,-0.045605599880218506,-6.570936238858849e-05,-0.04613931104540825,-1.4555306734109763e-05,0.04801613837480545
0.3802878000005876,0.04382118582725525,0.15546537935733795,-0.014591501094400883,-0.03755863755941391,-0.03770558536052704,-0.045612625777721405,-9.268648864235729e-05,-0.046123672276735306,-5.7447700783086475e-06,0.04800152778625488
0.4004725000004328,0.04380004480481148,0.15546724200248718,-0.014585468918085098,-0.03755777329206467,-0.03770769387483597,-0.04561658203601837,-7.968113641254604e-05,-0.046138204634189606,-4.094289124623174e-06,0.04800701513886452
0.42057610000028944,0.04380461573600769,0.15543319284915924,-0.014594465494155884,-0.037562962621450424,-0.037701964378356934,-0.045618653297424316,-7.437560270773247e-05,-0.04613419622182846,-1.588989471201785e-05,0.04800215736031532
0.4405000000006112,0.04381045699119568,0.15546567738056183,-0.014583652839064598,-0.037576064467430115,-0.037707261741161346,-0.04561634361743927,-6.479466537712142e-05,-0.04614030569791794,-9.659574971010443e-07,0.04799104854464531
0.4604411999998774,0.04383338242769241,0.15545228123664856,-0.01459981594234705,-0.03756462782621384,-0.03771818429231644,-0.04560697823762894,-7.996454951353371e-05,-0.04613029211759567,5.258949613562436e-07,0.048004746437072754
0.48044910000044183,0.04380389675498009,0.15544578433036804,-0.014588470570743084,-0.03756295144557953,-0.03771350160241127,-0.04561745002865791,-7.224935689009726e-05,-0.046133991330862045,-1.8848897525458597e-05,0.0480046346783638
0.5000987000003079,0.043811507523059845,0.15544427931308746,-0.014588063582777977,-0.03756365180015564,-0.037703730165958405,-0.04561135172843933,-9.106115612667054e-05,-0.04614082723855972,-7.395638931484427e-06,0.0480121411383152
0.5204814999997325,0.04383924603462219,0.1554303914308548,-0.014590125530958176,-0.03756379336118698,-0.03769996762275696,-0.04562165588140488,-7.783684122841805e-05,-0.04613602161407471,-2.07827179110609e-05,0.048006925731897354
0.5405895000003511,0.0438123419880867,0.15549002587795258,-0.01460033655166626,-0.03757592290639877,-0.037705548107624054,-0.045608848333358765,-7.00153032084927e-05,-0.04613471031188965,-1.7594800738152117e-05,0.047985807061195374
0.5604997000000367,0.04379948973655701,0.15545554459095,-0.014602315612137318,-0.03756927698850632,-0.03771679848432541,-0.045615650713443756,-7.366942008957267e-05,-0.04610971361398697,-2.2867563529871404e-05,0.04800456389784813
0.5801568000006228,0.043824389576911926,0.15547287464141846,-0.014594918116927147,-0.03757615387439728,-0.03771686553955078,-0.045614346861839294,-6.16174002061598e-05,-0.04610653221607208,-1.0059643500426318e-05,0.04801670089364052
0.6003750999998374,0.0438464991748333,0.15542350709438324,-0.014615110121667385,-0.03756457567214966,-0.03769977390766144,-0.04560618847608566,-6.407283945009112e-05,-0.046131718903779984,-2.3080296159605496e-05,0.04800732806324959
0.6205084000002898,0.04382799565792084,0.15543252229690552,-0.01459658332169056,-0.03757031261920929,-0.03771387040615082,-0.045601986348629,-6.512946856673807e-05,-0.046134017407894135,-3.251934685977176e-05,0.048009421676397324
0.6404589000003398,0.04377104341983795,0.1554369330406189,-0.014596085995435715,-0.03756432235240936,-0.03771154582500458,-0.04561350494623184,-7.47892918298021e-05,-0.046156249940395355,-6.712215053994441e-06,0.04801223799586296
0.6604321000004347,0.04382205754518509,0.15545378625392914,-0.014583404175937176,-0.037560515105724335,-0.03771388158202171,-0.04559747874736786,-8.306460222229362e-05,-0.04610968753695488,-4.656838427763432e-06,0.04800201952457428
0.6804271000000881,0.04381457716226578,0.15544794499874115,-0.014584211632609367,-0.037575725466012955,-0.03770994395017624,-0.045615311712026596,-7.315462426049635e-05,-0.04612410068511963,-2.0196992409182712e-05,0.04801025614142418
0.7004713000005722,0.04381772130727768,0.15541483461856842,-0.014596333727240562,-0.03757131099700928,-0.03771405294537544,-0.045621857047080994,-7.333731628023088e-05,-0.046145640313625336,-1.3115959518472664e-05,0.047996774315834045
0.7204028000005565,0.04380187392234802,0.1554354429244995,-0.014592478983104229,-0.03757578879594803,-0.03769156336784363,-0.04560305178165436,-7.224107685033232e-05,-0.0461212694644928,-1.2710447663266677e-05,0.048002976924180984
0.7405807000004643,0.043804317712783813,0.15546756982803345,-0.014573482796549797,-0.037566378712654114,-0.03770763427019119,-0.045607440173625946,-8.704018546268344e-05,-0.04613009840250015,-2.5873123377095908e-05,0.04800045117735863
0.7604467999999542,0.04382959008216858,0.15542586147785187,-0.014594094827771187,-0.037576206028461456,-0.037711672484874725,-0.04561914503574371,-8.74599936651066e-05,-0.046130433678627014,-1.6025525837903842e-05,0.047992605715990067
0.7802157000005536,0.04384564608335495,0.15544010698795319,-0.014597805216908455,-0.03756309300661087,-0.03769240528345108,-0.04561373591423035,-7.418752647936344e-05,-0.046135690063238144,-2.577828854555264e-05,0.04800010845065117
0.8002283000005264,0.04382724314928055,0.1554374247789383,-0.014605879783630371,-0.037573449313640594,-0.037710607051849365,-0.04559924453496933,-7.58199457777664e-05,-0.04615091159939766,-1.8936985725304112e-05,0.048010844737291336
0.8203475999998773,0.04382286220788956,0.155440092086792,-0.01459588948637247,-0.037575967609882355,-0.037707842886447906,-0.045606594532728195,-6.123483763076365e-05,-0.046112269163131714,-1.1979156624875031e-05,0.048000890761613846
0.8405322999997225,0.04382026195526123,0.15544246137142181,-0.014601764269173145,-0.03757297247648239,-0.037714630365371704,-0.045610614120960236,-6.406443571904674e-05,-0.046154119074344635,-2.7065798349212855e-05,0.04799638316035271
0.8603816000004372,0.043805330991744995,0.15547963976860046,-0.01459679938852787,-0.03757050633430481,-0.03770279139280319,-0.04562364146113396,-7.153943442972377e-05,-0.046141695231199265,-2.9503271434805356e-05,0.048010267317295074
0.88015600000017,0.043761663138866425,0.1554570198059082,-0.014601018279790878,-0.037566620856523514,-0.037707529962062836,-0.04561847448348999,-5.257467637420632e-05,-0.04612318053841591,-1.9878825696650892e-05,0.048005420714616776
0.9001257999998415,0.04378412663936615,0.1554647982120514,-0.014619354158639908,-0.03757613152265549,-0.03770337998867035,-0.04560788720846176,-6.900486187078059e-05,-0.04612932726740837,-1.358103418169776e-05,0.048000920563936234
0.9205331000002843,0.04383713752031326,0.15543615818023682,-0.014596669934689999,-0.03756509721279144,-0.03768940269947052,-0.04561398923397064,-8.677944424562156e-05,-0.04613661766052246,-1.0740559446276166e-05,0.04798830673098564
0.9400954000002457,0.043811097741127014,0.15546666085720062,-0.01459615770727396,-0.037570565938949585,-0.03771577775478363,-0.04559566080570221,-7.31035033822991e-05,-0.046140216290950775,-1.2931175660924055e-05,0.04799237102270126
0.9602129000004425,0.043778903782367706,0.15547235310077667,-0.01458497904241085,-0.03756348416209221,-0.03771284595131874,-0.04562896490097046,-7.3272327426821e-05,-0.04611563682556152,-2.7204192520002834e-05,0.048003993928432465
0.9804449000002933,0.04378615692257881,0.15545961260795593,-0.01458752527832985,-0.03756703436374664,-0.03770612180233002,-0.045618243515491486,-6.686260167043656e-05,-0.046142980456352234,-2.2754633391741663e-05,0.048005759716033936
1.0001686000005066,0.04382556676864624,0.15548764169216156,-0.014612924307584763,-0.037564702332019806,-0.03770946338772774,-0.04562671482563019,-7.6084237662144e-05,-0.04614574462175369,-2.3208363927551545e-05,0.04800430312752724
1.0204017000005479,0.04380766302347183,0.1554807871580124,-0.01460353285074234,-0.0375664159655571,-0.037704646587371826,-0.04558748006820679,-7.559217920061201e-05,-0.046141959726810455,9.94017909761169e-07,0.04799611493945122
1.0403978000003917,0.043795861303806305,0.15546061098575592,-0.014642412774264812,-0.03756634145975113,-0.03769255802035332,-0.0457136407494545,-6.0375576140359044e-05,-0.04615310579538345,-4.169597559666727e-06,0.048004817217588425
1.0604591999999684,0.043816693127155304,0.15545323491096497,-0.014683806337416172,-0.03782564401626587,-0.03769705444574356,-0.04573486000299454,-7.73069477872923e-05,-0.046115364879369736,-1.3698133443540428e-05,0.04801229014992714
1.0804035000001022,0.043823011219501495,0.15545187890529633,-0.014885708689689636,-0.03787489980459213,-0.03769604116678238,-0.04571489244699478,-7.913632725831121e-05,-0.04611546918749809,-3.1196021154755726e-05,0.04801299050450325
1.100182300000597,0.04379267990589142,0.15546447038650513,-0.015233658254146576,-0.03893852233886719,-0.03765355050563812,-0.04567812383174896,-7.989778532646596e-05,-0.04612784832715988,-1.8402086425339803e-05,0.047997139394283295
1.1205833000003622,0.04381764680147171,0.1554507315158844,-0.01536540500819683,-0.04450321942567825,-0.037645936012268066,-0.045754335820674896,-8.614321995992213e-05,-0.04612318426370621,-1.1985961464233696e-05,0.04800241440534592
1.1403540000001158,0.04381793737411499,0.15542206168174744,-0.016141951084136963,-0.05513771250844002,-0.03766608238220215,-0.04574780911207199,-7.475222810171545e-05,-0.04614231735467911,-1.2853153748437762e-05,0.04800090938806534
1.1601393000000826,0.043803490698337555,0.15550556778907776,-0.017307322472333908,-0.06439782679080963,-0.03769281506538391,-0.04569411277770996,-5.794160097138956e-05,-0.04614894092082977,-2.7710702852346003e-05,0.04801177605986595
1.1804915000002438,0.0438024066388607,0.1554540991783142,-0.017806442454457283,-0.07230442762374878,-0.03763672336935997,-0.04570772871375084,-7.609718886669725e-05,-0.04614173248410225,-2.830014273058623e-05,0.047999802976846695
1.2002354000005653,0.043846890330314636,0.15547312796115875,-0.017746008932590485,-0.0772327184677124,-0.03763904049992561,-0.045719850808382034,-7.755967089906335e-05,-0.04615096002817154,-1.5427576727233827e-05,0.04799887165427208
1.2203160999997635,0.043767884373664856,0.15546421706676483,-0.01771080307662487,-0.07868997752666473,-0.03766997158527374,-0.04570678994059563,-6.446035695262253e-05,-0.046118639409542084,-2.2398726287065074e-05,0.04800059273838997
1.2404542000003858,0.04381363093852997,0.15546974539756775,-0.017534397542476654,-0.07905226945877075,-0.03765546530485153,-0.04568091779947281,-7.976166671141982e-05,-0.04613588750362396,-1.782088838808704e-05,0.048002053052186966
1.260309799999959,0.043828584253787994,0.15546225011348724,-0.01721566542983055,-0.07875828444957733,-0.03767566382884979,-0.04567268490791321,-8.17008622107096e-05,-0.046125590801239014,-1.6304176824633032e-05,0.04801500588655472
1.2801257000000987,0.04381205514073372,0.15543591976165771,-0.016862761229276657,-0.07867519557476044,-0.03765523433685303,-0.04567641764879227,-8.152468944899738e-05,-0.04616183042526245,-8.15058228909038e-06,0.04800064116716385
1.3005283000002237,0.04378563538193703,0.155473992228508,-0.015227862633764744,-0.07867908477783203,-0.037688545882701874,-0.045662861317396164,-6.417345139198005e-05,-0.04615463316440582,-1.3613289411296137e-05,0.04801824316382408
1.320284299999912,0.043806277215480804,0.15546157956123352,-0.013849237933754921,-0.07861451804637909,-0.03765475004911423,-0.04564005881547928,-8.361623622477055e-05,-0.046144939959049225,-1.568375955685042e-05,0.048009153455495834
1.3404412999998385,0.04379674047231674,0.1554778814315796,-0.013663656078279018,-0.07863043248653412,-0.037717558443546295,-0.0456375852227211,-6.580403714906424e-05,-0.046127866953611374,-1.1814723620773293e-05,0.04798874258995056
1.3604224999999133,0.04382610321044922,0.15546591579914093,-0.013589276932179928,-0.07876940071582794,-0.03767780214548111,-0.04563850164413452,-7.240472768899053e-05,-0.04613024741411209,-1.0066119102702942e-05,0.047997795045375824
1.3804153999999471,0.04379279911518097,0.15546882152557373,-0.013616686686873436,-0.07890777289867401,-0.03766809403896332,-0.04563865065574646,-6.593581929337233e-05,-0.04612245410680771,-2.3369411792373285e-05,0.04800114035606384
1.4004627000003893,0.0438198447227478,0.15549324452877045,-0.01374825555831194,-0.07891435921192169,-0.03766336664557457,-0.04564879834651947,-5.9155332564841956e-05,-0.04611944407224655,-9.865781066764612e-06,0.04798802360892296
1.4205086000001756,0.0438225194811821,0.15544965863227844,-0.013886143453419209,-0.07890845835208893,-0.03768863528966904,-0.045779041945934296,-6.0716720327036455e-05,-0.046137019991874695,-4.265312327333959e-06,0.04800393059849739
1.4403315999998085,0.04379774630069733,0.15545488893985748,-0.013982019387185574,-0.0789455771446228,-0.03769596666097641,-0.04647023230791092,-7.009539694990963e-05,-0.046164609491825104,-1.3766981282969937e-05,0.04800394922494888
1.460414000000128,0.04384410381317139,0.1554519236087799,-0.014681728556752205,-0.0789288878440857,-0.03764420747756958,-0.04945050925016403,-7.061004725983366e-05,-0.046162642538547516,7.096257377270376e-06,0.04800570756196976
1.4805069000003641,0.04379658401012421,0.15546274185180664,-0.018074920400977135,-0.07897834479808807,-0.03765128180384636,-0.05060234293341637,-7.755040132906288e-05,-0.046144720166921616,3.247423592256382e-07,0.04800936579704285
1.5003317999999126,0.04382507503032684,0.15543754398822784,-0.025005880743265152,-0.07890645414590836,-0.03766549378633499,-0.05357725918292999,-7.622180419275537e-05,-0.04611700028181076,-1.6715908714104444e-05,0.04801079258322716
1.5204524000000674,0.04383260756731033,0.15546731650829315,-0.03506818413734436,-0.07886932790279388,-0.03764792159199715,-0.06202055886387825,-6.344957364490256e-05,-0.046106208115816116,1.0540672974457266e-06,0.04799400642514229
1.540430600000036,0.04379640519618988,0.15544302761554718,-0.048998959362506866,-0.07890394330024719,-0.03763985261321068,-0.0736052393913269,-7.414727588184178e-05,-0.046120934188365936,-1.8040922441286966e-05,0.048001714050769806
1.5604058999997505,0.043835487216711044,0.15543583035469055,-0.06993240863084793,-0.07900256663560867,-0.03766171261668205,-0.08589296787977219,-8.857530337991193e-05,-0.04612407833337784,3.368764737388119e-06,0.048002976924180984
1.5804329000002326,0.04380752146244049,0.15544837713241577,-0.09687736630439758,-0.07905168831348419,-0.03767950087785721,-0.10163437575101852,-7.064308738335967e-05,-0.046133581548929214,-5.2981449698563665e-06,0.04800053685903549
1.6005279000000883,0.04378737136721611,0.15547382831573486,-0.12508942186832428,-0.07892689108848572,-0.03764694929122925,-0.12242376059293747,-7.899635966168717e-05,-0.04616440832614899,-1.740980223985389e-05,0.048005010932683945
1.62057090000053,0.04379076510667801,0.15543784201145172,-0.15460635721683502,-0.07869039475917816,-0.03764775022864342,-0.1460903435945511,-7.362659380305558e-05,-0.04614149034023285,-4.638896825781558e-06,0.048002421855926514
1.6402451000003566,0.043850868940353394,0.15544648468494415,-0.18281136453151703,-0.0787467509508133,-0.03765176236629486,-0.17033755779266357,-7.454399019479752e-05,-0.04614948481321335,-1.1555712262634188e-05,0.04800007492303848
1.6601325000001452,0.04381711781024933,0.15544545650482178,-0.2083207219839096,-0.07875722646713257,-0.03764861077070236,-0.19698353111743927,-7.19578965799883e-05,-0.046128131449222565,-2.374222458456643e-05,0.048014331609010696
1.6802082000003793,0.04380074888467789,0.15542829036712646,-0.23045961558818817,-0.07875506579875946,-0.037643712013959885,-0.22577518224716187,-7.676018867641687e-05,-0.04613269865512848,-1.320049796049716e-05,0.048002567142248154
1.700135500000215,0.04380325227975845,0.15542350709438324,-0.2510335445404053,-0.07873669266700745,-0.037621624767780304,-0.2548519968986511,-7.919323252281174e-05,-0.046118639409542084,-1.867861647042446e-05,0.048009760677814484
1.7203866999998354,0.043831951916217804,0.15546199679374695,-0.2713926434516907,-0.0787883847951889,-0.03764447942376137,-0.2860444188117981,-7.629234460182488e-05,-0.046146564185619354,-1.2064683687640354e-05,0.047999028116464615
1.7402533000004041,0.04380185157060623,0.15545058250427246,-0.2904322147369385,-0.07890625298023224,-0.037642545998096466,-0.31974542140960693,-8.351825817953795e-05,-0.04614157974720001,-1.7212909369845875e-05,0.04800751432776451
1.7600914000004195,0.04383812099695206,0.15541163086891174,-0.31000998616218567,-0.07898727804422379,-0.03763660043478012,-0.3589217960834503,-6.932002725079656e-05,-0.04614410176873207,-1.8458305930835195e-05,0.0480002723634243
1.780510100000356,0.04378616809844971,0.15548446774482727,-0.33129245042800903,-0.07898604869842529,-0.037612900137901306,-0.4034099280834198,-6.79591394145973e-05,-0.04615163058042526,-1.2569683349283878e-05,0.04799361526966095
1.8004546000001938,0.04378701001405716,0.15547896921634674,-0.3515216112136841,-0.07901027798652649,-0.03759536147117615,-0.44926363229751587,-7.17236107448116e-05,-0.046128999441862106,-2.5595418264856562e-05,0.04799164831638336
1.8204701000004206,0.043820612132549286,0.15547889471054077,-0.37150394916534424,-0.0791255384683609,-0.03761504590511322,-0.4984205961227417,-7.417517190333456e-05,-0.04613448679447174,-2.151208173017949e-05,0.0479932576417923
1.8404190999999628,0.04382120445370674,0.1554446965456009,-0.3906581699848175,-0.07917559146881104,-0.037631310522556305,-0.5508291721343994,-6.686816777801141e-05,-0.046147823333740234,-1.680792775005102e-05,0.0480097234249115
1.8603375000002416,0.04385136067867279,0.15546557307243347,-0.40846189856529236,-0.07917676866054535,-0.037580594420433044,-0.6047348976135254,-8.590542711317539e-05,-0.046129994094371796,-2.4399600079050288e-05,0.04799036681652069
1.8804355000002033,0.04378024488687515,0.15541858971118927,-0.4263445734977722,-0.0791640430688858,-0.03757505118846893,-0.6597609519958496,-6.703655526507646e-05,-0.0461178794503212,-1.2645706192415673e-05,0.04799535498023033
1.9004094000001714,0.04381345957517624,0.1554565727710724,-0.4438644349575043,-0.07919645309448242,-0.03756626695394516,-0.7171034812927246,-7.888037362135947e-05,-0.04612501338124275,-1.7699059753795154e-05,0.04799453541636467
1.920211499999823,0.04380372166633606,0.1554357260465622,-0.4617350101470947,-0.07918531447649002,-0.03753957897424698,-0.7758572697639465,-7.244222797453403e-05,-0.04615730792284012,-1.3901988495490514e-05,0.04799701273441315
1.9402206000004298,0.04381827265024185,0.15550002455711365,-0.4811337888240814,-0.07914851605892181,-0.037556033581495285,-0.8374715447425842,-9.729906741995364e-05,-0.04614262282848358,-1.7187840057886206e-05,0.04800812155008316
1.9603901000000405,0.043801672756671906,0.15544898808002472,-0.5016118288040161,-0.07902692258358002,-0.03758549317717552,-0.8998432755470276,-7.819694292265922e-05,-0.04615833982825279,-3.4444186894688755e-05,0.048010118305683136
1.9801075000004857,0.043838441371917725,0.15542900562286377,-0.5212347507476807,-0.07886272668838501,-0.037586405873298645,-0.9616368412971497,-7.037468458293006e-05,-0.046137236058712006,-1.8230650312034413e-05,0.048001665621995926
2.000434700000369,0.04384951293468475,0.15544654428958893,-0.5410981178283691,-0.0787542462348938,-0.037577226758003235,-1.0267926454544067,-6.254106119740754e-05,-0.04613417759537697,-7.670922059332952e-06,0.04801282286643982
2.020389100000102,0.043811071664094925,0.15544123947620392,-0.558201789855957,-0.07869017124176025,-0.03763521835207939,-1.0903854370117188,-8.297336171381176e-05,-0.04613766819238663,-2.3291098841582425e-05,0.04799279198050499
2.0404184999997597,0.043819673359394073,0.1554584950208664,-0.5722593665122986,-0.07862050831317902,-0.03769445791840553,-1.1536269187927246,-8.365888788830489e-05,-0.046126898378133774,-2.111850699293427e-05,0.04800504818558693
2.060461099999884,0.043807365000247955,0.15544790029525757,-0.5830790400505066,-0.07860073447227478,-0.037729308009147644,-1.2165170907974243,-8.565095049561933e-05,-0.04615335166454315,-2.0482313630054705e-05,0.047996923327445984
2.0804008000004615,0.04380210489034653,0.1554793417453766,-0.5903317928314209,-0.07860766351222992,-0.03776019066572189,-1.280700445175171,-6.827704783063382e-05,-0.04613716900348663,-1.6253608919214457e-05,0.04799851030111313
2.100119800000357,0.04381624609231949,0.1554463654756546,-0.5929967164993286,-0.07850346714258194,-0.037840232253074646,-1.3460309505462646,-7.581921818200499e-05,-0.0461362823843956,-1.2658541891141795e-05,0.04799913242459297
2.1201607000002696,0.043814267963171005,0.15546783804893494,-0.592788815498352,-0.07852606475353241,-0.03790607303380966,-1.41103196144104,-7.297449337784201e-05,-0.04612959176301956,-2.2099777197581716e-05,0.04801137372851372
2.1403221000000485,0.043867599219083786,0.15541312098503113,-0.5927600860595703,-0.07837948203086853,-0.03792227804660797,-1.4735639095306396,-7.450446719303727e-05,-0.04613145440816879,-1.2158674508100376e-05,0.04799769073724747
2.1604207000000315,0.04380243271589279,0.15546460449695587,-0.591618537902832,-0.07736381888389587,-0.03794015944004059,-1.5335391759872437,-5.461135515361093e-05,-0.04612337425351143,-1.5574138160445727e-05,0.047994669526815414
2.180162100000416,0.043855324387550354,0.15546339750289917,-0.5893651247024536,-0.07701846957206726,-0.037942029535770416,-1.5922842025756836,-8.469620661344379e-05,-0.0461362786591053,-1.0565005140961148e-05,0.047991618514060974
2.2005472999999256,0.04380679130554199,0.15541931986808777,-0.5882301926612854,-0.07650576531887054,-0.03793817386031151,-1.6509259939193726,-7.255759555846453e-05,-0.04615728184580803,-2.6565401640255004e-05,0.047994110733270645
2.220478400000502,0.04381193965673447,0.15546461939811707,-0.576977550983429,-0.07651330530643463,-0.03799225762486458,-1.7063562870025635,-5.712182246497832e-05,-0.046144600957632065,-1.7359305275022052e-05,0.048006102442741394
2.240594599999895,0.043793171644210815,0.15543822944164276,-0.5470174551010132,-0.07662905752658844,-0.0380978062748909,-1.7577884197235107,-8.386700937990099e-05,-0.04613852500915527,8.300271474581677e-07,0.048009198158979416
2.2604803000003812,0.04385710507631302,0.15547241270542145,-0.4974198341369629,-0.07681727409362793,-0.038281962275505066,-1.8007593154907227,-6.475903501268476e-05,-0.04612496495246887,-2.0247020074748434e-05,0.04799605533480644
2.280690399999912,0.043834708631038666,0.15546873211860657,-0.43079429864883423,-0.07669368386268616,-0.038955651223659515,-1.8310737609863281,-6.445807230193168e-05,-0.046156615018844604,-1.6833978406793904e-06,0.048005785793066025
2.3005075999999463,0.04384173825383186,0.15545760095119476,-0.35749948024749756,-0.07675856351852417,-0.04105187952518463,-1.8480861186981201,-6.977267912589014e-05,-0.046138226985931396,-1.2450321264623199e-05,0.04799915477633476
2.3202425999998013,0.043809909373521805,0.15546126663684845,-0.2864905595779419,-0.07700597494840622,-0.04597999155521393,-1.8547507524490356,-7.53060303395614e-05,-0.046156540513038635,-2.35780007642461e-05,0.04800549894571304
2.3404091000002154,0.043824702501297,0.15545296669006348,-0.2192801535129547,-0.07827109098434448,-0.05169374868273735,-1.855763554573059,-6.60308578517288e-05,-0.04615195095539093,-1.832529960665852e-05,0.04800014570355415
2.360486200000196,0.043853577226400375,0.15548615157604218,-0.16039389371871948,-0.07833880931138992,-0.05623423308134079,-1.8557472229003906,-6.99070660630241e-05,-0.04615234583616257,-7.52313871998922e-06,0.04799799621105194
2.3803303000004234,0.043837837874889374,0.15545523166656494,-0.10805513709783554,-0.0784631073474884,-0.05933845415711403,-1.8557193279266357,-7.57077505113557e-05,-0.04613718390464783,-5.731921646656701e-06,0.0480118952691555
2.4004822000006243,0.04376889765262604,0.15546900033950806,-0.05812417343258858,-0.078480064868927,-0.05789022892713547,-1.8552281856536865,-8.442949911113828e-05,-0.04613450914621353,-1.525236621091608e-05,0.04799617826938629
2.4200660000005882,0.04383940249681473,0.1554671674966812,-0.012075989507138729,-0.07853507995605469,-0.0579756423830986,-1.8521370887756348,-7.760804146528244e-05,-0.04612932726740837,-4.904940396954771e-06,0.047989241778850555
2.440426799999841,0.043829187750816345,0.1554592102766037,0.03360113129019737,-0.07847169786691666,-0.0578966848552227,-1.8422636985778809,-9.593309368938208e-05,-0.04615689814090729,-1.892205727926921e-05,0.04800552874803543
2.460584800000106,0.04381096735596657,0.1554647982120514,0.07644025981426239,-0.07847694307565689,-0.05792471393942833,-1.8235512971878052,-5.656109715346247e-05,-0.046152640134096146,-2.82177406916162e-05,0.048016954213380814
2.4800954000002093,0.04376865178346634,0.1554473489522934,0.11560244113206863,-0.0785122662782669,-0.057888541370630264,-1.799350380897522,-8.238671580329537e-05,-0.04614923894405365,-1.9731958673219196e-05,0.04800790920853615
2.500603100000262,0.04380553588271141,0.15546467900276184,0.1523076891899109,-0.07853163778781891,-0.05790489539504051,-1.7693870067596436,-5.8308385632699355e-05,-0.04613003879785538,-3.756684691325063e-06,0.04800603166222572
2.5205879000004643,0.043813012540340424,0.1554683893918991,0.18301180005073547,-0.07855113595724106,-0.05789855122566223,-1.7364468574523926,-7.633547647856176e-05,-0.04612843692302704,-2.141153163393028e-05,0.04799767583608627
2.540666200000487,0.04382758587598801,0.15548177063465118,0.20685143768787384,-0.0785723477602005,-0.05790068209171295,-1.694619059562683,-8.606366463936865e-05,-0.046130064874887466,-1.4162576917442493e-05,0.04800708219408989
2.5601124000004347,0.0437813401222229,0.15544788539409637,0.22437866032123566,-0.07855603843927383,-0.05790627747774124,-1.6436872482299805,-7.680158887524158e-05,-0.046125710010528564,-1.96710680029355e-05,0.04801882430911064
2.580431399999725,0.04379832744598389,0.15542049705982208,0.237288236618042,-0.07855100929737091,-0.057915475219488144,-1.5815026760101318,-6.972429400775582e-05,-0.046125076711177826,-1.4195461517374497e-05,0.04800310358405113
2.600488199999745,0.04382738471031189,0.15545779466629028,0.24504883587360382,-0.0785280168056488,-0.05791754275560379,-1.514920711517334,-6.17273326497525e-05,-0.04613911360502243,-2.2597152565140277e-05,0.048010118305683136
2.620127500000308,0.04381231963634491,0.1554429531097412,0.24909086525440216,-0.07853655517101288,-0.0579732246696949,-1.4459338188171387,-6.221505464054644e-05,-0.046115558594465256,-7.878705218899995e-06,0.04800648242235184
2.6405202000005374,0.043820105493068695,0.15545400977134705,0.2497737556695938,-0.07854442298412323,-0.05804634466767311,-1.366872787475586,-4.9881306040333584e-05,-0.04612534120678902,-3.16403093165718e-05,0.04800623282790184
2.6604698999999528,0.043786898255348206,0.15544597804546356,0.2497706562280655,-0.07852887362241745,-0.058123793452978134,-1.284843921661377,-5.3928320994600654e-05,-0.04614081233739853,-9.932604370987974e-06,0.048004813492298126
2.680521299999782,0.04382714256644249,0.1554594486951828,0.24975907802581787,-0.07853367924690247,-0.05826820805668831,-1.199324131011963,-8.290661207865924e-05,-0.046109676361083984,-1.6568297724006698e-05,0.04800689220428467
2.700412000000142,0.04383957386016846,0.15544676780700684,0.24970994889736176,-0.07853574305772781,-0.05841852352023125,-1.1148004531860352,-6.48943823762238e-05,-0.046146243810653687,-7.833617928554304e-06,0.04799715429544449
2.7201418000004196,0.0438210666179657,0.15546295046806335,0.2486773133277893,-0.07841943204402924,-0.0585286021232605,-1.028884768486023,-6.450799264712259e-05,-0.04615325853228569,-3.7745012377854437e-06,0.0480109341442585
2.7404425000004267,0.043810538947582245,0.15544192492961884,0.24595993757247925,-0.07838406413793564,-0.058550599962472916,-0.9399169683456421,-8.606552728451788e-05,-0.04612307250499725,-8.765166967350524e-06,0.0480002723634243
2.7601767000005566,0.043772198259830475,0.15547825396060944,0.2415480762720108,-0.0784398764371872,-0.058570992201566696,-0.8547247052192688,-6.94615810061805e-05,-0.04614725708961487,-1.8107477444573306e-05,0.04799102619290352
2.7802606000004744,0.043788500130176544,0.15543468296527863,0.23519976437091827,-0.07822521030902863,-0.05854678526520729,-0.7712234854698181,-7.640319381607696e-05,-0.04615049064159393,-2.9976612495374866e-05,0.04799345135688782
2.800063499999851,0.04383627325296402,0.15542186796665192,0.22462448477745056,-0.07760703563690186,-0.05846604332327843,-0.6933959722518921,-6.906368071213365e-05,-0.04612407088279724,-2.2763360902899876e-05,0.04800515994429588
2.8203981000006024,0.04381604492664337,0.15545523166656494,0.20695476233959198,-0.07726456969976425,-0.05850579962134361,-0.6173852682113647,-7.58517999202013e-05,-0.04612056910991669,-1.5053699826239608e-05,0.0480114109814167
2.840407000000596,0.043821193277835846,0.1554468721151352,0.18404048681259155,-0.07723835110664368,-0.05852420628070831,-0.5493422746658325,-6.949894304852933e-05,-0.04613235592842102,-2.2301550416159444e-05,0.047997698187828064
2.860198400000627,0.04381053149700165,0.15549859404563904,0.1586022675037384,-0.07722383737564087,-0.0585157684981823,-0.49047723412513733,-6.945493805687875e-05,-0.04615113139152527,-2.185140510846395e-05,0.04800910875201225
2.8804110000000946,0.043828874826431274,0.15546275675296783,0.1309867948293686,-0.0770692229270935,-0.058508023619651794,-0.4386812746524811,-8.23543596197851e-05,-0.04614190384745598,-1.3834351193509065e-05,0.0480092354118824
2.900334300000395,0.04380031302571297,0.15543276071548462,0.1019638329744339,-0.07698463648557663,-0.05850519612431526,-0.3939775824546814,-7.833627751097083e-05,-0.046123042702674866,-1.2535954738268629e-05,0.04800262302160263
2.9201552000004085,0.043799303472042084,0.1554718166589737,0.0699785053730011,-0.07696874439716339,-0.05850670114159584,-0.35322123765945435,-8.508605242241174e-05,-0.04613446071743965,6.5952831391768996e-06,0.048000965267419815
2.9401600999999573,0.04379376024007797,0.15545102953910828,0.03799625486135483,-0.07694355398416519,-0.058522433042526245,-0.31725436449050903,-7.293271482922137e-05,-0.04612519219517708,-6.6847219386545476e-06,0.047989919781684875
2.9602435000006153,0.043819062411785126,0.15549084544181824,0.007295679766684771,-0.07692154496908188,-0.058511409908533096,-0.2887228727340698,-8.391300798393786e-05,-0.04613686352968216,-1.890147541416809e-05,0.04800351336598396
2.9804346000000805,0.04382604733109474,0.15547369420528412,-0.022757025435566902,-0.07697424292564392,-0.05850095674395561,-0.26772940158843994,-4.837101369048469e-05,-0.04614226147532463,-2.06785807677079e-05,0.04798020049929619
3.000315799999953,0.043832406401634216,0.15546491742134094,-0.052404750138521194,-0.07699853926897049,-0.0585060641169548,-0.25388211011886597,-8.262074697995558e-05,-0.046129364520311356,2.651191607583314e-06,0.04800628498196602
3.0203716000005443,0.04383588582277298,0.15547534823417664,-0.0865793526172638,-0.0770035833120346,-0.05847511813044548,-0.24532818794250488,-8.008123404579237e-05,-0.04614534229040146,-4.951263690600172e-06,0.04800589010119438
3.0405710000004547,0.043810512870550156,0.15547959506511688,-0.12402117252349854,-0.07700573652982712,-0.058503445237874985,-0.24350334703922272,-7.511564763262868e-05,-0.04614610970020294,-1.9819843146251515e-05,0.04801139980554581
3.0604401999999027,0.043830059468746185,0.15540850162506104,-0.16141754388809204,-0.07707849144935608,-0.05850658938288689,-0.24597543478012085,-6.925368506927043e-05,-0.046135373413562775,-1.074004376278026e-05,0.04799659550189972
3.0803842000004806,0.043809086084365845,0.15546610951423645,-0.1985219419002533,-0.07716255635023117,-0.0584946870803833,-0.24607369303703308,-6.939454760868102e-05,-0.046143971383571625,-2.1216157620074227e-05,0.04799498990178108
3.1004092000002856,0.043826889246702194,0.1554279774427414,-0.23629820346832275,-0.07739861309528351,-0.05850425362586975,-0.24610963463783264,-7.463325164280832e-05,-0.04614187031984329,-2.9899154469603673e-05,0.048012178391218185
3.1203825000002325,0.04381871223449707,0.1554594337940216,-0.27471113204956055,-0.0774705559015274,-0.05850398167967796,-0.24612802267074585,-7.005045335972682e-05,-0.0461219921708107,-2.4045943064265884e-05,0.04801137000322342
3.1404182000005676,0.04380691796541214,0.15543590486049652,-0.3148825764656067,-0.07761533558368683,-0.058502715080976486,-0.24635504186153412,-5.70218799111899e-05,-0.04612681642174721,-1.0262062460242305e-05,0.04801393300294876
3.160523900000044,0.04381033033132553,0.1554664820432663,-0.3575676381587982,-0.07830324023962021,-0.05849070847034454,-0.24643151462078094,-7.734625251032412e-05,-0.04614057391881943,-1.3382695215113927e-05,0.048013925552368164
3.1802895000000717,0.043816544115543365,0.15543152391910553,-0.4011025130748749,-0.0782848373055458,-0.058500174432992935,-0.2464515119791031,-6.129374378360808e-05,-0.046148985624313354,-2.0895558918709867e-05,0.047991178929805756
3.2004530000003797,0.043880313634872437,0.15548183023929596,-0.444227010011673,-0.0782264769077301,-0.058493487536907196,-0.2470514476299286,-6.754780042683706e-05,-0.046144936233758926,-1.3530142496165354e-05,0.04801321402192116
3.220186300000023,0.04377469792962074,0.15543758869171143,-0.4849182367324829,-0.07821862399578094,-0.05846376344561577,-0.2520154118537903,-8.344947855221108e-05,-0.04614179953932762,-1.4532693967339583e-05,0.048004504293203354
3.2401018000000477,0.04382718354463577,0.1554708033800125,-0.522774338722229,-0.07829506695270538,-0.05848129838705063,-0.2656751871109009,-7.534073665738106e-05,-0.046137433499097824,-2.1218755819063517e-07,0.048009004443883896
3.2601323999997476,0.043848514556884766,0.15545646846294403,-0.5600553154945374,-0.07844257354736328,-0.058487679809331894,-0.2847698926925659,-5.511252675205469e-05,-0.046134836971759796,-1.3784660040982999e-05,0.048003509640693665
3.2801752000004853,0.04381425678730011,0.1554829627275467,-0.5939950942993164,-0.07840307056903839,-0.05849362909793854,-0.3076496720314026,-7.313034438993782e-05,-0.04613133519887924,-1.7228576325578615e-05,0.04800020530819893
3.30017080000016,0.043786656111478806,0.15546272695064545,-0.6255422830581665,-0.07841496169567108,-0.058484409004449844,-0.3367227613925934,-6.962617044337094e-05,-0.046118028461933136,-3.065972123295069e-05,0.04799479618668556
3.320388400000411,0.04382845759391785,0.15549597144126892,-0.655961811542511,-0.07838208973407745,-0.05848107859492302,-0.3746406137943268,-5.928082828177139e-05,-0.046134546399116516,-3.0636270821560174e-05,0.04800477996468544
3.3404043999998976,0.04381736367940903,0.15546037256717682,-0.6837475299835205,-0.0783669650554657,-0.05848642438650131,-0.4151003360748291,-6.955365824978799e-05,-0.04613056778907776,-1.6427537048002705e-05,0.048007864505052567
3.3604488999999376,0.043777093291282654,0.1554531306028366,-0.7087273597717285,-0.0783793181180954,-0.05847179889678955,-0.4607682228088379,-6.884962203912437e-05,-0.046129703521728516,-1.855322625488043e-05,0.047996167093515396
3.380616200000077,0.04380008950829506,0.15545065701007843,-0.7298434376716614,-0.07837902009487152,-0.05848223343491554,-0.5101808309555054,-7.049441046547145e-05,-0.04614044725894928,-5.1858842198271304e-06,0.048007506877183914
3.400189400000272,0.04382295161485672,0.15544049441814423,-0.7455216646194458,-0.07837220281362534,-0.058504391461610794,-0.5614874362945557,-7.744123286101967e-05,-0.04611857607960701,-2.166976446460467e-05,0.04800105839967728
3.4204232000001866,0.04382820427417755,0.15547505021095276,-0.7584283351898193,-0.07837754487991333,-0.058475177735090256,-0.6178815364837646,-8.027194417081773e-05,-0.046125080436468124,-2.1366391592891887e-05,0.04800979793071747
3.4401167000005444,0.04379282146692276,0.15547436475753784,-0.7682326436042786,-0.07838018238544464,-0.0585084892809391,-0.6752691864967346,-7.694622036069632e-05,-0.04613757133483887,-2.628074616950471e-05,0.047987956553697586
3.460408300000381,0.04377125948667526,0.15547126531600952,-0.7757053971290588,-0.07834368199110031,-0.05850985646247864,-0.7394181489944458,-7.750951044727117e-05,-0.046113960444927216,-4.92802428198047e-06,0.04800765588879585
3.4803803000004336,0.04382336139678955,0.15544021129608154,-0.7798852920532227,-0.07828380912542343,-0.05850629881024361,-0.8085251450538635,-7.301683217519894e-05,-0.04613970220088959,-8.285292096843477e-06,0.04800952598452568
3.5004312000000937,0.04381512477993965,0.1554885357618332,-0.7802771329879761,-0.07817982137203217,-0.05850835517048836,-0.8815546631813049,-6.653887976426631e-05,-0.04613747447729111,-1.3052547728875652e-05,0.04801155626773834
3.52018070000031,0.04380878806114197,0.1554563343524933,-0.7802955508232117,-0.07820583879947662,-0.058521319180727005,-0.9566034078598022,-5.9505735407583416e-05,-0.046143628656864166,-1.8502121747587807e-05,0.04800676554441452
3.5403642999999647,0.04381401836872101,0.15547186136245728,-0.7802690267562866,-0.07821405678987503,-0.058513093739748,-1.0367815494537354,-5.6661538110347465e-05,-0.04612470790743828,-7.074367204040755e-06,0.04801948741078377
3.5603759000005084,0.04385288804769516,0.15546241402626038,-0.780166745185852,-0.07819351553916931,-0.05857206508517265,-1.1193733215332031,-6.886750634294003e-05,-0.04614141955971718,-3.1913489237922477e-06,0.04798998683691025
3.5803671000003305,0.043772950768470764,0.15546542406082153,-0.7795675992965698,-0.0781780481338501,-0.05856970325112343,-1.202871561050415,-8.043371781241149e-05,-0.046150289475917816,-2.0444105757633224e-05,0.04801306501030922
3.6003802000004725,0.043788813054561615,0.1554667055606842,-0.778435230255127,-0.0782158225774765,-0.058562688529491425,-1.2867074012756348,-7.730917423032224e-05,-0.04613110050559044,-2.2189980882103555e-05,0.047995101660490036
3.620153300000311,0.04383867233991623,0.1554173082113266,-0.778445303440094,-0.0782473236322403,-0.058561477810144424,-1.3692388534545898,-7.854591240175068e-05,-0.0461341068148613,-1.9597566279117018e-05,0.04800552874803543
3.6404555999997683,0.043794795870780945,0.15545514225959778,-0.7774297595024109,-0.07829978317022324,-0.05858249589800835,-1.4532374143600464,-6.517916335724294e-05,-0.046140406280756,-3.075888525927439e-05,0.047982048243284225
3.660401900000579,0.04382612183690071,0.15544813871383667,-0.7723574042320251,-0.07831180095672607,-0.05862095206975937,-1.5319634675979614,-6.201879295986146e-05,-0.046141594648361206,-5.261227897790377e-07,0.047991808503866196
3.680185000000165,0.043824441730976105,0.1554747223854065,-0.7596234679222107,-0.07833163440227509,-0.058602191507816315,-1.605941891670227,-6.701545498799533e-05,-0.04611588642001152,-4.042307409690693e-06,0.04801367223262787
3.7002596000002086,0.04384532570838928,0.15548133850097656,-0.7364345788955688,-0.07835184782743454,-0.05860378220677376,-1.6744911670684814,-6.050758747733198e-05,-0.046122629195451736,-3.195183671778068e-05,0.04801177978515625
3.720401700000366,0.0438537523150444,0.15547357499599457,-0.7005112767219543,-0.07829967141151428,-0.05859847366809845,-1.736251711845398,-8.293549035442993e-05,-0.046149253845214844,-2.7129512091050856e-05,0.047994572669267654
3.740383700000166,0.043840520083904266,0.15545113384723663,-0.6566938161849976,-0.07827919721603394,-0.0585918165743351,-1.78916597366333,-7.488131814170629e-05,-0.04614322632551193,-2.9255193112476263e-06,0.04800202697515488
3.7601829000004727,0.04378218203783035,0.15546265244483948,-0.609186053276062,-0.07829013466835022,-0.05858436971902847,-1.8350489139556885,-7.23127304809168e-05,-0.04612778127193451,-2.252684316772502e-05,0.04799656942486763
3.7803742000005514,0.04378202557563782,0.1553833782672882,-0.5597141981124878,-0.07830561697483063,-0.05857131630182266,-1.880919337272644,-7.032623398117721e-05,-0.046139270067214966,-1.490317390562268e-05,0.048000942915678024
3.800401100000272,0.04378381371498108,0.15545795857906342,-0.5091028213500977,-0.07835134118795395,-0.05855105072259903,-1.9267338514328003,-6.0716571169905365e-05,-0.04615320265293121,-3.067226498387754e-05,0.0480046384036541
3.820334200000616,0.04380926489830017,0.155461847782135,-0.4581117630004883,-0.07834024727344513,-0.05855943635106087,-1.9741114377975464,-7.916390313766897e-05,-0.04615147411823273,-1.2455332580429967e-05,0.04800810292363167
3.8403949000003195,0.043830275535583496,0.15544910728931427,-0.4062401354312897,-0.07833284139633179,-0.05856427177786827,-2.0214219093322754,-5.8590463595464826e-05,-0.04614109545946121,-3.2826384995132685e-05,0.04799006134271622
3.8603345999999874,0.04377760738134384,0.15542927384376526,-0.3522399067878723,-0.07836604863405228,-0.05860570818185806,-2.065016746520996,-7.276951509993523e-05,-0.04615113139152527,-1.2953803889104165e-05,0.047996699810028076
3.88033489999998,0.043797314167022705,0.1554240733385086,-0.2947956621646881,-0.07836199551820755,-0.0586203970015049,-2.103987216949463,-6.393512740032747e-05,-0.04612719640135765,-2.420623422949575e-05,0.04800868034362793
3.9004671000002418,0.04383200779557228,0.15546488761901855,-0.23305368423461914,-0.07834288477897644,-0.058618832379579544,-2.134326457977295,-5.754260200774297e-05,-0.04613960534334183,-1.2960135791217908e-05,0.04800533130764961
3.920387000000119,0.043801456689834595,0.15545333921909332,-0.16833987832069397,-0.07833196222782135,-0.058640893548727036,-2.153012990951538,-8.751369023229927e-05,-0.04613197594881058,6.17801197222434e-06,0.048001136630773544
3.9403538000005938,0.04378976672887802,0.1554557830095291,-0.10312654078006744,-0.07832600176334381,-0.0587947815656662,-2.163105010986328,-6.149842374725267e-05,-0.04613654315471649,-1.8612157873576507e-05,0.04800902679562569
3.9603582999998252,0.043800294399261475,0.15547609329223633,-0.038828328251838684,-0.0782955139875412,-0.058790042996406555,-2.167114019393921,-7.789827941451222e-05,-0.046143122017383575,-1.8660561181604862e-05,0.0480174645781517
3.98039560000052,0.04381769895553589,0.15546993911266327,0.021367255598306656,-0.07828404009342194,-0.05896507576107979,-2.168022871017456,-7.518970232922584e-05,-0.046142157167196274,-2.8232167096575722e-05,0.04799995198845863
4.000254700000369,0.04380352795124054,0.15547394752502441,0.07350565493106842,-0.07824744284152985,-0.05899415165185928,-2.1679835319519043,-8.18776898086071e-05,-0.04614124074578285,-1.6196143405977637e-05,0.04799856245517731
4.020392000000356,0.04384990781545639,0.15548497438430786,0.12042286247015,-0.0781417265534401,-0.05916232988238335,-2.1677510738372803,-7.71320192143321e-05,-0.046131134033203125,-2.127896914316807e-05,0.048003774136304855
4.040386200000285,0.0438174270093441,0.15546351671218872,0.15917745232582092,-0.07798228412866592,-0.05918336659669876,-2.1656441688537598,-8.520353003405035e-05,-0.04613388329744339,-1.4773180737392977e-05,0.04799048975110054
4.060303600000225,0.04382265359163284,0.15545253455638885,0.1917750984430313,-0.07697152346372604,-0.05921762064099312,-2.1560521125793457,-6.321569526335225e-05,-0.04614237695932388,-1.3534416211768985e-05,0.0480041578412056
4.0803640000003725,0.04378683120012283,0.1554572731256485,0.22122007608413696,-0.07668404281139374,-0.05925961211323738,-2.1369247436523438,-7.285882747964934e-05,-0.046140849590301514,-2.588234747236129e-05,0.04800458997488022
4.100127400000019,0.043807245790958405,0.155453160405159,0.24990776181221008,-0.07665839046239853,-0.059660714119672775,-2.1080050468444824,-9.047173080034554e-05,-0.04612509161233902,-1.4037599612493068e-05,0.04800824820995331
4.120357400000103,0.04379478096961975,0.1554645150899887,0.2795007824897766,-0.07667955011129379,-0.06253495812416077,-2.070106029510498,-5.206010246183723e-05,-0.04612622782588005,-1.581718424858991e-05,0.04800590127706528
4.140327699999943,0.043843746185302734,0.15544891357421875,0.30788806080818176,-0.07669269293546677,-0.07456207275390625,-2.030313491821289,-5.585291364695877e-05,-0.046147946268320084,-5.313334440870676e-06,0.04798416420817375
4.160329600000296,0.043801359832286835,0.15546022355556488,0.3332483470439911,-0.07669144868850708,-0.09577395021915436,-1.9847573041915894,-6.616025348193944e-05,-0.04614464193582535,-8.667220754432492e-06,0.0479995459318161
4.180409800000234,0.0438103973865509,0.15548530220985413,0.3524037301540375,-0.07673364877700806,-0.12408047914505005,-1.9352864027023315,-8.029027958400548e-05,-0.046149082481861115,-2.5183895559166558e-05,0.048014163970947266
4.200133899999855,0.04379215091466904,0.15545691549777985,0.36504048109054565,-0.07679885625839233,-0.15571075677871704,-1.8862556219100952,-7.53559434087947e-05,-0.046134501695632935,-7.489821200579172e-06,0.048001520335674286
4.220371399999749,0.04381793737411499,0.15546914935112,0.37214231491088867,-0.07680272310972214,-0.1887010633945465,-1.8416790962219238,-7.491263386327773e-05,-0.046154797077178955,-1.2549366147140972e-05,0.048004087060689926
4.240320300000349,0.043792687356472015,0.1554497927427292,0.37357163429260254,-0.07684064656496048,-0.22040177881717682,-1.804352045059204,-7.515684410464019e-05,-0.04613713175058365,-2.48906399065163e-05,0.04799583554267883
4.260422600000311,0.043813519179821014,0.1554514765739441,0.37332117557525635,-0.07678164541721344,-0.2521599531173706,-1.7658900022506714,-7.841174374334514e-05,-0.0461338609457016,-1.696964682196267e-05,0.04799998179078102
4.280358800000613,0.04381261020898819,0.15548168122768402,0.37285885214805603,-0.07683789730072021,-0.28242480754852295,-1.7243002653121948,-6.572994607267901e-05,-0.04614914208650589,-1.2271083505766e-05,0.04799565672874451
4.300382399999762,0.04379720613360405,0.1554604172706604,0.3722914755344391,-0.0778372511267662,-0.310474693775177,-1.6788910627365112,-5.19923705724068e-05,-0.04612523317337036,-1.64665216288995e-05,0.04800014942884445
4.320087400000375,0.043817758560180664,0.15545356273651123,0.3714657425880432,-0.07840082049369812,-0.3355638384819031,-1.6372880935668945,-5.792647061753087e-05,-0.046131670475006104,-1.52246748257312e-05,0.047999307513237
4.340385800000149,0.043801598250865936,0.15546803176403046,0.3692604899406433,-0.07849713414907455,-0.35792410373687744,-1.5986382961273193,-8.080156840151176e-05,-0.046143628656864166,-1.2866767974628601e-05,0.047991372644901276
4.360385099999803,0.04382500424981117,0.15544863045215607,0.36404767632484436,-0.07851819694042206,-0.3766753375530243,-1.5676618814468384,-7.458405161742121e-05,-0.04614187031984329,3.994739472545916e-06,0.04801050201058388
4.380335100000593,0.043821610510349274,0.15546318888664246,0.3555806279182434,-0.0781511589884758,-0.393074631690979,-1.539629578590393,-6.363660213537514e-05,-0.046148501336574554,-2.585038419056218e-05,0.04799662530422211
4.400559800000337,0.04383004084229469,0.1554560512304306,0.3431849777698517,-0.07805029302835464,-0.4087863564491272,-1.5125895738601685,-8.135513053275645e-05,-0.046117398887872696,-1.2327564945735503e-05,0.048021379858255386
4.420328000000154,0.04380234330892563,0.15548641979694366,0.32748740911483765,-0.0780014917254448,-0.4242055416107178,-1.4878425598144531,-7.530049333581701e-05,-0.046145789325237274,-1.1502622328407597e-05,0.048002079129219055
4.440395600000556,0.04386153072118759,0.1554344743490219,0.3110363781452179,-0.07786825299263,-0.4395936131477356,-1.4622621536254883,-7.673238724237308e-05,-0.046136993914842606,-1.767815774655901e-05,0.04800278693437576
4.460359800000333,0.04381122812628746,0.15545868873596191,0.29520106315612793,-0.07782936096191406,-0.4551951587200165,-1.435314655303955,-7.578953955089673e-05,-0.04612932354211807,-1.0716315955505706e-05,0.04799870401620865
4.4804033999998865,0.043784014880657196,0.15546737611293793,0.2785406708717346,-0.07738551497459412,-0.4721510708332062,-1.4066963195800781,-6.635580211877823e-05,-0.046119626611471176,-1.8044163880404085e-05,0.048006847500801086
4.500354499999958,0.043767817318439484,0.15547366440296173,0.25898265838623047,-0.07697918266057968,-0.49134179949760437,-1.37754225730896,-8.185915066860616e-05,-0.04613683000206947,-1.5100157725100871e-05,0.048005856573581696
4.520212000000356,0.043803341686725616,0.15542522072792053,0.23548270761966705,-0.0766872763633728,-0.5134614706039429,-1.3518896102905273,-6.554769061040133e-05,-0.046161435544490814,-1.4071690202399623e-05,0.04800086468458176
4.540393199999926,0.04383166506886482,0.1554732471704483,0.2091721147298813,-0.07563236355781555,-0.5384399890899658,-1.3328410387039185,-8.038980013225228e-05,-0.046150825917720795,-1.1244848792557605e-05,0.048003874719142914
4.560400100000152,0.04381502419710159,0.15543264150619507,0.18270659446716309,-0.06428810954093933,-0.5644513964653015,-1.3193767070770264,-6.067862341296859e-05,-0.04614488035440445,-2.2891185835760552e-06,0.04798610508441925
4.580396400000609,0.043813306838274,0.15545600652694702,0.15705546736717224,-0.04541129991412163,-0.5897796154022217,-1.3138487339019775,-6.403124280041084e-05,-0.046118155121803284,1.0994883723469684e-06,0.04799918085336685
4.600536900000407,0.04382649064064026,0.155442014336586,0.13253073394298553,-0.02364354021847248,-0.6133140325546265,-1.3138539791107178,-6.736033537890762e-05,-0.04612426459789276,-2.023647539317608e-06,0.04799340292811394
4.620415000000321,0.04379381611943245,0.15545693039894104,0.10965608805418015,-0.0020446949638426304,-0.6349167823791504,-1.3138723373413086,-7.098751666489989e-05,-0.046129584312438965,-2.0874042093055323e-05,0.04798973724246025
4.640415599999869,0.04381401091814041,0.15548135340213776,0.08555347472429276,0.013437610119581223,-0.6540906429290771,-1.3138437271118164,-6.194916204549372e-05,-0.046138886362314224,-1.0683601431082934e-05,0.04800310730934143
4.660415500000454,0.04384394735097885,0.15545029938220978,0.060758475214242935,0.02333708480000496,-0.6694235801696777,-1.313779592514038,-7.213804929051548e-05,-0.04614179581403732,-6.217165719135664e-06,0.0480133555829525
4.680187500000102,0.04380040615797043,0.15546362102031708,0.03659386560320854,0.03358269855380058,-0.6796038150787354,-1.313861608505249,-7.227536116261035e-05,-0.04615083336830139,4.16795774071943e-06,0.04801126569509506
4.700313700000152,0.04379738122224808,0.15542230010032654,0.010729815810918808,0.046041958034038544,-0.6847031116485596,-1.3144567012786865,-5.6972250604303554e-05,-0.04615522548556328,-3.3823438570834696e-05,0.048006705939769745
4.720418599999903,0.043815650045871735,0.15545296669006348,-0.016947750002145767,0.060850054025650024,-0.6871529817581177,-1.3189504146575928,-7.782704778946936e-05,-0.046162720769643784,-7.4515164669719525e-06,0.04798951745033264
4.740497900000264,0.043839000165462494,0.15548250079154968,-0.04723098874092102,0.07823091745376587,-0.6867778897285461,-1.3277875185012817,-6.840695277787745e-05,-0.04612024128437042,-8.308325050165877e-06,0.047986146062612534
4.760162700000365,0.04382447153329849,0.15544955432415009,-0.08158576488494873,0.09659318625926971,-0.6867356300354004,-1.3367162942886353,-7.357272261288017e-05,-0.046119656413793564,-1.639004949538503e-05,0.048003681004047394
4.780398400000195,0.043807871639728546,0.15545985102653503,-0.11945386976003647,0.11575417965650558,-0.6867015361785889,-1.3465261459350586,-8.43971356516704e-05,-0.046134576201438904,-6.319357908068923e-06,0.04801313579082489
4.800426300000254,0.04382943734526634,0.1554785519838333,-0.15710073709487915,0.13183042407035828,-0.6866279244422913,-1.3593937158584595,-8.26317846076563e-05,-0.046133436262607574,-1.7449423467041925e-05,0.047996584326028824
4.820392200000242,0.0437997542321682,0.15547102689743042,-0.19353455305099487,0.14581298828125,-0.6865987181663513,-1.3739516735076904,-8.083147258730605e-05,-0.04617169499397278,-9.246371519111563e-06,0.04799584671854973
4.840133499999865,0.043803080916404724,0.15550260245800018,-0.22995416820049286,0.16012901067733765,-0.6865254640579224,-1.3865104913711548,-8.04783048806712e-05,-0.04615674167871475,-2.527556353015825e-05,0.047997184097766876
4.860397600000397,0.04386032745242119,0.15544858574867249,-0.26666292548179626,0.173489511013031,-0.6863468885421753,-1.3958278894424438,-8.430908201262355e-05,-0.04616670310497284,-2.264527756778989e-05,0.048000868409872055
4.880414400000518,0.04380340874195099,0.15544097125530243,-0.29909658432006836,0.18262410163879395,-0.685559868812561,-1.4030578136444092,-5.5664342653471977e-05,-0.04610755294561386,-1.0759562428575009e-05,0.048008255660533905
4.900552199999765,0.04379197210073471,0.15546512603759766,-0.3294745683670044,0.1836615800857544,-0.684959352016449,-1.411003589630127,-8.302516653202474e-05,-0.04612762853503227,-1.963638533197809e-05,0.04800575226545334
4.920397099999718,0.04382557421922684,0.15547846257686615,-0.35620999336242676,0.18112784624099731,-0.6824390888214111,-1.4202816486358643,-7.688056211918592e-05,-0.046134103089571,-2.133547604898922e-05,0.048012178391218185
4.9404356000004555,0.04382847994565964,0.15547160804271698,-0.3834090828895569,0.1810140609741211,-0.6736665964126587,-1.4308063983917236,-6.689931615255773e-05,-0.04614545404911041,-6.6349002736387774e-06,0.04801466688513756
4.960620400000153,0.043796323239803314,0.15543751418590546,-0.41089022159576416,0.18094849586486816,-0.6562060117721558,-1.4419370889663696,-6.762365228496492e-05,-0.046167366206645966,-2.1496816771104932e-05,0.04799917712807655
4.9803694000002,0.043837323784828186,0.1554691642522812,-0.43555471301078796,0.18104693293571472,-0.6292529106140137,-1.45278799533844,-6.733999180141836e-05,-0.04617352783679962,-1.8832284695236012e-05,0.04798894003033638
5.000210100000004,0.043833598494529724,0.15542374551296234,-0.4577873945236206,0.1809413731098175,-0.5929905772209167,-1.4629452228546143,-6.492638203781098e-05,-0.04617086797952652,-1.7779639165382832e-05,0.04800765588879585
5.020365399999719,0.043845489621162415,0.15544338524341583,-0.478304922580719,0.18086296319961548,-0.5504766702651978,-1.4714529514312744,-6.376121746143326e-05,-0.046142805367708206,-7.297300726349931e-06,0.048006556928157806
5.040345200000047,0.04385766386985779,0.15544487535953522,-0.49527081847190857,0.18086238205432892,-0.5053876638412476,-1.4782440662384033,-7.937385817058384e-05,-0.04610713571310043,-6.540858521475457e-08,0.04799525439739227
5.060411700000259,0.043817900121212006,0.15543854236602783,-0.5075936317443848,0.18062962591648102,-0.4576769471168518,-1.4834160804748535,-7.4787501944229e-05,-0.046119049191474915,-2.6730969693744555e-05,0.04799715057015419
5.08011979999992,0.04382175952196121,0.15543240308761597,-0.512590765953064,0.1804911196231842,-0.4087439179420471,-1.4882681369781494,-7.354679837590083e-05,-0.0461423322558403,3.154596015519928e-07,0.04800102114677429
5.100138400000105,0.04381364956498146,0.15545688569545746,-0.5120809078216553,0.18058189749717712,-0.35391759872436523,-1.488263726234436,-8.013785554794595e-05,-0.046139806509017944,1.99729129235493e-06,0.04800226539373398
5.120422200000576,0.04382432997226715,0.15544664859771729,-0.5121285915374756,0.1807413250207901,-0.29256248474121094,-1.4881659746170044,-6.365180888678879e-05,-0.04617511108517647,-2.21134650928434e-05,0.04801590368151665
5.140487700000449,0.04380743205547333,0.15545517206192017,-0.5120848417282104,0.18073004484176636,-0.2266901135444641,-1.4881694316864014,-7.817900041118264e-05,-0.04614152014255524,-2.102222242683638e-05,0.04800701513886452
5.160634400000163,0.04380222409963608,0.1554604023694992,-0.5120784640312195,0.1806374192237854,-0.15812933444976807,-1.4881856441497803,-6.319989915937185e-05,-0.04614710807800293,-2.046910231001675e-05,0.04801078513264656
5.180340099999739,0.04378980025649071,0.15544088184833527,-0.5120245814323425,0.18062567710876465,-0.09119077771902084,-1.4881746768951416,-9.224672248819843e-05,-0.04612504690885544,-1.275399699807167e-05,0.048008598387241364
5.200438500000018,0.043787360191345215,0.15543171763420105,-0.5116366147994995,0.18060529232025146,-0.023259853944182396,-1.48795747756958,-7.049569103401154e-05,-0.04612717032432556,-3.712537727551535e-05,0.048003531992435455
5.220390600000428,0.04385294020175934,0.15548183023929596,-0.5107564926147461,0.1805666983127594,0.04327593743801117,-1.4856927394866943,-7.38839153200388e-05,-0.04613517224788666,-3.089925667154603e-05,0.047990672290325165
5.24020340000061,0.043818436563014984,0.15545766055583954,-0.5068190097808838,0.18053875863552094,0.10817408561706543,-1.4831042289733887,-7.164572889450938e-05,-0.046145953238010406,-5.532904197025346e-06,0.04800590127706528
5.260430700000143,0.04380716010928154,0.15546604990959167,-0.49541687965393066,0.18059328198432922,0.17261280119419098,-1.482557773590088,-7.518602797063068e-05,-0.04617289453744888,-1.2238060662639327e-05,0.04800344258546829
5.280398500000047,0.0438283234834671,0.15546144545078278,-0.47619643807411194,0.18068844079971313,0.23348522186279297,-1.4807524681091309,-6.510654202429578e-05,-0.04616834223270416,-8.754512236919254e-06,0.04800218343734741
5.30037429999993,0.043776147067546844,0.1554824560880661,-0.4500176012516022,0.18083792924880981,0.2906479835510254,-1.469285488128662,-7.12086257408373e-05,-0.04616595804691315,-7.75805801822571e-06,0.04798407480120659
5.32051599999977,0.04380244016647339,0.15541984140872955,-0.4201076924800873,0.18089450895786285,0.34293726086616516,-1.450014352798462,-8.480303222313523e-05,-0.04612993448972702,-1.3540207874029875e-05,0.04799346625804901
5.34034580000025,0.043790582567453384,0.15542364120483398,-0.38683217763900757,0.18089509010314941,0.3879939317703247,-1.4278695583343506,-7.293956150533631e-05,-0.04613547399640083,-1.3888636203773785e-05,0.047998178750276566
5.360399000000143,0.043858855962753296,0.15544328093528748,-0.3519482910633087,0.1808718740940094,0.4251801371574402,-1.4039943218231201,-7.588055450469255e-05,-0.0461331345140934,-9.299456905864645e-06,0.04801082983613014
5.380391800000325,0.043823398649692535,0.1554640680551529,-0.31757527589797974,0.18086683750152588,0.4535519480705261,-1.3769450187683105,-6.28181078354828e-05,-0.04611875116825104,-1.9315742974868044e-05,0.0480058491230011
5.400432200000068,0.043811384588479996,0.1554519236087799,-0.2841539978981018,0.18086233735084534,0.4730888903141022,-1.3478518724441528,-5.789110582554713e-05,-0.04615199193358421,-1.118673480959842e-05,0.048005085438489914
5.420415200000207,0.04380287602543831,0.15543316304683685,-0.2510088086128235,0.18085545301437378,0.4859185218811035,-1.3170678615570068,-8.870139572536573e-05,-0.04616136848926544,-1.7652810129220597e-05,0.04799067974090576
5.440352600000551,0.0438418984413147,0.15547053515911102,-0.21753567457199097,0.18082383275032043,0.4928259253501892,-1.2810101509094238,-7.370804087258875e-05,-0.046153321862220764,-9.798138307814952e-06,0.04799513518810272
5.460479400000622,0.04380606859922409,0.15544357895851135,-0.18635432422161102,0.18084639310836792,0.4943247139453888,-1.2405585050582886,-7.184469723142684e-05,-0.04616887867450714,-1.6042629795265384e-05,0.047995083034038544
5.480351100000007,0.04377128928899765,0.15545500814914703,-0.1569530963897705,0.18085473775863647,0.4942329525947571,-1.1975759267807007,-6.994373688939959e-05,-0.046137161552906036,-4.144226295466069e-07,0.048014651983976364
5.500423899999987,0.04380609840154648,0.15545086562633514,-0.12992417812347412,0.1808488667011261,0.49421167373657227,-1.1562316417694092,-7.719975837972015e-05,-0.04613824188709259,-1.4941765584808309e-05,0.04800165072083473
5.520431099999769,0.043797217309474945,0.15544694662094116,-0.10760322213172913,0.180789053440094,0.4941588044166565,-1.1171138286590576,-8.58031417010352e-05,-0.04613879323005676,-3.3614101084822323e-06,0.04799007996916771
5.540214300000116,0.043806981295347214,0.15544554591178894,-0.08870846033096313,0.18079672753810883,0.4941234886646271,-1.0798521041870117,-6.657280027866364e-05,-0.04613570123910904,-7.925950740172993e-06,0.048007335513830185
5.5603118999997605,0.04383546859025955,0.15546457469463348,-0.07248783111572266,0.18085747957229614,0.4941325783729553,-1.0381309986114502,-6.044021574780345e-05,-0.04615128040313721,-1.1150757018185686e-05,0.047997262328863144
5.5803952000005665,0.0438011959195137,0.15545368194580078,-0.060239605605602264,0.18092752993106842,0.4940744936466217,-0.9939388036727905,-6.210488209035248e-05,-0.046172961592674255,-2.143679557775613e-05,0.04799196496605873
5.6003912000005585,0.04380954056978226,0.15544719994068146,-0.0524471290409565,0.18101003766059875,0.4940758943557739,-0.9462114572525024,-7.875759911257774e-05,-0.04615369811654091,-1.101440648199059e-05,0.048005882650613785
5.6202257000004465,0.043882183730602264,0.1554972529411316,-0.047950293868780136,0.1810263693332672,0.4940556287765503,-0.8958992958068848,-5.506335219251923e-05,-0.046150874346494675,-1.2461090591386892e-05,0.048011306673288345
5.640343699999903,0.043812237679958344,0.15547418594360352,-0.04630272835493088,0.18103569746017456,0.4940605163574219,-0.8437048196792603,-6.102278348407708e-05,-0.04613406956195831,-1.5306988643715158e-05,0.04799865931272507
5.6605679000003875,0.04379229247570038,0.15542453527450562,-0.046342771500349045,0.18102726340293884,0.49401894211769104,-0.7881985902786255,-7.127107528503984e-05,-0.046129144728183746,-2.8233873308636248e-05,0.0480092316865921
5.680511100000331,0.04380858689546585,0.15543630719184875,-0.046345196664333344,0.18102121353149414,0.4940319359302521,-0.7313334941864014,-7.685450691496953e-05,-0.04612084478139877,-7.220639872684842e-06,0.04800191521644592
5.700303499999791,0.04383235424757004,0.155449777841568,-0.04637511447072029,0.18101337552070618,0.4940060079097748,-0.6740979552268982,-6.926729838596657e-05,-0.046137817203998566,-1.9403643818804994e-05,0.04800888150930405
5.720270100000562,0.04379550367593765,0.15543591976165771,-0.04642980918288231,0.18102020025253296,0.4940108358860016,-0.6147645115852356,-7.938753697089851e-05,-0.04614448547363281,-1.4635676961916033e-05,0.048016149550676346
5.740327500000603,0.04381692409515381,0.15546905994415283,-0.04645353555679321,0.1810356080532074,0.494035929441452,-0.5551303625106812,-7.136257772799581e-05,-0.04615966975688934,-1.1993619409622625e-05,0.04800776392221451
5.760395899999821,0.04378721863031387,0.15547776222229004,-0.046530403196811676,0.18110668659210205,0.4940343201160431,-0.4975506663322449,-7.180176908150315e-05,-0.04615809768438339,-1.3227079762145877e-05,0.04801274463534355
5.780389800000194,0.04382309690117836,0.15545213222503662,-0.046679772436618805,0.18109764158725739,0.49401575326919556,-0.4446342885494232,-6.589690019609407e-05,-0.04615732282400131,-2.701257835724391e-05,0.048001788556575775
5.800227100000484,0.04383941739797592,0.15546400845050812,-0.04705911874771118,0.18109139800071716,0.49402570724487305,-0.3956119418144226,-7.387554796878248e-05,-0.046128444373607635,-8.08598633739166e-06,0.0480041541159153
5.820411000000604,0.04381527751684189,0.15547078847885132,-0.048441898077726364,0.18111586570739746,0.4939979016780853,-0.3498685956001282,-8.900402463041246e-05,-0.046106912195682526,7.62995387049159e-06,0.047996364533901215
5.840243499999815,0.04382401332259178,0.15546362102031708,-0.05056357383728027,0.18117566406726837,0.49401983618736267,-0.311561644077301,-9.033328387886286e-05,-0.0461144745349884,-9.781185326573905e-06,0.04800833761692047
5.860482900000534,0.04384011775255203,0.1554730236530304,-0.05241420492529869,0.18125131726264954,0.4939573407173157,-0.2803669571876526,-8.2695551100187e-05,-0.046149417757987976,-1.0903680959017947e-05,0.04800036549568176
5.880385500000557,0.04382237419486046,0.15547673404216766,-0.056907013058662415,0.181242436170578,0.49394842982292175,-0.25704509019851685,-6.463108002208173e-05,-0.046156518161296844,5.8917919432133203e-08,0.047992948442697525
5.900302900000497,0.043809257447719574,0.15540607273578644,-0.06403545290231705,0.1812444031238556,0.49394333362579346,-0.2409038096666336,-8.265885116998106e-05,-0.0461677722632885,-1.2010425052721985e-05,0.048007529228925705
5.92030799999975,0.04385592043399811,0.15546570718288422,-0.07213035225868225,0.1813071072101593,0.4939655363559723,-0.2301219254732132,-8.201897435355932e-05,-0.04615827277302742,-1.825980689318385e-05,0.04800565540790558
5.9405296000004455,0.04383134841918945,0.15546953678131104,-0.07975536584854126,0.18132531642913818,0.4939894378185272,-0.2225707471370697,-6.439923163270578e-05,-0.046111978590488434,5.3169778766459785e-06,0.04798978567123413
5.960459099999753,0.043778691440820694,0.15548259019851685,-0.08432341367006302,0.181304931640625,0.4940127432346344,-0.21667172014713287,-7.161713438108563e-05,-0.04612104594707489,-1.6672229321557097e-05,0.04800937697291374
5.980189500000051,0.04381547495722771,0.15547209978103638,-0.08523014187812805,0.18147581815719604,0.49401676654815674,-0.21321988105773926,-6.823375588282943e-05,-0.046115051954984665,-1.1281368642812595e-05,0.048015378415584564
6.000419300000431,0.04380786418914795,0.15544378757476807,-0.08518458902835846,0.18152138590812683,0.49399566650390625,-0.211009219288826,-6.285971903707832e-05,-0.04615519195795059,-1.0174850103794597e-05,0.04800131916999817
6.020578800000294,0.0438128300011158,0.1554804891347885,-0.08515211939811707,0.18154209852218628,0.4940025210380554,-0.21120789647102356,-6.958212179597467e-05,-0.0461529903113842,-2.5791770895011723e-05,0.048010025173425674
6.040398500000265,0.04380423203110695,0.15544173121452332,-0.0849844217300415,0.18155083060264587,0.4940395653247833,-0.21122995018959045,-7.350192754529417e-05,-0.04616428166627884,-2.952529030153528e-05,0.04800456017255783
6.0607230000005075,0.043811216950416565,0.15546473860740662,-0.0847703292965889,0.18148675560951233,0.4940502345561981,-0.2112303078174591,-8.083104330580682e-05,-0.04615282267332077,-3.6005189940624405e-06,0.047986045479774475
6.080417500000294,0.04381594434380531,0.15545020997524261,-0.0838204026222229,0.18132328987121582,0.4940720498561859,-0.21122266352176666,-7.174053462222219e-05,-0.04612874239683151,-2.2384183466783725e-05,0.04800478741526604
6.100577700000031,0.043786875903606415,0.1554521769285202,-0.08236706256866455,0.1812979280948639,0.49405860900878906,-0.21122126281261444,-8.046841685427353e-05,-0.046110108494758606,-1.9272245481261052e-05,0.048010800033807755
6.120372500000485,0.043810419738292694,0.15547125041484833,-0.07858675718307495,0.18128925561904907,0.49408623576164246,-0.21127945184707642,-7.588676817249507e-05,-0.0461244136095047,-1.8110427845385857e-05,0.04800845682621002
6.1402703000003385,0.043827880173921585,0.1554674506187439,-0.073102205991745,0.1812843382358551,0.49408644437789917,-0.21130536496639252,-8.612830424681306e-05,-0.0461331382393837,-2.8877566364826635e-06,0.04802035912871361
6.160402600000452,0.0438142865896225,0.15547803044319153,-0.06666113436222076,0.18128551542758942,0.49409136176109314,-0.21129965782165527,-6.881328590679914e-05,-0.046154242008924484,-5.112444796395721e-06,0.04801067337393761
6.180245399999876,0.04378993436694145,0.15545982122421265,-0.06046842038631439,0.18126489222049713,0.4941198527812958,-0.21130342781543732,-5.959440750302747e-05,-0.04616390913724899,-1.8130967873730697e-05,0.04800837114453316
6.200414400000227,0.04385257512331009,0.15547524392604828,-0.05426202341914177,0.18116165697574615,0.4941127896308899,-0.21129612624645233,-6.619565829169005e-05,-0.04616282880306244,-2.0103921997360885e-05,0.048011619597673416
6.220486500000334,0.0438455305993557,0.15544915199279785,-0.04827529564499855,0.181141197681427,0.49410480260849,-0.21130096912384033,-6.45191321382299e-05,-0.046144627034664154,-1.829725079005584e-05,0.047998759895563126
6.240156700000625,0.043840937316417694,0.15546256303787231,-0.04295243322849274,0.18087127804756165,0.4941277801990509,-0.21130837500095367,-7.949699647724628e-05,-0.04612712562084198,-1.3184571798774414e-05,0.04801597073674202
6.260593200000585,0.04377561807632446,0.15546855330467224,-0.037039488554000854,0.18071693181991577,0.4941808879375458,-0.21134378015995026,-8.182626334019005e-05,-0.046108394861221313,-3.416807885514572e-07,0.0479954294860363
6.280302199999824,0.04382861405611038,0.1553918868303299,-0.03190494328737259,0.18070393800735474,0.49419113993644714,-0.21185193955898285,-8.787970000412315e-05,-0.046130478382110596,-1.9169141523889266e-05,0.04800470918416977
6.300357900000563,0.04378562793135643,0.1553933024406433,-0.028073228895664215,0.18070608377456665,0.4942227005958557,-0.21184563636779785,-8.267181692644954e-05,-0.04616088420152664,-5.973500265099574e-06,0.04799778759479523
6.3202885999999125,0.04377608001232147,0.1554516851902008,-0.024785643443465233,0.1807066798210144,0.49420443177223206,-0.2118348777294159,-7.781411113683134e-05,-0.04616563767194748,-8.12382495496422e-06,0.04800228774547577
6.340366200000062,0.0438099205493927,0.1554507166147232,-0.021639596670866013,0.18083469569683075,0.4941980242729187,-0.21182505786418915,-7.492929580621421e-05,-0.0461464524269104,-1.6377522115362808e-05,0.0479884035885334
6.360071600000083,0.04385238140821457,0.1554735153913498,-0.020339058712124825,0.18095120787620544,0.4941897392272949,-0.21178466081619263,-6.992076669121161e-05,-0.046136289834976196,-8.672044714330696e-06,0.04801693558692932
6.380459099999825,0.04381382465362549,0.15543605387210846,-0.018980897963047028,0.18099182844161987,0.49417027831077576,-0.21174678206443787,-5.651445462717675e-05,-0.04610976576805115,-1.7107373423641548e-05,0.047998130321502686
6.400426899999729,0.043813493102788925,0.15545965731143951,-0.01670738309621811,0.18104121088981628,0.49416565895080566,-0.21173986792564392,-4.8634257836965844e-05,-0.04613487422466278,-3.342589479871094e-05,0.04800604656338692
6.42080260000057,0.043815553188323975,0.15547776222229004,-0.014274464920163155,0.18102559447288513,0.49418339133262634,-0.211745023727417,-6.81367382640019e-05,-0.0461481511592865,-3.0223196517908946e-05,0.04800402373075485
6.4402712000000975,0.043796807527542114,0.15544402599334717,-0.013881731778383255,0.18101385235786438,0.4941945970058441,-0.21174515783786774,-5.965636592009105e-05,-0.04614292085170746,-2.3028627765597776e-05,0.048005055636167526
6.460327900000266,0.0438385009765625,0.15546393394470215,-0.013849388808012009,0.18095871806144714,0.49417001008987427,-0.21174997091293335,-9.041877638082951e-05,-0.04613480716943741,-5.6791309361869935e-06,0.048013731837272644
6.480283599999893,0.04380858689546585,0.15544481575489044,-0.01383708231151104,0.18092775344848633,0.4941847622394562,-0.21174466609954834,-9.441121073905379e-05,-0.04614610597491264,-9.09828577277949e-06,0.04800477251410484
6.500533500000529,0.04381617158651352,0.15545371174812317,-0.013850403018295765,0.18086761236190796,0.4941771924495697,-0.21176841855049133,-8.353982411790639e-05,-0.04613117873668671,-2.447790393489413e-05,0.047987259924411774
6.520210200000292,0.04380757734179497,0.15546250343322754,-0.013852243311703205,0.18078261613845825,0.49418702721595764,-0.21177424490451813,-7.492006989195943e-05,-0.04613075777888298,-2.9121389161446132e-05,0.04799949377775192
6.5403831000003265,0.043850019574165344,0.1554642617702484,-0.013873199932277203,0.18074840307235718,0.4941999614238739,-0.21177153289318085,-6.212847074493766e-05,-0.04614568501710892,-2.1054560420452617e-05,0.04801282286643982
6.560068400000091,0.043826304376125336,0.15548159182071686,-0.013892706483602524,0.18079034984111786,0.4942113161087036,-0.21177901327610016,-6.290369492489845e-05,-0.04614175111055374,3.48479852618766e-06,0.04799873009324074
6.580275799999981,0.04384635388851166,0.1554756760597229,-0.013887850567698479,0.18086934089660645,0.4941805899143219,-0.21178606152534485,-6.493130058515817e-05,-0.04616005718708038,-3.6331512092147022e-06,0.04801236465573311
6.600114200000462,0.04381818324327469,0.15543198585510254,-0.013911226764321327,0.1809076964855194,0.49417418241500854,-0.21176275610923767,-6.985038635320961e-05,-0.04612841457128525,-2.0580515410983935e-05,0.04799730330705643
6.6201004000004104,0.04380132257938385,0.15546512603759766,-0.013932864181697369,0.18100500106811523,0.49418094754219055,-0.21177537739276886,-7.19612799002789e-05,-0.04612433537840843,-1.7144364392152056e-05,0.04799339920282364
6.640269500000613,0.043831534683704376,0.15546998381614685,-0.013905880972743034,0.18101876974105835,0.4941863417625427,-0.21176515519618988,-8.690047252457589e-05,-0.046142883598804474,-8.930343938118313e-06,0.04800717160105705
6.660561900000175,0.04381966590881348,0.15546831488609314,-0.013912107795476913,0.18101820349693298,0.4941650331020355,-0.21176671981811523,-7.817790901754051e-05,-0.04614251106977463,-1.7062095139408484e-05,0.04800906404852867
6.680371399999785,0.04379582405090332,0.15545834600925446,-0.013899724930524826,0.1809905767440796,0.494186133146286,-0.21177637577056885,-7.098386413417757e-05,-0.046130381524562836,-1.8100474335369654e-05,0.04800768569111824
6.700192700000116,0.04377739876508713,0.155465230345726,-0.013897071592509747,0.18093939125537872,0.49417954683303833,-0.21176645159721375,-7.954152533784509e-05,-0.046135030686855316,9.566040716890711e-06,0.047984156757593155
6.720409700000346,0.04382527619600296,0.15545137226581573,-0.013894655741751194,0.18089409172534943,0.49418026208877563,-0.21177467703819275,-9.07058420125395e-05,-0.0461420863866806,-1.886179052235093e-05,0.04800720885396004
6.740103099999942,0.043784916400909424,0.15540811419487,-0.013865713030099869,0.1808604896068573,0.494197279214859,-0.21176402270793915,-8.503839490003884e-05,-0.046153776347637177,-5.167228664504364e-06,0.04800651594996452
6.760110799999893,0.043807148933410645,0.15547850728034973,-0.013859478756785393,0.18079647421836853,0.4942032992839813,-0.21176068484783173,-7.743418973404914e-05,-0.04615485668182373,-1.9188590158591978e-05,0.0479920357465744
6.780412900000556,0.04384096339344978,0.15544335544109344,-0.013859354890882969,0.18079638481140137,0.49418818950653076,-0.21177321672439575,-7.862247002776712e-05,-0.04615761339664459,-1.4575227396562696e-05,0.04800364375114441
6.800342100000307,0.04380340501666069,0.15549863874912262,-0.013887698762118816,0.18084728717803955,0.4941841661930084,-0.21177725493907928,-6.70022564008832e-05,-0.04615064710378647,-3.7484362565010088e-06,0.04801011458039284
6.820416000000478,0.04379892349243164,0.15546725690364838,-0.013878041878342628,0.18087106943130493,0.4942086338996887,-0.21176429092884064,-7.96426902525127e-05,-0.04612337425351143,-1.5703554936408182e-06,0.0480111688375473
6.840294100000392,0.043802324682474136,0.1554478257894516,-0.013897066935896873,0.1809368133544922,0.4941873848438263,-0.21176618337631226,-8.121397695504129e-05,-0.04613189399242401,-1.542647987662349e-05,0.04801217466592789
6.8604307000005065,0.043791308999061584,0.15545891225337982,-0.013886253349483013,0.18097835779190063,0.4941883385181427,-0.21177105605602264,-8.127132605295628e-05,-0.046149857342243195,-5.756524842581712e-06,0.0480034165084362
6.880122700000356,0.04383980110287666,0.15545617043972015,-0.013909381814301014,0.18098396062850952,0.4941800534725189,-0.21176157891750336,-7.494581222999841e-05,-0.0461367703974247,-1.2475215953600127e-05,0.04801241680979729
6.900391799999852,0.04383789002895355,0.15544497966766357,-0.013884959742426872,0.18095606565475464,0.4941709339618683,-0.21176214516162872,-6.314419442787766e-05,-0.04613099619746208,-2.1123221813468263e-05,0.04801608994603157
6.9203324999998586,0.04383666813373566,0.1554412990808487,-0.01392271090298891,0.1809445321559906,0.4942041337490082,-0.21177448332309723,-6.959390884730965e-05,-0.046160027384757996,-6.725861112499842e-06,0.04799742251634598
6.940603300000475,0.04376829043030739,0.1554384082555771,-0.013903197832405567,0.18092188239097595,0.4941727817058563,-0.21177414059638977,-7.243345316965133e-05,-0.04615350067615509,8.00491397967562e-06,0.0480106882750988
6.960333900000478,0.043821901082992554,0.15545836091041565,-0.01389538124203682,0.1808626502752304,0.49418696761131287,-0.21176974475383759,-8.753394649829715e-05,-0.04615046828985214,-2.462282827764284e-05,0.04800035431981087
6.980376200000137,0.043850138783454895,0.1554916948080063,-0.013894611038267612,0.1808406114578247,0.49418869614601135,-0.2117614597082138,-5.7114950323011726e-05,-0.046156443655490875,-1.6279222109005786e-05,0.04799896478652954
7.000372600000446,0.04380326718091965,0.15548306703567505,-0.013893958181142807,0.18085555732250214,0.4941873550415039,-0.2117815911769867,-6.05469431320671e-05,-0.046149373054504395,-1.3260075320431497e-05,0.048016507178545
7.020327000000179,0.04381731525063515,0.15549573302268982,-0.013886402361094952,0.18085485696792603,0.49420076608657837,-0.21176674962043762,-7.64596916269511e-05,-0.0461282804608345,-1.8830189219443128e-05,0.047995924949645996
7.040127000000211,0.0438089445233345,0.15547402203083038,-0.013884127140045166,0.180879145860672,0.4941849112510681,-0.21176691353321075,-7.108434510882944e-05,-0.04615207761526108,-1.7329475667793304e-05,0.04799814522266388
7.060334200000398,0.04382140934467316,0.15545566380023956,-0.013895387761294842,0.18094006180763245,0.49418532848358154,-0.21176154911518097,-6.064879926270805e-05,-0.04614280164241791,-3.114123683189973e-05,0.04800174757838249
7.0801831999997376,0.043800562620162964,0.15541762113571167,-0.01389433816075325,0.18094080686569214,0.4942052364349365,-0.2117670327425003,-6.45460095256567e-05,-0.046155281364917755,-1.1971851563430391e-05,0.04801006242632866
7.100335000000086,0.043794482946395874,0.15544825792312622,-0.013887246139347553,0.1809571385383606,0.4941803812980652,-0.21176502108573914,-8.050318865571171e-05,-0.04612807184457779,-2.7024805604014546e-05,0.04800871014595032
7.120106500000475,0.04380972683429718,0.1554267406463623,-0.013874901458621025,0.18096031248569489,0.49418172240257263,-0.2117617428302765,-6.64816761855036e-05,-0.046132057905197144,-6.035784281266388e-07,0.048006076365709305
7.140232700000524,0.04380406066775322,0.15548855066299438,-0.013882262632250786,0.1809375286102295,0.4941892921924591,-0.21177008748054504,-7.961272058309987e-05,-0.04612605646252632,-1.6156729543581605e-05,0.04799480736255646
7.160320099999808,0.04379585012793541,0.15549223124980927,-0.013883372768759727,0.18093177676200867,0.49418991804122925,-0.21178053319454193,-8.258213347289711e-05,-0.046142756938934326,-1.5535631973762065e-05,0.04799359664320946
7.18035349999991,0.04383552074432373,0.15546661615371704,-0.013883829116821289,0.1808706521987915,0.4941812753677368,-0.21176473796367645,-6.842213770141825e-05,-0.046162061393260956,-1.0422460036352277e-05,0.048005927354097366
7.200292900000022,0.04378792643547058,0.155478835105896,-0.013891930691897869,0.18085359036922455,0.49420300126075745,-0.21177522838115692,-9.134987340075895e-05,-0.04615394026041031,-1.777701618266292e-05,0.04799361154437065
7.220314500000313,0.04380105063319206,0.1554918736219406,-0.013896183110773563,0.18086382746696472,0.49420058727264404,-0.21178579330444336,-6.485502672148868e-05,-0.04613879323005676,1.0726314940256998e-05,0.04800241440534592
7.240307199999734,0.04380307346582413,0.1554747372865677,-0.013897284865379333,0.18086591362953186,0.4941876232624054,-0.21177475154399872,-7.543296669609845e-05,-0.0461457222700119,-2.2667625671601854e-05,0.048009078949689865
7.260081000000355,0.04380461573600769,0.15546227991580963,-0.013901133090257645,0.18087834119796753,0.49418559670448303,-0.21176622807979584,-7.030200504232198e-05,-0.046123869717121124,-1.770065318851266e-05,0.04800058901309967
7.280491299999994,0.04379480704665184,0.15546450018882751,-0.013897120021283627,0.18092826008796692,0.4941958785057068,-0.21176637709140778,-8.318116306327283e-05,-0.04613292217254639,-2.1986739739077166e-05,0.04800710082054138
7.300350200000139,0.04381127655506134,0.15546998381614685,-0.013897350989282131,0.18094708025455475,0.49418991804122925,-0.21177147328853607,-7.131574238883331e-05,-0.04615538567304611,1.5931756934151053e-05,0.04799433425068855
7.3202767000002495,0.043843209743499756,0.15544965863227844,-0.013888062909245491,0.18094530701637268,0.4942095875740051,-0.2117690145969391,-6.531112740049139e-05,-0.04613197594881058,-1.1389364772185218e-05,0.04799523949623108
7.340290600000117,0.04379552602767944,0.1554463654756546,-0.013884041458368301,0.1809501051902771,0.4941962659358978,-0.21177178621292114,-8.095423982013017e-05,-0.04613145440816879,-1.7257103536394425e-05,0.048011064529418945
7.360181400000329,0.043808676302433014,0.15542688965797424,-0.01389837171882391,0.18093976378440857,0.49418753385543823,-0.2117794156074524,-6.753471825504676e-05,-0.0461372546851635,-1.7951897461898625e-05,0.04800286889076233
7.380368900000576,0.04381411522626877,0.1554669588804245,-0.013868419453501701,0.18092617392539978,0.4942168891429901,-0.21176496148109436,-7.90519334259443e-05,-0.046121008694171906,-1.3829820090904832e-05,0.047997038811445236
7.400291200000538,0.04383014887571335,0.15545104444026947,-0.013876422308385372,0.18087804317474365,0.49420166015625,-0.21177491545677185,-7.23966586519964e-05,-0.04615802317857742,-2.1650797862093896e-05,0.04799984395503998
7.420307100000173,0.0438145212829113,0.15545043349266052,-0.013888602145016193,0.1808667927980423,0.49420270323753357,-0.21176400780677795,-8.62090673763305e-05,-0.04614681750535965,-1.4093186109676026e-05,0.04801042005419731
7.440310699999827,0.04383501410484314,0.15546561777591705,-0.013882072642445564,0.18086303770542145,0.494192898273468,-0.21176853775978088,-8.714405703358352e-05,-0.04615776240825653,-9.51837319007609e-06,0.04801067337393761
7.460606399999961,0.043831586837768555,0.15544061362743378,-0.013894526287913322,0.18086495995521545,0.4941869080066681,-0.21176134049892426,-5.4593874665442854e-05,-0.04613325744867325,-2.0462033717194572e-05,0.04801720753312111
7.480439300000398,0.04378846287727356,0.15543678402900696,-0.013884907588362694,0.18087241053581238,0.4941926896572113,-0.21177472174167633,-6.747285078745335e-05,-0.04612770676612854,7.23339690011926e-06,0.04798317700624466
7.500060400000621,0.043837543576955795,0.1554669439792633,-0.013898305594921112,0.18092364072799683,0.4941886365413666,-0.21176677942276,-7.175422797445208e-05,-0.04613789916038513,-2.0296307411626913e-05,0.04800095781683922
7.520335799999884,0.04382164776325226,0.15546245872974396,-0.013894382864236832,0.18094468116760254,0.4941912293434143,-0.2117646336555481,-7.05916463630274e-05,-0.046122826635837555,-3.43379688274581e-05,0.04799969494342804
7.540362400000049,0.04378607124090195,0.15545891225337982,-0.013898763805627823,0.1809384673833847,0.49417415261268616,-0.21177279949188232,-8.23505615699105e-05,-0.04616028070449829,-2.579846841399558e-05,0.048006970435380936
7.560274600000412,0.04377584904432297,0.1554565727710724,-0.01390437688678503,0.18093901872634888,0.49418604373931885,-0.21176616847515106,-8.579670975450426e-05,-0.04615262895822525,-1.7960745026357472e-05,0.04801652953028679
7.580318000000261,0.043803621083498,0.15545138716697693,-0.013893828727304935,0.18093273043632507,0.4941876530647278,-0.21176663041114807,-8.344357047462836e-05,-0.04614218324422836,-1.8514980183681473e-05,0.04798465594649315
7.600382900000113,0.04382457956671715,0.15548846125602722,-0.013899309560656548,0.18092501163482666,0.4942065179347992,-0.21177053451538086,-6.897201819811016e-05,-0.046133145689964294,-2.2658248781226575e-05,0.0480022132396698
7.6203621000004205,0.043798789381980896,0.15544693171977997,-0.013900239951908588,0.18087342381477356,0.49419325590133667,-0.21177074313163757,-7.459226617356762e-05,-0.04613903537392616,-1.555875496705994e-05,0.048003293573856354
7.640243599999849,0.04383553937077522,0.15547969937324524,-0.013895115815103054,0.18086421489715576,0.49418899416923523,-0.21176548302173615,-7.410807302221656e-05,-0.0461273267865181,-1.3019512152823154e-05,0.04800435155630112
7.660425799999757,0.043820105493068695,0.15544810891151428,-0.013889591209590435,0.18086378276348114,0.49418410658836365,-0.21177497506141663,-7.64920114306733e-05,-0.04615755379199982,-2.1059222490293905e-05,0.04801388829946518
7.68056230000002,0.04378833621740341,0.155464768409729,-0.013891682960093021,0.18087662756443024,0.4941703975200653,-0.2117713987827301,-8.124412124743685e-05,-0.04612991213798523,-2.812830643961206e-06,0.047983694821596146
7.700320900000406,0.043805837631225586,0.15545421838760376,-0.013892492279410362,0.18090012669563293,0.49419209361076355,-0.2117663323879242,-8.253524720203131e-05,-0.04614914581179619,-2.488887548679486e-05,0.047989409416913986
7.720431499999904,0.043801940977573395,0.1554662138223648,-0.013897907920181751,0.1809181571006775,0.49418067932128906,-0.21177613735198975,-7.6459844422061e-05,-0.046169962733983994,-4.868204086960759e-06,0.04800320416688919
7.740384499999891,0.04378684610128403,0.15545469522476196,-0.0138921570032835,0.1809367835521698,0.49418210983276367,-0.2117634117603302,-9.118918387684971e-05,-0.046151768416166306,-1.4606771401304286e-05,0.04801291972398758
7.760523200000534,0.04378105700016022,0.15542572736740112,-0.013902217149734497,0.18094252049922943,0.49419376254081726,-0.2117743194103241,-8.238795271608979e-05,-0.04612204432487488,-2.5296032617916353e-05,0.04800168797373772
7.7803381000003355,0.043826811015605927,0.15546914935112,-0.013894561678171158,0.18093976378440857,0.49417975544929504,-0.21176393330097198,-8.06928874226287e-05,-0.04615253955125809,-1.6581465388298966e-05,0.04800629988312721
7.800373600000057,0.04384712502360344,0.15543709695339203,-0.013891998678445816,0.18093480169773102,0.4941848814487457,-0.21177203953266144,-7.011809793766588e-05,-0.04615692049264908,-2.125418177456595e-05,0.048004962503910065
7.820329700000002,0.043799981474876404,0.15544946491718292,-0.013891699723899364,0.18092219531536102,0.4942018687725067,-0.2117687165737152,-6.493840191978961e-05,-0.04612792655825615,-9.13455369300209e-06,0.04798458516597748
7.840588099999877,0.04381402209401131,0.1554487645626068,-0.01389270555227995,0.18087220191955566,0.4941977262496948,-0.2117733657360077,-8.544250158593059e-05,-0.04612549766898155,-8.490995242027566e-06,0.047993116080760956
7.860325900000134,0.043826740235090256,0.15548034012317657,-0.01389770582318306,0.18087416887283325,0.4941980838775635,-0.21177418529987335,-8.046117727644742e-05,-0.046158283948898315,-1.8519665900385007e-05,0.04800548776984215
7.88055870000062,0.043829552829265594,0.15544883906841278,-0.013897945173084736,0.1808672994375229,0.4941936731338501,-0.21177084743976593,-6.746005237801e-05,-0.046139806509017944,-3.525617557897931e-06,0.048004817217588425
7.900305199999821,0.043785035610198975,0.1554599553346634,-0.013888721354305744,0.18087202310562134,0.4941832721233368,-0.2117767035961151,-6.35474716546014e-05,-0.0461592897772789,-2.8615581868507434e-06,0.04800815507769585
7.920126400000299,0.04381031543016434,0.15543818473815918,-0.013875291682779789,0.18089571595191956,0.4941950738430023,-0.21176990866661072,-8.218228322220966e-05,-0.04613050818443298,-2.283451976836659e-06,0.047996677458286285
7.940339900000254,0.043807029724121094,0.15546195209026337,-0.013893364928662777,0.18092821538448334,0.4942004084587097,-0.211777463555336,-6.696013588225469e-05,-0.04615050554275513,-2.0696588762803003e-05,0.04801313206553459
7.960815600000387,0.04379289597272873,0.155459463596344,-0.01389844436198473,0.18093609809875488,0.4941862225532532,-0.21176864206790924,-9.569053509039804e-05,-0.04613462835550308,-3.822471626335755e-06,0.04800901189446449
7.980376299999989,0.04381158947944641,0.15545132756233215,-0.013883097097277641,0.18093673884868622,0.4941781759262085,-0.2117595225572586,-8.022921974770725e-05,-0.04613948613405228,-1.6757348930696025e-05,0.04801506549119949
8.000278200000139,0.04379439726471901,0.15548545122146606,-0.013889522291719913,0.18093827366828918,0.4941885471343994,-0.21176889538764954,-7.80423215474002e-05,-0.046149298548698425,-2.5979863494285382e-05,0.04801030457019806
8.020345099999759,0.043797172605991364,0.15544135868549347,-0.013898002915084362,0.18092891573905945,0.4942081868648529,-0.2117617279291153,-7.241532148327678e-05,-0.04615994915366173,-2.955937816295773e-06,0.048008840531110764
8.040136100000382,0.04381481930613518,0.15549767017364502,-0.013891937211155891,0.18091359734535217,0.4942081868648529,-0.21175551414489746,-7.194849604275078e-05,-0.046143170446157455,-1.8571465261629783e-05,0.04799260199069977
8.060299300000224,0.04380780830979347,0.15545494854450226,-0.013891053386032581,0.180891215801239,0.49418511986732483,-0.21177029609680176,-8.028125739656389e-05,-0.04613550752401352,-2.0498950107139535e-05,0.04801534488797188
8.080351300000075,0.04384318366646767,0.1554521918296814,-0.013885457068681717,0.1808777153491974,0.49418801069259644,-0.2117888480424881,-7.134991756174713e-05,-0.04614070802927017,-1.0408124580862932e-05,0.04799934849143028
8.100308099999893,0.04381126910448074,0.15545348823070526,-0.013885749503970146,0.1808689385652542,0.49419233202934265,-0.2117680460214615,-6.841633876319975e-05,-0.046144742518663406,-4.601386081048986e-06,0.04800258204340935
8.120456800000284,0.04382782801985741,0.15542720258235931,-0.013901855796575546,0.18087372183799744,0.4941832423210144,-0.2117701917886734,-7.654682121938094e-05,-0.0461282953619957,-8.692594747117255e-06,0.04800528287887573
8.140355900000031,0.04382666200399399,0.15544502437114716,-0.01390353124588728,0.18088333308696747,0.4942001402378082,-0.21177133917808533,-7.73663487052545e-05,-0.04614377021789551,-1.7321777704637498e-05,0.048012472689151764
8.160356299999876,0.04384157061576843,0.15544547140598297,-0.013892075978219509,0.18092575669288635,0.4941922128200531,-0.21176432073116302,-6.953167030587792e-05,-0.04614365100860596,-1.9071856513619423e-05,0.04800024256110191
8.180341299999782,0.04381007328629494,0.1554872691631317,-0.013905717059969902,0.18093672394752502,0.4942031800746918,-0.2117728441953659,-6.0084865253884345e-05,-0.04613344371318817,-1.4878885849611834e-05,0.04800675809383392
8.200625800000125,0.043805815279483795,0.1554533988237381,-0.013894918374717236,0.1809355616569519,0.4941815733909607,-0.21176926791667938,-7.37642403692007e-05,-0.04615528881549835,-2.561025758041069e-05,0.04800640791654587
8.220273500000076,0.04384689778089523,0.15545061230659485,-0.013894646428525448,0.18093004822731018,0.49417877197265625,-0.2117747664451599,-7.50006438465789e-05,-0.04616957902908325,-1.7556505554239266e-05,0.048003245145082474
8.240289000000303,0.04378683120012283,0.1554688960313797,-0.013893680647015572,0.18092569708824158,0.4941854774951935,-0.2117694467306137,-9.98583491309546e-05,-0.04613998532295227,-1.7502825357951224e-05,0.048001669347286224
8.260317600000235,0.04384377598762512,0.15543772280216217,-0.013897957280278206,0.18091712892055511,0.4942038953304291,-0.21176859736442566,-7.667127647437155e-05,-0.046136561781167984,-2.7761147066485137e-05,0.048007357865571976
8.280352300000231,0.043856505304574966,0.15545885264873505,-0.01390682440251112,0.1808851659297943,0.4942101538181305,-0.21177195012569427,-6.364026921801269e-05,-0.046147268265485764,-6.375562406901736e-07,0.0479963943362236
8.300390200000038,0.043853968381881714,0.15547020733356476,-0.013899900950491428,0.1808813214302063,0.4941823482513428,-0.2117648869752884,-5.7125784223899245e-05,-0.04615435004234314,-4.673811417887919e-06,0.04801050201058388
8.320325400000002,0.04378993436694145,0.15546438097953796,-0.013865232467651367,0.1808737963438034,0.4941939413547516,-0.2117682695388794,-9.058973228093237e-05,-0.046147264540195465,-2.2547996195498854e-05,0.048012301325798035
8.340567100000044,0.04384284466505051,0.15548589825630188,-0.013884929940104485,0.18089284002780914,0.49419787526130676,-0.21177135407924652,-5.0566384743433446e-05,-0.04614948853850365,-1.0969517461489886e-05,0.04800510033965111
8.360358900000392,0.04380475729703903,0.1554836630821228,-0.01388643216341734,0.18090298771858215,0.49419957399368286,-0.21176782250404358,-6.77242933306843e-05,-0.046138662844896317,-2.1313684555934742e-05,0.04801400005817413
8.380224999999882,0.043812647461891174,0.15545402467250824,-0.013890907168388367,0.18092229962348938,0.4941941201686859,-0.2117609977722168,-7.386726792901754e-05,-0.04614318534731865,-7.536454177170526e-06,0.04799492284655571
8.400315100000626,0.04381711781024933,0.15546193718910217,-0.013902904465794563,0.18093501031398773,0.4941848814487457,-0.2117740362882614,-7.177665247581899e-05,-0.04616357386112213,-2.2549844288732857e-05,0.04799738898873329
8.420492600000216,0.04383024573326111,0.1554621011018753,-0.013904744759202003,0.18093448877334595,0.49419286847114563,-0.21177364885807037,-7.000952609814703e-05,-0.04614083096385002,-1.1561449355212972e-05,0.04800809174776077
8.440284400000564,0.04380977898836136,0.15547043085098267,-0.013895495794713497,0.18092627823352814,0.4941982626914978,-0.21176353096961975,-7.971850573085248e-05,-0.046148478984832764,-2.822865644702688e-05,0.04800693690776825
8.460214700000506,0.043821774423122406,0.1554602086544037,-0.013902807608246803,0.18092690408229828,0.49419814348220825,-0.21176967024803162,-7.258930418174714e-05,-0.04614827036857605,-2.4016328097786754e-05,0.047990135848522186
8.480346899999859,0.043795209378004074,0.15544989705085754,-0.013905061408877373,0.18091340363025665,0.4941778779029846,-0.2117718905210495,-7.965395343489945e-05,-0.046153560280799866,-1.583978155395016e-05,0.04801063612103462
8.50026489999982,0.043803293257951736,0.15546149015426636,-0.013902507722377777,0.18088379502296448,0.4941907227039337,-0.21176482737064362,-5.882459299755283e-05,-0.0461442694067955,-3.218731581000611e-05,0.04799060896039009
8.520319199999904,0.04381880164146423,0.15548518300056458,-0.013901748694479465,0.1808742880821228,0.4941822588443756,-0.21176686882972717,-7.468518015230075e-05,-0.04612678289413452,-1.770503877196461e-05,0.04799662157893181
8.540415700000267,0.04379652440547943,0.15547887980937958,-0.01388702355325222,0.18087421357631683,0.49419888854026794,-0.2117805927991867,-7.182141416706145e-05,-0.046133145689964294,-1.3291537470649928e-05,0.048016369342803955
8.560368299999936,0.04384351521730423,0.15546560287475586,-0.013881750404834747,0.18089792132377625,0.49420368671417236,-0.21176749467849731,-6.047330316505395e-05,-0.04613006114959717,-1.7531423509353772e-05,0.04799428954720497
8.580416100000548,0.04380831494927406,0.15543510019779205,-0.013897188939154148,0.18090949952602386,0.49419620633125305,-0.2117636799812317,-7.279074634425342e-05,-0.04614083468914032,-1.2935300219396595e-05,0.0480053648352623
8.600389299999733,0.04375367611646652,0.1554519236087799,-0.013877682387828827,0.18092858791351318,0.4941967725753784,-0.211775541305542,-6.460024451371282e-05,-0.046138063073158264,-8.807610356598161e-06,0.048008400946855545
8.62038080000002,0.043797947466373444,0.15547923743724823,-0.013895115815103054,0.18093615770339966,0.49417951703071594,-0.21176429092884064,-8.000829257071018e-05,-0.04613108187913895,-5.005252660339465e-06,0.047989897429943085
8.640421799999785,0.043843284249305725,0.1554649919271469,-0.013891777023673058,0.18092501163482666,0.4941866993904114,-0.21176736056804657,-6.331260374281555e-05,-0.04613737016916275,-1.8692128378461348e-06,0.047995563596487045
8.660486499999934,0.043834034353494644,0.1554412543773651,-0.013888377696275711,0.18093261122703552,0.4941932260990143,-0.21176309883594513,-8.033734047785401e-05,-0.04613930732011795,-2.2307831386569887e-05,0.04801696166396141
8.68034069999976,0.04377790540456772,0.15542832016944885,-0.013881702907383442,0.18092414736747742,0.4941917955875397,-0.2117752581834793,-6.907739589223638e-05,-0.0461188480257988,4.760737283504568e-06,0.04799940809607506
8.700386700000308,0.04378576949238777,0.15544915199279785,-0.013893820345401764,0.1809048056602478,0.4942013919353485,-0.2117646187543869,-6.95716735208407e-05,-0.04614369571208954,-8.312287718581501e-06,0.048003897070884705
8.720426800000496,0.04379863291978836,0.15544191002845764,-0.01388549990952015,0.1808963567018509,0.4942009150981903,-0.2117668092250824,-7.443812501151115e-05,-0.046159591525793076,-1.6021793271647766e-05,0.04799964278936386
8.740486300000157,0.043806128203868866,0.15542316436767578,-0.013888785615563393,0.18087129294872284,0.4941980540752411,-0.21178632974624634,-7.662421558052301e-05,-0.046147122979164124,-6.9556499511236325e-06,0.04800114035606384
8.76034350000009,0.04383374750614166,0.15547022223472595,-0.013897445052862167,0.18088747560977936,0.4941818416118622,-0.21177390217781067,-5.7361416111234576e-05,-0.046130113303661346,-1.1418490430514794e-05,0.04801047593355179
8.780352300000231,0.04383592680096626,0.1554519385099411,-0.013896952383220196,0.18088757991790771,0.4941876232624054,-0.21177995204925537,-5.805990440421738e-05,-0.04615301638841629,-1.718920248094946e-05,0.04800817742943764
8.800334399999883,0.04378748685121536,0.15549075603485107,-0.013903765007853508,0.18090687692165375,0.4941992163658142,-0.21177427470684052,-6.774570647394285e-05,-0.04612215235829353,-1.7788932382245548e-05,0.04797732084989548
8.820556300000135,0.043808549642562866,0.15546442568302155,-0.013889305293560028,0.18091347813606262,0.4942086637020111,-0.21177758276462555,-8.122908911900595e-05,-0.04614988714456558,-1.8381266272626817e-05,0.04800057038664818
8.840381099999831,0.04380301386117935,0.15545888245105743,-0.013884332962334156,0.18092769384384155,0.49418067932128906,-0.21177290380001068,-6.262771057663485e-05,-0.046147026121616364,-2.1876527171116322e-05,0.04801379144191742
8.860452099999748,0.04381587356328964,0.15545929968357086,-0.01389154139906168,0.1809336245059967,0.4941968023777008,-0.21176281571388245,-7.87763565313071e-05,-0.04615144431591034,3.123709802821395e-06,0.04800437018275261
8.880383599999732,0.04383019357919693,0.15544947981834412,-0.013892501592636108,0.18092507123947144,0.4942023754119873,-0.21177566051483154,-7.949443534016609e-05,-0.04615249112248421,-2.4388005840592086e-05,0.048002853989601135
8.900649799999883,0.043801866471767426,0.1554802507162094,-0.01389398518949747,0.18091514706611633,0.49417129158973694,-0.2117861807346344,-9.722382674226537e-05,-0.04614971578121185,-1.947622513398528e-05,0.04799743369221687
8.920310000000427,0.0438150092959404,0.1554449200630188,-0.013891622424125671,0.18088050186634064,0.4941979944705963,-0.21177782118320465,-7.198259118013084e-05,-0.04615125060081482,-2.663590566953644e-05,0.04800816997885704
8.940312200000335,0.04382212087512016,0.15547797083854675,-0.013893223367631435,0.18088588118553162,0.4941940903663635,-0.21177905797958374,-5.5255673942156136e-05,-0.04613388329744339,-3.128584648948163e-05,0.04800385609269142
8.960346699999718,0.043831124901771545,0.15545347332954407,-0.013897048309445381,0.18087714910507202,0.4941827952861786,-0.21177586913108826,-7.329959771595895e-05,-0.04614868015050888,-2.0194074750179425e-05,0.048007797449827194
8.980431200000567,0.0438055619597435,0.15545421838760376,-0.013895317912101746,0.18087822198867798,0.4941781163215637,-0.2117706537246704,-7.18492447049357e-05,-0.046150609850883484,-3.990719051216729e-06,0.04799686744809151
9.000329600000441,0.04382747411727905,0.15545079112052917,-0.013885646127164364,0.18089556694030762,0.49418115615844727,-0.21176689863204956,-6.402878352673724e-05,-0.04614190757274628,-1.548622822156176e-05,0.04798833653330803
9.020351000000119,0.04379025474190712,0.15548211336135864,-0.01389958057552576,0.1809132844209671,0.4941961467266083,-0.21177785098552704,-8.89647490112111e-05,-0.04612652212381363,-9.14687552722171e-06,0.048005253076553345
9.040456900000208,0.043811917304992676,0.15543989837169647,-0.013898327946662903,0.18092715740203857,0.49419042468070984,-0.2117612361907959,-7.601424294989556e-05,-0.046138256788253784,-6.2226845329860225e-06,0.04801003262400627
9.060205200000382,0.04382603242993355,0.1554402858018875,-0.013886675238609314,0.18093323707580566,0.49419039487838745,-0.2117658406496048,-6.628160190302879e-05,-0.046151623129844666,-2.4386265067732893e-05,0.04800233617424965
9.080521599999884,0.04381744936108589,0.15546055138111115,-0.01390004437416792,0.18092721700668335,0.4941732883453369,-0.21176838874816895,-7.836503209546208e-05,-0.04614157974720001,-1.883327786345035e-05,0.04798636585474014
9.100366000000577,0.04382026940584183,0.15544839203357697,-0.013897700235247612,0.18092741072177887,0.4941900074481964,-0.21176950633525848,-6.941374158486724e-05,-0.04614485055208206,-1.829079701565206e-05,0.04800930991768837
9.120416700000533,0.04379701241850853,0.15544475615024567,-0.01389632374048233,0.18090441823005676,0.49420297145843506,-0.21176612377166748,-6.862173904664814e-05,-0.046143025159835815,5.124436938785948e-06,0.04798934981226921
9.140372700000626,0.04382020980119705,0.15544095635414124,-0.013888777233660221,0.1809024214744568,0.494184285402298,-0.21177451312541962,-7.425585499731824e-05,-0.046148814260959625,-1.4801686120335944e-05,0.04801382124423981
9.160450899999887,0.04378914833068848,0.15546172857284546,-0.013895959593355656,0.1808890700340271,0.4941916763782501,-0.21177010238170624,-7.590306631755084e-05,-0.046142518520355225,-1.3646603292727377e-05,0.04800545796751976
9.1803903,0.043806977570056915,0.15542368590831757,-0.013898221775889397,0.18089282512664795,0.49418655037879944,-0.2117757350206375,-8.146217442117631e-05,-0.04613374173641205,-2.1499987269635312e-05,0.048001978546381
