0.0001011999997899693,-0.03794912248849869,0.22839117050170898,-0.013486719690263271,-0.04455238953232765,-0.2154289335012436,-0.1422756016254425,-0.029908521100878716,0.12448123097419739,0.15278764069080353,-0.03286463022232056
0.020186799999919458,-0.03793976455926895,0.2284037172794342,-0.01347536314278841,-0.04455539956688881,-0.21543002128601074,-0.142281174659729,-0.02990342490375042,0.12447799742221832,0.15276995301246643,-0.03288103640079498
0.0404911999999058,-0.037899717688560486,0.22840990126132965,-0.013479333370923996,-0.04456596449017525,-0.21543154120445251,-0.14228948950767517,-0.029916197061538696,0.1244826540350914,0.15279075503349304,-0.03286470100283623
0.06028070000002117,-0.037969596683979034,0.2284221351146698,-0.013499587774276733,-0.04454059153795242,-0.21543338894844055,-0.14229395985603333,-0.02988377958536148,0.12447036057710648,0.15279757976531982,-0.03289266303181648
0.08048669999971025,-0.03791431337594986,0.22840750217437744,-0.013500253669917583,-0.04454506188631058,-0.2154310643672943,-0.14229556918144226,-0.029909761622548103,0.12448214739561081,0.15278476476669312,-0.03287556767463684
0.10049179999987246,-0.03792727738618851,0.2283945083618164,-0.01351487822830677,-0.044552482664585114,-0.21542593836784363,-0.14228899776935577,-0.029916144907474518,0.12448308616876602,0.15278169512748718,-0.032878123223781586
0.12045549999993455,-0.03793856129050255,0.22842061519622803,-0.013503908179700375,-0.04454607143998146,-0.21542830765247345,-0.14228329062461853,-0.02990816719830036,0.1244785487651825,0.15279898047447205,-0.03287925571203232
0.14047249999975975,-0.037913016974925995,0.2284083217382431,-0.013512969017028809,-0.04455263912677765,-0.21543124318122864,-0.14228522777557373,-0.029882151633501053,0.12447267025709152,0.15277938544750214,-0.032867543399333954
0.16046749999986787,-0.03787406533956528,0.2283933013677597,-0.013524242676794529,-0.04454805701971054,-0.21543356776237488,-0.14227831363677979,-0.029902664944529533,0.12447500228881836,0.15281611680984497,-0.03287096321582794
0.1804258999995909,-0.037919849157333374,0.2284073531627655,-0.013534827157855034,-0.044531263411045074,-0.2154306173324585,-0.14228229224681854,-0.02988930605351925,0.12448213249444962,0.15279750525951385,-0.03286895155906677
0.2004852000000028,-0.037932783365249634,0.2284185290336609,-0.013531018979847431,-0.04451897740364075,-0.21543094515800476,-0.14229166507720947,-0.029900511726737022,0.124471515417099,0.15278637409210205,-0.03287506476044655
0.22043639999992592,-0.03786379098892212,0.22839665412902832,-0.013526402413845062,-0.04450731724500656,-0.21543090045452118,-0.14227744936943054,-0.029888371005654335,0.12447658181190491,0.152779221534729,-0.032873209565877914
0.24045839999962482,-0.03786894679069519,0.2284218817949295,-0.013537527061998844,-0.04452800005674362,-0.21542441844940186,-0.14229226112365723,-0.029882576316595078,0.12446790933609009,0.15278242528438568,-0.03287287801504135
0.26048609999998007,-0.03788421303033829,0.2284039556980133,-0.013529112562537193,-0.044519148766994476,-0.21543043851852417,-0.14228685200214386,-0.02988482266664505,0.12447500228881836,0.1528029888868332,-0.03287382423877716
0.2805406999996194,-0.037887562066316605,0.2283560186624527,-0.013543366454541683,-0.04452154040336609,-0.21543052792549133,-0.14229309558868408,-0.029889734461903572,0.12447965145111084,0.15279465913772583,-0.03287706524133682
0.3004966999997123,-0.03791230171918869,0.22839201986789703,-0.013539010658860207,-0.0445503368973732,-0.21542774140834808,-0.14228969812393188,-0.0298809502273798,0.124476857483387,0.15278714895248413,-0.032870981842279434
0.32043879999991987,-0.037922509014606476,0.2283523827791214,-0.013537614606320858,-0.044542346149683,-0.21543291211128235,-0.14228588342666626,-0.029882239177823067,0.12446301430463791,0.15278038382530212,-0.0328846201300621
0.3404486999997971,-0.03788289427757263,0.2284115105867386,-0.013563722372055054,-0.04452316462993622,-0.21543507277965546,-0.1422908902168274,-0.02988174930214882,0.12446655333042145,0.1528022736310959,-0.03288973122835159
0.3604483999997683,-0.037870705127716064,0.22842025756835938,-0.013554218225181103,-0.04450991749763489,-0.21543416380882263,-0.14228233695030212,-0.029872264713048935,0.12446876615285873,0.15278731286525726,-0.03289880231022835
0.38049279999995633,-0.03791094198822975,0.22844253480434418,-0.013585255481302738,-0.044516630470752716,-0.21543262898921967,-0.14228883385658264,-0.02989290840923786,0.12447347491979599,0.15279394388198853,-0.032868728041648865
0.40041089999976975,-0.03788723424077034,0.22844043374061584,-0.013786999508738518,-0.044539883732795715,-0.21543115377426147,-0.1423051655292511,-0.02989109791815281,0.12447332590818405,0.152798593044281,-0.03286636993288994
0.42040049999968687,-0.03791851922869682,0.22835901379585266,-0.013912418857216835,-0.04454674571752548,-0.21542993187904358,-0.1423007994890213,-0.029864205047488213,0.1244746670126915,0.15279746055603027,-0.032876383513212204
0.44044979999989664,-0.03790146857500076,0.2283788025379181,-0.0142280338332057,-0.04455389454960823,-0.21542978286743164,-0.14231321215629578,-0.029906462877988815,0.1244780495762825,0.1527726948261261,-0.03286270052194595
0.46048819999987245,-0.03791490197181702,0.22838649153709412,-0.014979038387537003,-0.04453333839774132,-0.21540889143943787,-0.142332524061203,-0.02989043854176998,0.1244715079665184,0.1527782678604126,-0.03285840153694153
0.4802303999999822,-0.03795579820871353,0.2284146547317505,-0.01612427830696106,-0.04451799392700195,-0.2154243439435959,-0.14239265024662018,-0.029883308336138725,0.12446893006563187,0.15279337763786316,-0.03285148739814758
0.5004660999998123,-0.037893492728471756,0.22841842472553253,-0.01680091768503189,-0.04447733610868454,-0.2154221385717392,-0.14246556162834167,-0.029887042939662933,0.12446305900812149,0.15279793739318848,-0.03285995125770569
0.5204377999998542,-0.037880122661590576,0.22840163111686707,-0.017136411741375923,-0.04444427043199539,-0.2154131680727005,-0.14251410961151123,-0.029861314222216606,0.12446236610412598,0.15278315544128418,-0.03285139799118042
0.5401605999995809,-0.037881698459386826,0.2284189909696579,-0.017554521560668945,-0.044428303837776184,-0.21539877355098724,-0.14251847565174103,-0.029845165088772774,0.12448445707559586,0.15278196334838867,-0.03282957524061203
0.560421199999837,-0.03790710121393204,0.22841928899288177,-0.01798061653971672,-0.04442219436168671,-0.21542149782180786,-0.14251084625720978,-0.029790634289383888,0.12446901947259903,0.15278279781341553,-0.032818108797073364
0.5804481000000123,-0.03789861500263214,0.22839011251926422,-0.020548220723867416,-0.044393058866262436,-0.21541555225849152,-0.14251595735549927,-0.029796741902828217,0.12446259707212448,0.1527692675590515,-0.032755255699157715
0.6004346999998234,-0.03794584423303604,0.22838957607746124,-0.028564946725964546,-0.044385552406311035,-0.21539339423179626,-0.14252743124961853,-0.02977258525788784,0.12445372343063354,0.15276962518692017,-0.032648276537656784
0.6202782999998817,-0.037915974855422974,0.22840891778469086,-0.04250723123550415,-0.04434020072221756,-0.21542957425117493,-0.14269158244132996,-0.02975086309015751,0.1244540736079216,0.15277695655822754,-0.03249449282884598
0.6403955999999198,-0.03790555149316788,0.22841933369636536,-0.0635717362165451,-0.04432782530784607,-0.21543247997760773,-0.14272403717041016,-0.02975219301879406,0.12446236610412598,0.15276557207107544,-0.03174259513616562
0.6604105999999774,-0.03791467100381851,0.22841063141822815,-0.0895494818687439,-0.04425908625125885,-0.21541692316532135,-0.14265607297420502,-0.02973124012351036,0.12446780502796173,0.15279415249824524,-0.027978021651506424
0.6804528999996364,-0.037905752658843994,0.2284492701292038,-0.11691733449697495,-0.044228196144104004,-0.215424045920372,-0.1425275206565857,-0.02973957173526287,0.12446374446153641,0.1527748554944992,-0.026751870289444923
0.7004124999998567,-0.037872690707445145,0.22842420637607574,-0.14226049184799194,-0.04420045018196106,-0.2154880166053772,-0.1424849033355713,-0.02969512902200222,0.12447330355644226,0.15277805924415588,-0.021922364830970764
0.7204130000000077,-0.03791341930627823,0.22839757800102234,-0.16557951271533966,-0.04418717697262764,-0.21547791361808777,-0.1424432098865509,-0.02969592995941639,0.12447257339954376,0.15268483757972717,-0.014517583884298801
0.7404430999999931,-0.03792421519756317,0.22838281095027924,-0.18577513098716736,-0.04417019337415695,-0.21545568108558655,-0.1424480825662613,-0.029656624421477318,0.12447018176317215,0.15267720818519592,-0.004728083498775959
0.7604425999998057,-0.03794786334037781,0.22840890288352966,-0.2036779373884201,-0.0441771000623703,-0.21545402705669403,-0.14245852828025818,-0.029568441212177277,0.12446694076061249,0.1526728868484497,0.008867435157299042
0.7803916999996545,-0.03787348046898842,0.22836916148662567,-0.22320887446403503,-0.04414987564086914,-0.21546651422977448,-0.14250540733337402,-0.028929300606250763,0.12448715418577194,0.15267160534858704,0.026724621653556824
0.8004152999997132,-0.03795340657234192,0.2283782809972763,-0.24517643451690674,-0.0441695898771286,-0.21548597514629364,-0.14259682595729828,-0.022179484367370605,0.12450535595417023,0.15265309810638428,0.04858021438121796
0.8202856999996584,-0.03796087205410004,0.22841989994049072,-0.26797449588775635,-0.04416260868310928,-0.21545623242855072,-0.14266878366470337,-0.010052754543721676,0.12451153248548508,0.1526225507259369,0.07331755757331848
0.840412699999888,-0.03787803649902344,0.22842052578926086,-0.2933938801288605,-0.044055499136447906,-0.21543246507644653,-0.14272403717041016,0.003527744673192501,0.12455317378044128,0.15260383486747742,0.09903594106435776
0.8604381999998623,-0.03787560760974884,0.22842015326023102,-0.32171422243118286,-0.043544672429561615,-0.21542364358901978,-0.14273343980312347,0.017487097531557083,0.12458347529172897,0.15257856249809265,0.12335877865552902
0.8809659999997166,-0.03794611990451813,0.2284083366394043,-0.351432204246521,-0.04008554667234421,-0.2154373824596405,-0.1427983194589615,0.028354821726679802,0.12461759150028229,0.1525854468345642,0.14607980847358704
0.9004076999999597,-0.03789237514138222,0.22841347754001617,-0.3795541822910309,-0.027068432420492172,-0.21550555527210236,-0.1434292495250702,0.03385617583990097,0.12462341785430908,0.15256686508655548,0.16538172960281372
0.9204227000000174,-0.03788842260837555,0.2283676117658615,-0.40838128328323364,-0.00901423953473568,-0.21544314920902252,-0.14455732703208923,0.03412693738937378,0.12461565434932709,0.15253621339797974,0.18320009112358093
0.9404241999995975,-0.03789122402667999,0.2283751368522644,-0.43531033396720886,0.010987118817865849,-0.21542930603027344,-0.14456316828727722,0.034147731959819794,0.12463651597499847,0.152468740940094,0.20058190822601318
0.9604499999995824,-0.03789535164833069,0.22842518985271454,-0.46197354793548584,0.03106602467596531,-0.21539686620235443,-0.1445711851119995,0.03430095314979553,0.12466246634721756,0.15239690244197845,0.21889956295490265
0.980484499999875,-0.03792315721511841,0.2284265011548996,-0.48899441957473755,0.050552383065223694,-0.21542371809482574,-0.14466141164302826,0.03696291893720627,0.12472864985466003,0.15236526727676392,0.2382097691297531
1.0003984999998465,-0.03790402412414551,0.2284211367368698,-0.5165948867797852,0.06912460178136826,-0.21543346345424652,-0.14706671237945557,0.04946528747677803,0.12493827193975449,0.15208671987056732,0.25920966267585754
1.0200854999998228,-0.03790249675512314,0.2284156233072281,-0.545942485332489,0.08645692467689514,-0.21544311940670013,-0.1574031412601471,0.06823062151670456,0.12594471871852875,0.15167179703712463,0.2810634970664978
1.0404171000000133,-0.03794332221150398,0.22840063273906708,-0.5772695541381836,0.10327403992414474,-0.21543870866298676,-0.1715688556432724,0.0917850136756897,0.12813237309455872,0.15158286690711975,0.30199432373046875
1.0603965999998763,-0.03793661296367645,0.22833283245563507,-0.6068884134292603,0.11956252157688141,-0.2154303789138794,-0.18918710947036743,0.11266253143548965,0.128269761800766,0.1515960693359375,0.3185073137283325
1.0804198999999244,-0.03791964799165726,0.22840756177902222,-0.6369404196739197,0.13475289940834045,-0.21546371281147003,-0.2116704136133194,0.12802991271018982,0.1285831779241562,0.15157774090766907,0.33020254969596863
1.100443499999983,-0.0378907136619091,0.22837954759597778,-0.6660027503967285,0.1488785743713379,-0.21546141803264618,-0.2368883192539215,0.13604271411895752,0.12993764877319336,0.15155118703842163,0.3366289734840393
1.1204437999999755,-0.03793933615088463,0.2284124195575714,-0.6946951150894165,0.16163818538188934,-0.2155008465051651,-0.26398253440856934,0.13999438285827637,0.14097484946250916,0.15136605501174927,0.33952394127845764
1.1403848999998445,-0.037924036383628845,0.228419229388237,-0.7228460311889648,0.17311625182628632,-0.2155023217201233,-0.29511892795562744,0.14495663344860077,0.1546764373779297,0.1507202833890915,0.338445782661438
1.1602821999999833,-0.03792760521173477,0.22841684520244598,-0.7495636343955994,0.18379104137420654,-0.21550606191158295,-0.32892316579818726,0.15271878242492676,0.162080317735672,0.14806784689426422,0.3381534814834595
1.1804164999998648,-0.037911176681518555,0.22842563688755035,-0.7770728468894958,0.1941896677017212,-0.21550343930721283,-0.366788387298584,0.1669127643108368,0.16589857637882233,0.14499007165431976,0.3381107449531555
1.2004391999998916,-0.03791192173957825,0.22841858863830566,-0.8064733147621155,0.20517495274543762,-0.21549606323242188,-0.4048766791820526,0.1880057454109192,0.17159858345985413,0.14152808487415314,0.3381543457508087
1.2204386999997041,-0.03789256885647774,0.22840440273284912,-0.8360928297042847,0.2174101322889328,-0.21550805866718292,-0.44644737243652344,0.21049273014068604,0.18247489631175995,0.1368616670370102,0.3381209075450897
1.2403910999996697,-0.03789439797401428,0.22838611900806427,-0.865700900554657,0.22943058609962463,-0.21550612151622772,-0.49087193608283997,0.23043516278266907,0.19442085921764374,0.13242962956428528,0.3381262719631195
1.2604151999998976,-0.03794252872467041,0.2284061163663864,-0.893324613571167,0.24063673615455627,-0.21549780666828156,-0.5352100133895874,0.2450399249792099,0.20661607384681702,0.127991184592247,0.338112473487854
1.2804106999997202,-0.03787302225828171,0.228399857878685,-0.9185477495193481,0.2511207163333893,-0.21550790965557098,-0.5777148008346558,0.25398534536361694,0.2177051454782486,0.12447851151227951,0.33812063932418823
1.300424899999598,-0.03791140019893646,0.22841760516166687,-0.9427390694618225,0.26136088371276855,-0.21551339328289032,-0.6206040978431702,0.2546430230140686,0.2286810278892517,0.1203509047627449,0.33814576268196106
1.3203946999997243,-0.03793267160654068,0.2284151017665863,-0.9652401804924011,0.2712405025959015,-0.21553702652454376,-0.6616300940513611,0.25470295548439026,0.23995424807071686,0.11654894798994064,0.3381587862968445
1.3404054999996333,-0.037930045276880264,0.22843308746814728,-0.9868013858795166,0.2805590033531189,-0.21555472910404205,-0.7015693187713623,0.2546958327293396,0.25236812233924866,0.1102963238954544,0.33818575739860535
1.3604200999998284,-0.03793344646692276,0.2284180074930191,-1.0073566436767578,0.291194349527359,-0.2155371606349945,-0.7376058101654053,0.2547357380390167,0.2646409273147583,0.1020037904381752,0.3382444977760315
1.3804104999999254,-0.03792694956064224,0.22842074930667877,-1.027475357055664,0.30653369426727295,-0.2155803143978119,-0.774544358253479,0.25497758388519287,0.2768363356590271,0.09264388680458069,0.3382871747016907
1.400456899999881,-0.03791753947734833,0.22837910056114197,-1.0474294424057007,0.3263590335845947,-0.21557830274105072,-0.8093125820159912,0.2606586217880249,0.28912320733070374,0.08201704919338226,0.33841633796691895
1.420376099999885,-0.037902019917964935,0.22832708060741425,-1.0664451122283936,0.34706929326057434,-0.21558251976966858,-0.8420321345329285,0.2794399559497833,0.30189770460128784,0.07030448317527771,0.3388443887233734
1.4404321999995773,-0.037871330976486206,0.22840078175067902,-1.0852104425430298,0.36777445673942566,-0.21555857360363007,-0.8719865083694458,0.3094695210456848,0.3156893849372864,0.057807330042123795,0.34082525968551636
1.4603965999999673,-0.037907037883996964,0.2284114807844162,-1.103219985961914,0.3897222578525543,-0.2155536562204361,-0.8987367153167725,0.3446713387966156,0.3302842378616333,0.04581327736377716,0.3481680750846863
1.480409399999644,-0.03789707273244858,0.2284134477376938,-1.1210254430770874,0.4133971929550171,-0.21550624072551727,-0.9222923517227173,0.37557148933410645,0.34537047147750854,0.03361990675330162,0.3568320870399475
1.5004087999996045,-0.037940315902233124,0.2284342497587204,-1.139111876487732,0.4379829466342926,-0.2155022919178009,-0.9411293864250183,0.39975661039352417,0.35806721448898315,0.021508485078811646,0.3638356029987335
1.520178699999633,-0.03787115216255188,0.22841210663318634,-1.1589128971099854,0.4618285596370697,-0.21550802886486053,-0.955987274646759,0.4158781170845032,0.3625470995903015,0.00843820720911026,0.3677733242511749
1.5403633999999329,-0.03792759031057358,0.22840741276741028,-1.1804723739624023,0.4848269820213318,-0.2155115008354187,-0.9670863747596741,0.42246145009994507,0.3628752827644348,-0.005490104667842388,0.3719891905784607
1.5601668999997855,-0.037900134921073914,0.22839860618114471,-1.202521562576294,0.5055134892463684,-0.21552500128746033,-0.9733046889305115,0.42441239953041077,0.3662487268447876,-0.02032504417002201,0.37324613332748413
1.5804049999997005,-0.037920545786619186,0.22841186821460724,-1.2259933948516846,0.525550365447998,-0.21557611227035522,-0.9780058860778809,0.42440900206565857,0.37777724862098694,-0.03681988641619682,0.37332087755203247
1.6004164999999375,-0.03784859925508499,0.22842633724212646,-1.2508952617645264,0.5451431274414062,-0.21553456783294678,-0.980705201625824,0.42441195249557495,0.38383880257606506,-0.053730614483356476,0.3733217716217041
1.620503899999676,-0.03789077326655388,0.22841422259807587,-1.278437614440918,0.5647554397583008,-0.21557722985744476,-0.9835279583930969,0.4244370758533478,0.38579073548316956,-0.07125236093997955,0.3733901083469391
1.6404054999998152,-0.03789481893181801,0.22841671109199524,-1.3057039976119995,0.5838819742202759,-0.21558433771133423,-0.9827647805213928,0.42447629570961,0.38632169365882874,-0.08982054144144058,0.37464603781700134
1.660473599999932,-0.03789730742573738,0.22838947176933289,-1.3334105014801025,0.6027426719665527,-0.21558380126953125,-0.9825361371040344,0.42460545897483826,0.38652303814888,-0.10952600836753845,0.3832091689109802
1.6803809999996702,-0.0378827229142189,0.22841615974903107,-1.3605817556381226,0.6233646869659424,-0.21552181243896484,-0.9806861281394958,0.4247032403945923,0.3866407573223114,-0.1278861165046692,0.3969705402851105
1.7004057999997713,-0.037944894284009933,0.22842766344547272,-1.3871831893920898,0.6437218189239502,-0.21545402705669403,-0.977165937423706,0.42470014095306396,0.3866174817085266,-0.14573006331920624,0.41652464866638184
1.7202383999997437,-0.037910714745521545,0.22841931879520416,-1.4124916791915894,0.6597881317138672,-0.21542714536190033,-0.9739202857017517,0.42467233538627625,0.3865605294704437,-0.1634352207183838,0.44233208894729614
1.7404332999999497,-0.037926338613033295,0.22841410338878632,-1.438279390335083,0.6722293496131897,-0.21543017029762268,-0.9743022322654724,0.4246692955493927,0.38645994663238525,-0.18300695717334747,0.4745045602321625
1.7603895999995984,-0.03792509064078331,0.22840745747089386,-1.4674863815307617,0.682447612285614,-0.2154434323310852,-0.974155604839325,0.42466112971305847,0.38625285029411316,-0.20377232134342194,0.5091509819030762
1.780407099999593,-0.03792395070195198,0.2283453792333603,-1.5038567781448364,0.6935539245605469,-0.21542374789714813,-0.9741227626800537,0.42467033863067627,0.38610467314720154,-0.22586335241794586,0.5458102226257324
1.8003715999998349,-0.03791096806526184,0.2283625304698944,-1.5433070659637451,0.704523503780365,-0.21537283062934875,-0.9742271900177002,0.4246586859226227,0.38594380021095276,-0.24959301948547363,0.5807216167449951
1.8203842999996596,-0.037926532328128815,0.22842003405094147,-1.5851365327835083,0.7127686738967896,-0.2153507024049759,-0.9743650555610657,0.4246193766593933,0.38575199246406555,-0.2744053602218628,0.6137228012084961
1.8403841999997894,-0.037888072431087494,0.22841385006904602,-1.6267435550689697,0.7174670100212097,-0.21537362039089203,-0.9742502570152283,0.424582302570343,0.38561326265335083,-0.3000897169113159,0.642964243888855
1.8605288999997356,-0.037912361323833466,0.22842004895210266,-1.6708344221115112,0.7153266668319702,-0.2153949737548828,-0.973985493183136,0.42458245158195496,0.38508370518684387,-0.3267917335033417,0.6677184104919434
1.8801347999997233,-0.037898726761341095,0.22844184935092926,-1.7142795324325562,0.7157315611839294,-0.21542517840862274,-0.9734823703765869,0.4245791733264923,0.3837360739707947,-0.35115647315979004,0.6882390975952148
1.9002095999999256,-0.03789731115102768,0.22841322422027588,-1.7584404945373535,0.7158166170120239,-0.21536248922348022,-0.973394513130188,0.42457321286201477,0.3831051290035248,-0.3740497827529907,0.7058216333389282
1.9202704999997877,-0.03789721056818962,0.22842228412628174,-1.7999317646026611,0.7157535552978516,-0.21528637409210205,-0.9733941555023193,0.42457666993141174,0.383052259683609,-0.3950895667076111,0.721477746963501
1.9403846000000158,-0.037922829389572144,0.22840029001235962,-1.8402127027511597,0.7157394886016846,-0.21532370150089264,-0.9733393788337708,0.4245727062225342,0.38288456201553345,-0.41575002670288086,0.7362860441207886
1.9603955999996288,-0.037923604249954224,0.22841162979602814,-1.880654215812683,0.7157390117645264,-0.2151699662208557,-0.9728468060493469,0.42457374930381775,0.3816211223602295,-0.43540844321250916,0.7508643269538879
1.9803659999997762,-0.03788701444864273,0.22841666638851166,-1.922150731086731,0.7157669067382812,-0.21474763751029968,-0.9671555757522583,0.4245836138725281,0.3765365481376648,-0.45329344272613525,0.7655171155929565
2.0003898999998455,-0.037882812321186066,0.22834689915180206,-1.9626410007476807,0.7157416343688965,-0.21334590017795563,-0.9542451500892639,0.42456063628196716,0.3770594000816345,-0.47086474299430847,0.7824459075927734
2.0203677999998035,-0.03785323351621628,0.2283971905708313,-2.0024662017822266,0.7156034708023071,-0.20831653475761414,-0.9383447170257568,0.424572229385376,0.37696826457977295,-0.48931950330734253,0.8030973076820374
2.0404027999998107,-0.038026466965675354,0.22833935916423798,-2.0443761348724365,0.715465247631073,-0.19858498871326447,-0.922271192073822,0.424561470746994,0.37697848677635193,-0.5094699859619141,0.8258787393569946
2.0603909999999814,-0.03786154091358185,0.22842714190483093,-2.0909018516540527,0.715440034866333,-0.18735912442207336,-0.9072744846343994,0.4245637357234955,0.3769664466381073,-0.5302216410636902,0.8504062294960022
2.0803941999997733,-0.03787396475672722,0.22850249707698822,-2.1443631649017334,0.7153182029724121,-0.17496676743030548,-0.8940396308898926,0.42456263303756714,0.37695664167404175,-0.551925539970398,0.8752804398536682
2.1004471999999623,-0.03793015331029892,0.22845935821533203,-2.199371337890625,0.7152969837188721,-0.16098198294639587,-0.8845101594924927,0.4245392680168152,0.37694409489631653,-0.5733674764633179,0.9003304243087769
2.1204078999999183,-0.03801499307155609,0.2284538298845291,-2.2529473304748535,0.715054988861084,-0.14353135228157043,-0.8778297901153564,0.4245437979698181,0.3768192231655121,-0.5933104753494263,0.9249597191810608
2.140512299999955,-0.03784402459859848,0.22844015061855316,-2.302978992462158,0.7147761583328247,-0.12051910161972046,-0.8714181780815125,0.4245319962501526,0.37681713700294495,-0.6133361458778381,0.948979914188385
2.1603925999997955,-0.03789987415075302,0.22838757932186127,-2.344552516937256,0.7140486240386963,-0.08985984325408936,-0.8628011345863342,0.4245221018791199,0.3767387866973877,-0.6330726742744446,0.9717395901679993
2.1803830999997444,-0.03805939480662346,0.22832615673542023,-2.3803224563598633,0.708594560623169,-0.052898477762937546,-0.8559425473213196,0.4245133101940155,0.3766668140888214,-0.6513866782188416,0.9939128160476685
2.2003568999998606,-0.03792702034115791,0.228335440158844,-2.409122943878174,0.6903018951416016,-0.013349984772503376,-0.8556134104728699,0.4245215356349945,0.3762655556201935,-0.667495608329773,1.0148310661315918
2.2203749000000244,-0.03785322234034538,0.22834374010562897,-2.4334938526153564,0.6666256785392761,0.029179992154240608,-0.8553345203399658,0.4245152771472931,0.3748030662536621,-0.6809967160224915,1.0336806774139404
2.240491699999893,-0.0379064567387104,0.22847935557365417,-2.451157569885254,0.6423089504241943,0.07383406162261963,-0.8554216623306274,0.42451390624046326,0.3737541437149048,-0.6924150586128235,1.0512657165527344
2.2603888999997253,-0.037909939885139465,0.22857284545898438,-2.464569568634033,0.6187872886657715,0.1191851943731308,-0.8558332324028015,0.4245401620864868,0.36923953890800476,-0.7032318711280823,1.0688834190368652
2.2800954999997884,-0.037900377064943314,0.22847837209701538,-2.4762790203094482,0.5963616371154785,0.16552528738975525,-0.857799232006073,0.4245360791683197,0.36888450384140015,-0.7131156921386719,1.0870161056518555
2.3004926999997224,-0.03790229186415672,0.22838136553764343,-2.488394260406494,0.5741511583328247,0.21446967124938965,-0.8611629605293274,0.42452338337898254,0.36852186918258667,-0.723019003868103,1.1070175170898438
2.3203520999995817,-0.03797205910086632,0.22840516269207,-2.5001654624938965,0.5515621900558472,0.2648767828941345,-0.8669517040252686,0.42450496554374695,0.3683657646179199,-0.7330585718154907,1.1261510848999023
2.3403620999997656,-0.03792398050427437,0.22839489579200745,-2.512087821960449,0.5260844826698303,0.31772735714912415,-0.8692490458488464,0.4244961738586426,0.3682863414287567,-0.742942750453949,1.14442777633667
2.3604005999995934,-0.037865862250328064,0.2284049689769745,-2.524738073348999,0.49704107642173767,0.3729584217071533,-0.8736893534660339,0.4245107173919678,0.3682023882865906,-0.7518134713172913,1.1612639427185059
2.3803257999998095,-0.03794021159410477,0.22836719453334808,-2.535071611404419,0.46741795539855957,0.42909735441207886,-0.8778772354125977,0.4245019555091858,0.3681173324584961,-0.7600480318069458,1.176929235458374
2.400386299999809,-0.03791247308254242,0.228389173746109,-2.541741371154785,0.4412870407104492,0.4848729372024536,-0.88453209400177,0.42449238896369934,0.36807310581207275,-0.7683032751083374,1.1914987564086914
2.4202510999998594,-0.037901394069194794,0.2284175008535385,-2.543131113052368,0.42234718799591064,0.5384292602539062,-0.8908645510673523,0.4244995713233948,0.3680700957775116,-0.7759265899658203,1.204441785812378
2.440369699999792,-0.03793320059776306,0.2284870147705078,-2.543120861053467,0.409770131111145,0.5907498598098755,-0.8943908214569092,0.42449846863746643,0.36805102229118347,-0.7834465503692627,1.215522289276123
2.4603839999999764,-0.03788934648036957,0.22846315801143646,-2.5430490970611572,0.40328627824783325,0.6417007446289062,-0.898947536945343,0.42448890209198,0.36807772517204285,-0.791211724281311,1.2252331972122192
2.480410899999697,-0.037928707897663116,0.22841650247573853,-2.5428526401519775,0.3983033299446106,0.6926357746124268,-0.9017560482025146,0.4245138466358185,0.3680662512779236,-0.7994719743728638,1.233964443206787
2.5003525999995873,-0.037893280386924744,0.2283651977777481,-2.5426533222198486,0.40022987127304077,0.7422747611999512,-0.9065438508987427,0.4244941174983978,0.36807048320770264,-0.8079143762588501,1.2417678833007812
2.5203733999996984,-0.03795643150806427,0.2283785343170166,-2.5417299270629883,0.4009507894515991,0.7897104620933533,-0.910125732421875,0.4245128631591797,0.36806604266166687,-0.8158441185951233,1.2487189769744873
2.5404568999997537,-0.03794621676206589,0.22838276624679565,-2.5363402366638184,0.40098562836647034,0.8332656025886536,-0.9125080108642578,0.42450761795043945,0.3680720925331116,-0.8228490352630615,1.2547152042388916
2.5603823999999804,-0.037875015288591385,0.22840474545955658,-2.5229077339172363,0.40114519000053406,0.8724466562271118,-0.9118589758872986,0.4244804382324219,0.3680550456047058,-0.8286359906196594,1.2599858045578003
2.580350599999747,-0.037910714745521545,0.22845804691314697,-2.500239372253418,0.40152236819267273,0.906895101070404,-0.9119266867637634,0.4244896173477173,0.368048757314682,-0.8331982493400574,1.2649089097976685
2.6004084999999577,-0.037888053804636,0.22849106788635254,-2.4690332412719727,0.40168923139572144,0.9363763332366943,-0.9118766784667969,0.4244789183139801,0.36801767349243164,-0.837763786315918,1.266416072845459
2.6202587999996467,-0.037887342274188995,0.22851625084877014,-2.4329416751861572,0.4016577899456024,0.9590190052986145,-0.9118527770042419,0.4244869351387024,0.3680378496646881,-0.83985435962677,1.2663723230361938
2.6403777999998965,-0.037958111613988876,0.22841569781303406,-2.3951821327209473,0.40243634581565857,0.9735961556434631,-0.9116532802581787,0.42447012662887573,0.36802589893341064,-0.8431333303451538,1.2663930654525757
2.660465199999635,-0.03794466704130173,0.2283913940191269,-2.361088752746582,0.40809914469718933,0.9784113764762878,-0.9109137654304504,0.4244753420352936,0.3680461645126343,-0.8469032049179077,1.2663779258728027
2.6800688999996964,-0.037895165383815765,0.22837547957897186,-2.3321034908294678,0.42818453907966614,0.9760138392448425,-0.9083073735237122,0.4244941473007202,0.36806291341781616,-0.84885174036026,1.2663781642913818
2.70038889999978,-0.037961091846227646,0.22838900983333588,-2.3058879375457764,0.45577093958854675,0.9759649038314819,-0.9007712602615356,0.42448851466178894,0.36807218194007874,-0.8529976606369019,1.2663779258728027
2.7203726999996434,-0.037934258580207825,0.2284148931503296,-2.278010845184326,0.4814690053462982,0.9743280410766602,-0.8915929794311523,0.4244951605796814,0.36805427074432373,-0.8564138412475586,1.266369342803955
2.7403771999997844,-0.0378984659910202,0.22842569649219513,-2.2505812644958496,0.5026662349700928,0.9686324596405029,-0.8846679329872131,0.4244973361492157,0.3680664300918579,-0.8591468930244446,1.2663781642913818
2.760351499999615,-0.037893906235694885,0.22857262194156647,-2.22646427154541,0.521022379398346,0.9598479270935059,-0.8802235722541809,0.42449575662612915,0.3680543899536133,-0.8628872036933899,1.2663841247558594
2.780442199999925,-0.03795062005519867,0.22856591641902924,-2.2067408561706543,0.5382882356643677,0.9467918276786804,-0.876038670539856,0.42449715733528137,0.36804652214050293,-0.8644136190414429,1.2663954496383667
2.8003295999997135,-0.03790532425045967,0.22842608392238617,-2.1901559829711914,0.5564254522323608,0.928488552570343,-0.8662237524986267,0.42450088262557983,0.3680543899536133,-0.864585816860199,1.2663871049880981
2.8203502999999728,-0.03794635832309723,0.2283981591463089,-2.175365686416626,0.576791524887085,0.9052162170410156,-0.8489828109741211,0.42449167370796204,0.3680221140384674,-0.8646081686019897,1.2663793563842773
2.840370499999608,-0.03796234354376793,0.22826480865478516,-2.1631534099578857,0.6003895998001099,0.8787296414375305,-0.8267787098884583,0.42447707056999207,0.36797380447387695,-0.8645861148834229,1.2663819789886475
2.860349799999767,-0.03788423910737038,0.22826257348060608,-2.153332471847534,0.6254475712776184,0.850475013256073,-0.8038861751556396,0.42447590827941895,0.36799323558807373,-0.8645907044410706,1.2663662433624268
2.8802200999998604,-0.03790682926774025,0.22841866314411163,-2.1447808742523193,0.6487590074539185,0.8214560747146606,-0.7814041376113892,0.4244707226753235,0.36798596382141113,-0.864594578742981,1.2663588523864746
2.900388799999746,-0.03791768103837967,0.228457510471344,-2.138367176055908,0.6699525117874146,0.7917956709861755,-0.7570151090621948,0.4244646728038788,0.3677639961242676,-0.8645790815353394,1.266385793685913
2.920370699999694,-0.037893109023571014,0.2284683734178543,-2.1359710693359375,0.6894800662994385,0.7629779577255249,-0.7311477661132812,0.42444849014282227,0.3661496639251709,-0.8645923733711243,1.2663770914077759
2.9401527999998507,-0.03788972645998001,0.22843964397907257,-2.136127233505249,0.7093554139137268,0.7345613241195679,-0.7057974338531494,0.4244825541973114,0.3605044484138489,-0.8645477294921875,1.2663724422454834
2.9603659999997944,-0.03791004419326782,0.2283880114555359,-2.1361780166625977,0.7302628755569458,0.7039449214935303,-0.6798694133758545,0.4244694411754608,0.36026376485824585,-0.864560604095459,1.2663908004760742
2.9803673999999774,-0.03792589157819748,0.22836917638778687,-2.136253833770752,0.7517316937446594,0.6721352338790894,-0.6538208723068237,0.4244568645954132,0.3600895404815674,-0.8645661473274231,1.2663954496383667
3.000113799999781,-0.03790942579507828,0.22835180163383484,-2.136241912841797,0.7719380855560303,0.6412168741226196,-0.6291137933731079,0.4244689643383026,0.36007827520370483,-0.8645742535591125,1.2664048671722412
3.020238699999936,-0.037907931953668594,0.22835369408130646,-2.1362528800964355,0.7900933027267456,0.6100473403930664,-0.6037604808807373,0.42444339394569397,0.3599386215209961,-0.8645522594451904,1.2663966417312622
3.0403799999999137,-0.03795474022626877,0.2283543050289154,-2.1366217136383057,0.8046015501022339,0.5785034894943237,-0.5798531174659729,0.42445284128189087,0.35986191034317017,-0.8645675778388977,1.2663944959640503
3.0603715999995984,-0.03790814429521561,0.22842217981815338,-2.1377696990966797,0.8140396475791931,0.5461562275886536,-0.5599510669708252,0.42446619272232056,0.35986801981925964,-0.8645665645599365,1.2664127349853516
3.0803696999996646,-0.037890464067459106,0.22851569950580597,-2.1418094635009766,0.8200570940971375,0.5121991634368896,-0.5430107116699219,0.4244537055492401,0.3598591685295105,-0.8645874261856079,1.266417384147644
3.1003735999997843,-0.0379047617316246,0.22848659753799438,-2.153275489807129,0.8208860158920288,0.4764631986618042,-0.5282074213027954,0.4244590699672699,0.3598559498786926,-0.8645768165588379,1.2664543390274048
3.1203482999999324,-0.037912435829639435,0.22842106223106384,-2.1749267578125,0.8203924894332886,0.43961116671562195,-0.5171912312507629,0.42444318532943726,0.3598346710205078,-0.86456298828125,1.2664873600006104
3.140375899999981,-0.03796720132231712,0.22835522890090942,-2.206038475036621,0.82021164894104,0.4016820192337036,-0.5119137763977051,0.42444902658462524,0.3598484992980957,-0.8645601868629456,1.266489028930664
3.160056899999745,-0.037945061922073364,0.22825902700424194,-2.2398431301116943,0.8201326727867126,0.36329951882362366,-0.5125094652175903,0.4244483709335327,0.35982972383499146,-0.8645817041397095,1.2664803266525269
3.180377299999691,-0.037955351173877716,0.2283301055431366,-2.273833990097046,0.8200438022613525,0.3265749514102936,-0.5125151872634888,0.42445269227027893,0.3598390221595764,-0.8645692467689514,1.2664976119995117
3.2003359999998793,-0.03788727894425392,0.22841687500476837,-2.304391384124756,0.819878101348877,0.2949868142604828,-0.5127596855163574,0.42444100975990295,0.3597928285598755,-0.8645876049995422,1.2664870023727417
3.2202565999996295,-0.037874191999435425,0.22844825685024261,-2.330195903778076,0.8197037577629089,0.2691744565963745,-0.5145394206047058,0.4244462251663208,0.3597728908061981,-0.8645772337913513,1.2664904594421387
3.240378899999996,-0.03789461404085159,0.22850732505321503,-2.353837728500366,0.8196201324462891,0.24943624436855316,-0.5215246081352234,0.42443838715553284,0.3597765266895294,-0.864561915397644,1.2664644718170166
3.2603697999998076,-0.03792621195316315,0.22843077778816223,-2.3773908615112305,0.8186160326004028,0.23625913262367249,-0.5338901877403259,0.42443668842315674,0.35977089405059814,-0.8645799160003662,1.2664765119552612
3.2801549999999224,-0.03793705999851227,0.22841939330101013,-2.4021310806274414,0.8141616582870483,0.23016320168972015,-0.5504162311553955,0.42444345355033875,0.35977500677108765,-0.8645530939102173,1.266463041305542
3.3004495999998653,-0.03789476305246353,0.22836418449878693,-2.4307689666748047,0.7987675070762634,0.23276549577713013,-0.5746686458587646,0.42444318532943726,0.35977399349212646,-0.8645656704902649,1.2664562463760376
3.320126799999798,-0.03799945116043091,0.2283094823360443,-2.4584484100341797,0.7737261056900024,0.23238691687583923,-0.60819411277771,0.42443886399269104,0.35977354645729065,-0.8645568490028381,1.2664713859558105
3.340448799999649,-0.0379161611199379,0.22836185991764069,-2.4876036643981934,0.7439746856689453,0.23280265927314758,-0.6483306884765625,0.42443612217903137,0.3597671389579773,-0.8645679354667664,1.2664589881896973
3.3604175999998915,-0.03787916898727417,0.22838670015335083,-2.5154025554656982,0.7128912806510925,0.23287956416606903,-0.6914551258087158,0.42443105578422546,0.3597618341445923,-0.864570677280426,1.266466498374939
3.3803321999998843,-0.0379730686545372,0.22841867804527283,-2.5411477088928223,0.6815557479858398,0.23292028903961182,-0.7322554588317871,0.42444339394569397,0.3597693145275116,-0.864560067653656,1.2664587497711182
3.400387799999862,-0.03793277591466904,0.22845011949539185,-2.560497760772705,0.6511614322662354,0.23300595581531525,-0.7740298509597778,0.4244283437728882,0.359772652387619,-0.8645692467689514,1.2664837837219238
3.4201796999996077,-0.037903543561697006,0.22841431200504303,-2.5733678340911865,0.6226446628570557,0.23321671783924103,-0.8122129440307617,0.42444485425949097,0.35977691411972046,-0.8645851016044617,1.2664940357208252
3.440483399999721,-0.037955597043037415,0.22841839492321014,-2.5811309814453125,0.595216691493988,0.23341824114322662,-0.8476169109344482,0.42443567514419556,0.35971224308013916,-0.8645554184913635,1.2664767503738403
3.460315399999672,-0.037920303642749786,0.22838185727596283,-2.583467960357666,0.5700720548629761,0.23474454879760742,-0.8759326934814453,0.42446669936180115,0.3596959710121155,-0.8645768165588379,1.266487717628479
3.4803600000000188,-0.037904366850852966,0.22843037545681,-2.583523750305176,0.5448342561721802,0.24974696338176727,-0.9005510807037354,0.42444759607315063,0.35969722270965576,-0.8645704984664917,1.2664912939071655
3.5003585999997995,-0.03794059902429581,0.22841262817382812,-2.583482027053833,0.5183854103088379,0.2772124409675598,-0.921278715133667,0.42443597316741943,0.359668493270874,-0.8645720481872559,1.2664902210235596
3.520319699999618,-0.037955693900585175,0.22838933765888214,-2.5834577083587646,0.49213242530822754,0.31489837169647217,-0.936710774898529,0.42443710565567017,0.35961973667144775,-0.8645622730255127,1.2664813995361328
3.5403558999996676,-0.037839800119400024,0.22836798429489136,-2.5834643840789795,0.4680105447769165,0.36130499839782715,-0.9468840956687927,0.42444542050361633,0.35962143540382385,-0.8645600080490112,1.2664813995361328
3.5603478999996696,-0.03799574077129364,0.2283710241317749,-2.583178997039795,0.4503003656864166,0.41277462244033813,-0.952624499797821,0.4244408905506134,0.35962218046188354,-0.8645727634429932,1.2664680480957031
3.5803336999997555,-0.03793349117040634,0.2283502221107483,-2.583104372024536,0.4401281476020813,0.4658745527267456,-0.9523707032203674,0.42443394660949707,0.3595734238624573,-0.8645577430725098,1.2664778232574463
3.6003892999997333,-0.03787797689437866,0.22832073271274567,-2.5830078125,0.4372277557849884,0.5182969570159912,-0.9524852633476257,0.42443743348121643,0.35948848724365234,-0.8645280003547668,1.2664706707000732
3.620481899999959,-0.0378761887550354,0.22837667167186737,-2.5820538997650146,0.4330289661884308,0.5710247755050659,-0.9524731040000916,0.4244464635848999,0.35946786403656006,-0.8645511865615845,1.2664610147476196
3.6403549999999996,-0.03790508955717087,0.22839786112308502,-2.576958179473877,0.4335102140903473,0.6216227412223816,-0.9523758292198181,0.424443781375885,0.3593897223472595,-0.8645324110984802,1.266465663909912
3.6603519999998753,-0.03788275644183159,0.22841206192970276,-2.56465482711792,0.43341949582099915,0.6705834865570068,-0.9523793458938599,0.4244328737258911,0.3592527210712433,-0.86454176902771,1.2664529085159302
3.680328499999632,-0.03790950030088425,0.2284262776374817,-2.5444259643554688,0.43343257904052734,0.716583788394928,-0.9523992538452148,0.42444083094596863,0.3588276505470276,-0.8645310401916504,1.2664583921432495
3.7003955000000133,-0.03789963573217392,0.22840452194213867,-2.5176258087158203,0.43349939584732056,0.758877158164978,-0.9524278044700623,0.4244496822357178,0.3537536561489105,-0.8645290732383728,1.2664488554000854
3.720345699999598,-0.0378941148519516,0.228413388133049,-2.488798141479492,0.4335368275642395,0.7959670424461365,-0.9523763656616211,0.4245157539844513,0.3488103151321411,-0.8645176291465759,1.2664514780044556
3.7403520999996545,-0.037874847650527954,0.2284058928489685,-2.4599928855895996,0.4335694909095764,0.8270120024681091,-0.9523464441299438,0.4244440495967865,0.34660881757736206,-0.8645082116127014,1.2665421962738037
3.7603574999998273,-0.03793863207101822,0.22833701968193054,-2.4336705207824707,0.4340219497680664,0.8509812355041504,-0.9522562623023987,0.42445191740989685,0.34604018926620483,-0.8644884824752808,1.267516851425171
3.780479799999739,-0.03790927305817604,0.22838842868804932,-2.4092445373535156,0.43403682112693787,0.8667363524436951,-0.951447069644928,0.42443081736564636,0.3459417521953583,-0.8645033836364746,1.2709004878997803
3.800350499999695,-0.03787384554743767,0.2283836007118225,-2.3871119022369385,0.43403083086013794,0.8737620115280151,-0.9506848454475403,0.42442721128463745,0.34587132930755615,-0.864488959312439,1.2763164043426514
3.8204468999997516,-0.03792501240968704,0.2284059077501297,-2.362860679626465,0.43477436900138855,0.8768264651298523,-0.9505767822265625,0.4244083762168884,0.34583139419555664,-0.864475667476654,1.2828954458236694
3.840349299999616,-0.03789796680212021,0.22840283811092377,-2.3366427421569824,0.443210244178772,0.8757617473602295,-0.9504798054695129,0.4244058132171631,0.34580639004707336,-0.8644511699676514,1.2901051044464111
3.860363899999811,-0.03787960112094879,0.22842632234096527,-2.3117637634277344,0.46343621611595154,0.8757622241973877,-0.9503065347671509,0.42438560724258423,0.34577852487564087,-0.8644552230834961,1.2986220121383667
3.8803490999998758,-0.03790642321109772,0.22843648493289948,-2.2854411602020264,0.4880058467388153,0.8757681250572205,-0.9503035545349121,0.4244045317173004,0.34580111503601074,-0.8644450902938843,1.3074449300765991
3.900347299999794,-0.038004301488399506,0.22836625576019287,-2.2596335411071777,0.5124797821044922,0.8757807016372681,-0.9503105282783508,0.4243945777416229,0.3458094298839569,-0.864441990852356,1.3151333332061768
3.9203724999997576,-0.037892378866672516,0.22840818762779236,-2.237578868865967,0.5355178117752075,0.8757684826850891,-0.9502958655357361,0.42437422275543213,0.3458016812801361,-0.8644574880599976,1.321082353591919
3.9401996999999938,-0.03785762935876846,0.22837750613689423,-2.2214107513427734,0.5567600727081299,0.8757628798484802,-0.9499905705451965,0.4243735074996948,0.34580039978027344,-0.8644490242004395,1.325244426727295
3.960350699999708,-0.03798166662454605,0.22841651737689972,-2.212238311767578,0.5757282972335815,0.8756929039955139,-0.9472389817237854,0.42439183592796326,0.3458194136619568,-0.8644657135009766,1.3285248279571533
3.9803704999999354,-0.037875447422266006,0.22840715944766998,-2.209714412689209,0.5932130217552185,0.875537097454071,-0.9337842464447021,0.4244014024734497,0.34580379724502563,-0.8644475340843201,1.3288061618804932
4.000228399999742,-0.03791625052690506,0.22842518985271454,-2.2095751762390137,0.6094586253166199,0.8754500150680542,-0.9109469056129456,0.42438918352127075,0.34582236409187317,-0.864471435546875,1.3289622068405151
4.020107800000005,-0.03794544190168381,0.22840431332588196,-2.209580421447754,0.6234805583953857,0.8754610419273376,-0.8804178833961487,0.42438021302223206,0.34582334756851196,-0.864459753036499,1.328939437866211
4.040348199999698,-0.037903983145952225,0.22840408980846405,-2.209622859954834,0.63435959815979,0.8754645586013794,-0.841302752494812,0.4243861734867096,0.34581562876701355,-0.8644824028015137,1.3289363384246826
4.060323700000026,-0.03791370987892151,0.22842057049274445,-2.2096340656280518,0.6414259076118469,0.8754563331604004,-0.7939000725746155,0.4243713915348053,0.3458254337310791,-0.864470362663269,1.3289239406585693
4.080322299999807,-0.037894126027822495,0.22841447591781616,-2.209662914276123,0.6471277475357056,0.8754584193229675,-0.7404652237892151,0.4243917465209961,0.3458200693130493,-0.8644643425941467,1.328930139541626
4.100332399999843,-0.03798411786556244,0.22836825251579285,-2.2097201347351074,0.6446946859359741,0.8753829002380371,-0.6826748847961426,0.42438966035842896,0.34582245349884033,-0.8644763231277466,1.3289270401000977
4.120512599999984,-0.03790312260389328,0.22837412357330322,-2.209838390350342,0.6461667418479919,0.8752270340919495,-0.6208894848823547,0.42439112067222595,0.34583398699760437,-0.8644653558731079,1.3289148807525635
4.140316299999995,-0.03796062245965004,0.22838237881660461,-2.2098658084869385,0.6459696292877197,0.8752011656761169,-0.5589396953582764,0.42440661787986755,0.3458274006843567,-0.8644869327545166,1.3289084434509277
4.160372299999835,-0.037877269089221954,0.22840449213981628,-2.209944486618042,0.6459075212478638,0.875225305557251,-0.49870049953460693,0.42440301179885864,0.3458337187767029,-0.8644744753837585,1.3289406299591064
4.180347900000015,-0.03792466223239899,0.2284287065267563,-2.210087299346924,0.6458641290664673,0.8752220869064331,-0.4424205720424652,0.4244004189968109,0.3458309769630432,-0.8644776940345764,1.3289237022399902
4.200340399999732,-0.037940606474876404,0.2284291386604309,-2.212632656097412,0.645906388759613,0.8751914501190186,-0.38961920142173767,0.42440086603164673,0.3458331823348999,-0.8645221590995789,1.3289213180541992
4.2202377999997225,-0.037888843566179276,0.22841987013816833,-2.221339702606201,0.6459725499153137,0.8751705884933472,-0.34203147888183594,0.42439523339271545,0.34582439064979553,-0.8645021319389343,1.3289408683776855
4.240305699999681,-0.03783814609050751,0.2284090667963028,-2.2384703159332275,0.6459705829620361,0.8751689195632935,-0.30200085043907166,0.42439496517181396,0.34584665298461914,-0.8644987344741821,1.328921914100647
4.260337499999878,-0.03796213120222092,0.22836415469646454,-2.2657699584960938,0.646009624004364,0.875111997127533,-0.2681874632835388,0.42439883947372437,0.34586480259895325,-0.864504873752594,1.3289237022399902
4.280259899999692,-0.037912968546152115,0.22839400172233582,-2.30356502532959,0.6460310220718384,0.8750895261764526,-0.2415967881679535,0.4243960976600647,0.34586361050605774,-0.864517867565155,1.328934669494629
4.300124699999742,-0.03789299353957176,0.22838906943798065,-2.3468761444091797,0.6460303068161011,0.8751445412635803,-0.22098031640052795,0.42439594864845276,0.34586697816848755,-0.864529013633728,1.328930377960205
4.320349199999782,-0.037884972989559174,0.22841520607471466,-2.3937265872955322,0.646033763885498,0.8751479983329773,-0.20347626507282257,0.424397349357605,0.34587717056274414,-0.8645145297050476,1.3289170265197754
4.340336299999763,-0.03790179640054703,0.22846843302249908,-2.4375791549682617,0.6460604667663574,0.87515789270401,-0.1902025192975998,0.4243982136249542,0.34587860107421875,-0.8645079731941223,1.3289294242858887
4.3603106999999,-0.03789087384939194,0.22845929861068726,-2.4772462844848633,0.6460220217704773,0.8751499056816101,-0.1820979118347168,0.42438721656799316,0.34586259722709656,-0.8645278811454773,1.3289294242858887
4.380360399999972,-0.037932850420475006,0.22839757800102234,-2.5129294395446777,0.6459740996360779,0.8751529455184937,-0.18034279346466064,0.42439693212509155,0.34587013721466064,-0.864539384841919,1.328954815864563
4.400316499999917,-0.037919942289590836,0.22837196290493011,-2.5453286170959473,0.6459546089172363,0.8751553893089294,-0.1825428307056427,0.42438727617263794,0.34584736824035645,-0.8645288944244385,1.32893705368042
4.420271099999809,-0.03789249807596207,0.2283479869365692,-2.573594808578491,0.6458966732025146,0.875133216381073,-0.18269574642181396,0.42439112067222595,0.34584760665893555,-0.864511251449585,1.3289082050323486
4.44032900000002,-0.03791783004999161,0.22840556502342224,-2.6008400917053223,0.6457996368408203,0.8751150965690613,-0.18279951810836792,0.424386203289032,0.34583330154418945,-0.8645390868186951,1.3289458751678467
4.4604442999998355,-0.037896618247032166,0.2284187227487564,-2.6249399185180664,0.6453202962875366,0.8751528263092041,-0.18287208676338196,0.4244031608104706,0.34583842754364014,-0.8645094037055969,1.3289542198181152
4.480315299999802,-0.03787130117416382,0.2284301221370697,-2.647104263305664,0.6445761919021606,0.8751540184020996,-0.18294087052345276,0.42439818382263184,0.3458458185195923,-0.8645359873771667,1.328934669494629
4.500332999999955,-0.03788711130619049,0.22842077910900116,-2.6694414615631104,0.643770694732666,0.875146746635437,-0.18338385224342346,0.42436179518699646,0.34583181142807007,-0.8645174503326416,1.328948736190796
4.5203505999998015,-0.037915222346782684,0.22841854393482208,-2.690889358520508,0.643606960773468,0.8751254081726074,-0.18493293225765228,0.4243667721748352,0.34583139419555664,-0.8645225763320923,1.3289391994476318
4.540505399999802,-0.03795202076435089,0.22841085493564606,-2.7135517597198486,0.6432636976242065,0.8751479983329773,-0.19709016382694244,0.4244022071361542,0.34582728147506714,-0.8645297288894653,1.3289415836334229
4.560310999999729,-0.03789297491312027,0.22835807502269745,-2.7348594665527344,0.6426764726638794,0.8751430511474609,-0.22091326117515564,0.42439699172973633,0.3458283245563507,-0.8645278215408325,1.3289413452148438
4.580358100000012,-0.03789583593606949,0.22837193310260773,-2.7526776790618896,0.6379086971282959,0.875148594379425,-0.25320202112197876,0.4243946969509125,0.3458287715911865,-0.8645363450050354,1.3289449214935303
4.60033919999978,-0.03795621544122696,0.22841158509254456,-2.764575481414795,0.6191439628601074,0.8751499652862549,-0.2970743179321289,0.4243842363357544,0.34581658244132996,-0.8645394444465637,1.3289332389831543
4.620303899999726,-0.037858277559280396,0.22846770286560059,-2.7712225914001465,0.5925507545471191,0.8751266598701477,-0.3512200117111206,0.42438623309135437,0.34582847356796265,-0.8645219802856445,1.3289437294006348
4.640330699999595,-0.037876345217227936,0.2285546213388443,-2.7744765281677246,0.5638782978057861,0.8751080632209778,-0.4136417806148529,0.424375981092453,0.34583061933517456,-0.8645310401916504,1.3289358615875244
4.660325499999999,-0.037879493087530136,0.22851718962192535,-2.7745420932769775,0.539602518081665,0.8750808238983154,-0.47691020369529724,0.4243854284286499,0.345842182636261,-0.8645334243774414,1.328937292098999
4.680301399999735,-0.03793139383196831,0.22840657830238342,-2.7745375633239746,0.5248628258705139,0.8750807046890259,-0.5390105247497559,0.4244040250778198,0.34586381912231445,-0.8645421862602234,1.328946590423584
4.700342499999806,-0.03795849531888962,0.2283705472946167,-2.7744626998901367,0.5193880796432495,0.8751007318496704,-0.6003326773643494,0.42437267303466797,0.345867395401001,-0.8645499348640442,1.3289408683776855
4.720222499999636,-0.03797740489244461,0.22838053107261658,-2.774362564086914,0.5187405347824097,0.8751528859138489,-0.658167839050293,0.4243779480457306,0.34585583209991455,-0.8645331263542175,1.3289580345153809
4.740292599999975,-0.0379200354218483,0.22838221490383148,-2.7742810249328613,0.5185966491699219,0.8752347230911255,-0.7119743227958679,0.4243777394294739,0.3458661437034607,-0.8645183444023132,1.328946828842163
4.760323900000003,-0.037919141352176666,0.22842304408550262,-2.774074077606201,0.5185736417770386,0.8752998113632202,-0.7593306303024292,0.4243968725204468,0.3458452522754669,-0.8645332455635071,1.32896089553833
4.78030119999994,-0.03795484080910683,0.22844617068767548,-2.77384614944458,0.5185366868972778,0.8753380179405212,-0.8009296655654907,0.42438435554504395,0.34583187103271484,-0.8645316958427429,1.3289554119110107
4.8003139999996165,-0.037864260375499725,0.22844116389751434,-2.7729408740997314,0.5185112953186035,0.8753831386566162,-0.8379660248756409,0.4243714511394501,0.34582293033599854,-0.8645280599594116,1.328972339630127
4.820242399999643,-0.03785976767539978,0.2284124493598938,-2.7703893184661865,0.5185492038726807,0.8756879568099976,-0.8706835508346558,0.42439889907836914,0.34581559896469116,-0.8645283579826355,1.328951358795166
4.840295799999694,-0.03793759644031525,0.228358656167984,-2.759504795074463,0.5185750722885132,0.8762246966362,-0.8990264534950256,0.4243778884410858,0.3458099067211151,-0.8645194172859192,1.3289501667022705
4.860362899999927,-0.03793611377477646,0.22833888232707977,-2.735842227935791,0.5186076164245605,0.8762949109077454,-0.9219081997871399,0.4243975281715393,0.3457980155944824,-0.8645384311676025,1.328969955444336
4.88026949999994,-0.03793777897953987,0.22842097282409668,-2.699923515319824,0.5186256170272827,0.8763782978057861,-0.9387003183364868,0.4243757724761963,0.34577614068984985,-0.8645363450050354,1.3289532661437988
4.900555799999893,-0.037902019917964935,0.22846177220344543,-2.652240753173828,0.5187942981719971,0.8763566017150879,-0.9517549872398376,0.4243868291378021,0.34576207399368286,-0.8645271062850952,1.328959345817566
4.9202540999999655,-0.037930626422166824,0.22842802107334137,-2.604120969772339,0.5191594362258911,0.8762767314910889,-0.9625498056411743,0.42437824606895447,0.3457430303096771,-0.8645448684692383,1.3289577960968018
4.940272699999696,-0.03791604936122894,0.22839049994945526,-2.5562047958374023,0.5214966535568237,0.876076340675354,-0.9719845056533813,0.42436811327934265,0.3457133173942566,-0.8645354509353638,1.3289518356323242
4.960264699999698,-0.037944912910461426,0.22836610674858093,-2.5126333236694336,0.5243181586265564,0.8759928941726685,-0.9784202575683594,0.4243800938129425,0.34570714831352234,-0.8645312786102295,1.3289587497711182
4.980320399999982,-0.03789433091878891,0.22833269834518433,-2.473104953765869,0.5242925882339478,0.8758071064949036,-0.9795071482658386,0.4243626892566681,0.3455222547054291,-0.8645178079605103,1.3289477825164795
5.00029319999976,-0.037906598299741745,0.22839051485061646,-2.4367990493774414,0.5289856791496277,0.8756804466247559,-0.9794410467147827,0.4243689477443695,0.3451206684112549,-0.864516019821167,1.328963279724121
5.020440599999802,-0.03789147734642029,0.22840826213359833,-2.4030778408050537,0.5454633235931396,0.8753060102462769,-0.979401707649231,0.42435041069984436,0.34462523460388184,-0.8645331263542175,1.328966736793518
5.040304699999979,-0.03793410211801529,0.2284296751022339,-2.371938705444336,0.5676110982894897,0.875227689743042,-0.9793775677680969,0.424373596906662,0.34460100531578064,-0.8645154237747192,1.3289722204208374
5.0603204999997615,-0.03793302923440933,0.22843697667121887,-2.3391151428222656,0.5903422832489014,0.8752066493034363,-0.9794045090675354,0.4243774116039276,0.34460610151290894,-0.8644946813583374,1.3289705514907837
5.0802936000000045,-0.03793228417634964,0.2283848524093628,-2.30753493309021,0.6121083498001099,0.8750424385070801,-0.9794061183929443,0.42436420917510986,0.3446047604084015,-0.8644975423812866,1.328961968421936
5.1003099999998085,-0.03793543949723244,0.22839926183223724,-2.2756199836730957,0.6325780153274536,0.8749565482139587,-0.9794082045555115,0.42436733841896057,0.3446095287799835,-0.8645110726356506,1.328970193862915
5.120403899999928,-0.037878312170505524,0.22840376198291779,-2.2467336654663086,0.6530176401138306,0.8747734427452087,-0.9793955683708191,0.4243670403957367,0.3446289598941803,-0.864508330821991,1.3289704322814941
5.140366699999959,-0.03794799745082855,0.22837862372398376,-2.2237374782562256,0.6747257113456726,0.8746947050094604,-0.9791454076766968,0.424358069896698,0.34463509917259216,-0.8645167946815491,1.3289697170257568
5.160313200000019,-0.03789224475622177,0.22836314141750336,-2.208009719848633,0.6990344524383545,0.8745381832122803,-0.9784946441650391,0.42435887455940247,0.34464913606643677,-0.8645045757293701,1.3289761543273926
5.180308599999989,-0.03788307309150696,0.2283799648284912,-2.1986255645751953,0.7253037691116333,0.874286413192749,-0.9751277565956116,0.4243721663951874,0.3446626365184784,-0.8645086288452148,1.3289673328399658
5.2002910999999585,-0.037913911044597626,0.22840161621570587,-2.194334030151367,0.7525960803031921,0.8742318749427795,-0.9670236706733704,0.42436638474464417,0.3446691930294037,-0.8645028471946716,1.328977346420288
5.220284999999876,-0.03787704184651375,0.22841782867908478,-2.1933956146240234,0.7799819707870483,0.8741534948348999,-0.9560573101043701,0.42436152696609497,0.3446902930736542,-0.8645174503326416,1.328978180885315
5.240311899999597,-0.03789243847131729,0.2284269779920578,-2.193419933319092,0.8045895099639893,0.8737146854400635,-0.9429484009742737,0.42436233162879944,0.34467583894729614,-0.8645018935203552,1.3289580345153809
5.2601205999999365,-0.03793038800358772,0.22842013835906982,-2.193450450897217,0.8242468237876892,0.868669867515564,-0.9264706969261169,0.42436525225639343,0.34468692541122437,-0.864525556564331,1.3289649486541748
5.2803116000000045,-0.03790345788002014,0.2284228652715683,-2.1934828758239746,0.8400012850761414,0.855222225189209,-0.9052290320396423,0.4243404269218445,0.34467613697052,-0.864512026309967,1.3289684057235718
5.300311899999997,-0.037926383316516876,0.22833949327468872,-2.193603515625,0.8533850312232971,0.8357790112495422,-0.8795397877693176,0.42435717582702637,0.34468889236450195,-0.864517867565155,1.3289551734924316
5.320162999999866,-0.0379096120595932,0.22840046882629395,-2.1936967372894287,0.8645163178443909,0.8107967972755432,-0.8510174751281738,0.424357146024704,0.3446810245513916,-0.8645368814468384,1.3289670944213867
5.340301399999589,-0.037959106266498566,0.22836001217365265,-2.193725109100342,0.873853325843811,0.7815018892288208,-0.8184211850166321,0.42435944080352783,0.34467822313308716,-0.8645201325416565,1.328959584236145
5.360310199999731,-0.03791859373450279,0.22837422788143158,-2.193760871887207,0.8806339502334595,0.7505733966827393,-0.7843841314315796,0.4243553876876831,0.3446844518184662,-0.864521861076355,1.3289616107940674
5.380490000000009,-0.037914350628852844,0.22838996350765228,-2.1937665939331055,0.8826636672019958,0.7185417413711548,-0.7471096515655518,0.4243469536304474,0.34468597173690796,-0.8645168542861938,1.3289607763290405
5.400287299999945,-0.03793855756521225,0.22839254140853882,-2.1938459873199463,0.8810579180717468,0.6858776807785034,-0.7107937335968018,0.4243548810482025,0.34468233585357666,-0.8645181655883789,1.3289432525634766
5.420110499999737,-0.03783799335360527,0.22840498387813568,-2.1945600509643555,0.8811098337173462,0.6522506475448608,-0.6753324866294861,0.4243713319301605,0.344690203666687,-0.8645296692848206,1.328948736190796
5.440285299999687,-0.03790034353733063,0.22841288149356842,-2.1992526054382324,0.8812158703804016,0.6169309616088867,-0.6418493986129761,0.42436596751213074,0.34470295906066895,-0.8645280003547668,1.3289401531219482
5.460386899999776,-0.03789636492729187,0.2284155786037445,-2.2101070880889893,0.8811981678009033,0.5813566446304321,-0.6144083142280579,0.4243651330471039,0.34470558166503906,-0.8645282983779907,1.3289518356323242
5.480312599999706,-0.03792957961559296,0.22840124368667603,-2.2263715267181396,0.8811002969741821,0.5472198724746704,-0.591995358467102,0.424357146024704,0.34470313787460327,-0.8645241260528564,1.3289482593536377
5.500065999999606,-0.03790302574634552,0.22835668921470642,-2.247638702392578,0.8809709548950195,0.5149630308151245,-0.5762746334075928,0.4243657886981964,0.34470081329345703,-0.8645108938217163,1.3289415836334229
5.520307599999796,-0.037921540439128876,0.22839534282684326,-2.274150848388672,0.8808915019035339,0.4838964641094208,-0.5680782794952393,0.42436110973358154,0.3447321057319641,-0.8645209074020386,1.328948974609375
5.54029219999984,-0.03793784976005554,0.22839607298374176,-2.3027827739715576,0.8807284832000732,0.4554581940174103,-0.5668607354164124,0.4243583083152771,0.34473827481269836,-0.8645241260528564,1.3289391994476318
5.560301799999706,-0.03792226314544678,0.22842279076576233,-2.329803943634033,0.8806868195533752,0.429719477891922,-0.5668466091156006,0.42435893416404724,0.34474045038223267,-0.8645274043083191,1.3289573192596436
5.580298799999582,-0.03790285065770149,0.22838759422302246,-2.355926990509033,0.8806583881378174,0.4079177975654602,-0.5668913125991821,0.42436355352401733,0.3447275757789612,-0.8645200133323669,1.328941822052002
5.6003083999999035,-0.037912867963314056,0.22842982411384583,-2.3796019554138184,0.8806090950965881,0.39086073637008667,-0.5670125484466553,0.4243530035018921,0.3447074294090271,-0.8645169734954834,1.3289560079574585
5.620071800000005,-0.03792836144566536,0.22840386629104614,-2.3988471031188965,0.8805757164955139,0.3790692687034607,-0.5672171115875244,0.4243510067462921,0.3447129726409912,-0.8645191788673401,1.3289605379104614
5.640318599999773,-0.03792348504066467,0.22840479016304016,-2.4171080589294434,0.8800499439239502,0.3725903630256653,-0.5676466226577759,0.42435911297798157,0.3447115421295166,-0.8645169138908386,1.3289482593536377
5.660317500000019,-0.03795237094163895,0.2283933162689209,-2.4339852333068848,0.8798280358314514,0.3722255229949951,-0.5706154108047485,0.4243641793727875,0.3446963429450989,-0.8645148277282715,1.32896089553833
5.680293299999903,-0.03787107765674591,0.2283928245306015,-2.449979782104492,0.8776108622550964,0.3731151819229126,-0.5829799175262451,0.424360990524292,0.34468770027160645,-0.8645117282867432,1.3289389610290527
5.700317399999676,-0.03787977248430252,0.22836701571941376,-2.4671380519866943,0.8685668110847473,0.37293440103530884,-0.6036224365234375,0.4243576228618622,0.34469732642173767,-0.8645184636116028,1.3289363384246826
5.7202956999999515,-0.038010090589523315,0.22839988768100739,-2.484510898590088,0.8447360396385193,0.3729332387447357,-0.6311496496200562,0.4243520498275757,0.3446682095527649,-0.8645128011703491,1.3289458751678467
5.740256399999907,-0.03786611184477806,0.22840455174446106,-2.5008537769317627,0.8119967579841614,0.37301838397979736,-0.6664726734161377,0.42435547709465027,0.34467995166778564,-0.864527702331543,1.3289389610290527
5.760187499999574,-0.037895552814006805,0.2283768653869629,-2.5168519020080566,0.7756990790367126,0.37315815687179565,-0.7081130743026733,0.4243541657924652,0.3446817398071289,-0.8644983172416687,1.328944444656372
5.780316799999582,-0.037959493696689606,0.22839514911174774,-2.5318398475646973,0.7404850721359253,0.3733099400997162,-0.7506139278411865,0.42435818910598755,0.34468764066696167,-0.8645079731941223,1.3289308547973633
5.80041859999983,-0.037943705916404724,0.22842618823051453,-2.5419998168945312,0.7097975015640259,0.3740406036376953,-0.7949504852294922,0.4243611693382263,0.3446919322013855,-0.8645121455192566,1.328931212425232
5.820209299999988,-0.03788197413086891,0.2283773273229599,-2.546105146408081,0.6871160268783569,0.3787037134170532,-0.8387484550476074,0.42435693740844727,0.3446822166442871,-0.8645285367965698,1.3289287090301514
5.840299699999832,-0.03787447139620781,0.22834809124469757,-2.54587721824646,0.6718039512634277,0.39189377427101135,-0.8814922571182251,0.4243456721305847,0.34467893838882446,-0.864514172077179,1.3289332389831543
5.8602013999998235,-0.03795255720615387,0.2283775806427002,-2.545807361602783,0.6611471176147461,0.41349950432777405,-0.9214122891426086,0.4243544042110443,0.3447090983390808,-0.8645003437995911,1.3288969993591309
5.880280099999709,-0.037926577031612396,0.22838088870048523,-2.545673370361328,0.6507103443145752,0.4442494511604309,-0.9556463360786438,0.42435020208358765,0.34470587968826294,-0.8645251989364624,1.3289247751235962
5.900297199999841,-0.0378953292965889,0.22839850187301636,-2.5456442832946777,0.6392799019813538,0.48243677616119385,-0.9852697253227234,0.42435118556022644,0.3447321653366089,-0.864509105682373,1.3289117813110352
5.920284999999694,-0.03794793784618378,0.22842134535312653,-2.545581340789795,0.6272233724594116,0.5248864889144897,-1.0101978778839111,0.4243483543395996,0.34472760558128357,-0.8645243644714355,1.328906536102295
5.940065499999946,-0.037904754281044006,0.22841714322566986,-2.5454299449920654,0.6178062558174133,0.5699653625488281,-1.0297720432281494,0.4243476390838623,0.34472161531448364,-0.8645215034484863,1.328903079032898
5.96040099999982,-0.037900909781455994,0.22842246294021606,-2.54532790184021,0.6121491193771362,0.616191029548645,-1.045670747756958,0.42435455322265625,0.3446972966194153,-0.8645086884498596,1.3289070129394531
5.980104699999629,-0.03795710206031799,0.228372260928154,-2.5446462631225586,0.6088556051254272,0.6602069735527039,-1.0576410293579102,0.4243466556072235,0.3446921110153198,-0.8645070195198059,1.328900933265686
6.000327099999595,-0.03789542615413666,0.22839215397834778,-2.5420618057250977,0.6047919988632202,0.7042098641395569,-1.064955234527588,0.42434173822402954,0.3447064161300659,-0.864526629447937,1.3288993835449219
6.020310499999596,-0.03788383677601814,0.22837287187576294,-2.5323801040649414,0.6054772734642029,0.745651364326477,-1.066431999206543,0.42433658242225647,0.34468382596969604,-0.8645248413085938,1.3288977146148682
6.040404699999726,-0.03790607675909996,0.22839288413524628,-2.5134148597717285,0.6053354144096375,0.7852957844734192,-1.066347599029541,0.4243374466896057,0.344696044921875,-0.8645312786102295,1.3289036750793457
6.060224599999856,-0.03790667653083801,0.2284192442893982,-2.487215518951416,0.6054039001464844,0.821492075920105,-1.0663338899612427,0.42434388399124146,0.3447057008743286,-0.8645306825637817,1.3288999795913696
6.080261399999927,-0.03791287541389465,0.22842590510845184,-2.455717086791992,0.6054770946502686,0.8551275730133057,-1.0663270950317383,0.4243522584438324,0.34468764066696167,-0.8645022511482239,1.3289031982421875
6.100300499999776,-0.037860408425331116,0.22840777039527893,-2.4232468605041504,0.6054888367652893,0.8837871551513672,-1.0662662982940674,0.42435288429260254,0.34468692541122437,-0.8645363450050354,1.328897476196289
6.120229999999992,-0.03791020065546036,0.22832663357257843,-2.393437147140503,0.6055322885513306,0.9054348468780518,-1.0661932229995728,0.42436137795448303,0.3446827530860901,-0.8645297884941101,1.328889012336731
6.140304399999877,-0.037944965064525604,0.22841095924377441,-2.3663346767425537,0.6055535674095154,0.9195167422294617,-1.066112756729126,0.42436233162879944,0.3447059392929077,-0.8645403385162354,1.3289016485214233
6.160340799999631,-0.03788115829229355,0.2283172309398651,-2.3406975269317627,0.6057223081588745,0.9257717132568359,-1.0661170482635498,0.4243542551994324,0.34469348192214966,-0.8645551800727844,1.3288822174072266
6.1803579999996145,-0.03798794746398926,0.22835074365139008,-2.3171377182006836,0.606026828289032,0.9232613444328308,-1.0660980939865112,0.42435765266418457,0.3446972966194153,-0.8645504713058472,1.3288966417312622
6.200423999999657,-0.03789126127958298,0.22843247652053833,-2.291759490966797,0.6091618537902832,0.9209442138671875,-1.0656774044036865,0.42435774207115173,0.34469276666641235,-0.8645541667938232,1.3288934230804443
6.220391599999857,-0.03787503391504288,0.22844330966472626,-2.2647528648376465,0.6195000410079956,0.9212449193000793,-1.062860369682312,0.42435145378112793,0.34470418095588684,-0.8645544648170471,1.3288960456848145
6.24048139999968,-0.037901826202869415,0.22842468321323395,-2.237614154815674,0.6366554498672485,0.9211724400520325,-1.0551426410675049,0.4243605434894562,0.3447136878967285,-0.8645550012588501,1.3289189338684082
6.260515299999952,-0.037894196808338165,0.22842998802661896,-2.212608814239502,0.6563900709152222,0.9211013317108154,-1.0447044372558594,0.42435476183891296,0.3447110056877136,-0.8645637631416321,1.3288856744766235
6.280061499999647,-0.037884779274463654,0.22833161056041718,-2.1909961700439453,0.6741366386413574,0.921096682548523,-1.0329501628875732,0.4243561625480652,0.34472185373306274,-0.8645675778388977,1.3288955688476562
6.300324999999702,-0.03791791945695877,0.2284005582332611,-2.1720352172851562,0.6893002986907959,0.9210825562477112,-1.0194573402404785,0.4243529736995697,0.3447267413139343,-0.864581286907196,1.32887864112854
6.320368799999869,-0.03792788088321686,0.22835105657577515,-2.1588876247406006,0.7012535333633423,0.9208663702011108,-1.0038671493530273,0.4243578612804413,0.34472060203552246,-0.8645740747451782,1.3288943767547607
6.34040959999993,-0.037888191640377045,0.2284177839756012,-2.1513800621032715,0.7116002440452576,0.9194160103797913,-0.9848762154579163,0.4243544936180115,0.3447340726852417,-0.8645812273025513,1.3288912773132324
6.3604177999995954,-0.03793240338563919,0.2284155637025833,-2.1476798057556152,0.7226698398590088,0.9161036014556885,-0.9625076651573181,0.42435422539711,0.3447396159172058,-0.8646013140678406,1.3288815021514893
6.380517499999769,-0.03785869479179382,0.2284177541732788,-2.143418550491333,0.735211193561554,0.9083092212677002,-0.9371996521949768,0.4243355393409729,0.3447364270687103,-0.8645930886268616,1.3288853168487549
6.400544499999796,-0.0378672294318676,0.2284262627363205,-2.1383161544799805,0.7485359907150269,0.8994801640510559,-0.9089903235435486,0.4243495762348175,0.34473875164985657,-0.8646195530891418,1.3288958072662354
6.420060499999636,-0.037932537496089935,0.22839628159999847,-2.1311867237091064,0.7609180212020874,0.8920507431030273,-0.8799960017204285,0.4243546426296234,0.3447500467300415,-0.86458820104599,1.3288743495941162
6.440083699999832,-0.03790804743766785,0.2284083366394043,-2.12333345413208,0.7716959714889526,0.8866560459136963,-0.8497492671012878,0.4243558943271637,0.3447445034980774,-0.8646225333213806,1.3288910388946533
6.460166599999866,-0.037915341556072235,0.22839678823947906,-2.115527629852295,0.7804780006408691,0.8825234174728394,-0.8177952766418457,0.4243546426296234,0.34474509954452515,-0.8646213412284851,1.328894853591919
6.480221299999812,-0.03793589770793915,0.2284129559993744,-2.107865810394287,0.7880326509475708,0.8836769461631775,-0.7862094044685364,0.4243599474430084,0.3447544276714325,-0.8646316528320312,1.3288815021514893
6.500295599999845,-0.037896640598773956,0.22841081023216248,-2.1001596450805664,0.7943243980407715,0.8838774561882019,-0.754516065120697,0.4243520200252533,0.3447648286819458,-0.8646343350410461,1.3288867473602295
6.520452399999613,-0.037862472236156464,0.2283894419670105,-2.092080593109131,0.7991280555725098,0.8839496374130249,-0.7240254282951355,0.42434850335121155,0.34475094079971313,-0.8646496534347534,1.3288838863372803
6.540174299999762,-0.03788454458117485,0.22844108939170837,-2.0830206871032715,0.8044717311859131,0.8839735984802246,-0.6973817348480225,0.42435353994369507,0.3447558283805847,-0.8646670579910278,1.3288835287094116
6.5601496999997835,-0.037908557802438736,0.22843559086322784,-2.072350025177002,0.8025839328765869,0.8839901089668274,-0.6721590757369995,0.42434442043304443,0.3447444438934326,-0.864656925201416,1.3289010524749756
6.580233700000008,-0.037853170186281204,0.22841550409793854,-2.0601558685302734,0.8028923273086548,0.883994996547699,-0.6494477987289429,0.42434409260749817,0.344748318195343,-0.8646738529205322,1.3288931846618652
6.600269399999888,-0.0379001721739769,0.22836077213287354,-2.0476112365722656,0.8030324578285217,0.8840241432189941,-0.6300762891769409,0.42433929443359375,0.3447455167770386,-0.8646453619003296,1.3289093971252441
6.620255799999995,-0.03796359896659851,0.22836606204509735,-2.0336503982543945,0.8029574155807495,0.884042501449585,-0.6123673915863037,0.42435982823371887,0.34476613998413086,-0.8646835684776306,1.328899621963501
6.640074199999617,-0.03789293393492699,0.22837698459625244,-2.0177230834960938,0.8029454350471497,0.8841110467910767,-0.5967063903808594,0.42434781789779663,0.34477266669273376,-0.8646934032440186,1.3288804292678833
6.660347600000023,-0.037952445447444916,0.22838173806667328,-2.0003821849823,0.8029478788375854,0.8841261267662048,-0.5835988521575928,0.42436105012893677,0.3447771370410919,-0.8646758198738098,1.3288969993591309
6.680299999999988,-0.03791940212249756,0.22842125594615936,-1.9820644855499268,0.8029173016548157,0.8841555118560791,-0.5743794441223145,0.42434588074684143,0.34478533267974854,-0.8646737337112427,1.3289008140563965
6.700312799999665,-0.03790415823459625,0.22841814160346985,-1.960557222366333,0.80288165807724,0.8842692971229553,-0.5690921545028687,0.42433661222457886,0.344778448343277,-0.864691972732544,1.3288804292678833
6.7205377999998746,-0.03791995719075203,0.2284100502729416,-1.9358583688735962,0.8028432130813599,0.8845512866973877,-0.5646430253982544,0.4243512749671936,0.3447877764701843,-0.8646898865699768,1.328872561454773
6.740506799999821,-0.03793478012084961,0.22831076383590698,-1.9106460809707642,0.8028055429458618,0.884742259979248,-0.5647410154342651,0.42434725165367126,0.34478676319122314,-0.8646875023841858,1.3288904428482056
6.760505799999919,-0.037883929908275604,0.22840264439582825,-1.8833218812942505,0.8028048276901245,0.884811282157898,-0.564683198928833,0.42434370517730713,0.3447757363319397,-0.8646931052207947,1.32887864112854
6.780566199999612,-0.03790696710348129,0.2284119874238968,-1.8552484512329102,0.8027989864349365,0.8849148154258728,-0.5646836161613464,0.4243466854095459,0.3447614014148712,-0.8646847605705261,1.3288788795471191
6.80036439999958,-0.03788791224360466,0.22840967774391174,-1.8259315490722656,0.8027783632278442,0.8849409222602844,-0.5646816492080688,0.42433804273605347,0.34475377202033997,-0.8646706938743591,1.3288848400115967
6.820359800000006,-0.03790763020515442,0.2284124344587326,-1.793777585029602,0.8027127981185913,0.8849560022354126,-0.5646682977676392,0.42431196570396423,0.34474003314971924,-0.864669919013977,1.3288854360580444
6.8402580999995735,-0.037887535989284515,0.22841110825538635,-1.7592494487762451,0.8026569485664368,0.8849684000015259,-0.5646755695343018,0.4242790937423706,0.34472256898880005,-0.8646706342697144,1.328869104385376
6.860065500000019,-0.03789587318897247,0.22841958701610565,-1.7207132577896118,0.8026569485664368,0.8849628567695618,-0.5646836161613464,0.4240865111351013,0.3446778655052185,-0.86464923620224,1.3288499116897583
6.8802803999997195,-0.03788777440786362,0.22841662168502808,-1.6785190105438232,0.802648663520813,0.8849689364433289,-0.5646654367446899,0.4239180386066437,0.34462088346481323,-0.8646324872970581,1.3288079500198364
6.90027979999968,-0.03790763393044472,0.22842556238174438,-1.6325830221176147,0.8026372194290161,0.8849626779556274,-0.5646935701370239,0.42371001839637756,0.3445127308368683,-0.8645931482315063,1.3287776708602905
6.920265799999925,-0.03792060166597366,0.2283836007118225,-1.5853582620620728,0.8025887608528137,0.8849604725837708,-0.5647445917129517,0.42274609208106995,0.3440195918083191,-0.8645718693733215,1.3287279605865479
6.94026969999959,-0.037936728447675705,0.22840635478496552,-1.5361815690994263,0.8024911880493164,0.8849140405654907,-0.5647649765014648,0.4221366047859192,0.34040528535842896,-0.8645024299621582,1.3287196159362793
6.960247099999833,-0.03792797774076462,0.2283741682767868,-1.4855663776397705,0.801780641078949,0.884911835193634,-0.5647756457328796,0.4221339821815491,0.3289387822151184,-0.8644875288009644,1.328723430633545
6.980272199999945,-0.03795245289802551,0.22837741672992706,-1.4348310232162476,0.7945913672447205,0.8848959803581238,-0.5648244619369507,0.42210572957992554,0.3163852095603943,-0.8644630312919617,1.328723669052124
7.000150200000007,-0.037980370223522186,0.22843128442764282,-1.383842945098877,0.7770962715148926,0.8848972916603088,-0.5649012327194214,0.42209330201148987,0.3042758107185364,-0.8644554615020752,1.3286882638931274
7.0202408000000105,-0.03790673241019249,0.22850430011749268,-1.334289312362671,0.7575132846832275,0.884868323802948,-0.5649217367172241,0.422088623046875,0.29276734590530396,-0.8644309639930725,1.3286916017532349
7.040266199999678,-0.03791491687297821,0.2284756302833557,-1.2862915992736816,0.7403945326805115,0.884819746017456,-0.5649282932281494,0.422087699174881,0.2814732491970062,-0.8644225597381592,1.3286705017089844
7.060048399999687,-0.037871092557907104,0.228408083319664,-1.239542841911316,0.7267260551452637,0.8847465515136719,-0.5648912191390991,0.422065407037735,0.26991015672683716,-0.8644052743911743,1.3286564350128174
7.080395399999816,-0.037962302565574646,0.2283840924501419,-1.1914739608764648,0.712889552116394,0.8847472667694092,-0.5649052262306213,0.4219839870929718,0.2560961842536926,-0.8643954396247864,1.3286049365997314
7.100476999999955,-0.037925198674201965,0.22834250330924988,-1.1417129039764404,0.6973834037780762,0.8847487568855286,-0.5648970603942871,0.421837717294693,0.24128200113773346,-0.8643413186073303,1.3285479545593262
7.120296799999778,-0.03793993592262268,0.2283564656972885,-1.0912569761276245,0.6803483963012695,0.8847552537918091,-0.5648975968360901,0.42045676708221436,0.2263290286064148,-0.8643253445625305,1.3284971714019775
7.14029279999977,-0.03790547698736191,0.22842460870742798,-1.0398212671279907,0.6626744866371155,0.8847486972808838,-0.564887285232544,0.4111740291118622,0.2143426537513733,-0.8642869591712952,1.3283896446228027
7.160328399999798,-0.03789638727903366,0.228494331240654,-0.9862767457962036,0.6430779099464417,0.8847395777702332,-0.5648846626281738,0.3944470286369324,0.20255064964294434,-0.8642918467521667,1.3282569646835327
7.1803391999997075,-0.03793598711490631,0.2284204512834549,-0.9334925413131714,0.6220461130142212,0.8847101926803589,-0.5648859143257141,0.3788277506828308,0.18987737596035004,-0.8642743229866028,1.3280401229858398
7.200269299999945,-0.03790879249572754,0.22839844226837158,-0.8833452463150024,0.6012208461761475,0.8847401142120361,-0.5647993087768555,0.36633944511413574,0.1761379837989807,-0.864261269569397,1.3271504640579224
7.220308699999805,-0.03786659240722656,0.22836032509803772,-0.8357447981834412,0.5827600955963135,0.884671688079834,-0.5647332668304443,0.3599454462528229,0.1615842580795288,-0.8641875982284546,1.3235211372375488
7.240257399999791,-0.03789617121219635,0.22840674221515656,-0.7947872281074524,0.5673204660415649,0.8846631646156311,-0.5647432208061218,0.3583182692527771,0.15066216886043549,-0.8641459345817566,1.318857192993164
7.260245299999951,-0.0378999337553978,0.22840459644794464,-0.7590038776397705,0.5537495613098145,0.8846741914749146,-0.5647678375244141,0.35832566022872925,0.14149612188339233,-0.8641181588172913,1.314401626586914
7.28043069999967,-0.0379154235124588,0.22840821743011475,-0.7287242412567139,0.5400354266166687,0.8846824765205383,-0.5647661685943604,0.3583235442638397,0.13081872463226318,-0.8641029596328735,1.3092665672302246
7.300158499999725,-0.037932805716991425,0.228399857878685,-0.7007975578308105,0.5252577066421509,0.8847336769104004,-0.5647515058517456,0.35832878947257996,0.12176121026277542,-0.8640952110290527,1.304955244064331
7.320041399999809,-0.037887003272771835,0.2283937931060791,-0.6727979779243469,0.5096147060394287,0.8847159147262573,-0.5647749900817871,0.35829198360443115,0.11369523406028748,-0.8640923500061035,1.300834059715271
7.340287499999704,-0.037911124527454376,0.2284145951271057,-0.6449960470199585,0.4942731559276581,0.8846879601478577,-0.5649057626724243,0.35828888416290283,0.10289325565099716,-0.8640784621238708,1.296999454498291
7.3601017999999385,-0.03791835904121399,0.2284310907125473,-0.6178596019744873,0.48017141222953796,0.8847322463989258,-0.5648887753486633,0.3582684099674225,0.08990082144737244,-0.8640708923339844,1.2919950485229492
7.380263499999728,-0.0379185751080513,0.22839345037937164,-0.5915368795394897,0.46553370356559753,0.8847381472587585,-0.5649492144584656,0.358283132314682,0.07780001312494278,-0.8640492558479309,1.285620927810669
7.400257899999815,-0.03789527714252472,0.22837385535240173,-0.5660915374755859,0.4498903751373291,0.8847353458404541,-0.5649422407150269,0.35827428102493286,0.07000720500946045,-0.8640345931053162,1.2797781229019165
7.420230100000026,-0.03795522451400757,0.2283848077058792,-0.5428470969200134,0.43240582942962646,0.8847579956054688,-0.5649526119232178,0.35825809836387634,0.06842935085296631,-0.8640201091766357,1.2733737230300903
7.440242399999988,-0.037900637835264206,0.22836066782474518,-0.5251405239105225,0.414701372385025,0.8851225972175598,-0.564804196357727,0.3582390546798706,0.06826497614383698,-0.8640232682228088,1.2650740146636963
7.46047389999967,-0.037896186113357544,0.2284189611673355,-0.5128722190856934,0.40062958002090454,0.8851191401481628,-0.5647319555282593,0.3581830859184265,0.06362918764352798,-0.8639773726463318,1.254310965538025
7.480190499999935,-0.03786889463663101,0.22849518060684204,-0.5032591819763184,0.38936305046081543,0.8851239681243896,-0.5647128820419312,0.35812944173812866,0.054225824773311615,-0.8639408349990845,1.242159128189087
7.500051699999858,-0.037883415818214417,0.22851403057575226,-0.4909181296825409,0.3758166432380676,0.8851028084754944,-0.5647201538085938,0.35810598731040955,0.04645105451345444,-0.8638216853141785,1.229346752166748
7.520354399999633,-0.037854671478271484,0.22848619520664215,-0.4711702764034271,0.3584570586681366,0.8851186633110046,-0.5646342039108276,0.3580898642539978,0.0413699746131897,-0.8630893230438232,1.2155354022979736
7.540519899999708,-0.037948742508888245,0.2283250391483307,-0.44404521584510803,0.3393888473510742,0.8851236701011658,-0.5639126300811768,0.3580741584300995,0.035928286612033844,-0.8587691187858582,1.200622320175171
7.560546400000021,-0.03792840242385864,0.22831225395202637,-0.41386696696281433,0.321259081363678,0.8851234316825867,-0.5627055168151855,0.35806936025619507,0.03001263178884983,-0.8530158400535583,1.1835432052612305
7.580268999999589,-0.03792266547679901,0.22831393778324127,-0.3821352422237396,0.3050268888473511,0.8850137591362,-0.5574801564216614,0.3580665588378906,0.022055629640817642,-0.8450219035148621,1.165175199508667
7.600251500000013,-0.037932462990283966,0.2283969223499298,-0.3529089093208313,0.28862500190734863,0.8848861455917358,-0.5499186515808105,0.35807275772094727,0.014959718100726604,-0.8356077671051025,1.145890712738037
7.6201115999997455,-0.03792734816670418,0.2284572273492813,-0.32605624198913574,0.2714277505874634,0.8845875263214111,-0.541156530380249,0.35808414220809937,0.009373348206281662,-0.8254155516624451,1.1266822814941406
7.640164199999617,-0.03787493705749512,0.22853833436965942,-0.30117297172546387,0.2535718083381653,0.8841307759284973,-0.5309728980064392,0.35808777809143066,0.0035308569204062223,-0.8150253295898438,1.1074767112731934
7.660168199999589,-0.0378606915473938,0.22846655547618866,-0.27645593881607056,0.23580583930015564,0.8838211297988892,-0.5193361043930054,0.35807687044143677,-0.0031678827945142984,-0.8053303956985474,1.0876071453094482
7.680529699999624,-0.037935078144073486,0.2284134030342102,-0.2509460747241974,0.21906355023384094,0.8838033080101013,-0.5067747235298157,0.3580787777900696,-0.00982146430760622,-0.7961955666542053,1.066110372543335
7.70053579999967,-0.0379449799656868,0.2283816784620285,-0.2267047017812729,0.20599572360515594,0.8837470412254333,-0.4940473139286041,0.35807889699935913,-0.014489460736513138,-0.7877698540687561,1.0441309213638306
7.72008599999981,-0.03790493682026863,0.22839461266994476,-0.2055983543395996,0.1962146759033203,0.8837715983390808,-0.48104482889175415,0.3580839931964874,-0.01820317469537258,-0.7797955274581909,1.0222854614257812
7.740514099999928,-0.037925831973552704,0.22839631140232086,-0.18695923686027527,0.18769365549087524,0.8837616443634033,-0.4674343764781952,0.35807281732559204,-0.01818988472223282,-0.7717549204826355,0.9988414645195007
7.760069499999645,-0.03791193291544914,0.22840817272663116,-0.17019757628440857,0.1810862123966217,0.8837088346481323,-0.4559953212738037,0.3580859899520874,-0.01819467917084694,-0.763179361820221,0.9755927920341492
7.780326499999774,-0.0378849133849144,0.22841909527778625,-0.15307366847991943,0.17615766823291779,0.8836948871612549,-0.4453330934047699,0.358071506023407,-0.018184809014201164,-0.7531029582023621,0.9501471519470215
7.80034089999981,-0.03794466704130173,0.228414386510849,-0.13752031326293945,0.16924786567687988,0.8837394118309021,-0.4333781599998474,0.3580636978149414,-0.018170220777392387,-0.7421685457229614,0.9228644371032715
7.82026229999974,-0.03791504725813866,0.2284432202577591,-0.12450992316007614,0.1618187576532364,0.8837950229644775,-0.4190205931663513,0.3580581545829773,-0.01815863698720932,-0.7300413846969604,0.8948895931243896
7.840266299999712,-0.037944819778203964,0.22843264043331146,-0.1133762001991272,0.15278500318527222,0.8837658166885376,-0.40438780188560486,0.3580319881439209,-0.018157370388507843,-0.7175887823104858,0.8667349815368652
7.860327699999743,-0.037912413477897644,0.2284202128648758,-0.10332216322422028,0.14033634960651398,0.8837142586708069,-0.3907583951950073,0.35803207755088806,-0.018155153840780258,-0.7055492401123047,0.8377863764762878
7.88051089999999,-0.03792693093419075,0.22841772437095642,-0.09415504336357117,0.1252973973751068,0.8837261199951172,-0.3770290017127991,0.3579990565776825,-0.018141236156225204,-0.6936776041984558,0.8085746169090271
7.900507999999718,-0.03794501721858978,0.22839216887950897,-0.08674202859401703,0.11116918921470642,0.8837196230888367,-0.3642701506614685,0.35793671011924744,-0.018126247450709343,-0.6825779676437378,0.7799336910247803
7.9202838999999585,-0.03793914616107941,0.22838753461837769,-0.08050322532653809,0.0986894816160202,0.8836672306060791,-0.35310107469558716,0.35790473222732544,-0.018121864646673203,-0.6723433136940002,0.750632643699646
7.940318699999807,-0.03791607916355133,0.2284105271100998,-0.07392463088035583,0.08528226613998413,0.8835439682006836,-0.34093189239501953,0.35788682103157043,-0.018107041716575623,-0.6611188650131226,0.720611572265625
7.960390799999914,-0.037931427359580994,0.2284175008535385,-0.06685227155685425,0.07298097014427185,0.8835230469703674,-0.32737135887145996,0.3578253984451294,-0.018114451318979263,-0.6487233638763428,0.6897407174110413
7.980201799999577,-0.03790222108364105,0.22841776907444,-0.05997314304113388,0.06422998756170273,0.8835142850875854,-0.3140622079372406,0.35688889026641846,-0.018079934641718864,-0.6360290050506592,0.6575654745101929
8.00023979999969,-0.037911489605903625,0.2284247726202011,-0.053106676787137985,0.05840172991156578,0.8835851550102234,-0.2999579906463623,0.34443801641464233,-0.01808144897222519,-0.6228984594345093,0.6241955757141113
8.020363599999655,-0.0378887802362442,0.22842495143413544,-0.04705452173948288,0.054396361112594604,0.8835881948471069,-0.28553909063339233,0.3191399574279785,-0.018050335347652435,-0.6102659702301025,0.590989887714386
8.04005959999995,-0.03792670741677284,0.22837398946285248,-0.043262187391519547,0.05339706689119339,0.8835597038269043,-0.27099424600601196,0.29110100865364075,-0.018054060637950897,-0.5976823568344116,0.5611466765403748
8.060257599999659,-0.03792308270931244,0.2283916175365448,-0.040193844586610794,0.04928985983133316,0.883586585521698,-0.2571589946746826,0.2664263844490051,-0.018037615343928337,-0.5847287178039551,0.5329158306121826
8.080245699999978,-0.03789941221475601,0.2283896654844284,-0.039825648069381714,0.046967633068561554,0.8836028575897217,-0.24534234404563904,0.25163501501083374,-0.01803680881857872,-0.5722837448120117,0.5096427202224731
8.100500899999588,-0.03793018311262131,0.22843579947948456,-0.03982701525092125,0.047104086726903915,0.8836639523506165,-0.23252911865711212,0.2485150396823883,-0.01803741790354252,-0.5597858428955078,0.49237003922462463
8.120238900000004,-0.03793620690703392,0.22841599583625793,-0.039832547307014465,0.04717593267560005,0.8836596608161926,-0.2190653532743454,0.2485133558511734,-0.01801767200231552,-0.5468696355819702,0.4797954857349396
8.140223699999751,-0.037934474647045135,0.2284260392189026,-0.03983268141746521,0.04716961458325386,0.8836585879325867,-0.20696568489074707,0.24846777319908142,-0.0180186964571476,-0.5340137481689453,0.4681192636489868
8.16014849999965,-0.03789757937192917,0.22842781245708466,-0.03989285230636597,0.04716496542096138,0.8836665749549866,-0.197700634598732,0.248285174369812,-0.01801253668963909,-0.5219987630844116,0.45639923214912415
8.180373599999712,-0.037948526442050934,0.22836832702159882,-0.03990626335144043,0.04716229438781738,0.8837386965751648,-0.1909911036491394,0.24713413417339325,-0.01800127699971199,-0.5118660926818848,0.44348129630088806
8.20038779999959,-0.03791740536689758,0.22841159999370575,-0.0399792343378067,0.04718448966741562,0.8837695121765137,-0.18703427910804749,0.23909473419189453,-0.01802142895758152,-0.5043795108795166,0.4293181896209717
8.220175599999948,-0.03795398026704788,0.22836776077747345,-0.03999532759189606,0.047152530401945114,0.883770763874054,-0.18691474199295044,0.22404064238071442,-0.017987873405218124,-0.4991689920425415,0.41398006677627563
8.240340099999685,-0.03791622072458267,0.22841471433639526,-0.039990365505218506,0.04715031012892723,0.8837431073188782,-0.18693184852600098,0.20398734509944916,-0.01788230985403061,-0.4948781132698059,0.39707425236701965
8.26037499999984,-0.03789079189300537,0.22843118011951447,-0.03999241441488266,0.047149207442998886,0.8837711215019226,-0.18707168102264404,0.17787626385688782,-0.017819231376051903,-0.4931151270866394,0.3798286020755768
8.28043529999968,-0.03788067400455475,0.22846035659313202,-0.03998959809541702,0.04702698811888695,0.8837872743606567,-0.18703222274780273,0.14786028861999512,-0.017793729901313782,-0.49317216873168945,0.3637043237686157
8.300375499999973,-0.03786216676235199,0.22845734655857086,-0.03998921811580658,0.04690288379788399,0.8838096261024475,-0.1870090663433075,0.121612548828125,-0.017796989530324936,-0.4931638836860657,0.35096555948257446
8.320200799999839,-0.03796711191534996,0.2283773273229599,-0.03990735858678818,0.046648986637592316,0.8838124871253967,-0.18701627850532532,0.10136967897415161,-0.017795443534851074,-0.4931718707084656,0.34253448247909546
8.340227599999707,-0.037884730845689774,0.22835643589496613,-0.03977646678686142,0.04664158821105957,0.8838909268379211,-0.18704953789710999,0.08841642737388611,-0.017786558717489243,-0.4931485056877136,0.3370353579521179
8.360243599999649,-0.03791475668549538,0.22832442820072174,-0.03977068513631821,0.046561963856220245,0.8838220238685608,-0.18701624870300293,0.08298047631978989,-0.017772041261196136,-0.4931472837924957,0.33295804262161255
8.380238699999609,-0.03792114183306694,0.22838319838047028,-0.03940047323703766,0.046116411685943604,0.8837853670120239,-0.18699786067008972,0.07992356270551682,-0.017747869715094566,-0.49313193559646606,0.327090859413147
8.400251000000026,-0.037892602384090424,0.22842039167881012,-0.03774598613381386,0.04610621929168701,0.8837875127792358,-0.18699565529823303,0.07336004823446274,-0.017752215266227722,-0.49312323331832886,0.32023608684539795
8.420366599999852,-0.03790949285030365,0.22842364013195038,-0.03319711983203888,0.0460992231965065,0.8838006854057312,-0.18689265847206116,0.063745878636837,-0.01775808446109295,-0.49310243129730225,0.3107699751853943
8.440464199999951,-0.03794271498918533,0.22841370105743408,-0.02554909884929657,0.046126239001750946,0.883659303188324,-0.1868528425693512,0.052613671869039536,-0.017740394920110703,-0.4930649995803833,0.29822054505348206
8.460250799999812,-0.03792639076709747,0.2284039556980133,-0.014908201061189175,0.046345628798007965,0.8835557103157043,-0.18692216277122498,0.04235481098294258,-0.017725519835948944,-0.49273884296417236,0.2832704186439514
8.480197799999587,-0.03791002929210663,0.22841624915599823,-0.0026915662456303835,0.04639332368969917,0.88312166929245,-0.18690532445907593,0.032953351736068726,-0.017636889591813087,-0.4897765517234802,0.2664366662502289
8.500238699999954,-0.037949088960886,0.2284061461687088,0.008439453318715096,0.04640227556228638,0.8828791975975037,-0.18691053986549377,0.025793731212615967,-0.017464276403188705,-0.4826221764087677,0.24862748384475708
8.520216199999595,-0.03789806365966797,0.22841455042362213,0.015734147280454636,0.0466143935918808,0.8811095952987671,-0.18686458468437195,0.021266333758831024,-0.016878902912139893,-0.4728403091430664,0.2303924262523651
8.540292099999988,-0.03793821483850479,0.2283499836921692,0.0170842707157135,0.046779733151197433,0.8712197542190552,-0.18684658408164978,0.021030239760875702,-0.016426850110292435,-0.4602283537387848,0.21110886335372925
8.560299499999928,-0.03789477050304413,0.22839201986789703,0.017074020579457283,0.046739764511585236,0.8515679240226746,-0.1864330917596817,0.021034369245171547,-0.01451694592833519,-0.4450427293777466,0.19068898260593414
8.580200299999888,-0.03788647800683975,0.22841109335422516,0.017163559794425964,0.04669521749019623,0.8226109147071838,-0.1830102801322937,0.021008098497986794,-0.014523353427648544,-0.42614492774009705,0.16882944107055664
8.600276099999974,-0.03792409971356392,0.2284175008535385,0.01721763424575329,0.046506721526384354,0.7860708236694336,-0.17616398632526398,0.02099629119038582,-0.014512651599943638,-0.40399956703186035,0.14516398310661316
8.620237499999803,-0.0378773957490921,0.22843396663665771,0.017624631524086,0.046165063977241516,0.7445197105407715,-0.16875983774662018,0.02100609987974167,-0.014491036534309387,-0.3813907206058502,0.12037783116102219
8.640224599999783,-0.0378703735768795,0.22845366597175598,0.019451873376965523,0.04493644833564758,0.6987581849098206,-0.16229818761348724,0.02099102921783924,-0.0144357206299901,-0.3583992123603821,0.09638184309005737
8.660232499999893,-0.0379481166601181,0.22839497029781342,0.02420652098953724,0.034930519759655,0.6505299806594849,-0.15770059823989868,0.021010734140872955,-0.014298361726105213,-0.3352195620536804,0.07349815964698792
8.680559299999913,-0.037900879979133606,0.22836096584796906,0.029455970972776413,0.02067742310464382,0.6004074811935425,-0.15348953008651733,0.02103034406900406,-0.014215274713933468,-0.3113172650337219,0.05062425136566162
8.700335899999573,-0.03788222000002861,0.22840583324432373,0.03385022282600403,0.007153952494263649,0.5507351160049438,-0.14732511341571808,0.021014299243688583,-0.014212463982403278,-0.2890126407146454,0.027951249852776527
8.720349399999577,-0.03795543685555458,0.2283857762813568,0.03683019429445267,-0.0029876953922212124,0.5002686977386475,-0.13951177895069122,0.0210031159222126,-0.014217696152627468,-0.26795369386672974,0.005699144676327705
8.740392899999733,-0.037888649851083755,0.2284168004989624,0.03882967680692673,-0.01022946648299694,0.44990795850753784,-0.1323522925376892,0.02101977728307247,-0.014211508445441723,-0.24732209742069244,-0.015688512474298477
8.760070699999687,-0.03791039437055588,0.22841796278953552,0.03871307522058487,-0.01758963242173195,0.4000624120235443,-0.1276286393404007,0.021024515852332115,-0.014204584062099457,-0.2277696132659912,-0.03559654951095581
8.7800972,-0.03794423118233681,0.22842156887054443,0.03871779143810272,-0.025602759793400764,0.34928882122039795,-0.12377912551164627,0.021012473851442337,-0.014193656854331493,-0.2093169093132019,-0.05450758710503578
8.800110599999698,-0.03794580698013306,0.22838646173477173,0.038724422454833984,-0.033267050981521606,0.300235390663147,-0.12083591520786285,0.02103622630238533,-0.01420498825609684,-0.1924416720867157,-0.0723075419664383
8.820502099999885,-0.03792624920606613,0.22837243974208832,0.038703493773937225,-0.040634334087371826,0.2525034248828888,-0.11427281051874161,0.021016312763094902,-0.014203675091266632,-0.17670276761054993,-0.08879586309194565
8.84041789999992,-0.03790350630879402,0.22839926183223724,0.03871883079409599,-0.04464970529079437,0.20873196423053741,-0.10585010051727295,0.021020367741584778,-0.0142115643247962,-0.16352321207523346,-0.10370095074176788
8.860455699999875,-0.03790159896016121,0.2283734232187271,0.03871655836701393,-0.049106664955616,0.1682634800672531,-0.0978013202548027,0.021024933084845543,-0.014204372651875019,-0.1513766497373581,-0.11749796569347382
8.880231199999798,-0.037899523973464966,0.22841791808605194,0.03871675580739975,-0.04885442927479744,0.13170072436332703,-0.09177255630493164,0.021022984758019447,-0.014191661030054092,-0.1401914358139038,-0.13022470474243164
8.900226599999769,-0.03792543336749077,0.22840051352977753,0.038743939250707626,-0.04876332730054855,0.09692338854074478,-0.0890762209892273,0.02102489210665226,-0.014175372198224068,-0.12873923778533936,-0.14146378636360168
8.920238400000017,-0.03793005645275116,0.22841337323188782,0.038733482360839844,-0.048757705837488174,0.06403309106826782,-0.08538541197776794,0.02101825922727585,-0.014121642336249352,-0.11680597066879272,-0.15146729350090027
8.940239599999586,-0.037884727120399475,0.22839702665805817,0.03876970708370209,-0.048857562243938446,0.03273819386959076,-0.08568376302719116,0.021023472771048546,-0.014047927223145962,-0.10405418276786804,-0.16048049926757812
8.960244099999727,-0.03790134936571121,0.2284144163131714,0.038867563009262085,-0.048842329531908035,0.003088223049417138,-0.08568821847438812,0.02100098319351673,-0.013249067589640617,-0.09102210402488708,-0.16798749566078186
8.980053299999781,-0.03794383257627487,0.2284194380044937,0.038896344602108,-0.048886463046073914,-0.024748867377638817,-0.08567491173744202,0.021018704399466515,-0.012676330283284187,-0.07886913418769836,-0.17375385761260986
9.000070299999607,-0.0379115492105484,0.22841867804527283,0.03943311423063278,-0.0488867461681366,-0.05115225166082382,-0.08567953109741211,0.02100876346230507,-0.012672381475567818,-0.06755037605762482,-0.17873474955558777
9.020098699999835,-0.03792288899421692,0.22841134667396545,0.04151817783713341,-0.04885515198111534,-0.07591119408607483,-0.08567844331264496,0.02100854367017746,-0.012675312347710133,-0.05695989355444908,-0.18371254205703735
9.040449999999964,-0.03789924830198288,0.22840338945388794,0.04724155738949776,-0.04884961619973183,-0.09892421215772629,-0.08569131791591644,0.021019581705331802,-0.012673404067754745,-0.04728122055530548,-0.1891816258430481
9.060321599999952,-0.03788108378648758,0.22841259837150574,0.05489636957645416,-0.04884706810116768,-0.1190527081489563,-0.08567763864994049,0.021015280857682228,-0.012678591534495354,-0.03798937052488327,-0.1933334469795227
9.080204299999878,-0.03791520372033119,0.22841405868530273,0.06212791055440903,-0.048812832683324814,-0.1370045393705368,-0.08568078279495239,0.02102813869714737,-0.012673843652009964,-0.028296897187829018,-0.1992027312517166
9.100211599999966,-0.0379231721162796,0.2284064143896103,0.06779120862483978,-0.04875137284398079,-0.15171122550964355,-0.08568395674228668,0.021026868373155594,-0.012671263888478279,-0.018718251958489418,-0.202773779630661
9.12028169999985,-0.037889983505010605,0.22839275002479553,0.07151103764772415,-0.04868460074067116,-0.16214412450790405,-0.08567947149276733,0.021018464118242264,-0.012665028683841228,-0.009970848448574543,-0.20696723461151123
9.14009679999981,-0.03790482133626938,0.2284175008535385,0.0719451829791069,-0.04865165054798126,-0.16607414186000824,-0.08567174524068832,0.02102069929242134,-0.012674303725361824,-0.0022543640807271004,-0.20780718326568604
9.160512399999789,-0.037929169833660126,0.22840870916843414,0.07198257744312286,-0.04863691329956055,-0.1660144031047821,-0.08568207174539566,0.021015696227550507,-0.012673525139689445,0.00431462936103344,-0.20778919756412506
9.180199199999606,-0.037889957427978516,0.2284044772386551,0.07199077308177948,-0.04857133328914642,-0.16608577966690063,-0.08620814979076385,0.021000221371650696,-0.012673796154558659,0.00832143984735012,-0.20777367055416107
9.200185299999703,-0.03788355737924576,0.22840933501720428,0.07199987024068832,-0.04848358407616615,-0.16611824929714203,-0.0868166834115982,0.02101832628250122,-0.012671840377151966,0.010827841237187386,-0.207780659198761
9.220317599999817,-0.03792501240968704,0.22841715812683105,0.07200025022029877,-0.04846281558275223,-0.16610784828662872,-0.08680272847414017,0.020991194993257523,-0.01268437784165144,0.013039940968155861,-0.20778478682041168
9.2403761999999,-0.037929996848106384,0.22839123010635376,0.07197124511003494,-0.04846213385462761,-0.1661069393157959,-0.08682234585285187,0.021001026034355164,-0.01268782839179039,0.012944774702191353,-0.2077808976173401
9.26049439999997,-0.03794098645448685,0.2283264398574829,0.07194612920284271,-0.048354413360357285,-0.16611766815185547,-0.0868399366736412,0.02099168673157692,-0.012668287381529808,0.012955623678863049,-0.20777885615825653
9.280503199999657,-0.03788618743419647,0.22841334342956543,0.07193632423877716,-0.04824736341834068,-0.16611248254776,-0.08686339855194092,0.020984061062335968,-0.01267209928482771,0.012931423261761665,-0.20777662098407745
9.300305799999933,-0.0379670187830925,0.22840633988380432,0.0719212144613266,-0.04802291467785835,-0.16611270606517792,-0.0868619754910469,0.02098577842116356,-0.012685713358223438,0.01294508296996355,-0.20777329802513123
9.320378399999754,-0.03788796067237854,0.22842060029506683,0.07190652191638947,-0.04546353220939636,-0.16611739993095398,-0.08685407042503357,0.020989490672945976,-0.012675556354224682,0.012952571734786034,-0.2077673375606537
9.340236399999867,-0.03792605549097061,0.22841876745224,0.07188409566879272,-0.04452168196439743,-0.16611400246620178,-0.08684539794921875,0.02097724750638008,-0.012665493413805962,0.012950277887284756,-0.20777897536754608
9.36020759999974,-0.03791062906384468,0.22842034697532654,0.07188291847705841,-0.04441414028406143,-0.1661107838153839,-0.08686352521181107,0.020983345806598663,-0.012663822621107101,0.012954792939126492,-0.20777560770511627
9.380425500000001,-0.03793351352214813,0.22841109335422516,0.07185503840446472,-0.044507596641778946,-0.16610950231552124,-0.08683954924345016,0.02098030038177967,-0.01267306599766016,0.012960809282958508,-0.20778176188468933
9.400442499999826,-0.037886932492256165,0.2284104973077774,0.07178691029548645,-0.044502511620521545,-0.16611307859420776,-0.08686719834804535,0.02100108191370964,-0.012670005671679974,0.012939800508320332,-0.2077866494655609
9.420105499999863,-0.03793282061815262,0.22839926183223724,0.07171986997127533,-0.04453476518392563,-0.16611382365226746,-0.0868695080280304,0.02098812535405159,-0.012664415873587132,0.012972806580364704,-0.207780122756958
9.440147799999977,-0.03794316202402115,0.2284066528081894,0.07171677052974701,-0.04452751949429512,-0.16610851883888245,-0.08685483783483505,0.021006066352128983,-0.012672160752117634,0.012981259264051914,-0.20777495205402374
9.460166500000014,-0.037915877997875214,0.22841797769069672,0.07171701639890671,-0.04456285759806633,-0.16609787940979004,-0.08686262369155884,0.020984090864658356,-0.012641923502087593,0.012997841462492943,-0.207782581448555
9.480205299999852,-0.0378793329000473,0.22842006385326385,0.07172176241874695,-0.04458090662956238,-0.1661083847284317,-0.08686003088951111,0.02099544182419777,-0.012659935280680656,0.012999586760997772,-0.2077912837266922
9.500223000000005,-0.037923604249954224,0.22839529812335968,0.07172263413667679,-0.044596344232559204,-0.16610956192016602,-0.08685417473316193,0.02099432796239853,-0.012593699619174004,0.012978455983102322,-0.20778444409370422
9.520421399999577,-0.03788940608501434,0.22841311991214752,0.0717279240489006,-0.044601745903491974,-0.16611282527446747,-0.08687001466751099,0.020991448312997818,-0.01253074873238802,0.013016129843890667,-0.20778793096542358
9.540402699999959,-0.037888266146183014,0.22839629650115967,0.0717371255159378,-0.04459124058485031,-0.16611015796661377,-0.08687584102153778,0.02099722810089588,-0.01244360115379095,0.01303678099066019,-0.2077869325876236
9.560485499999686,-0.03794420138001442,0.22841428220272064,0.0717640370130539,-0.044593486934900284,-0.1661119908094406,-0.08685433864593506,0.020971421152353287,-0.011044626124203205,0.013025951571762562,-0.20778444409370422
9.580362899999727,-0.03790990263223648,0.228414386510849,0.0717737153172493,-0.044590096920728683,-0.16611307859420776,-0.08684685826301575,0.020971231162548065,-0.00413280026987195,0.013035123236477375,-0.20778420567512512
9.600375699999859,-0.03793766349554062,0.22841471433639526,0.07178099453449249,-0.0445876345038414,-0.1661166250705719,-0.08685825020074844,0.020968463271856308,0.0040736813098192215,0.013036566786468029,-0.20779281854629517
9.620210099999895,-0.03793904930353165,0.22842049598693848,0.07179951667785645,-0.04458006098866463,-0.16610056161880493,-0.08684372901916504,0.02095085382461548,0.009178364649415016,0.013026684522628784,-0.2078033983707428
9.640069599999606,-0.03789736330509186,0.22839176654815674,0.07177815586328506,-0.0445961132645607,-0.16610664129257202,-0.08686134219169617,0.020960528403520584,0.00958090741187334,0.013029851019382477,-0.20781444013118744
9.660200199999963,-0.037904251366853714,0.22839991748332977,0.07180286943912506,-0.044608935713768005,-0.16610997915267944,-0.08684232831001282,0.020944174379110336,0.009615091606974602,0.013030591420829296,-0.20779205858707428
9.680224099999577,-0.03785007447004318,0.2284214049577713,0.0717935562133789,-0.04458879679441452,-0.1661074459552765,-0.08686304092407227,0.02094636671245098,0.009726012125611305,0.013017774559557438,-0.20778599381446838
9.700112499999705,-0.03788624703884125,0.22841091454029083,0.0717877745628357,-0.044571392238140106,-0.16611051559448242,-0.08685041964054108,0.02094145677983761,0.011296679265797138,0.013035777024924755,-0.2077995091676712
9.720155199999681,-0.03791288286447525,0.2284010797739029,0.07177433371543884,-0.04456072300672531,-0.16611027717590332,-0.08686409890651703,0.02093987539410591,0.01596730947494507,0.01302473433315754,-0.20779100060462952
9.740264599999591,-0.03794430196285248,0.22837887704372406,0.07176698744297028,-0.04455989971756935,-0.1660984456539154,-0.08684354275465012,0.020932059735059738,0.021830955520272255,0.013006092049181461,-0.2077842801809311
9.76035359999969,-0.03787979483604431,0.2284073382616043,0.07176872342824936,-0.04455536603927612,-0.16611114144325256,-0.08685359358787537,0.020938003435730934,0.026159726083278656,0.013011268340051174,-0.207783505320549
9.780213999999887,-0.0378999263048172,0.2284018099308014,0.07174646854400635,-0.04454110935330391,-0.16611196100711823,-0.08685122430324554,0.020922185853123665,0.026161810383200645,0.01298993919044733,-0.2077879160642624
9.800142799999776,-0.03790624439716339,0.22841456532478333,0.07174478471279144,-0.044559210538864136,-0.16611258685588837,-0.08685477077960968,0.02092742919921875,0.026171166449785233,0.013011516071856022,-0.20776523649692535
9.8202739999997,-0.03790657967329025,0.228416308760643,0.07176882028579712,-0.04456816241145134,-0.16610035300254822,-0.0868576392531395,0.02092735655605793,0.02619044855237007,0.012974703684449196,-0.20772375166416168
9.840336499999921,-0.03792647272348404,0.2284224033355713,0.07175710797309875,-0.04459652304649353,-0.166105255484581,-0.08683309704065323,0.02093042992055416,0.026202967390418053,0.012964198365807533,-0.2077120691537857
9.860233799999605,-0.03790104016661644,0.2284218966960907,0.07175546884536743,-0.04460015147924423,-0.1661127358675003,-0.0868409126996994,0.02093336172401905,0.02619028463959694,0.012946178205311298,-0.20769962668418884
9.880223999999998,-0.03795059770345688,0.22839179635047913,0.07175710797309875,-0.04460098594427109,-0.1661069691181183,-0.08685985207557678,0.020933112129569054,0.02619859389960766,0.012927552685141563,-0.2076997011899948
9.900369399999818,-0.03791651129722595,0.22838440537452698,0.07175832986831665,-0.044597163796424866,-0.16611352562904358,-0.08684711158275604,0.020929938182234764,0.026163851842284203,0.012885430827736855,-0.2077011913061142
9.920285799999874,-0.03791903704404831,0.22839562594890594,0.07177141308784485,-0.04459570348262787,-0.16610969603061676,-0.08685976266860962,0.020931098610162735,0.026079880073666573,0.012842581607401371,-0.20767782628536224
9.940443099999811,-0.03790469467639923,0.2284136861562729,0.07177344709634781,-0.044586945325136185,-0.16610905528068542,-0.08684416860342026,0.020923307165503502,0.0259538646787405,0.012843861244618893,-0.2076548933982849
9.96020929999986,-0.037932850420475006,0.2284317910671234,0.07176820933818817,-0.04457911103963852,-0.16609323024749756,-0.08684864640235901,0.020906079560518265,0.025894349440932274,0.01282386016100645,-0.20764297246932983
9.98019529999965,-0.03786139935255051,0.22842495143413544,0.07176396250724792,-0.04457857832312584,-0.166110098361969,-0.08684967458248138,0.02093384601175785,0.025835340842604637,0.012813528999686241,-0.207625150680542
10.000406299999668,-0.037880200892686844,0.2284242808818817,0.07177382707595825,-0.04457436501979828,-0.1661134958267212,-0.08683184534311295,0.020937740802764893,0.02584465965628624,0.012800304219126701,-0.2075522392988205
10.020473899999615,-0.03791281580924988,0.22839884459972382,0.07177340984344482,-0.04458167403936386,-0.1661110669374466,-0.08686847984790802,0.02094794437289238,0.02583230659365654,0.0128052718937397,-0.20756599307060242
10.04020969999965,-0.037939198315143585,0.2283453792333603,0.07176651805639267,-0.0445670560002327,-0.16611285507678986,-0.08686161041259766,0.020962491631507874,0.02582954429090023,0.012807166203856468,-0.20754210650920868
10.06016469999986,-0.037943728268146515,0.2284182757139206,0.07177283614873886,-0.044570039957761765,-0.16611357033252716,-0.08685217797756195,0.020969802513718605,0.025835443288087845,0.012800690717995167,-0.20753972232341766
10.080418399999871,-0.03790859133005142,0.22839926183223724,0.07177447527647018,-0.04455812647938728,-0.16611304879188538,-0.08687309175729752,0.02097349613904953,0.02582794986665249,0.012797798961400986,-0.20753344893455505
10.100237399999969,-0.03795984759926796,0.22840732336044312,0.0717618316411972,-0.04455997794866562,-0.1660921573638916,-0.08683864027261734,0.020965466275811195,0.025792717933654785,0.012825379148125648,-0.20749177038669586
10.120280699999967,-0.03792671859264374,0.22840379178524017,0.07176916301250458,-0.04456770420074463,-0.16611319780349731,-0.08683903515338898,0.02099248766899109,0.025741051882505417,0.012799611315131187,-0.20748113095760345
10.140115899999728,-0.03790595382452011,0.22842450439929962,0.07176733016967773,-0.04458685964345932,-0.16611219942569733,-0.08683666586875916,0.02098393626511097,0.025708535686135292,0.01279414538294077,-0.20748214423656464
10.16044679999959,-0.03789190202951431,0.22841444611549377,0.07176251709461212,-0.0445963516831398,-0.16610471904277802,-0.0868447870016098,0.020975172519683838,0.025711314752697945,0.012805648148059845,-0.20749343931674957
10.180167600000004,-0.03791887313127518,0.22838492691516876,0.07177077233791351,-0.04457670450210571,-0.16611337661743164,-0.08684098720550537,0.020991351455450058,0.02571990340948105,0.012789605185389519,-0.207480326294899
10.200231899999835,-0.03791447728872299,0.2283688485622406,0.07177135348320007,-0.0445929579436779,-0.1661089062690735,-0.08684921264648438,0.020975012332201004,0.025722390040755272,0.012800263240933418,-0.2074815034866333
10.22030199999972,-0.03793878108263016,0.2284107357263565,0.07176008820533752,-0.0445944219827652,-0.16611120104789734,-0.08683797717094421,0.020960841327905655,0.025724126026034355,0.012804927304387093,-0.20747976005077362
10.240222399999766,-0.037895187735557556,0.22840510308742523,0.07176412642002106,-0.04458599537611008,-0.16609522700309753,-0.08683881163597107,0.020957302302122116,0.025709619745612144,0.012809683568775654,-0.20748956501483917
10.260152399999697,-0.03794080764055252,0.22840912640094757,0.07176579535007477,-0.04457377642393112,-0.16610842943191528,-0.08685114979743958,0.02094848081469536,0.02572188712656498,0.012793893925845623,-0.20749260485172272
10.280103999999938,-0.03790172189474106,0.22841647267341614,0.07176999747753143,-0.044573232531547546,-0.16609898209571838,-0.08683359622955322,0.020969029515981674,0.02571066841483116,0.01279124990105629,-0.20748156309127808
10.300192100000004,-0.03792314976453781,0.22841516137123108,0.07175961881875992,-0.04457947984337807,-0.16611450910568237,-0.08686324954032898,0.02096753567457199,0.025718171149492264,0.012799772433936596,-0.20749469101428986
10.32060169999977,-0.03792464733123779,0.22843489050865173,0.07175904512405396,-0.04457351565361023,-0.16610845923423767,-0.08685603737831116,0.020978514105081558,0.025713644921779633,0.012803040444850922,-0.20747582614421844
10.340195599999788,-0.037914857268333435,0.22841548919677734,0.07177094370126724,-0.04457012563943863,-0.16611149907112122,-0.086838498711586,0.020970743149518967,0.025706345215439796,0.012796512804925442,-0.2074928879737854
10.360459099999844,-0.03790046274662018,0.22840842604637146,0.0717584490776062,-0.04456223547458649,-0.16611026227474213,-0.08684773743152618,0.02097528986632824,0.025723112747073174,0.012803873047232628,-0.20748569071292877
10.380520799999886,-0.037935465574264526,0.22840572893619537,0.0717700868844986,-0.04455774277448654,-0.16610097885131836,-0.08685636520385742,0.020974252372980118,0.025713494047522545,0.012792539782822132,-0.20749466121196747
10.400054599999748,-0.03793667256832123,0.2284010499715805,0.07176999747753143,-0.044551655650138855,-0.16611041128635406,-0.08683948963880539,0.020968466997146606,0.02572321519255638,0.012806068174540997,-0.20749132335186005
10.420110999999906,-0.03791048005223274,0.2284308224916458,0.07176066935062408,-0.044570229947566986,-0.1661110520362854,-0.08684326708316803,0.02096979133784771,0.025717230513691902,0.012799070216715336,-0.2074936479330063
10.440212900000006,-0.037956081330776215,0.22841179370880127,0.07176503539085388,-0.04459025710821152,-0.166114941239357,-0.086873859167099,0.02096892148256302,0.025717711076140404,0.012801766395568848,-0.2074897289276123
10.460373399999753,-0.037926435470581055,0.22841404378414154,0.07176303118467331,-0.04458007961511612,-0.16611197590827942,-0.08685185015201569,0.020960435271263123,0.02572094276547432,0.01279804389923811,-0.20748189091682434
10.48018699999966,-0.03796081244945526,0.2284151017665863,0.07176801562309265,-0.04458159953355789,-0.16610971093177795,-0.0868399515748024,0.020978707820177078,0.025713039562106133,0.012794872745871544,-0.20748384296894073
