0.00010270000029777293,0.03342166543006897,0.27896565198898315,-0.008456239476799965,-0.0002773356973193586,-0.10782534629106522,0.08712845295667648,0.06134888529777527,-0.039257265627384186,0.028048265725374222,-0.1251308023929596
0.020444400000087626,0.03344583138823509,0.27894848585128784,-0.008488607592880726,-0.0002801459049805999,-0.10782569646835327,0.08712540566921234,0.06135791912674904,-0.03925392031669617,0.0280488021671772,-0.12510868906974792
0.04024170000002414,0.03343861550092697,0.2789985239505768,-0.008584685623645782,-0.0003140962799079716,-0.1078234314918518,0.0871271938085556,0.06135217472910881,-0.03925439715385437,0.02801896631717682,-0.1251203417778015
0.060174499999902764,0.033447276800870895,0.278924822807312,-0.008608090691268444,-0.0003505125641822815,-0.10782568156719208,0.08713172376155853,0.061360523104667664,-0.03925088047981262,0.028046423569321632,-0.12510329484939575
0.08050390000016705,0.03341032564640045,0.2789802849292755,-0.008611729368567467,-0.0003821279387921095,-0.10782346874475479,0.08710892498493195,0.061378397047519684,-0.03925095126032829,0.028050899505615234,-0.12510988116264343
0.10056549999990239,0.03341919183731079,0.2789335250854492,-0.008681482635438442,-0.000393492984585464,-0.10782532393932343,0.08708988130092621,0.061347827315330505,-0.03925319388508797,0.028027892112731934,-0.12511470913887024
0.12011299999994662,0.03337536007165909,0.2789590656757355,-0.008873228915035725,-0.00041419800254516304,-0.10784652084112167,0.08711247891187668,0.06135514751076698,-0.039236024022102356,0.028037022799253464,-0.12511155009269714
0.1403920000002472,0.033395178616046906,0.27894356846809387,-0.008963462896645069,-0.00041381866321898997,-0.10782196372747421,0.08710867166519165,0.06135384365916252,-0.039261579513549805,0.028026307001709938,-0.1251164823770523
0.16072089999988748,0.03342439606785774,0.278932124376297,-0.009174617007374763,-0.0004188110469840467,-0.10783701390028,0.08708884567022324,0.061354801058769226,-0.03924068436026573,0.02803868241608143,-0.12511040270328522
0.18025170000009894,0.03339660167694092,0.27890047430992126,-0.009566079825162888,-0.00039834887138567865,-0.10782789438962936,0.08705995231866837,0.06135261431336403,-0.03923680633306503,0.028041474521160126,-0.1251242458820343
0.20066989999986617,0.03343497961759567,0.2789545953273773,-0.009677490219473839,-0.00036241504130885005,-0.10783117264509201,0.08706751465797424,0.06136048212647438,-0.03925508260726929,0.028039395809173584,-0.1251094937324524
0.22028430000000299,0.033411040902137756,0.27891990542411804,-0.00986472051590681,-0.00034239707747474313,-0.10782665014266968,0.08705461770296097,0.0613531619310379,-0.03924507647752762,0.028049081563949585,-0.12511107325553894
0.24030190000030416,0.03341997414827347,0.27895864844322205,-0.010501116514205933,-0.0003245281404815614,-0.10784204304218292,0.08706673979759216,0.06134945899248123,-0.039257392287254333,0.028027135878801346,-0.12511973083019257
0.2604601000002731,0.03338935226202011,0.2789750397205353,-0.012391082011163235,-0.0003367470344528556,-0.10786481201648712,0.08701208233833313,0.06136443838477135,-0.03925785422325134,0.028043998405337334,-0.12510359287261963
0.2805051000000276,0.03339129686355591,0.27894285321235657,-0.01644490659236908,-0.00032309815287590027,-0.10786354541778564,0.08695521950721741,0.061355847865343094,-0.03924410790205002,0.028035786002874374,-0.12511417269706726
0.3002148999999008,0.0334290936589241,0.27894049882888794,-0.021667633205652237,-0.0003332484047859907,-0.10787493735551834,0.086949422955513,0.06135353446006775,-0.03923698142170906,0.02802867628633976,-0.12511852383613586
0.32043890000022657,0.03344189375638962,0.278930127620697,-0.027382874861359596,-0.0003255372284911573,-0.10785941779613495,0.0869593396782875,0.0613650307059288,-0.03924458473920822,0.028048554435372353,-0.12512615323066711
0.340227700000014,0.03338509425520897,0.2789756655693054,-0.032386232167482376,-0.0002976910909637809,-0.10785432159900665,0.08696047961711884,0.06136689707636833,-0.039240431040525436,0.028026161715388298,-0.12510895729064941
0.36056760000019494,0.03338626027107239,0.2789663076400757,-0.0371815450489521,-0.0003129310207441449,-0.10785623639822006,0.08695662766695023,0.061349231749773026,-0.039242781698703766,0.028031516820192337,-0.12511518597602844
0.38043629999992845,0.03344114124774933,0.2789078950881958,-0.04221946373581886,-0.0003035436093341559,-0.10787056386470795,0.08696107566356659,0.0613592229783535,-0.03923343867063522,0.02804516814649105,-0.12510572373867035
0.4004978000002666,0.03343573212623596,0.27899691462516785,-0.04713437706232071,-0.0003112931444775313,-0.10784266144037247,0.08695444464683533,0.06136764958500862,-0.03924092650413513,0.028038963675498962,-0.12511321902275085
0.42024810000020807,0.03340676426887512,0.27891841530799866,-0.053216610103845596,-0.000312807853333652,-0.10783997178077698,0.08695079386234283,0.06135543808341026,-0.03926284238696098,0.028041990473866463,-0.12511411309242249
0.44037939999998343,0.03343559801578522,0.27896222472190857,-0.06090747192502022,-0.000315257057081908,-0.10786890983581543,0.08691209554672241,0.061362188309431076,-0.03924131020903587,0.028048910200595856,-0.12512081861495972
0.46039840000003096,0.03341071680188179,0.27893495559692383,-0.07001232355833054,-0.00030596493161283433,-0.10785119235515594,0.08689317852258682,0.06134999915957451,-0.03923582658171654,0.02802914008498192,-0.12512043118476868
0.4802236999998968,0.03347666561603546,0.2789352238178253,-0.08050040900707245,-0.00029557739617303014,-0.10783525556325912,0.0867999792098999,0.06135657802224159,-0.03924073651432991,0.028026510030031204,-0.1251032054424286
0.5004363000002741,0.033413201570510864,0.2789579927921295,-0.0934065580368042,-0.00023098153178580105,-0.10783404111862183,0.08668578416109085,0.06135408580303192,-0.039257775992155075,0.02803598716855049,-0.12510663270950317
0.5202527999999802,0.03343726694583893,0.2789367735385895,-0.10823292285203934,-0.00017762409697752446,-0.1078406348824501,0.08611298352479935,0.06135125085711479,-0.03925291448831558,0.02804282121360302,-0.1251182109117508
0.5403111999999055,0.03340476006269455,0.27893856167793274,-0.12459652870893478,-0.0001024395678541623,-0.10782703012228012,0.0839415043592453,0.061351511627435684,-0.03924039006233215,0.028043026104569435,-0.12510564923286438
0.5603817000001072,0.03340368717908859,0.27887147665023804,-0.14175529778003693,-8.384918328374624e-05,-0.10787559300661087,0.08436577022075653,0.06135698780417442,-0.039245426654815674,0.028048980981111526,-0.1251063048839569
0.5804489000001922,0.033409323543310165,0.27892330288887024,-0.1597360074520111,-1.2861118193541188e-05,-0.10783485323190689,0.08436024188995361,0.061365775763988495,-0.03924199566245079,0.028046146035194397,-0.12510743737220764
0.600419299999885,0.03342749923467636,0.27894777059555054,-0.17854717373847961,0.0001101794550777413,-0.10784270614385605,0.08437962830066681,0.06136425584554672,-0.039250701665878296,0.028028298169374466,-0.1251097172498703
0.6204124999999294,0.03340504318475723,0.27890902757644653,-0.19755256175994873,0.00012890470679849386,-0.10784974694252014,0.0844072625041008,0.06135236471891403,-0.0392417386174202,0.028043661266565323,-0.12511833012104034
0.640403299999889,0.033395763486623764,0.27898380160331726,-0.21569250524044037,0.0001608986349310726,-0.1078660786151886,0.0844048410654068,0.06134115904569626,-0.03924579918384552,0.028042741119861603,-0.12512078881263733
0.6604631000000154,0.033457301557064056,0.27895405888557434,-0.23265492916107178,0.00017395010218024254,-0.10787802934646606,0.0843934416770935,0.06137034669518471,-0.039245523512363434,0.028012393042445183,-0.12511619925498962
0.6801429000001917,0.03346649557352066,0.27890637516975403,-0.24669326841831207,0.00016500955098308623,-0.10788501054048538,0.08434556424617767,0.061365026980638504,-0.039258506149053574,0.028043154627084732,-0.12512730062007904
0.7004323000001023,0.03344426304101944,0.27892255783081055,-0.2589637041091919,0.0001621741830604151,-0.10789903253316879,0.08421267569065094,0.06135024130344391,-0.03923853114247322,0.02804618701338768,-0.12511570751667023
0.7204345000000103,0.03341636806726456,0.2789331376552582,-0.27029287815093994,0.00014557414397131652,-0.10789825767278671,0.08398103713989258,0.061363980174064636,-0.0392579510807991,0.028028687462210655,-0.12511159479618073
0.7405183999999281,0.03345746546983719,0.2789405882358551,-0.28223568201065063,0.0001472041622037068,-0.10789162665605545,0.08359920978546143,0.06136658787727356,-0.03925667703151703,0.02803228422999382,-0.1251157522201538
0.7603968000003078,0.03340190649032593,0.27892088890075684,-0.2977530360221863,0.00018244050443172455,-0.10789170861244202,0.08328668773174286,0.06135137006640434,-0.0392313152551651,0.028035324066877365,-0.12510712444782257
0.7803615000002537,0.03340499848127365,0.27891895174980164,-0.3175937533378601,0.0001967841963050887,-0.1078939288854599,0.08278090506792068,0.061352990567684174,-0.03923291712999344,0.028026865795254707,-0.12511512637138367
0.8004277000000002,0.03340639919042587,0.27894294261932373,-0.3410525321960449,0.0002077591052511707,-0.10790051519870758,0.07785302400588989,0.06135410815477371,-0.039234377443790436,0.02802405133843422,-0.12512066960334778
0.82030930000019,0.03339090943336487,0.278944194316864,-0.36624884605407715,0.00021235000167507678,-0.10790026932954788,0.0665726587176323,0.06134819984436035,-0.03924116492271423,0.02804468385875225,-0.12511050701141357
0.8404358000002503,0.0334005281329155,0.27891573309898376,-0.39300984144210815,0.00020189315546303988,-0.10789591819047928,0.05231780186295509,0.061362653970718384,-0.039239540696144104,0.028046350926160812,-0.12511491775512695
0.8601920000000973,0.03339463472366333,0.2789585590362549,-0.4175204634666443,0.00021296222985256463,-0.10789885371923447,0.036813654005527496,0.061347298324108124,-0.03924243897199631,0.028039010241627693,-0.1251210868358612
0.8804662000002281,0.033412400633096695,0.278947114944458,-0.43794795870780945,0.00021060813742224127,-0.10789815336465836,0.01969822123646736,0.06137574836611748,-0.039229921996593475,0.028038205578923225,-0.12510621547698975
0.9002346000002035,0.033421020954847336,0.27893969416618347,-0.45418116450309753,0.00021447485778480768,-0.10789889842271805,0.0028642751276493073,0.061360083520412445,-0.0392552874982357,0.028044478967785835,-0.12511251866817474
0.9204141000000163,0.03342069685459137,0.2789238393306732,-0.469155490398407,0.00021657375327777117,-0.1079007014632225,-0.013856286182999611,0.0613504983484745,-0.03925006836652756,0.028036627918481827,-0.12511759996414185
0.9404202000000623,0.033413421362638474,0.2789919674396515,-0.4831998348236084,0.0002489143516868353,-0.10789919644594193,-0.03237802907824516,0.061349015682935715,-0.03925684094429016,0.02801457792520523,-0.12510962784290314
0.9604438999999729,0.033423714339733124,0.27892664074897766,-0.49775755405426025,0.0002645145868882537,-0.10790393501520157,-0.054910849779844284,0.06136057525873184,-0.03925227373838425,0.028041064739227295,-0.1251012533903122
0.9804717000001801,0.033392757177352905,0.2789819538593292,-0.5141019821166992,0.0002972246438730508,-0.10789870470762253,-0.08222301304340363,0.06136744096875191,-0.03923496603965759,0.028041044250130653,-0.12511318922042847
1.000385400000141,0.03341575711965561,0.27895352244377136,-0.5322392582893372,0.00031876651337370276,-0.1078975647687912,-0.11380923539400101,0.06137051805853844,-0.03924640268087387,0.028044847771525383,-0.12510864436626434
1.0203724000002694,0.03341168910264969,0.2789369225502014,-0.5508970618247986,0.00032443186501041055,-0.10789027810096741,-0.15113374590873718,0.061366960406303406,-0.03923548385500908,0.028026212006807327,-0.12512405216693878
1.0403286999999182,0.033408619463443756,0.2789226770401001,-0.5692770481109619,0.00041586236329749227,-0.10788866132497787,-0.19007910788059235,0.061364106833934784,-0.03925155848264694,0.028048085048794746,-0.12511807680130005
1.0602297999998882,0.03340134769678116,0.2789369523525238,-0.5863563418388367,0.0006967599038034678,-0.10789944976568222,-0.23118118941783905,0.06137770414352417,-0.03924816846847534,0.02804482914507389,-0.12510661780834198
1.0804382999999689,0.033414341509342194,0.27891746163368225,-0.600967526435852,0.0013477483298629522,-0.10789582878351212,-0.27500462532043457,0.061348140239715576,-0.03923135995864868,0.028048021718859673,-0.12511292099952698
1.1004407999998875,0.03340296447277069,0.2789076268672943,-0.6136068105697632,0.0015237285988405347,-0.1078815907239914,-0.3201109766960144,0.06136153265833855,-0.039239175617694855,0.02804049663245678,-0.1251135617494583
1.120432400000027,0.03352092206478119,0.27892881631851196,-0.6262503862380981,0.00426128413528204,-0.1078767329454422,-0.36776816844940186,0.061362795531749725,-0.039252594113349915,0.028029192239046097,-0.12511484324932098
1.1405131999999867,0.03349043428897858,0.2789294719696045,-0.64033043384552,0.01819648966193199,-0.10789071768522263,-0.4180806875228882,0.06136748939752579,-0.039240557700395584,0.028043031692504883,-0.12512168288230896
1.160436000000118,0.03346043825149536,0.27893972396850586,-0.6546430587768555,0.03476147726178169,-0.10788825899362564,-0.47041603922843933,0.0613543726503849,-0.03924378752708435,0.028052998706698418,-0.12511566281318665
1.1804652999999234,0.03355515003204346,0.2789461314678192,-0.6689439415931702,0.050179898738861084,-0.1078803688287735,-0.5214123129844666,0.06135754659771919,-0.03924962505698204,0.028040967881679535,-0.12511056661605835
1.2004162000002907,0.03349222615361214,0.2789602279663086,-0.6845948696136475,0.06432376801967621,-0.10782495141029358,-0.5694185495376587,0.061357446014881134,-0.039235685020685196,0.028048185631632805,-0.12511350214481354
1.2203935000002275,0.03345780819654465,0.27895623445510864,-0.7027636766433716,0.07747994363307953,-0.10783233493566513,-0.6153768301010132,0.06136748194694519,-0.03926713019609451,0.02805008925497532,-0.12512335181236267
1.2404341999999815,0.033561743795871735,0.27894479036331177,-0.7221126556396484,0.0898539125919342,-0.10782811045646667,-0.6577138900756836,0.06135350838303566,-0.039252869784832,0.028041163459420204,-0.12511536478996277
1.260410200000024,0.03358152508735657,0.2789692282676697,-0.7423343658447266,0.10052047669887543,-0.10783442109823227,-0.6977253556251526,0.06136765703558922,-0.03922944515943527,0.028047360479831696,-0.12511253356933594
1.2804105999998683,0.0335431769490242,0.2789444029331207,-0.7628064751625061,0.11111454665660858,-0.10783477872610092,-0.7314256429672241,0.061355940997600555,-0.03923048451542854,0.028031544759869576,-0.12510764598846436
1.30043250000017,0.033581167459487915,0.2789309322834015,-0.7836064100265503,0.12125985324382782,-0.10783392190933228,-0.7616976499557495,0.06135055422782898,-0.03924090415239334,0.028050150722265244,-0.1251111924648285
1.3203886000001148,0.03356998413801193,0.27896764874458313,-0.8047541975975037,0.1324717104434967,-0.10784201323986053,-0.7870271801948547,0.06135987862944603,-0.03924752399325371,0.02804904617369175,-0.1251075267791748
1.3404132000000573,0.03356461226940155,0.2789064347743988,-0.8267183899879456,0.14644575119018555,-0.10786794126033783,-0.8075606822967529,0.06135598197579384,-0.039246395230293274,0.028038732707500458,-0.12511134147644043
1.3604306000001998,0.033725541085004807,0.27890893816947937,-0.8495273590087891,0.1620718240737915,-0.10787863284349442,-0.825213611125946,0.06135574355721474,-0.039261601865291595,0.02804003655910492,-0.12510555982589722
1.3804084000003058,0.03384345769882202,0.278982013463974,-0.8740400671958923,0.17713871598243713,-0.10786060243844986,-0.841208279132843,0.06135967746376991,-0.03923124819993973,0.0280498918145895,-0.1251254677772522
1.400413700000172,0.03377971798181534,0.2789459526538849,-0.8993833661079407,0.19026875495910645,-0.1078621968626976,-0.8550286293029785,0.06136306747794151,-0.03924915939569473,0.02802625484764576,-0.12511974573135376
1.4204650000001493,0.03388379141688347,0.2789405584335327,-0.9270693063735962,0.20171773433685303,-0.10789749026298523,-0.8678120970726013,0.061359260231256485,-0.03923569992184639,0.028031568974256516,-0.12511728703975677
1.4403760999998667,0.03528090938925743,0.2789214551448822,-0.9566177725791931,0.21057823300361633,-0.10784371197223663,-0.8808470964431763,0.06137663125991821,-0.03924611210823059,0.02803279086947441,-0.1251128762960434
1.460450999999921,0.03937941789627075,0.27896371483802795,-0.9860875606536865,0.21778151392936707,-0.10782185941934586,-0.8951242566108704,0.061360906809568405,-0.03924846649169922,0.02803836762905121,-0.12511934340000153
1.4802106000001913,0.04445189982652664,0.2789965867996216,-1.014660358428955,0.2248619943857193,-0.10782398283481598,-0.9078879952430725,0.0613449290394783,-0.03925395384430885,0.02803603559732437,-0.12511314451694489
1.5003006000001733,0.052198588848114014,0.2790011465549469,-1.0439751148223877,0.2320040762424469,-0.1078222393989563,-0.9180871248245239,0.061363402754068375,-0.0392598882317543,0.02804057113826275,-0.1251201331615448
1.5201391999999032,0.060666389763355255,0.2789708077907562,-1.0715100765228271,0.23908217251300812,-0.10782449692487717,-0.9257829189300537,0.06136247515678406,-0.03923402726650238,0.0280213113874197,-0.12512324750423431
1.5402309999999488,0.06872568279504776,0.2790370285511017,-1.0988972187042236,0.24618850648403168,-0.10782276093959808,-0.9316175580024719,0.061352260410785675,-0.039244815707206726,0.028035590425133705,-0.1251155287027359
1.5601369999999406,0.07731150835752487,0.27913886308670044,-1.1260433197021484,0.2525882124900818,-0.10778505355119705,-0.9382885098457336,0.061358094215393066,-0.03923647850751877,0.028048906475305557,-0.12511461973190308
1.5804133000001457,0.08495300263166428,0.2792825996875763,-1.1547763347625732,0.2557027041912079,-0.10774622857570648,-0.9474354982376099,0.06135090813040733,-0.03924310952425003,0.028024237602949142,-0.1251295506954193
1.6004290000000765,0.09050828218460083,0.2792723476886749,-1.1865535974502563,0.26020997762680054,-0.10775347799062729,-0.9593459367752075,0.061358530074357986,-0.03925870731472969,0.02804984338581562,-0.12510532140731812
1.6203899000001911,0.09380809217691422,0.2792704105377197,-1.21976637840271,0.2625831663608551,-0.10774493217468262,-0.9712876677513123,0.061360351741313934,-0.03923707455396652,0.028049517422914505,-0.12512412667274475
1.6404889000000367,0.09916377812623978,0.2793230712413788,-1.2545344829559326,0.26110514998435974,-0.10774265974760056,-0.982576847076416,0.061356715857982635,-0.03924781084060669,0.02803639881312847,-0.12511450052261353
1.660467400000016,0.10401855409145355,0.2793494462966919,-1.290177345275879,0.26117485761642456,-0.10777344554662704,-0.9931483268737793,0.061353009194135666,-0.039268750697374344,0.028050649911165237,-0.1251142919063568
1.6804437999999209,0.10908341407775879,0.27954962849617004,-1.3240923881530762,0.26123324036598206,-0.10776245594024658,-1.0022765398025513,0.06137105077505112,-0.039243631064891815,0.028035752475261688,-0.12510089576244354
1.7003993000002993,0.1142081469297409,0.27962344884872437,-1.357362985610962,0.2612607479095459,-0.10781245678663254,-1.0087604522705078,0.06136689707636833,-0.03925123065710068,0.02801966294646263,-0.12511557340621948
1.7204295999999886,0.12068391591310501,0.2797205448150635,-1.388056755065918,0.26126670837402344,-0.10782460868358612,-1.010122299194336,0.06135115027427673,-0.03925382345914841,0.02803250029683113,-0.12510548532009125
1.740088200000173,0.12375286221504211,0.27971068024635315,-1.4173551797866821,0.2612561583518982,-0.10783397406339645,-1.0101230144500732,0.061367832124233246,-0.039251454174518585,0.028044888749718666,-0.12511283159255981
1.7603973999998743,0.12413103133440018,0.2797713279724121,-1.4463794231414795,0.2611753046512604,-0.1078541949391365,-1.010081171989441,0.06136712059378624,-0.039247751235961914,0.028036942705512047,-0.12510544061660767
1.7804261999999653,0.12424219399690628,0.279865562915802,-1.4753334522247314,0.2610914707183838,-0.10782960802316666,-1.0100451707839966,0.061364222317934036,-0.03924914821982384,0.028045793995261192,-0.12510867416858673
1.8004476999999497,0.1263744831085205,0.28003251552581787,-1.5045238733291626,0.2610400915145874,-0.10781735926866531,-1.0099916458129883,0.061370328068733215,-0.03923989087343216,0.028040919452905655,-0.12512201070785522
1.8204193000001396,0.13559426367282867,0.27996063232421875,-1.530389428138733,0.26105180382728577,-0.10779780149459839,-1.010021686553955,0.061358388513326645,-0.03924957662820816,0.0280244592577219,-0.12511849403381348
1.8404826999999386,0.14926573634147644,0.28023070096969604,-1.5531412363052368,0.2610260546207428,-0.10781645029783249,-1.0101068019866943,0.061363209038972855,-0.039248839020729065,0.028039490804076195,-0.12511171400547028
1.86039750000009,0.16741755604743958,0.28072819113731384,-1.5739169120788574,0.26102739572525024,-0.10781116038560867,-1.010373830795288,0.061349231749773026,-0.03922561556100845,0.028033066540956497,-0.1251068413257599
1.8803244000000632,0.18458491563796997,0.2815973162651062,-1.5939680337905884,0.260986328125,-0.1078253984451294,-1.0129765272140503,0.06137377396225929,-0.03922471031546593,0.02803298830986023,-0.12511222064495087
1.9004156000000876,0.20040017366409302,0.28289172053337097,-1.6144704818725586,0.26099270582199097,-0.10782170295715332,-1.0161882638931274,0.06136317551136017,-0.0392482727766037,0.028031442314386368,-0.12510551512241364
1.9204721000000973,0.2145383656024933,0.28373289108276367,-1.6360172033309937,0.2609859108924866,-0.10788522660732269,-1.0158805847167969,0.06134186312556267,-0.03925144672393799,0.028040392324328423,-0.12511968612670898
1.9403740000002472,0.226751908659935,0.28450340032577515,-1.6601219177246094,0.2610037326812744,-0.10789664834737778,-1.015800952911377,0.061367958784103394,-0.0392535962164402,0.028033532202243805,-0.12510471045970917
1.9604561000001013,0.2378699630498886,0.28510281443595886,-1.6874955892562866,0.2610069811344147,-0.10790302604436874,-1.0143346786499023,0.06135247275233269,-0.0392511822283268,0.028034966439008713,-0.12512020766735077
1.9803946000001815,0.2470378279685974,0.2858423590660095,-1.715979814529419,0.2610654830932617,-0.10792446881532669,-1.0141924619674683,0.06135595217347145,-0.03923594951629639,0.028030388057231903,-0.12510216236114502
2.0001870999999483,0.254993736743927,0.2887614369392395,-1.7456132173538208,0.2610609233379364,-0.10793076455593109,-1.014035940170288,0.06136578321456909,-0.03924351930618286,0.02801705338060856,-0.12510232627391815
2.020413700000063,0.26619407534599304,0.29712921380996704,-1.7729805707931519,0.26109686493873596,-0.10796866565942764,-1.013974905014038,0.06134600192308426,-0.03924381360411644,0.02802559733390808,-0.12513139843940735
2.0404069000001073,0.28017714619636536,0.3075906038284302,-1.7959375381469727,0.261186420917511,-0.10797975957393646,-1.0136133432388306,0.061355821788311005,-0.03926701843738556,0.028036141768097878,-0.1251228153705597
2.0604748999999174,0.29332369565963745,0.3184225261211395,-1.8140208721160889,0.2612719237804413,-0.10808759927749634,-1.0109198093414307,0.06135737895965576,-0.0392473042011261,0.028039660304784775,-0.12510913610458374
2.0804551999999603,0.31015074253082275,0.32704874873161316,-1.8284209966659546,0.2614130973815918,-0.1082741990685463,-1.0052540302276611,0.06136145815253258,-0.03925950080156326,0.028021378442645073,-0.1251104772090912
2.100428600000214,0.3289720416069031,0.3368889093399048,-1.8415658473968506,0.26164478063583374,-0.10976752638816833,-0.9988183975219727,0.06136085093021393,-0.03923308104276657,0.028054233640432358,-0.12512484192848206
2.1204133999999613,0.3454626798629761,0.3478523790836334,-1.854032278060913,0.26216721534729004,-0.11619929224252701,-0.9956220984458923,0.06135384738445282,-0.03923448175191879,0.028043989092111588,-0.1251184195280075
2.140225999999984,0.35488784313201904,0.35314273834228516,-1.866933822631836,0.263815701007843,-0.12963834404945374,-0.9954178333282471,0.06135261803865433,-0.039254769682884216,0.02803952805697918,-0.12510305643081665
2.1603863999998794,0.35624706745147705,0.3537040650844574,-1.8811262845993042,0.2716032862663269,-0.14842075109481812,-0.9929353594779968,0.06137223541736603,-0.03923357278108597,0.028025507926940918,-0.12511426210403442
2.180409399999917,0.3569788336753845,0.3558543920516968,-1.8944966793060303,0.2834866940975189,-0.168007493019104,-0.9882004857063293,0.06136084347963333,-0.039230674505233765,0.028026172891259193,-0.12510573863983154
2.2004565000002003,0.3660820722579956,0.3598673641681671,-1.903943657875061,0.2927089035511017,-0.18556466698646545,-0.9831910729408264,0.06135537847876549,-0.03924695402383804,0.028047828003764153,-0.12510977685451508
2.220118900000216,0.3754826784133911,0.3674737811088562,-1.9077534675598145,0.2973186671733856,-0.1993015557527542,-0.9779267907142639,0.0613517165184021,-0.03923066332936287,0.02803921513259411,-0.12512385845184326
2.2402412000001277,0.3905654549598694,0.3697361946105957,-1.9086308479309082,0.2974247634410858,-0.2091362029314041,-0.9720250368118286,0.06137414649128914,-0.03924250230193138,0.028031518682837486,-0.12512372434139252
2.2605085000000145,0.40887078642845154,0.3702307343482971,-1.9086716175079346,0.2974664568901062,-0.21345949172973633,-0.9676610231399536,0.061354219913482666,-0.03924897313117981,0.028047464787960052,-0.12511557340621948
2.2804494000001796,0.42970073223114014,0.3706054389476776,-1.9086763858795166,0.2974405884742737,-0.21437843143939972,-0.9656343460083008,0.06135455518960953,-0.039231300354003906,0.028027521446347237,-0.12510371208190918
2.3004076000001987,0.45377424359321594,0.371111124753952,-1.908725619316101,0.2974376976490021,-0.21412043273448944,-0.9673058390617371,0.06134116277098656,-0.03924158215522766,0.028041956946253777,-0.12511137127876282
2.320427699999982,0.4717313349246979,0.3712316155433655,-1.9089003801345825,0.2973543107509613,-0.21304915845394135,-0.9672908186912537,0.06136621534824371,-0.03923891484737396,0.028035234659910202,-0.1251140683889389
2.340385800000149,0.4842938482761383,0.3724408745765686,-1.9095875024795532,0.2973242402076721,-0.20636463165283203,-0.9672823548316956,0.061351411044597626,-0.03925994038581848,0.028049208223819733,-0.12511157989501953
2.360409299999901,0.4970681667327881,0.3769187033176422,-1.9108284711837769,0.2972998321056366,-0.19125457108020782,-0.9672947525978088,0.06136291101574898,-0.03924615681171417,0.028015276417136192,-0.12512367963790894
2.380454600000121,0.513964056968689,0.3897833824157715,-1.913651704788208,0.29727792739868164,-0.16955438256263733,-0.9673198461532593,0.0613551028072834,-0.03927183523774147,0.028048712760210037,-0.1251092553138733
2.4004064999999173,0.5304995775222778,0.40188831090927124,-1.9206798076629639,0.2972019612789154,-0.14537139236927032,-0.9674547910690308,0.061355456709861755,-0.03925081342458725,0.028043586760759354,-0.12511608004570007
2.4201312000000144,0.5439761877059937,0.41072341799736023,-1.930931806564331,0.29711025953292847,-0.11970728635787964,-0.9677523970603943,0.06135253235697746,-0.039257198572158813,0.028044376522302628,-0.1251104474067688
2.440354500000012,0.5559680461883545,0.41525009274482727,-1.9428205490112305,0.29685160517692566,-0.09101659059524536,-0.9678614735603333,0.06134742125868797,-0.03924058377742767,0.028037574142217636,-0.12511897087097168
2.460359300000164,0.5679616928100586,0.42219871282577515,-1.9536348581314087,0.29597941040992737,-0.06070597842335701,-0.967885434627533,0.06134944036602974,-0.039250604808330536,0.028041651472449303,-0.12511491775512695
2.4803799999999683,0.5817446708679199,0.42368534207344055,-1.9614534378051758,0.2910251021385193,-0.029211530461907387,-0.9678955078125,0.06136003136634827,-0.039262957870960236,0.02802986279129982,-0.12511765956878662
2.500426399999924,0.5931683778762817,0.4266712963581085,-1.9650638103485107,0.2841620445251465,0.0036984262987971306,-0.9678759574890137,0.06135323643684387,-0.03924122080206871,0.02803019993007183,-0.12511029839515686
2.5200912999998764,0.5986198782920837,0.42999666929244995,-1.9653615951538086,0.2759940028190613,0.03598187118768692,-0.9678367972373962,0.061369575560092926,-0.03925684094429016,0.028027158230543137,-0.12512701749801636
2.540196200000082,0.6060676574707031,0.4329555034637451,-1.9653687477111816,0.2676379978656769,0.06784439086914062,-0.9678610563278198,0.061360154300928116,-0.03923118859529495,0.028039157390594482,-0.12510964274406433
2.5604157000002488,0.6150078773498535,0.43900278210639954,-1.9653546810150146,0.2597065567970276,0.09854359924793243,-0.9679147005081177,0.06135544180870056,-0.039250969886779785,0.02803664468228817,-0.12510685622692108
2.580431299999873,0.62671959400177,0.4419234097003937,-1.9653551578521729,0.252239465713501,0.12914320826530457,-0.9680558443069458,0.06135287135839462,-0.0392363965511322,0.0280352421104908,-0.12511128187179565
2.6004256999999598,0.630475640296936,0.44261395931243896,-1.9653542041778564,0.24571985006332397,0.15965306758880615,-0.9681128859519958,0.06137552112340927,-0.039233893156051636,0.028055040165781975,-0.1251210868358612
2.6204204000000573,0.6303814649581909,0.4436405897140503,-1.9653345346450806,0.23937778174877167,0.1891128569841385,-0.9682144522666931,0.0613618940114975,-0.03924155235290527,0.028041057288646698,-0.1251145601272583
2.640413399999943,0.630660891532898,0.44442668557167053,-1.9653154611587524,0.23396265506744385,0.21745088696479797,-0.9682620167732239,0.06137542426586151,-0.039264436811208725,0.028034217655658722,-0.12511025369167328
2.6604126000001997,0.6339571475982666,0.444832980632782,-1.9653067588806152,0.2318369299173355,0.24414591491222382,-0.968282163143158,0.061356719583272934,-0.03924619406461716,0.028016626834869385,-0.12511441111564636
2.6805084000002353,0.6412690877914429,0.444932758808136,-1.9653178453445435,0.22996464371681213,0.2676818370819092,-0.968346357345581,0.06136754900217056,-0.039234235882759094,0.02804427407681942,-0.12512236833572388
2.7003723000002537,0.6470542550086975,0.44556060433387756,-1.9652868509292603,0.2304726243019104,0.28664201498031616,-0.968523383140564,0.06136125326156616,-0.039240818470716476,0.02804059535264969,-0.12511715292930603
2.7203810000000885,0.6471967697143555,0.4463666081428528,-1.9652771949768066,0.2304786890745163,0.30037829279899597,-0.9697594046592712,0.0613599494099617,-0.039237044751644135,0.028042271733283997,-0.12510323524475098
2.7404547000001003,0.64979088306427,0.44675761461257935,-1.9652254581451416,0.23062589764595032,0.3088759183883667,-0.9795615673065186,0.061368606984615326,-0.039243608713150024,0.028029097244143486,-0.12510639429092407
2.760353000000123,0.6596245765686035,0.4474799335002899,-1.9652094841003418,0.23060812056064606,0.31290555000305176,-0.9970976710319519,0.061368271708488464,-0.03923585265874863,0.028031503781676292,-0.12510234117507935
2.7803883000001406,0.6682462096214294,0.45133286714553833,-1.9651938676834106,0.2306291162967682,0.3105347752571106,-1.0162184238433838,0.061349403113126755,-0.03925342857837677,0.028018636628985405,-0.12512212991714478
2.800415300000168,0.6716793775558472,0.4556609094142914,-1.9651968479156494,0.23063567280769348,0.31026503443717957,-1.0321745872497559,0.06134698912501335,-0.039247460663318634,0.028026863932609558,-0.125108540058136
2.8202707000000373,0.6781971454620361,0.4565436542034149,-1.965200424194336,0.2306242734193802,0.3102845549583435,-1.0441867113113403,0.06134728714823723,-0.03926635533571243,0.0280426274985075,-0.1251164823770523
2.8403008999998747,0.6794019341468811,0.45766934752464294,-1.9651979207992554,0.23070143163204193,0.3096504211425781,-1.0543193817138672,0.06136051565408707,-0.039237648248672485,0.028032520785927773,-0.12510821223258972
2.860392800000227,0.6792978048324585,0.4581948518753052,-1.9651892185211182,0.23079079389572144,0.30888813734054565,-1.0637749433517456,0.061354223638772964,-0.03923208639025688,0.02803439274430275,-0.12511049211025238
2.8803938999999446,0.6790154576301575,0.45880353450775146,-1.9651296138763428,0.2307933270931244,0.3051221966743469,-1.0718469619750977,0.061350997537374496,-0.03921972215175629,0.028036434203386307,-0.12510353326797485
2.9004382000002806,0.6783056259155273,0.4588600993156433,-1.965047001838684,0.23077458143234253,0.2905433177947998,-1.076413631439209,0.06137162819504738,-0.03922732174396515,0.02805170603096485,-0.12510766088962555
2.920382300000256,0.6778072118759155,0.4588140845298767,-1.9648350477218628,0.23079366981983185,0.2653037905693054,-1.076155185699463,0.06136052682995796,-0.03924844041466713,0.02804931066930294,-0.125112846493721
2.9403707999999824,0.6756437420845032,0.4588369131088257,-1.9646713733673096,0.23081184923648834,0.2340206652879715,-1.0756754875183105,0.0613623671233654,-0.03925217688083649,0.02804703265428543,-0.1251147836446762
2.960450000000037,0.6692078113555908,0.4589363932609558,-1.9645167589187622,0.23078463971614838,0.1999984234571457,-1.0756199359893799,0.06135988608002663,-0.039247021079063416,0.028033006936311722,-0.1251111924648285
2.980421000000206,0.6582772731781006,0.4590826630592346,-1.9643592834472656,0.23080487549304962,0.16570985317230225,-1.0755248069763184,0.061356086283922195,-0.039246127009391785,0.028046756982803345,-0.12510572373867035
3.000343100000009,0.6480779647827148,0.45904412865638733,-1.9640604257583618,0.23078767955303192,0.13245880603790283,-1.0751347541809082,0.06135545298457146,-0.03924136608839035,0.028043873608112335,-0.12511993944644928
3.0204014999999345,0.6376827359199524,0.45899802446365356,-1.9633901119232178,0.23078866302967072,0.09928539395332336,-1.0749555826187134,0.06134419143199921,-0.039223846048116684,0.02802462689578533,-0.12511497735977173
3.040555399999903,0.6276345252990723,0.45904746651649475,-1.9614508152008057,0.23085644841194153,0.06464806944131851,-1.0747997760772705,0.06135893985629082,-0.03924711048603058,0.028039801865816116,-0.1251111626625061
3.0604292000002715,0.6200743913650513,0.4590287506580353,-1.9576852321624756,0.23086769878864288,0.029447190463542938,-1.0747039318084717,0.0613531619310379,-0.03924364596605301,0.028047846630215645,-0.12511953711509705
3.080365400000119,0.6155101656913757,0.4590861201286316,-1.9529322385787964,0.2309364676475525,-0.007948859594762325,-1.074223518371582,0.06137194111943245,-0.03925874084234238,0.028015900403261185,-0.12511375546455383
3.100365199999942,0.6094653010368347,0.45908764004707336,-1.9475641250610352,0.2309405505657196,-0.04860667884349823,-1.0710744857788086,0.06136767566204071,-0.03923993930220604,0.02803480252623558,-0.12511780858039856
3.1201559999999517,0.6026145219802856,0.45907241106033325,-1.9420528411865234,0.23094888031482697,-0.09032848477363586,-1.0656232833862305,0.061343006789684296,-0.03923127055168152,0.02803599275648594,-0.1251126527786255
3.1402815999999802,0.5943547487258911,0.45909684896469116,-1.9366111755371094,0.23093608021736145,-0.13343656063079834,-1.0609843730926514,0.06134587526321411,-0.039231233298778534,0.02803308330476284,-0.1251063346862793
3.1604412000001503,0.5848703384399414,0.45910143852233887,-1.931847333908081,0.23088544607162476,-0.17765668034553528,-1.058147668838501,0.06134779006242752,-0.039226826280355453,0.02802875265479088,-0.1251097470521927
3.180286100000103,0.5744222402572632,0.4590759873390198,-1.9297070503234863,0.23083433508872986,-0.22247067093849182,-1.056057095527649,0.06136313080787659,-0.03923603519797325,0.02803299017250538,-0.12511932849884033
3.2001281000002564,0.562967836856842,0.4590606093406677,-1.9284794330596924,0.23075783252716064,-0.2687249183654785,-1.0513163805007935,0.061367541551589966,-0.03925289958715439,0.028048213571310043,-0.12510041892528534
3.2204028000001017,0.5512186288833618,0.4590216875076294,-1.9264451265335083,0.23072877526283264,-0.31425729393959045,-1.048473596572876,0.06135386973619461,-0.039247915148735046,0.028035687282681465,-0.1251123547554016
3.2403635999999096,0.5391021966934204,0.4589870274066925,-1.9241831302642822,0.2306734025478363,-0.35648056864738464,-1.0453472137451172,0.061365220695734024,-0.03926677256822586,0.028018545359373093,-0.12511536478996277
3.260371899999882,0.5272539854049683,0.45897960662841797,-1.9240448474884033,0.23070615530014038,-0.394660085439682,-1.0443222522735596,0.06134806573390961,-0.03924258053302765,0.028031114488840103,-0.1251084804534912
3.2803836000002775,0.5136923789978027,0.45898357033729553,-1.9240957498550415,0.23070581257343292,-0.4280796945095062,-1.044103741645813,0.06136130914092064,-0.03924405574798584,0.028037704527378082,-0.12511909008026123
3.3004147999999986,0.4978773891925812,0.45899948477745056,-1.9240893125534058,0.2307066023349762,-0.454956591129303,-1.0441187620162964,0.0613585039973259,-0.039240315556526184,0.028028137981891632,-0.12510602176189423
3.320362599999953,0.483786404132843,0.45896413922309875,-1.9240974187850952,0.23070581257343292,-0.4741682708263397,-1.0441858768463135,0.06136027351021767,-0.03922247141599655,0.028046874329447746,-0.12511038780212402
3.340358599999945,0.47153231501579285,0.4590270519256592,-1.9240944385528564,0.23070144653320312,-0.48504894971847534,-1.044227957725525,0.0613570436835289,-0.039226844906806946,0.028052203357219696,-0.12511798739433289
3.360359900000276,0.45802271366119385,0.45902666449546814,-1.924099326133728,0.23062992095947266,-0.4853002429008484,-1.044257402420044,0.061352599412202835,-0.03925759717822075,0.028038928285241127,-0.12511664628982544
3.380359100000078,0.44221577048301697,0.4590058922767639,-1.9240984916687012,0.2306349128484726,-0.4809507727622986,-1.0442533493041992,0.061348699033260345,-0.03924679756164551,0.028050854802131653,-0.12511074542999268
3.4002221000000645,0.42657628655433655,0.4589961767196655,-1.9241015911102295,0.23062914609909058,-0.4776317775249481,-1.0442495346069336,0.06136216223239899,-0.03925272822380066,0.028046783059835434,-0.1251165121793747
3.4203425000000607,0.41087454557418823,0.45895349979400635,-1.9241151809692383,0.2304864078760147,-0.47027403116226196,-1.0442583560943604,0.06135084480047226,-0.03925608843564987,0.028041919693350792,-0.12510082125663757
3.440338299999894,0.39591386914253235,0.45891785621643066,-1.9241344928741455,0.23035550117492676,-0.4605924189090729,-1.0442535877227783,0.06135296821594238,-0.03925349563360214,0.028031866997480392,-0.1251111924648285
3.460466500000166,0.3801959156990051,0.458909273147583,-1.9241656064987183,0.23016758263111115,-0.44718462228775024,-1.044243335723877,0.061352599412202835,-0.039239656180143356,0.02804788388311863,-0.1251080334186554
3.4803627000001143,0.3661026954650879,0.4588835835456848,-1.9241960048675537,0.22904251515865326,-0.4301663041114807,-1.0442531108856201,0.0613536462187767,-0.039237797260284424,0.028033580631017685,-0.12511560320854187
3.5005055999999968,0.3530874252319336,0.4588524401187897,-1.924194097518921,0.21997278928756714,-0.40883955359458923,-1.0442736148834229,0.061364371329545975,-0.03924247622489929,0.02803826704621315,-0.12512561678886414
3.5204544000002898,0.33902013301849365,0.4587816298007965,-1.9241890907287598,0.20903047919273376,-0.3838242292404175,-1.0443034172058105,0.06136022508144379,-0.03926975280046463,0.02804434671998024,-0.1251184344291687
3.540410300000076,0.323771595954895,0.45882758498191833,-1.9242398738861084,0.19919483363628387,-0.3564620614051819,-1.044299840927124,0.06135707348585129,-0.039239976555109024,0.028034407645463943,-0.12511307001113892
3.560367900000074,0.31103959679603577,0.45879220962524414,-1.9242491722106934,0.19052089750766754,-0.32901257276535034,-1.0442962646484375,0.061348676681518555,-0.03924420475959778,0.028037501499056816,-0.12511220574378967
3.580412900000283,0.29899829626083374,0.45880797505378723,-1.9243577718734741,0.18609727919101715,-0.30109739303588867,-1.044304370880127,0.061353523284196854,-0.039246559143066406,0.02802981436252594,-0.12512797117233276
3.6003561000002264,0.28350555896759033,0.45878228545188904,-1.9243910312652588,0.18156486749649048,-0.27277761697769165,-1.0443602800369263,0.061372075229883194,-0.03923514485359192,0.028034158051013947,-0.12511765956878662
3.6204624000001786,0.26422762870788574,0.4587157964706421,-1.924392819404602,0.18112917244434357,-0.24321375787258148,-1.044464349746704,0.061365652829408646,-0.03923068195581436,0.028019526973366737,-0.12510542571544647
3.6403831000002356,0.24320296943187714,0.45877325534820557,-1.9243944883346558,0.18184927105903625,-0.21297383308410645,-1.0445692539215088,0.061364103108644485,-0.03924204409122467,0.028039127588272095,-0.12510091066360474
3.660135099999934,0.22069679200649261,0.45873284339904785,-1.9243981838226318,0.18135759234428406,-0.18167835474014282,-1.0445990562438965,0.06136282905936241,-0.03926439210772514,0.028038186952471733,-0.12510013580322266
3.6804378000001634,0.19459564983844757,0.45875877141952515,-1.9243906736373901,0.1812051683664322,-0.14942900836467743,-1.0446850061416626,0.06134931743144989,-0.039256080985069275,0.028051787987351418,-0.12511099874973297
3.7003828000001704,0.1670510172843933,0.4587949216365814,-1.9243947267532349,0.18111933767795563,-0.11795633286237717,-1.0449304580688477,0.061366572976112366,-0.03925667703151703,0.028040405362844467,-0.12510690093040466
3.7203379000002315,0.14060890674591064,0.4588496685028076,-1.9243876934051514,0.18115609884262085,-0.08607277274131775,-1.0454292297363281,0.06136786565184593,-0.039243027567863464,0.028035905212163925,-0.12510643899440765
3.7403497999998763,0.11467178910970688,0.4588322341442108,-1.9243972301483154,0.1811656951904297,-0.05427692458033562,-1.0458979606628418,0.061348989605903625,-0.03922773525118828,0.028037739917635918,-0.12510085105895996
3.760436099999879,0.09000447392463684,0.45885637402534485,-1.9243825674057007,0.18118491768836975,-0.024114998057484627,-1.0459117889404297,0.06136194244027138,-0.0392426997423172,0.02804671972990036,-0.12511534988880157
3.7801385000002483,0.06486672908067703,0.4588107466697693,-1.92438805103302,0.1812031865119934,0.00423925556242466,-1.0459452867507935,0.061357010155916214,-0.03925297409296036,0.028022417798638344,-0.1251174509525299
3.8004264999999577,0.03822840750217438,0.45884814858436584,-1.924381971359253,0.18122729659080505,0.031882524490356445,-1.045958399772644,0.06134999543428421,-0.03926148638129234,0.02804797887802124,-0.12511497735977173
3.8204537000001437,0.012162506580352783,0.45886433124542236,-1.9243766069412231,0.1812048852443695,0.05721818655729294,-1.04594087600708,0.06135973706841469,-0.03925449401140213,0.028049658983945847,-0.12512332201004028
3.8403533999999127,-0.012685677967965603,0.4588558077812195,-1.9243464469909668,0.18118828535079956,0.07939024269580841,-1.0459482669830322,0.06135477125644684,-0.03924688324332237,0.028021547943353653,-0.125117689371109
3.860349800000222,-0.03818432241678238,0.4588761031627655,-1.924368977546692,0.1811952292919159,0.09752211719751358,-1.045952558517456,0.061346717178821564,-0.039240069687366486,0.02804618328809738,-0.12511780858039856
3.8803783000003023,-0.06578677892684937,0.4588618278503418,-1.924310326576233,0.18130411207675934,0.11143309623003006,-1.0459556579589844,0.06135215982794762,-0.039231136441230774,0.02804107405245304,-0.12510642409324646
3.900201400000242,-0.09427336603403091,0.4589249789714813,-1.9243048429489136,0.1817701756954193,0.12070466578006744,-1.0459566116333008,0.061362314969301224,-0.039243824779987335,0.028035201132297516,-0.1251101791858673
3.92011279999997,-0.12031028419733047,0.45893093943595886,-1.9243019819259644,0.18462540209293365,0.12476037442684174,-1.0459237098693848,0.06135271489620209,-0.03924510255455971,0.028041983023285866,-0.1251092106103897
3.940454099999897,-0.14394645392894745,0.4589523673057556,-1.9242727756500244,0.1882186233997345,0.12538428604602814,-1.045870065689087,0.06136539578437805,-0.03924735635519028,0.02803412638604641,-0.12511569261550903
3.9603508999998667,-0.1631787270307541,0.45893043279647827,-1.9242439270019531,0.20050038397312164,0.1250992864370346,-1.0458438396453857,0.06135540083050728,-0.03925889730453491,0.0280264001339674,-0.12510959804058075
3.9803916999999274,-0.18095922470092773,0.4589552879333496,-1.9242022037506104,0.21481530368328094,0.1242380291223526,-1.0458658933639526,0.06135910749435425,-0.03924376517534256,0.02801777981221676,-0.12511678040027618
4.00042940000003,-0.19918671250343323,0.4589570164680481,-1.924115538597107,0.22893215715885162,0.12307143211364746,-1.0459277629852295,0.061352767050266266,-0.03923315927386284,0.028032764792442322,-0.12511207163333893
4.020484500000293,-0.21938662230968475,0.458975225687027,-1.9240130186080933,0.23925842344760895,0.11598477512598038,-1.0459259748458862,0.0613546147942543,-0.03922369331121445,0.02802966721355915,-0.12511344254016876
4.040534600000228,-0.24129192531108856,0.45897620916366577,-1.9234683513641357,0.2449536919593811,0.10361321270465851,-1.045922040939331,0.06133940443396568,-0.03922978416085243,0.02803250215947628,-0.12510335445404053
4.060533400000168,-0.2645707428455353,0.4590001404285431,-1.9210259914398193,0.24428611993789673,0.08640524744987488,-1.0458694696426392,0.06135425344109535,-0.039221152663230896,0.02803042344748974,-0.12511113286018372
4.080450700000256,-0.28783100843429565,0.4589725732803345,-1.9151076078414917,0.24446390569210052,0.06492607295513153,-1.0458199977874756,0.06136341765522957,-0.039250731468200684,0.028040355071425438,-0.1251225769519806
4.100409800000307,-0.31016868352890015,0.45897024869918823,-1.9075285196304321,0.244181826710701,0.04098894074559212,-1.0456736087799072,0.06134939193725586,-0.039244942367076874,0.028031818568706512,-0.12510424852371216
4.120234299999993,-0.3306431174278259,0.45892661809921265,-1.8998197317123413,0.2441522777080536,0.01520711462944746,-1.045630693435669,0.06135973334312439,-0.03923662006855011,0.02803659811615944,-0.12510329484939575
4.140526900000168,-0.3488096594810486,0.45886555314064026,-1.892708420753479,0.2441752701997757,-0.013871532864868641,-1.0456430912017822,0.06136695295572281,-0.03923901915550232,0.028035996481776237,-0.12511545419692993
4.160378999999921,-0.3642875552177429,0.4588663876056671,-1.8865092992782593,0.24418456852436066,-0.04470771551132202,-1.0457067489624023,0.06136089935898781,-0.03922807425260544,0.02805115468800068,-0.12511053681373596
4.180392300000221,-0.37919801473617554,0.45884624123573303,-1.8814926147460938,0.24415694177150726,-0.07684218138456345,-1.0457613468170166,0.06135903671383858,-0.039236098527908325,0.028043711557984352,-0.12511277198791504
4.2003459000002294,-0.3948548138141632,0.4588739573955536,-1.8776144981384277,0.24416886270046234,-0.11027450114488602,-1.0457913875579834,0.061360541731119156,-0.03924524039030075,0.028037576004862785,-0.1251170039176941
4.220260999999937,-0.40967002511024475,0.45887091755867004,-1.8751325607299805,0.24411068856716156,-0.14573776721954346,-1.0457923412322998,0.061350613832473755,-0.03923214226961136,0.028022360056638718,-0.12513798475265503
4.2403644000000895,-0.423354834318161,0.4588654041290283,-1.8732346296310425,0.24407996237277985,-0.18350253999233246,-1.0457861423492432,0.06136571988463402,-0.03923710063099861,0.028032884001731873,-0.12511172890663147
4.260537000000113,-0.43759211897850037,0.45883917808532715,-1.8712115287780762,0.24405620992183685,-0.22287869453430176,-1.0457717180252075,0.061369508504867554,-0.039234474301338196,0.028050964698195457,-0.1251162439584732
4.280200799999875,-0.4524308443069458,0.4588298797607422,-1.8691768646240234,0.2440265417098999,-0.2628413438796997,-1.0457992553710938,0.06136205047369003,-0.03923977166414261,0.028040429577231407,-0.12511378526687622
4.30023140000003,-0.4664938449859619,0.4588286578655243,-1.8676683902740479,0.24401618540287018,-0.30281996726989746,-1.045801043510437,0.06135939061641693,-0.03924660012125969,0.028050437569618225,-0.12511828541755676
4.320206299999882,-0.4784562289714813,0.45881417393684387,-1.8667993545532227,0.24400216341018677,-0.34158340096473694,-1.045812964439392,0.06135260686278343,-0.03922296315431595,0.028042588382959366,-0.1251215934753418
4.340473199999906,-0.4903162121772766,0.45876967906951904,-1.8665752410888672,0.244024395942688,-0.3798460364341736,-1.0458009243011475,0.06137031316757202,-0.039249856024980545,0.028046872466802597,-0.12511830031871796
4.36038520000011,-0.5014083385467529,0.4587246775627136,-1.8665947914123535,0.2440250664949417,-0.4166004955768585,-1.045811414718628,0.06136518344283104,-0.03922373801469803,0.028045279905200005,-0.1251208484172821
4.3801329000002625,-0.5112858414649963,0.45878201723098755,-1.8665931224822998,0.24399462342262268,-0.45157697796821594,-1.0458283424377441,0.06137483939528465,-0.039257414638996124,0.02805091254413128,-0.12510515749454498
4.400266300000112,-0.5189447999000549,0.4587743878364563,-1.866642713546753,0.2439965307712555,-0.484208881855011,-1.045835018157959,0.061372000724077225,-0.039243247359991074,0.028045354411005974,-0.12510976195335388
4.420535100000052,-0.5271583795547485,0.4587293267250061,-1.866668701171875,0.24398428201675415,-0.5122693777084351,-1.0458024740219116,0.06135019287467003,-0.03923703730106354,0.028047459200024605,-0.1251245141029358
4.440205800000058,-0.5380537509918213,0.45868200063705444,-1.8667480945587158,0.24402740597724915,-0.5344327688217163,-1.0457446575164795,0.06136177480220795,-0.03925241157412529,0.028028996661305428,-0.12511268258094788
4.460520699999961,-0.5494182109832764,0.4586743712425232,-1.8668181896209717,0.24391713738441467,-0.551717221736908,-1.0456352233886719,0.06133757159113884,-0.03924605995416641,0.028026685118675232,-0.125116765499115
4.480302800000118,-0.5598194003105164,0.4585281014442444,-1.866827130317688,0.2437865436077118,-0.5637695789337158,-1.0455574989318848,0.06135329231619835,-0.03923548758029938,0.028045741841197014,-0.12511178851127625
4.50025050000022,-0.5639181137084961,0.4584569036960602,-1.8669075965881348,0.24355843663215637,-0.5710054039955139,-1.0453259944915771,0.061350204050540924,-0.03925289586186409,0.028040651232004166,-0.12511023879051208
4.520328399999926,-0.5694257616996765,0.45833641290664673,-1.8673388957977295,0.2432549148797989,-0.5720345973968506,-1.0448849201202393,0.061360135674476624,-0.03924237936735153,0.028047481551766396,-0.12511059641838074
4.540372500000103,-0.5796740651130676,0.45828256011009216,-1.8682316541671753,0.24128907918930054,-0.5686214566230774,-1.0446197986602783,0.061368975788354874,-0.03924265503883362,0.02805206924676895,-0.125120609998703
4.560311199999887,-0.588271975517273,0.45827192068099976,-1.8694889545440674,0.23134537041187286,-0.5671944618225098,-1.0446487665176392,0.06136322766542435,-0.039232928305864334,0.02803732082247734,-0.1251033991575241
4.5802959000002375,-0.5987049341201782,0.45824843645095825,-1.8700206279754639,0.21492791175842285,-0.5670045614242554,-1.0446348190307617,0.06135297939181328,-0.03924904391169548,0.02803456410765648,-0.12511742115020752
4.600297400000272,-0.6084007620811462,0.45830237865448,-1.8708490133285522,0.19788511097431183,-0.562362790107727,-1.0446072816848755,0.06136442348361015,-0.03925050050020218,0.028044527396559715,-0.12510526180267334
4.620319000000109,-0.6177055239677429,0.45833146572113037,-1.8746651411056519,0.18214115500450134,-0.5458840131759644,-1.0444955825805664,0.06134934723377228,-0.03923584520816803,0.02804690971970558,-0.12510767579078674
4.640147900000102,-0.6239938735961914,0.45834577083587646,-1.8851608037948608,0.16974279284477234,-0.5217520594596863,-1.0444265604019165,0.061354879289865494,-0.03923743963241577,0.02805233560502529,-0.12511318922042847
4.660526399999981,-0.629742443561554,0.4582873284816742,-1.901884913444519,0.1605454981327057,-0.4911563992500305,-1.0444563627243042,0.06135028973221779,-0.03923642635345459,0.028027953580021858,-0.12511274218559265
4.680253300000004,-0.6352070569992065,0.458291232585907,-1.9170618057250977,0.15333735942840576,-0.4574619233608246,-1.0445019006729126,0.061357032507658005,-0.03923087567090988,0.028025038540363312,-0.12510806322097778
4.700229000000036,-0.6393191814422607,0.4582347273826599,-1.92595636844635,0.1472243070602417,-0.41940104961395264,-1.044500708580017,0.0613529235124588,-0.039233848452568054,0.028032422065734863,-0.12511992454528809
4.720455800000309,-0.6411896347999573,0.4582360088825226,-1.926996111869812,0.14251795411109924,-0.3765135705471039,-1.0444962978363037,0.0613531619310379,-0.03924921900033951,0.028040394186973572,-0.1251220405101776
4.740268300000025,-0.6419305801391602,0.4581892192363739,-1.9269320964813232,0.13921210169792175,-0.3320768475532532,-1.0444889068603516,0.06134688854217529,-0.03926916420459747,0.028031615540385246,-0.12512752413749695
4.760261599999922,-0.6449382901191711,0.4579285979270935,-1.9269336462020874,0.139815092086792,-0.28618597984313965,-1.044508457183838,0.06135508045554161,-0.03923496603965759,0.028036009520292282,-0.12511277198791504
4.7802912000001925,-0.6480329036712646,0.4579906761646271,-1.9269317388534546,0.13971352577209473,-0.2405632734298706,-1.0444921255111694,0.061351608484983444,-0.03924833983182907,0.02802194096148014,-0.1251128613948822
4.800084700000298,-0.6493977308273315,0.45792412757873535,-1.9269269704818726,0.1396821141242981,-0.19780176877975464,-1.0444976091384888,0.06136273965239525,-0.039229556918144226,0.028032485395669937,-0.12512068450450897
4.820157999999992,-0.6491659879684448,0.4578739404678345,-1.9269336462020874,0.13970839977264404,-0.15654486417770386,-1.0445268154144287,0.06135573610663414,-0.03921608254313469,0.0280530396848917,-0.1251109093427658
4.840197100000296,-0.6491856575012207,0.4578666388988495,-1.9269176721572876,0.1397184282541275,-0.11756258457899094,-1.044621467590332,0.06135963276028633,-0.039253752678632736,0.02803768776357174,-0.1251283586025238
4.860356799999863,-0.6487298011779785,0.45784425735473633,-1.9269285202026367,0.13971857726573944,-0.07880960404872894,-1.044689655303955,0.06136779114603996,-0.03924975544214249,0.02803727798163891,-0.12511403858661652
4.8801674000001185,-0.6471706628799438,0.45793038606643677,-1.9269201755523682,0.13971993327140808,-0.04301648214459419,-1.0447001457214355,0.06135322153568268,-0.03925604373216629,0.028050895780324936,-0.12510791420936584
4.900243699999919,-0.6445024013519287,0.4579506814479828,-1.9268081188201904,0.1397208720445633,-0.009683648124337196,-1.044722080230713,0.061362411826848984,-0.03925498574972153,0.028040951117873192,-0.12511581182479858
4.9203505000000405,-0.6444770097732544,0.4579389691352844,-1.9267724752426147,0.13969632983207703,0.020266588777303696,-1.0447344779968262,0.06134720519185066,-0.03925751894712448,0.028043363243341446,-0.12511299550533295
4.940468100000089,-0.6444047689437866,0.4579514265060425,-1.9265527725219727,0.13971850275993347,0.046567194163799286,-1.0448534488677979,0.06134922429919243,-0.03923993557691574,0.028043195605278015,-0.1251237690448761
4.96053239999992,-0.644242525100708,0.4580112397670746,-1.9263112545013428,0.139723002910614,0.06847192347049713,-1.0448477268218994,0.0613630972802639,-0.03922488912940025,0.028018202632665634,-0.12511460483074188
4.980568100000255,-0.6388006210327148,0.4582024812698364,-1.9258447885513306,0.13974225521087646,0.0841836929321289,-1.0448658466339111,0.06136007234454155,-0.03923705220222473,0.028040200471878052,-0.1251230388879776
5.000227100000302,-0.6297574043273926,0.4583464562892914,-1.9253829717636108,0.1398497074842453,0.09205795079469681,-1.0448896884918213,0.06137051805853844,-0.03924241662025452,0.02803405188024044,-0.12512242794036865
5.0205409000000145,-0.6179792881011963,0.45869049429893494,-1.9246337413787842,0.1403050720691681,0.08938916772603989,-1.0448060035705566,0.06134786456823349,-0.03926047682762146,0.028043268248438835,-0.1251203417778015
5.040120699999989,-0.6083091497421265,0.45915818214416504,-1.9237669706344604,0.14267441630363464,0.08969539403915405,-1.0445502996444702,0.0613471157848835,-0.039255835115909576,0.028033193200826645,-0.1251257359981537
5.060294400000203,-0.5978026390075684,0.4597088396549225,-1.9204400777816772,0.1510145664215088,0.08942897617816925,-1.043939471244812,0.0613633394241333,-0.0392511785030365,0.028048716485500336,-0.12510879337787628
5.0803163000000495,-0.5881821513175964,0.4598574638366699,-1.9127857685089111,0.164838045835495,0.08936001360416412,-1.0429177284240723,0.06135579198598862,-0.03922966867685318,0.02802780270576477,-0.12513047456741333
5.100483700000041,-0.5744842290878296,0.46033206582069397,-1.9021879434585571,0.1810336410999298,0.0887909084558487,-1.0371348857879639,0.06135426461696625,-0.03922847658395767,0.028028560802340508,-0.12509961426258087
5.120427500000005,-0.5604007840156555,0.4608830511569977,-1.889452576637268,0.1972830891609192,0.08363600820302963,-1.0273326635360718,0.06135625019669533,-0.03922869265079498,0.028045954182744026,-0.12512633204460144
5.14036729999998,-0.548277735710144,0.46201178431510925,-1.8752784729003906,0.21002095937728882,0.06665506958961487,-1.0179893970489502,0.06134871020913124,-0.03924528509378433,0.02805183082818985,-0.12511992454528809
5.160317400000167,-0.5337361097335815,0.4641185700893402,-1.860614538192749,0.2172197699546814,0.04297630861401558,-1.0082881450653076,0.061357129365205765,-0.039269331842660904,0.02804936096072197,-0.1251121461391449
5.180188600000292,-0.5169918537139893,0.46567288041114807,-1.8480110168457031,0.21949227154254913,0.01608217880129814,-0.9949262142181396,0.06135036423802376,-0.03926336020231247,0.02805176004767418,-0.12510691583156586
5.200555299999905,-0.49801796674728394,0.468498557806015,-1.840451955795288,0.21935588121414185,-0.015272426418960094,-0.9755683541297913,0.06136099249124527,-0.039245739579200745,0.028046466410160065,-0.12510856986045837
5.220332100000178,-0.47838476300239563,0.4694809317588806,-1.838760256767273,0.21934467554092407,-0.0488419383764267,-0.9524857997894287,0.061345189809799194,-0.039241284132003784,0.028048094362020493,-0.12512722611427307
5.240443700000014,-0.45669883489608765,0.4694812297821045,-1.838802695274353,0.21929901838302612,-0.08532080054283142,-0.9274014830589294,0.06134440004825592,-0.03922408074140549,0.02803826332092285,-0.12510645389556885
5.260436000000027,-0.43376147747039795,0.4695826470851898,-1.8388057947158813,0.21929201483726501,-0.12388118356466293,-0.9016691446304321,0.061362821608781815,-0.03922048211097717,0.028043445199728012,-0.12511661648750305
5.280276400000275,-0.4101838171482086,0.4697616398334503,-1.838814377784729,0.2192879617214203,-0.163765549659729,-0.8777197003364563,0.06135087087750435,-0.03922099247574806,0.028030164539813995,-0.12512192130088806
5.300401100000272,-0.38487064838409424,0.4697344899177551,-1.8388090133666992,0.2192748785018921,-0.20390401780605316,-0.8561984896659851,0.06136089563369751,-0.039258308708667755,0.028037143871188164,-0.1251210868358612
5.320355300000301,-0.3598421812057495,0.46978655457496643,-1.8387974500656128,0.21929197013378143,-0.24166825413703918,-0.8374440670013428,0.061359453946352005,-0.039268314838409424,0.028045998886227608,-0.1251155436038971
5.340440100000251,-0.33374348282814026,0.46981045603752136,-1.8388075828552246,0.21926754713058472,-0.2765464186668396,-0.8203099370002747,0.06135335564613342,-0.039265669882297516,0.028042323887348175,-0.12512879073619843
5.360543300000245,-0.307079553604126,0.47034645080566406,-1.8387874364852905,0.21928741037845612,-0.3066817820072174,-0.8040396571159363,0.061363957822322845,-0.039256952702999115,0.028038235381245613,-0.12511229515075684
5.380438200000299,-0.280834436416626,0.4705467224121094,-1.838781476020813,0.21927542984485626,-0.3320186138153076,-0.7884309887886047,0.06135178357362747,-0.03922981768846512,0.02804924175143242,-0.12510931491851807
5.40053190000026,-0.2552257180213928,0.4705905318260193,-1.8387259244918823,0.21927481889724731,-0.35236164927482605,-0.774308443069458,0.061366014182567596,-0.03920742869377136,0.028043873608112335,-0.12510736286640167
5.420243500000197,-0.2296009510755539,0.47060051560401917,-1.838649868965149,0.2192591279745102,-0.366590678691864,-0.7628246545791626,0.06135881692171097,-0.03922626003623009,0.028029782697558403,-0.12511509656906128
5.440458600000056,-0.20428912341594696,0.4706488847732544,-1.8381140232086182,0.21927011013031006,-0.37522295117378235,-0.7509021162986755,0.061370428651571274,-0.03925592452287674,0.028040824458003044,-0.12510691583156586
5.4605265999998664,-0.18137724697589874,0.47075220942497253,-1.836249828338623,0.21926209330558777,-0.37450742721557617,-0.7363497018814087,0.06137099489569664,-0.03927404433488846,0.0280438419431448,-0.1251121163368225
5.480328600000121,-0.159690260887146,0.470760315656662,-1.8293601274490356,0.219272181391716,-0.3716736435890198,-0.7204539775848389,0.0613706111907959,-0.03925599902868271,0.028029950335621834,-0.12510840594768524
5.500414600000113,-0.13638392090797424,0.4707406759262085,-1.815368413925171,0.21929523348808289,-0.3723369836807251,-0.7043517827987671,0.061365190893411636,-0.039273399859666824,0.0280471071600914,-0.12512674927711487
5.520282599999973,-0.11083067208528519,0.47075000405311584,-1.7958557605743408,0.2193012535572052,-0.3722587525844574,-0.687233567237854,0.061350468546152115,-0.03922463208436966,0.028038594871759415,-0.1251184642314911
5.540467799999988,-0.08358459174633026,0.4707321226596832,-1.7730684280395508,0.21929466724395752,-0.3722292184829712,-0.6672601103782654,0.06134894862771034,-0.03921845182776451,0.028041530400514603,-0.12511488795280457
5.5602616000001035,-0.05532137677073479,0.47069379687309265,-1.7517709732055664,0.2192813754081726,-0.372205913066864,-0.6462409496307373,0.061355043202638626,-0.03921632841229439,0.028027012944221497,-0.12509673833847046
5.580266700000266,-0.02586694248020649,0.4707183837890625,-1.7331236600875854,0.21928313374519348,-0.37219566106796265,-0.6244217753410339,0.06136360391974449,-0.0392342135310173,0.028038030490279198,-0.1251152902841568
5.600114500000018,0.005410110577940941,0.4707581400871277,-1.7190252542495728,0.21927118301391602,-0.37217092514038086,-0.6012380719184875,0.061355218291282654,-0.039255108684301376,0.02803174778819084,-0.1251218318939209
5.620148900000004,0.03770672529935837,0.47077885270118713,-1.7106685638427734,0.21926087141036987,-0.37212738394737244,-0.5782292485237122,0.06135866791009903,-0.0392630435526371,0.02804425358772278,-0.12514108419418335
5.640282300000308,0.06926935911178589,0.47077375650405884,-1.7071170806884766,0.21926875412464142,-0.3721252679824829,-0.557719886302948,0.06135474145412445,-0.03925531730055809,0.028048602864146233,-0.1251215934753418
5.660290000000259,0.09722036123275757,0.47078266739845276,-1.7062183618545532,0.21925511956214905,-0.37212151288986206,-0.5392307043075562,0.06134622171521187,-0.03925628960132599,0.028042199090123177,-0.12511004507541656
5.680316100000255,0.12474188953638077,0.4710063636302948,-1.7061892747879028,0.219183087348938,-0.37213021516799927,-0.5194127559661865,0.061353541910648346,-0.0392376184463501,0.028028730303049088,-0.12511740624904633
5.700323600000047,0.1512555480003357,0.47195756435394287,-1.7060705423355103,0.2191912680864334,-0.3721267580986023,-0.49615609645843506,0.06135648488998413,-0.039232462644577026,0.028030360117554665,-0.12510423362255096
5.720330699999977,0.175622820854187,0.47337689995765686,-1.7048143148422241,0.21906138956546783,-0.3722035884857178,-0.4715137481689453,0.06135202944278717,-0.03923714905977249,0.02802414633333683,-0.12511953711509705
5.740417400000297,0.19864322245121002,0.47408348321914673,-1.7005338668823242,0.21766898036003113,-0.37220877408981323,-0.4454915523529053,0.0613565519452095,-0.039237041026353836,0.02801702916622162,-0.1251082569360733
5.760481900000286,0.22224873304367065,0.4751863479614258,-1.690871000289917,0.21469168365001678,-0.3722047209739685,-0.4192996919155121,0.06137346848845482,-0.03925926238298416,0.02804441563785076,-0.12510867416858673
5.780474099999992,0.2455320507287979,0.4778287708759308,-1.6743779182434082,0.21115781366825104,-0.3722212016582489,-0.3948417901992798,0.061366304755210876,-0.039254192262887955,0.02804526314139366,-0.12512363493442535
5.800346900000022,0.2681849002838135,0.4848358929157257,-1.6535245180130005,0.20652998983860016,-0.37224018573760986,-0.37019652128219604,0.061358705163002014,-0.03926076367497444,0.028027890250086784,-0.12511774897575378
5.820120200000019,0.2930811047554016,0.4887843728065491,-1.6312663555145264,0.20472069084644318,-0.3722088932991028,-0.3450799286365509,0.06135592237114906,-0.03923653066158295,0.02803260087966919,-0.1251124143600464
5.840419900000143,0.31906330585479736,0.48971760272979736,-1.6098213195800781,0.20447315275669098,-0.3722700774669647,-0.32180255651474,0.061356354504823685,-0.03922948241233826,0.028028909116983414,-0.12511923909187317
5.8603078000001005,0.3420913815498352,0.49222496151924133,-1.5911356210708618,0.2045673429965973,-0.3722805976867676,-0.30304163694381714,0.061352480202913284,-0.03923109546303749,0.028033029288053513,-0.12510445713996887
5.880327299999863,0.3634454011917114,0.49466729164123535,-1.5750188827514648,0.2046264261007309,-0.372281014919281,-0.28855085372924805,0.06135811284184456,-0.0392385870218277,0.028024708852171898,-0.1251142919063568
5.900339400000121,0.38320764899253845,0.4977185130119324,-1.5597584247589111,0.20461659133434296,-0.37228894233703613,-0.2765124440193176,0.061347369104623795,-0.03925570473074913,0.028037484735250473,-0.12510883808135986
5.920382199999949,0.40350058674812317,0.4996946454048157,-1.5433681011199951,0.20461511611938477,-0.37228721380233765,-0.2647806406021118,0.06135985627770424,-0.0392456017434597,0.028034847229719162,-0.125111922621727
5.940084500000012,0.42169106006622314,0.5028150677680969,-1.5247737169265747,0.20463550090789795,-0.37230002880096436,-0.251498281955719,0.06134979426860809,-0.039259932935237885,0.028038660064339638,-0.12512585520744324
5.960317699999905,0.43851935863494873,0.5037456750869751,-1.5004407167434692,0.20463873445987701,-0.3723376989364624,-0.23316369950771332,0.061355188488960266,-0.039247769862413406,0.028054896742105484,-0.12511509656906128
5.980367800000295,0.455035924911499,0.505001425743103,-1.4710078239440918,0.2046225666999817,-0.37237024307250977,-0.21097494661808014,0.06136851757764816,-0.039244167506694794,0.028029009699821472,-0.12510669231414795
6.000482500000089,0.4717055857181549,0.5055413246154785,-1.4385769367218018,0.2046176642179489,-0.37239038944244385,-0.18804235756397247,0.06135822460055351,-0.03922998160123825,0.028034832328557968,-0.12510979175567627
6.020136399999956,0.48825836181640625,0.5059135556221008,-1.4050596952438354,0.20463354885578156,-0.37236279249191284,-0.16881583631038666,0.06134802848100662,-0.039211206138134,0.028030816465616226,-0.12511616945266724
6.040301900000031,0.5031583309173584,0.5061160326004028,-1.3727353811264038,0.2046588808298111,-0.3723900616168976,-0.15155553817749023,0.06136520206928253,-0.03924005478620529,0.028048595413565636,-0.12511852383613586
6.060230600000068,0.5167661905288696,0.5061937570571899,-1.3440370559692383,0.20468102395534515,-0.37236344814300537,-0.1360790878534317,0.0613635778427124,-0.03926694765686989,0.028040746226906776,-0.1251029074192047
6.080430200000137,0.5325769186019897,0.5062277913093567,-1.3154226541519165,0.2047048807144165,-0.3723226487636566,-0.12476276606321335,0.06134951114654541,-0.039266057312488556,0.02805728279054165,-0.12511193752288818
6.100338600000214,0.5500251054763794,0.5062317848205566,-1.2899212837219238,0.2046590894460678,-0.3722854256629944,-0.11998391151428223,0.0613621361553669,-0.03925390541553497,0.028033684939146042,-0.1251121163368225
6.120437800000218,0.5677566528320312,0.5063731670379639,-1.2656333446502686,0.20464281737804413,-0.37228167057037354,-0.1189759373664856,0.0613534189760685,-0.039230652153491974,0.0280217956751585,-0.12511682510375977
6.140526900000168,0.584369421005249,0.5066025853157043,-1.2438080310821533,0.20464004576206207,-0.3722396492958069,-0.11855346709489822,0.061350516974925995,-0.03922858461737633,0.028039321303367615,-0.12510919570922852
6.160347600000023,0.6011661291122437,0.5065919160842896,-1.224118709564209,0.2045043259859085,-0.3722072243690491,-0.11783818900585175,0.061359625309705734,-0.03920768201351166,0.02803744375705719,-0.12511083483695984
6.180561300000136,0.6192487478256226,0.5065917372703552,-1.2042213678359985,0.20432882010936737,-0.3722294270992279,-0.11762630939483643,0.06136215105652809,-0.03923290967941284,0.0280404482036829,-0.12511926889419556
6.20029969999996,0.6395745277404785,0.5066436529159546,-1.1844669580459595,0.20421156287193298,-0.3722084164619446,-0.11723489314317703,0.06136273965239525,-0.039246607571840286,0.028045395389199257,-0.12511995434761047
6.220272200000181,0.6574562788009644,0.5066442489624023,-1.1628191471099854,0.20383813977241516,-0.3722013235092163,-0.11467605829238892,0.06136104464530945,-0.03925708681344986,0.02804257534444332,-0.12511110305786133
6.240420399999948,0.6718299388885498,0.5065995454788208,-1.137437343597412,0.19637277722358704,-0.3723212480545044,-0.10810697823762894,0.06136707961559296,-0.039260268211364746,0.028034789487719536,-0.12512989342212677
6.260393600000043,0.6854227185249329,0.5065887570381165,-1.1072993278503418,0.17612303793430328,-0.37226301431655884,-0.10273239016532898,0.061373285949230194,-0.039238497614860535,0.028044970706105232,-0.12511780858039856
6.280580300000111,0.6969970464706421,0.5066025853157043,-1.074797511100769,0.15657341480255127,-0.3722062110900879,-0.10209508240222931,0.06135367602109909,-0.03924006223678589,0.02803865820169449,-0.1251198649406433
6.300316400000156,0.7023612260818481,0.5066989064216614,-1.046655535697937,0.14379292726516724,-0.37226593494415283,-0.10192698240280151,0.06137239560484886,-0.03922683000564575,0.028038017451763153,-0.12511995434761047
6.320169800000258,0.7078860998153687,0.5066381692886353,-1.0183526277542114,0.136234849691391,-0.37226831912994385,-0.10194673389196396,0.06136663258075714,-0.039228297770023346,0.028049590066075325,-0.12511268258094788
6.340450700000019,0.7133618593215942,0.5065911412239075,-0.9893601536750793,0.13362325727939606,-0.37229031324386597,-0.10201600193977356,0.061346929520368576,-0.03921618312597275,0.028024427592754364,-0.12510904669761658
6.360545500000171,0.7173742055892944,0.5065991282463074,-0.9606481194496155,0.1343601495027542,-0.372285395860672,-0.1020483672618866,0.061353255063295364,-0.03924147039651871,0.0280234906822443,-0.12511733174324036
6.380091300000004,0.7186020612716675,0.5066213607788086,-0.9331732988357544,0.1342163383960724,-0.3722879886627197,-0.10206437855958939,0.06137053668498993,-0.03925380855798721,0.02804475836455822,-0.12510547041893005
6.400296700000126,0.7221287488937378,0.5065773725509644,-0.9054163694381714,0.13381177186965942,-0.3722989559173584,-0.10206549614667892,0.06136303022503853,-0.03924243524670601,0.02803771197795868,-0.125112384557724
6.42032590000008,0.7283501625061035,0.5064241290092468,-0.8769478797912598,0.13258203864097595,-0.37231606245040894,-0.102048359811306,0.06135338172316551,-0.03924423083662987,0.028044933453202248,-0.12513026595115662
6.440379000000121,0.7369363307952881,0.5064505338668823,-0.8473381400108337,0.1247781366109848,-0.3723151385784149,-0.10202523320913315,0.0613592304289341,-0.03922925889492035,0.02804569900035858,-0.12511667609214783
6.460314899999958,0.743469774723053,0.5065048336982727,-0.8190657496452332,0.11183726787567139,-0.37226998805999756,-0.10200968384742737,0.06136992201209068,-0.03923668712377548,0.02804630436003208,-0.12511232495307922
6.480372200000147,0.7437103390693665,0.5065268278121948,-0.7894629836082458,0.09921299666166306,-0.37221166491508484,-0.10199757665395737,0.06134731322526932,-0.03924086317420006,0.02804384008049965,-0.12512286007404327
6.500315499999942,0.7431478500366211,0.5065575242042542,-0.759253740310669,0.09095064550638199,-0.37221670150756836,-0.1020512729883194,0.06134868040680885,-0.039244912564754486,0.02804926037788391,-0.12512359023094177
6.520316900000125,0.7420802116394043,0.5065529346466064,-0.7286011576652527,0.08407708257436752,-0.37221139669418335,-0.10210031270980835,0.06136561930179596,-0.039244264364242554,0.028040485456585884,-0.12510956823825836
6.540206699999999,0.7416435480117798,0.5064709782600403,-0.6964384317398071,0.07659530639648438,-0.37229278683662415,-0.10213366895914078,0.06137285754084587,-0.03924712538719177,0.028045708313584328,-0.12511897087097168
6.560355500000242,0.7398496270179749,0.5065335035324097,-0.6653934717178345,0.0683254599571228,-0.37223467230796814,-0.10214017331600189,0.06137627363204956,-0.03925060108304024,0.02804439701139927,-0.1251268982887268
6.580518400000074,0.7334392070770264,0.5064916610717773,-0.6355339884757996,0.06026459485292435,-0.3722805678844452,-0.1021306961774826,0.061355553567409515,-0.03924349322915077,0.02804800495505333,-0.12511999905109406
6.600228700000116,0.7265787720680237,0.506476879119873,-0.6075363159179688,0.0534239299595356,-0.372280478477478,-0.102145254611969,0.061348240822553635,-0.039234060794115067,0.0280253104865551,-0.12510529160499573
6.620399299999917,0.7184402942657471,0.5064231753349304,-0.58058100938797,0.04682743921875954,-0.372247576713562,-0.1022571548819542,0.06134723499417305,-0.039236411452293396,0.028018612414598465,-0.1251116693019867
6.640290300000288,0.7081185579299927,0.506457507610321,-0.5547038912773132,0.043294213712215424,-0.3722103238105774,-0.10229155421257019,0.06135693937540054,-0.03922836482524872,0.028043782338500023,-0.12510810792446136
6.660276200000226,0.6956027746200562,0.5064057111740112,-0.5302624106407166,0.036408908665180206,-0.37219929695129395,-0.10224999487400055,0.061357200145721436,-0.03923213109374046,0.02803790010511875,-0.1251102089881897
6.680107500000304,0.6842290163040161,0.5063449740409851,-0.5090709924697876,0.02821238525211811,-0.372211754322052,-0.10223342478275299,0.061361998319625854,-0.03922850266098976,0.028034992516040802,-0.12512218952178955
6.700462900000275,0.6712449789047241,0.5062430500984192,-0.48914656043052673,0.01808655634522438,-0.37224292755126953,-0.10223075747489929,0.061356011778116226,-0.03926030546426773,0.02801402471959591,-0.12511572241783142
6.720262199999979,0.6551306247711182,0.5062803030014038,-0.4690229892730713,0.00666500348597765,-0.372253954410553,-0.10224432498216629,0.061352137476205826,-0.03925255686044693,0.028045307844877243,-0.1251157522201538
6.740237999999863,0.6373323202133179,0.5062107443809509,-0.4472161829471588,-0.003520562779158354,-0.3722701668739319,-0.10224167257547379,0.061356477439403534,-0.03924885392189026,0.028031425550580025,-0.12512341141700745
6.760553300000083,0.6195387244224548,0.506007969379425,-0.42602798342704773,-0.011961322277784348,-0.3722760081291199,-0.1022460088133812,0.0613587386906147,-0.03923045098781586,0.028026139363646507,-0.12511500716209412
6.780123900000035,0.6017671823501587,0.5056544542312622,-0.4053271412849426,-0.0183697659522295,-0.3722820281982422,-0.10215049982070923,0.06136303022503853,-0.039237216114997864,0.028034908697009087,-0.12511098384857178
6.800303100000292,0.5807944536209106,0.5054035782814026,-0.38338983058929443,-0.024164101108908653,-0.37228548526763916,-0.10212062299251556,0.06135435402393341,-0.039232999086380005,0.028044570237398148,-0.12510985136032104
6.820449199999985,0.5572999715805054,0.5053890347480774,-0.3614501953125,-0.02929798699915409,-0.37236398458480835,-0.1021038293838501,0.061362653970718384,-0.0392368920147419,0.028020024299621582,-0.12511557340621948
6.840485900000203,0.5346448421478271,0.5054326057434082,-0.33973556756973267,-0.03524954244494438,-0.37242943048477173,-0.10212430357933044,0.061365559697151184,-0.03924299031496048,0.028025757521390915,-0.1251179575920105
6.860247800000252,0.5121089220046997,0.5054379105567932,-0.31927913427352905,-0.04184329882264137,-0.37241095304489136,-0.10210458934307098,0.061374563723802567,-0.0392465703189373,0.028029076755046844,-0.12511634826660156
6.880131899999924,0.4865381717681885,0.5054793357849121,-0.29952317476272583,-0.04900050908327103,-0.3724006414413452,-0.10210950672626495,0.0613589845597744,-0.039236534386873245,0.028056547045707703,-0.12511660158634186
6.900445199999922,0.4577781856060028,0.5054047107696533,-0.2791752815246582,-0.05557571351528168,-0.3724317252635956,-0.10210607200860977,0.06135779991745949,-0.039253298193216324,0.028042934834957123,-0.1251274049282074
6.920259400000305,0.43092113733291626,0.5054079294204712,-0.2592729926109314,-0.061013299971818924,-0.37247273325920105,-0.10203902423381805,0.06136762350797653,-0.03925391659140587,0.028043106198310852,-0.12512189149856567
6.9402374999999665,0.40546825528144836,0.5053822994232178,-0.23963963985443115,-0.06499092280864716,-0.37250426411628723,-0.10175791382789612,0.0613555870950222,-0.039225343614816666,0.028033558279275894,-0.12511295080184937
6.960187399999995,0.3818718492984772,0.5053890943527222,-0.22123287618160248,-0.06673389673233032,-0.37251192331314087,-0.10163407772779465,0.061352070420980453,-0.03924066200852394,0.02803097665309906,-0.12511268258094788
6.980098200000157,0.35826337337493896,0.5053954720497131,-0.20486284792423248,-0.06637756526470184,-0.3725161552429199,-0.1016487181186676,0.06135712191462517,-0.03925921022891998,0.028041405603289604,-0.1251075118780136
7.000355000000127,0.3362728953361511,0.5053967833518982,-0.18909253180027008,-0.06644852459430695,-0.3725276291370392,-0.10171138495206833,0.06135520339012146,-0.03923783823847771,0.028044305741786957,-0.12511301040649414
7.020101999999952,0.3144541382789612,0.5054218769073486,-0.17287468910217285,-0.06644035875797272,-0.37252476811408997,-0.10166627168655396,0.06136356666684151,-0.03925495594739914,0.02804863639175892,-0.12511467933654785
7.040228899999875,0.2896478772163391,0.5055102705955505,-0.15662193298339844,-0.0664481371641159,-0.3725108802318573,-0.10162654519081116,0.061360783874988556,-0.03925562649965286,0.02804149128496647,-0.12510927021503448
7.060302899999897,0.26396167278289795,0.5055443644523621,-0.14099392294883728,-0.066444993019104,-0.3725178837776184,-0.10166259855031967,0.061349056661129,-0.039243802428245544,0.028049318119883537,-0.1251048743724823
7.080221000000165,0.23895874619483948,0.5055567622184753,-0.12569007277488708,-0.06642594933509827,-0.3725278079509735,-0.10177191346883774,0.06136736646294594,-0.039235662668943405,0.0280262790620327,-0.12511667609214783
7.100208700000167,0.21564272046089172,0.5055350661277771,-0.11029448360204697,-0.06629674881696701,-0.3725469410419464,-0.10173846036195755,0.061362799257040024,-0.039236634969711304,0.028045320883393288,-0.12512466311454773
7.120091499999944,0.1943991333246231,0.5055449604988098,-0.09535695612430573,-0.06608961522579193,-0.37249910831451416,-0.10164262354373932,0.06135907769203186,-0.03923539072275162,0.02804568037390709,-0.1251106560230255
7.140177799999947,0.17296111583709717,0.505553662776947,-0.08202189207077026,-0.06605268269777298,-0.3724440932273865,-0.10163581371307373,0.06135067343711853,-0.03922083228826523,0.028043149039149284,-0.12511518597602844
7.160315399999945,0.15265235304832458,0.5055112838745117,-0.06982450932264328,-0.06603844463825226,-0.3724571466445923,-0.10167337208986282,0.061349090188741684,-0.0392606183886528,0.028046464547514915,-0.1251106858253479
7.1802019000001565,0.1336297243833542,0.5055412650108337,-0.05859481915831566,-0.06605638563632965,-0.3723638653755188,-0.10168209671974182,0.06135103106498718,-0.03925773873925209,0.0280352421104908,-0.1251242756843567
7.200063499999942,0.11508413404226303,0.5055566430091858,-0.048516646027565,-0.06607648730278015,-0.3722195625305176,-0.10164976865053177,0.06135794520378113,-0.0392281711101532,0.028042320162057877,-0.12512089312076569
7.220234299999902,0.09653252363204956,0.5056031346321106,-0.040269315242767334,-0.06608268618583679,-0.37203770875930786,-0.1016705110669136,0.06136377528309822,-0.03924006223678589,0.028042949736118317,-0.12511634826660156
7.240421800000149,0.07934461534023285,0.5056255459785461,-0.035047415643930435,-0.0660933256149292,-0.37189781665802,-0.1016586422920227,0.06135421246290207,-0.03924775868654251,0.028040479868650436,-0.12510588765144348
7.260217500000181,0.06538805365562439,0.5055714249610901,-0.031386882066726685,-0.06606702506542206,-0.3717440366744995,-0.10164710134267807,0.06136764958500862,-0.03924766927957535,0.02802921086549759,-0.12511205673217773
7.2802159000002575,0.05328689515590668,0.5055858492851257,-0.030782459303736687,-0.06606414169073105,-0.37166494131088257,-0.10162357985973358,0.06136590987443924,-0.039253946393728256,0.02802291512489319,-0.12510228157043457
7.300179700000172,0.04028807580471039,0.5055881142616272,-0.030768780037760735,-0.06606456637382507,-0.37164103984832764,-0.10141616314649582,0.06136128306388855,-0.03925579413771629,0.028037888929247856,-0.12512089312076569
7.320202899999913,0.026082448661327362,0.5055504441261292,-0.03072974644601345,-0.06603721529245377,-0.371662437915802,-0.09913819283246994,0.06136661022901535,-0.03923119977116585,0.028041299432516098,-0.12511658668518066
7.340228500000194,0.014261187054216862,0.5055425763130188,-0.030708396807312965,-0.0660431832075119,-0.37166327238082886,-0.08911579847335815,0.061355896294116974,-0.03923124447464943,0.028037654235959053,-0.12511861324310303
7.360245300000315,0.007860874757170677,0.5055572390556335,-0.03068825602531433,-0.06601975113153458,-0.37162840366363525,-0.07273105531930923,0.0613519586622715,-0.03924856334924698,0.028053516522049904,-0.12511995434761047
7.380212699999902,0.003462843131273985,0.5055716037750244,-0.03057900071144104,-0.06596438586711884,-0.3715299367904663,-0.05215156823396683,0.06134568527340889,-0.039240770041942596,0.028045566752552986,-0.12512168288230896
7.40020770000001,-0.0013688434846699238,0.5055761933326721,-0.030590331181883812,-0.06597067415714264,-0.37143731117248535,-0.029468242079019547,0.06136263534426689,-0.03923403471708298,0.02804560959339142,-0.12511283159255981
7.420404899999994,-0.0021333927288651466,0.5055240392684937,-0.030616454780101776,-0.06597355008125305,-0.3708636164665222,-0.006066452246159315,0.06136629730463028,-0.03925919532775879,0.028051627799868584,-0.125118225812912
7.440232200000082,-0.0005003087571822107,0.5055320262908936,-0.030623430386185646,-0.06596063077449799,-0.368261456489563,0.018494533374905586,0.061348121613264084,-0.03922851011157036,0.028027838096022606,-0.12510624527931213
7.460363200000302,8.120671554934233e-05,0.5055199861526489,-0.03066696971654892,-0.06589172780513763,-0.3595212697982788,0.044263239949941635,0.06135547161102295,-0.039255816489458084,0.028041934594511986,-0.1251351684331894
7.480203999999958,-0.0003432833473198116,0.5054329633712769,-0.03069484606385231,-0.06579890847206116,-0.3457718789577484,0.06715716421604156,0.061360426247119904,-0.039224013686180115,0.028038281947374344,-0.12511754035949707
7.500339499999882,-0.00022044818615540862,0.5055245161056519,-0.030721090734004974,-0.06573732197284698,-0.32881030440330505,0.08628497272729874,0.06136547401547432,-0.0392327606678009,0.028027473017573357,-0.12511974573135376
7.520131400000082,-1.419521686329972e-05,0.5055720210075378,-0.030761051923036575,-0.06570422649383545,-0.3108755350112915,0.10016556084156036,0.06135757267475128,-0.03924129903316498,0.028051258996129036,-0.12511412799358368
7.540201700000125,-5.4973810620140284e-05,0.5055023431777954,-0.030754772946238518,-0.06564205884933472,-0.29311805963516235,0.11010044813156128,0.06135838106274605,-0.03924824297428131,0.028025854378938675,-0.12510839104652405
7.560172500000135,-0.0005161014851182699,0.5055411458015442,-0.030765660107135773,-0.06556570529937744,-0.27764201164245605,0.11694103479385376,0.06135214492678642,-0.03922060877084732,0.028042549267411232,-0.125124990940094
7.580183200000192,-0.0006102026673033834,0.5055681467056274,-0.030772490426898003,-0.06545829027891159,-0.26469549536705017,0.1219167709350586,0.06135832145810127,-0.0392359159886837,0.02804664708673954,-0.12512341141700745
7.600201900000229,-0.00034709490137174726,0.5055282711982727,-0.030767982825636864,-0.06550092250108719,-0.2538057863712311,0.12646785378456116,0.061353884637355804,-0.03924420103430748,0.02803831547498703,-0.12511178851127625
7.620179800000187,-0.00013332715025171638,0.5055747032165527,-0.030763229355216026,-0.06551949679851532,-0.2449779361486435,0.12670600414276123,0.061352480202913284,-0.03924498334527016,0.028044655919075012,-0.1251165270805359
7.640303399999993,-5.561591387959197e-05,0.505681037902832,-0.03077363222837448,-0.06552805006504059,-0.23725350201129913,0.12675270438194275,0.06135638430714607,-0.03922802209854126,0.02802630141377449,-0.1251174509525299
7.660466799999995,-8.907831943361089e-05,0.505734384059906,-0.03078492544591427,-0.06558778882026672,-0.22985374927520752,0.12675029039382935,0.06135762110352516,-0.03923575580120087,0.02804485522210598,-0.12511089444160461
7.6803883000002315,-0.00019875384168699384,0.5057746767997742,-0.03077198937535286,-0.06569983065128326,-0.22166061401367188,0.12673631310462952,0.061344753950834274,-0.039236389100551605,0.02803596295416355,-0.12512047588825226
7.700173000000177,-0.00011126896424684674,0.5058161616325378,-0.03077804483473301,-0.06576815247535706,-0.2122325748205185,0.1267622858285904,0.06135163456201553,-0.039244215935468674,0.028042972087860107,-0.12512217462062836
7.720404500000313,-8.961030835052952e-05,0.5057786107063293,-0.030790770426392555,-0.06577488780021667,-0.20182372629642487,0.12674331665039062,0.06134995073080063,-0.03922310844063759,0.0280402060598135,-0.12511467933654785
7.740456699999868,-0.00018938830180559307,0.5057767629623413,-0.030788403004407883,-0.06580615043640137,-0.19126321375370026,0.12674057483673096,0.06135931983590126,-0.039248622953891754,0.028048748150467873,-0.1251164972782135
7.760182299999997,-0.00019339904247317463,0.5057677030563354,-0.030796023085713387,-0.06586730480194092,-0.1817946434020996,0.12671753764152527,0.06136222556233406,-0.03921408951282501,0.028031837195158005,-0.12511125206947327
7.780211000000236,-0.00019892770797014236,0.5057715177536011,-0.030810659751296043,-0.0658915564417839,-0.17376603186130524,0.12670406699180603,0.0613580159842968,-0.03923220932483673,0.028040459379553795,-0.12511366605758667
7.800232000000051,-0.0002455584181006998,0.5058656334877014,-0.030852647498250008,-0.06590549647808075,-0.16793201863765717,0.12665164470672607,0.0613563247025013,-0.03926830738782883,0.028031932190060616,-0.1251133680343628
7.820117600000231,-0.00019700768461916596,0.5059655904769897,-0.030923491343855858,-0.06591302156448364,-0.16936731338500977,0.12667328119277954,0.061366353183984756,-0.03925135359168053,0.02803759090602398,-0.12511631846427917
7.840250799999922,-0.00019912279094569385,0.5060014128684998,-0.030956769362092018,-0.06594338268041611,-0.1685676872730255,0.12666209042072296,0.061353474855422974,-0.03923717141151428,0.028050489723682404,-0.12511134147644043
7.860220600000048,-0.0001751399104250595,0.5060138702392578,-0.03098130412399769,-0.06589967012405396,-0.1687828004360199,0.12662672996520996,0.06135489419102669,-0.03924048691987991,0.028048062697052956,-0.12510792911052704
7.880333200000223,-0.00010812728578457609,0.5060564875602722,-0.030993422493338585,-0.06591128557920456,-0.16879788041114807,0.12662795186042786,0.06134893745183945,-0.039228010922670364,0.028037704527378082,-0.12511500716209412
7.900178200000028,-0.00011845843255287036,0.5061033964157104,-0.031036166474223137,-0.0659080445766449,-0.16879530251026154,0.12655341625213623,0.061357129365205765,-0.03922795504331589,0.02804497629404068,-0.1251072883605957
7.920321300000069,-0.0002103093866026029,0.5060904622077942,-0.03103162720799446,-0.06591378152370453,-0.1688060760498047,0.1263958364725113,0.061371538788080215,-0.03926008567214012,0.028048235923051834,-0.12510131299495697
7.940072700000201,-0.00019205900025554,0.5061383247375488,-0.03104223869740963,-0.06591738015413284,-0.16881342232227325,0.12627966701984406,0.06136579066514969,-0.03925333917140961,0.028052479028701782,-0.12511301040649414
7.960208599999987,-0.00012049839278915897,0.5061154961585999,-0.031106261536478996,-0.06590734422206879,-0.16880148649215698,0.12625399231910706,0.06135614216327667,-0.03925333917140961,0.02804679051041603,-0.12511256337165833
7.980269800000315,-0.00014561931311618537,0.5060999989509583,-0.031153231859207153,-0.0659044086933136,-0.16880425810813904,0.12625852227210999,0.06136690825223923,-0.039237089455127716,0.0280445609241724,-0.1251087784767151
8.000173800000084,-0.00017114647198468447,0.5061123967170715,-0.03115534968674183,-0.06591372191905975,-0.16880372166633606,0.1259326934814453,0.06135713309049606,-0.039255931973457336,0.028033874928951263,-0.12511339783668518
8.020128699999987,-7.713912054896355e-05,0.5061029195785522,-0.03113384358584881,-0.06590496003627777,-0.16880768537521362,0.12427428364753723,0.061368558555841446,-0.03921981528401375,0.0280365701764822,-0.1251039206981659
8.04015359999994,-8.95816192496568e-05,0.506141722202301,-0.031116509810090065,-0.06590522080659866,-0.16880521178245544,0.12447275221347809,0.061366938054561615,-0.039256416261196136,0.028035741299390793,-0.12510943412780762
8.060208899999907,-0.00013031697017140687,0.5061730146408081,-0.03108317404985428,-0.06588821113109589,-0.16880212724208832,0.12444648146629333,0.0613631010055542,-0.03925037384033203,0.028031570836901665,-0.12512698769569397
8.080320200000187,-0.0001235664531122893,0.5061594843864441,-0.0310861524194479,-0.06587336957454681,-0.16872993111610413,0.12444350868463516,0.06136578693985939,-0.039259202778339386,0.028050048276782036,-0.12511298060417175
8.100505599999906,-0.00013107425183989108,0.5061110258102417,-0.03108150139451027,-0.06589405238628387,-0.16884949803352356,0.12445376068353653,0.06136714667081833,-0.03924741968512535,0.028047502040863037,-0.12513059377670288
8.120523699999922,-0.000179026072146371,0.5061715841293335,-0.03107789158821106,-0.06587770581245422,-0.16884511709213257,0.12445417791604996,0.06135183572769165,-0.03925059735774994,0.028043033555150032,-0.12510691583156586
8.140170600000147,-0.00015240907669067383,0.506157398223877,-0.03106626123189926,-0.06586781144142151,-0.16879960894584656,0.12444361299276352,0.06136155128479004,-0.039221279323101044,0.02804333157837391,-0.12512096762657166
8.16018430000031,-0.0001251552312169224,0.5061243772506714,-0.03107825107872486,-0.06586885452270508,-0.168821319937706,0.12446624785661697,0.06136419624090195,-0.03924286365509033,0.02802330255508423,-0.1251053512096405
8.180258200000026,-0.00015637425531167537,0.5061041116714478,-0.03107794187963009,-0.06586731970310211,-0.1688089668750763,0.12445257604122162,0.06136799603700638,-0.03922715783119202,0.028043225407600403,-0.12511774897575378
8.200366099999883,-0.00012355590297374874,0.5061303973197937,-0.031079331412911415,-0.06586708128452301,-0.16882416605949402,0.12446984648704529,0.061363961547613144,-0.03923281282186508,0.028039755299687386,-0.12510457634925842
8.22014020000006,-0.00012599170440807939,0.5061246752738953,-0.031078072264790535,-0.06587939709424973,-0.16880641877651215,0.12445513159036636,0.06138082221150398,-0.03925380855798721,0.028040723875164986,-0.12510983645915985
8.240202899999986,-0.00012916269770357758,0.5061740279197693,-0.031077036634087563,-0.06587262451648712,-0.1688350886106491,0.12444974482059479,0.061354588717222214,-0.03923439234495163,0.02802867628633976,-0.12513276934623718
8.260308400000213,-0.00012570507533382624,0.5061618089675903,-0.03108140639960766,-0.065876305103302,-0.16882354021072388,0.12443763762712479,0.061336956918239594,-0.03924262523651123,0.02802375890314579,-0.12511005997657776
8.280429599999934,-0.00016712497745174915,0.5061708092689514,-0.03107953816652298,-0.06587567180395126,-0.16882026195526123,0.12444216758012772,0.0613650381565094,-0.03922295570373535,0.028026048094034195,-0.12509888410568237
8.30054569999993,-0.0001622938143555075,0.5061396360397339,-0.031086329370737076,-0.06589004397392273,-0.16881856322288513,0.12443261593580246,0.061358314007520676,-0.039241109043359756,0.028036093339323997,-0.12510579824447632
8.32016160000012,-0.00013209597091190517,0.506148099899292,-0.031087301671504974,-0.06589303910732269,-0.16880564391613007,0.12445320934057236,0.06134823337197304,-0.039250217378139496,0.028044581413269043,-0.12510180473327637
8.34035300000005,-0.00014574846136383712,0.5061336755752563,-0.031086262315511703,-0.06589215993881226,-0.16880762577056885,0.12441366165876389,0.06135253235697746,-0.03925154358148575,0.028035713359713554,-0.12511707842350006
8.360407099999975,-0.00016461912309750915,0.5061067342758179,-0.031082747504115105,-0.06587804108858109,-0.16882896423339844,0.1244397833943367,0.061350949108600616,-0.039253659546375275,0.028027480468153954,-0.1251155138015747
8.380378300000302,-0.00014805590035393834,0.5061222314834595,-0.03108314424753189,-0.06588444113731384,-0.16881754994392395,0.12444459646940231,0.06135842204093933,-0.03925710171461105,0.02803693898022175,-0.12510761618614197
8.400382799999988,-0.00016614867490716279,0.5061355233192444,-0.03109128214418888,-0.0658763200044632,-0.16882510483264923,0.12443426251411438,0.061374060809612274,-0.03923003375530243,0.028044644743204117,-0.1251143217086792
8.420426000000134,-0.00012191504356451333,0.5061873197555542,-0.031086230650544167,-0.06587453186511993,-0.1688132882118225,0.12442523241043091,0.06134660169482231,-0.039243362843990326,0.028034202754497528,-0.1251024305820465
8.440395699999954,-0.00011594945681281388,0.5061039328575134,-0.03108038380742073,-0.06587934494018555,-0.1688046157360077,0.12443015724420547,0.061359647661447525,-0.03925536572933197,0.028052251785993576,-0.12513017654418945
8.46048860000019,-0.0001295951078645885,0.506173312664032,-0.03107955865561962,-0.06587587296962738,-0.16882753372192383,0.12443187087774277,0.06137671694159508,-0.039245061576366425,0.028021778911352158,-0.12511137127876282
8.480574199999865,-0.00010691256466088817,0.5061466693878174,-0.031078791245818138,-0.06587859988212585,-0.1688249111175537,0.12444110214710236,0.061371173709630966,-0.0392526276409626,0.028041008859872818,-0.1251123547554016
8.500117399999908,-0.00014765045489184558,0.5061404705047607,-0.031080516055226326,-0.06588824093341827,-0.16881021857261658,0.1244591772556305,0.06135069206357002,-0.039225369691848755,0.028040429577231407,-0.12510815262794495
8.520151000000169,-0.0001400845794705674,0.5061208605766296,-0.031071728095412254,-0.06587589532136917,-0.16882306337356567,0.12445149570703506,0.06135665252804756,-0.03924643248319626,0.028039244934916496,-0.12511926889419556
8.540418699999918,-0.00014000781811773777,0.506132960319519,-0.031078414991497993,-0.0658901035785675,-0.16882774233818054,0.12446556240320206,0.06135653331875801,-0.03925865888595581,0.02802298590540886,-0.125107079744339
8.560537600000316,-0.00016112277808133513,0.5061666965484619,-0.031082363799214363,-0.06588362157344818,-0.16883906722068787,0.12444760650396347,0.061353545635938644,-0.039243437349796295,0.028042398393154144,-0.12510602176189423
8.580256499999905,-0.00015317622455768287,0.5061620473861694,-0.031080346554517746,-0.06588519364595413,-0.16881400346755981,0.12442003935575485,0.06135328859090805,-0.03924236446619034,0.028049593791365623,-0.12510816752910614
8.600347500000225,-0.00015293729666154832,0.5061052441596985,-0.03108508326113224,-0.06588485091924667,-0.16882380843162537,0.12444565445184708,0.06137555092573166,-0.039219602942466736,0.028031133115291595,-0.1251167207956314
8.620102599999882,-0.00013325514737516642,0.5060944557189941,-0.031084412708878517,-0.06587930768728256,-0.16883671283721924,0.12445932626724243,0.06135302409529686,-0.039247676730155945,0.028032371774315834,-0.1251055896282196
8.640392799999972,-0.00011507402814459056,0.5061437487602234,-0.031086845323443413,-0.06589408963918686,-0.16881942749023438,0.12444863468408585,0.061351463198661804,-0.03925283998250961,0.028049740940332413,-0.1251145899295807
8.660407100000157,-0.0001533717440906912,0.5061162114143372,-0.031086470931768417,-0.06587955355644226,-0.16880351305007935,0.12444373220205307,0.06135842204093933,-0.03923668712377548,0.028038274496793747,-0.1251133233308792
8.68042349999996,-0.00015579062164761126,0.5061736702919006,-0.03108443133533001,-0.0658782571554184,-0.1688147932291031,0.12442466616630554,0.06137245520949364,-0.039251696318387985,0.028026442974805832,-0.12511195242404938
8.70043459999988,-0.00011222790635656565,0.5061208605766296,-0.031088480725884438,-0.0658809095621109,-0.1688292920589447,0.1244581863284111,0.06135480850934982,-0.039226628839969635,0.02803533710539341,-0.1251019835472107
8.720475399999941,-0.000137055671075359,0.5061565041542053,-0.031075702980160713,-0.06588838994503021,-0.16882404685020447,0.12441462278366089,0.06136779859662056,-0.0392557829618454,0.028040414676070213,-0.12511543929576874
8.740519100000256,-0.0001308106875512749,0.5061329007148743,-0.031086670234799385,-0.06589701771736145,-0.16882725059986115,0.12443949282169342,0.06136762350797653,-0.03924989700317383,0.02805377170443535,-0.12510985136032104
8.760134200000266,-0.00012842952855862677,0.5061154365539551,-0.03108382225036621,-0.06588245928287506,-0.16884222626686096,0.1244346871972084,0.06135920435190201,-0.039243824779987335,0.02804507315158844,-0.12511803209781647
8.780152199999975,-0.0001654927182244137,0.5061371922492981,-0.031083466485142708,-0.06587477028369904,-0.1688261330127716,0.12444406747817993,0.0613606795668602,-0.039243847131729126,0.02804368920624256,-0.12511232495307922
8.800228999999945,-0.00014337259926833212,0.5061413645744324,-0.03107953816652298,-0.06589165329933167,-0.1688065379858017,0.12444186955690384,0.061349377036094666,-0.03923298791050911,0.028042366728186607,-0.12510964274406433
8.820209800000157,-0.0001424698275513947,0.5061843395233154,-0.03108075074851513,-0.06588253378868103,-0.16882894933223724,0.12444888055324554,0.0613664872944355,-0.039233312010765076,0.0280380267649889,-0.1251135617494583
8.840144600000258,-0.000152586551848799,0.5062086582183838,-0.03107951581478119,-0.06589223444461823,-0.16882270574569702,0.12444482743740082,0.061361316591501236,-0.039229653775691986,0.028029678389430046,-0.1251031905412674
8.860124799999994,-0.00016253491048701108,0.5061612725257874,-0.03108317218720913,-0.06587745994329453,-0.16880998015403748,0.12444429844617844,0.061362721025943756,-0.039237529039382935,0.028036067262291908,-0.12511733174324036
8.8802412,-7.067419937811792e-05,0.5061540603637695,-0.031079869717359543,-0.06588640809059143,-0.1688336730003357,0.12444363534450531,0.061353862285614014,-0.03924752399325371,0.028043512254953384,-0.12511670589447021
8.90063390000023,-0.00015693638124503195,0.506151020526886,-0.031079545617103577,-0.06587500870227814,-0.16882336139678955,0.12444289028644562,0.06136466935276985,-0.03922981023788452,0.02805248834192753,-0.125111922621727
8.920500900000206,-0.00010363119508838281,0.5061149597167969,-0.03107982687652111,-0.06586969643831253,-0.16883273422718048,0.12444193661212921,0.061354052275419235,-0.03923894464969635,0.02803267538547516,-0.125113844871521
8.940793499999927,-0.00012828197213821113,0.5061279535293579,-0.031084304675459862,-0.06588026881217957,-0.16883684694766998,0.1244535967707634,0.06135758012533188,-0.0392390713095665,0.028046265244483948,-0.12511307001113892
8.960122299999966,-9.407737525179982e-05,0.5061529874801636,-0.031080201268196106,-0.06588950753211975,-0.16881416738033295,0.12443819642066956,0.06136196851730347,-0.03925313055515289,0.028040705248713493,-0.12511536478996277
8.980621100000008,-0.00013173650950193405,0.5061656832695007,-0.03108321875333786,-0.06587202847003937,-0.1688329577445984,0.12441912293434143,0.061358388513326645,-0.039248719811439514,0.028048347681760788,-0.12510940432548523
9.000109500000235,-0.00015991501277312636,0.5061415433883667,-0.031078951433300972,-0.06588530540466309,-0.16881431639194489,0.12445133179426193,0.061352912336587906,-0.03924787789583206,0.02803513966500759,-0.1251067817211151
9.020155199999863,-0.00013159579248167574,0.5061661005020142,-0.03108154609799385,-0.06588510423898697,-0.1688183844089508,0.12444477528333664,0.06136215105652809,-0.03923971951007843,0.028033562004566193,-0.12510499358177185
9.040492300000096,-0.00011508872557897121,0.5061344504356384,-0.03108231909573078,-0.0658876895904541,-0.16884157061576843,0.12445531040430069,0.06137703359127045,-0.03922928869724274,0.028037240728735924,-0.125110924243927
9.060152200000175,-0.0001489935239078477,0.5061433911323547,-0.0310808252543211,-0.06587770581245422,-0.16882026195526123,0.12445204704999924,0.06136387586593628,-0.03924044966697693,0.02802850864827633,-0.12511812150478363
9.080140500000198,-0.00014549365732818842,0.5061459541320801,-0.031087681651115417,-0.06588062644004822,-0.16882295906543732,0.1244511678814888,0.06135644391179085,-0.03925369307398796,0.028024185448884964,-0.12510477006435394
9.10020910000003,-0.00012053327372996137,0.5061327219009399,-0.031079964712262154,-0.06588393449783325,-0.16881293058395386,0.12445168197154999,0.0613517090678215,-0.03926033154129982,0.028016287833452225,-0.12512128055095673
9.120191299999988,-0.00015858853294048458,0.5061683058738708,-0.031078653410077095,-0.06588143110275269,-0.16881582140922546,0.12444985657930374,0.06137646362185478,-0.03924184292554855,0.02802281640470028,-0.1251174509525299
9.140142100000048,-0.0001302222954109311,0.5061283707618713,-0.031075799837708473,-0.06587168574333191,-0.16881990432739258,0.12444949895143509,0.06135976314544678,-0.03924275189638138,0.028040414676070213,-0.1251092255115509
9.160302700000102,-0.00010331075463909656,0.5061657428741455,-0.031078962609171867,-0.06587252765893936,-0.16881851851940155,0.12443169206380844,0.06135717034339905,-0.039231278002262115,0.028040358796715736,-0.12511885166168213
9.180311900000106,-0.00013904341903980821,0.506106436252594,-0.03108080103993416,-0.06587497889995575,-0.16881999373435974,0.12443892657756805,0.06134861335158348,-0.03925183042883873,0.028042253106832504,-0.1251072883605957
9.20011650000015,-0.00012027616321574897,0.5061529278755188,-0.03107592463493347,-0.0658867284655571,-0.16882112622261047,0.1244591698050499,0.061356909573078156,-0.03923631086945534,0.02804545871913433,-0.1251138150691986
9.220136899999943,-0.00014327769167721272,0.5061320066452026,-0.031084658578038216,-0.06587465107440948,-0.16883841156959534,0.12444247305393219,0.06135496869683266,-0.039252713322639465,0.028018657118082047,-0.12512043118476868
9.240199100000154,-0.00015812795027159154,0.5061758756637573,-0.03108004853129387,-0.06588170677423477,-0.1688326597213745,0.12443673610687256,0.06135391816496849,-0.03923629969358444,0.028021743521094322,-0.1251203864812851
9.260230299999876,-0.00012030432844767347,0.5061568021774292,-0.031082306057214737,-0.06587281823158264,-0.16880051791667938,0.12444907426834106,0.06136578693985939,-0.03925181180238724,0.028015390038490295,-0.12510722875595093
9.280125300000236,-0.00014890094462316483,0.5061627626419067,-0.031082965433597565,-0.06589142233133316,-0.16879642009735107,0.1244405061006546,0.061352457851171494,-0.03925083205103874,0.028030801564455032,-0.12511774897575378
9.300135700000283,-0.0001594976638443768,0.5061691403388977,-0.031078780069947243,-0.06588802486658096,-0.16882339119911194,0.12444615364074707,0.06135895103216171,-0.03923746198415756,0.028016982600092888,-0.1251181960105896
9.320167299999866,-0.00014719796308781952,0.5061700940132141,-0.031077763065695763,-0.06588107347488403,-0.16881930828094482,0.12445084750652313,0.0613606832921505,-0.039231378585100174,0.02802841179072857,-0.12510761618614197
9.34024619999991,-0.00013729912461712956,0.50613933801651,-0.031087037175893784,-0.065884530544281,-0.16882246732711792,0.12444952130317688,0.061362072825431824,-0.03924135863780975,0.02802201360464096,-0.12511727213859558
9.360103600000002,-0.000141927957884036,0.5061498284339905,-0.03108104318380356,-0.06587545573711395,-0.16882522404193878,0.12442207336425781,0.06135429069399834,-0.03925703465938568,0.028042567893862724,-0.125123530626297
9.380114999999932,-0.00016732582298573107,0.506141722202301,-0.03108168952167034,-0.06588439643383026,-0.16883081197738647,0.12443254888057709,0.06135603040456772,-0.03924594819545746,0.028043825179338455,-0.1251172423362732
9.40024429999994,-0.00015171787526924163,0.5061074495315552,-0.03108971007168293,-0.06587967276573181,-0.16883984208106995,0.1244332566857338,0.061351437121629715,-0.03923984616994858,0.028037700802087784,-0.12511460483074188
9.420101499999873,-0.00015662104124203324,0.5061724185943604,-0.031078476458787918,-0.06587987393140793,-0.1688077747821808,0.12445010989904404,0.06136312708258629,-0.03924912214279175,0.02804248407483101,-0.1251065880060196
9.44017359999998,-0.00012923730537295341,0.5061076283454895,-0.031080536544322968,-0.06588093191385269,-0.16882860660552979,0.12445235252380371,0.061358921229839325,-0.03923463821411133,0.02803402580320835,-0.12510797381401062
9.46038150000004,-0.00013297278201207519,0.50616055727005,-0.031079411506652832,-0.06588335335254669,-0.16880984604358673,0.12445481866598129,0.06135604530572891,-0.03922823816537857,0.02804657630622387,-0.12512525916099548
9.480491300000267,-0.00014291552361100912,0.5061289072036743,-0.031078044325113297,-0.06587887555360794,-0.1688261330127716,0.12444119900465012,0.06137138232588768,-0.03925634175539017,0.02804160676896572,-0.12511208653450012
9.500521599999956,-0.00012070768570993096,0.5061581134796143,-0.03108188882470131,-0.06586988270282745,-0.16883307695388794,0.12445533275604248,0.061356913298368454,-0.039230696856975555,0.028035303577780724,-0.12512707710266113
9.52031070000021,-0.0001359010930173099,0.5061567425727844,-0.031081268563866615,-0.06587681919336319,-0.16882279515266418,0.12446262687444687,0.061350442469120026,-0.039244867861270905,0.028044721111655235,-0.12511363625526428
